learner_id,certification_id,manager_id,approval_status,approved_on,source_system
L00001,cert-enterprise-ai-safety,M011,approved,2026-05-08,ManagerPortal
L00002,cert-enterprise-ai-safety,M034,approved,2026-05-22,ManagerPortal
L00003,cert-enterprise-ai-safety,M040,approved,2026-05-13,ManagerPortal
L00004,cert-enterprise-ai-safety,M004,pending,,ManagerPortal
L00005,cert-enterprise-ai-safety,M072,approved,2026-04-25,ManagerPortal
L00006,cert-enterprise-ai-safety,M067,approved,2026-05-15,ManagerPortal
L00007,cert-enterprise-ai-safety,M071,pending,,ManagerPortal
L00008,cert-enterprise-ai-safety,M003,approved,2026-05-04,ManagerPortal
L00009,cert-enterprise-ai-safety,M014,approved,2026-06-05,ManagerPortal
L00010,cert-enterprise-ai-safety,M063,approved,2026-04-28,ManagerPortal
L00011,cert-enterprise-ai-safety,M064,approved,2026-05-20,ManagerPortal
L00012,cert-enterprise-ai-safety,M017,approved,2026-05-09,ManagerPortal
L00013,cert-enterprise-ai-safety,M076,pending,,ManagerPortal
L00014,cert-enterprise-ai-safety,M080,approved,2026-05-11,ManagerPortal
L00015,cert-enterprise-ai-safety,M055,approved,2026-06-06,ManagerPortal
L00016,cert-enterprise-ai-safety,M005,approved,2026-05-30,ManagerPortal
L00017,cert-enterprise-ai-safety,M027,approved,2026-05-03,ManagerPortal
L00018,cert-enterprise-ai-safety,M012,approved,2026-04-29,ManagerPortal
L00019,cert-enterprise-ai-safety,M063,approved,2026-05-10,ManagerPortal
L00020,cert-enterprise-ai-safety,M023,approved,2026-05-20,ManagerPortal
L00021,cert-enterprise-ai-safety,M027,approved,2026-05-28,ManagerPortal
L00022,cert-enterprise-ai-safety,M026,approved,2026-05-01,ManagerPortal
L00023,cert-enterprise-ai-safety,M013,approved,2026-06-02,ManagerPortal
L00024,cert-enterprise-ai-safety,M047,pending,,ManagerPortal
L00025,cert-enterprise-ai-safety,M071,approved,2026-05-14,ManagerPortal
L00026,cert-enterprise-ai-safety,M032,approved,2026-04-24,ManagerPortal
L00027,cert-enterprise-ai-safety,M041,pending,,ManagerPortal
L00028,cert-enterprise-ai-safety,M012,pending,,ManagerPortal
L00029,cert-enterprise-ai-safety,M009,approved,2026-06-02,ManagerPortal
L00030,cert-enterprise-ai-safety,M078,pending,,ManagerPortal
L00031,cert-enterprise-ai-safety,M046,approved,2026-06-04,ManagerPortal
L00032,cert-enterprise-ai-safety,M028,pending,,ManagerPortal
L00033,cert-enterprise-ai-safety,M044,pending,,ManagerPortal
L00034,cert-enterprise-ai-safety,M033,approved,2026-05-02,ManagerPortal
L00035,cert-enterprise-ai-safety,M022,approved,2026-05-09,ManagerPortal
L00036,cert-enterprise-ai-safety,M077,approved,2026-04-29,ManagerPortal
L00037,cert-enterprise-ai-safety,M051,pending,,ManagerPortal
L00038,cert-enterprise-ai-safety,M055,approved,2026-05-29,ManagerPortal
L00039,cert-enterprise-ai-safety,M070,approved,2026-05-29,ManagerPortal
L00040,cert-enterprise-ai-safety,M043,approved,2026-05-30,ManagerPortal
L00041,cert-enterprise-ai-safety,M015,approved,2026-04-27,ManagerPortal
L00042,cert-enterprise-ai-safety,M034,approved,2026-04-26,ManagerPortal
L00043,cert-enterprise-ai-safety,M056,approved,2026-05-11,ManagerPortal
L00044,cert-enterprise-ai-safety,M024,approved,2026-05-02,ManagerPortal
L00045,cert-enterprise-ai-safety,M076,approved,2026-04-28,ManagerPortal
L00046,cert-enterprise-ai-safety,M068,pending,,ManagerPortal
L00047,cert-enterprise-ai-safety,M027,pending,,ManagerPortal
L00048,cert-enterprise-ai-safety,M074,pending,,ManagerPortal
L00049,cert-enterprise-ai-safety,M075,approved,2026-05-05,ManagerPortal
L00050,cert-enterprise-ai-safety,M007,approved,2026-05-10,ManagerPortal
L00051,cert-enterprise-ai-safety,M034,approved,2026-05-30,ManagerPortal
L00052,cert-enterprise-ai-safety,M062,pending,,ManagerPortal
L00053,cert-enterprise-ai-safety,M041,approved,2026-05-13,ManagerPortal
L00054,cert-enterprise-ai-safety,M060,approved,2026-04-27,ManagerPortal
L00055,cert-enterprise-ai-safety,M014,approved,2026-05-11,ManagerPortal
L00056,cert-enterprise-ai-safety,M017,approved,2026-05-09,ManagerPortal
L00057,cert-enterprise-ai-safety,M041,approved,2026-05-01,ManagerPortal
L00058,cert-enterprise-ai-safety,M066,approved,2026-05-22,ManagerPortal
L00059,cert-enterprise-ai-safety,M064,approved,2026-06-04,ManagerPortal
L00060,cert-enterprise-ai-safety,M035,pending,,ManagerPortal
L00061,cert-enterprise-ai-safety,M025,approved,2026-05-03,ManagerPortal
L00062,cert-enterprise-ai-safety,M005,approved,2026-05-26,ManagerPortal
L00063,cert-enterprise-ai-safety,M016,approved,2026-05-12,ManagerPortal
L00064,cert-enterprise-ai-safety,M068,pending,,ManagerPortal
L00065,cert-enterprise-ai-safety,M074,approved,2026-05-30,ManagerPortal
L00066,cert-enterprise-ai-safety,M047,pending,,ManagerPortal
L00067,cert-enterprise-ai-safety,M059,approved,2026-04-24,ManagerPortal
L00068,cert-enterprise-ai-safety,M080,pending,,ManagerPortal
L00069,cert-enterprise-ai-safety,M025,approved,2026-05-29,ManagerPortal
L00070,cert-enterprise-ai-safety,M026,approved,2026-06-05,ManagerPortal
L00071,cert-enterprise-ai-safety,M047,approved,2026-05-28,ManagerPortal
L00072,cert-enterprise-ai-safety,M069,pending,,ManagerPortal
L00073,cert-enterprise-ai-safety,M021,approved,2026-05-15,ManagerPortal
L00074,cert-enterprise-ai-safety,M007,approved,2026-04-25,ManagerPortal
L00075,cert-enterprise-ai-safety,M010,approved,2026-05-07,ManagerPortal
L00076,cert-enterprise-ai-safety,M046,approved,2026-05-30,ManagerPortal
L00077,cert-enterprise-ai-safety,M076,approved,2026-05-29,ManagerPortal
L00078,cert-enterprise-ai-safety,M071,approved,2026-05-23,ManagerPortal
L00079,cert-enterprise-ai-safety,M033,approved,2026-05-15,ManagerPortal
L00080,cert-enterprise-ai-safety,M074,approved,2026-05-20,ManagerPortal
L00081,cert-enterprise-ai-safety,M009,approved,2026-05-11,ManagerPortal
L00082,cert-enterprise-ai-safety,M010,approved,2026-05-15,ManagerPortal
L00083,cert-enterprise-ai-safety,M070,approved,2026-05-29,ManagerPortal
L00084,cert-enterprise-ai-safety,M005,approved,2026-04-23,ManagerPortal
L00085,cert-enterprise-ai-safety,M019,approved,2026-04-25,ManagerPortal
L00086,cert-enterprise-ai-safety,M011,pending,,ManagerPortal
L00087,cert-enterprise-ai-safety,M031,pending,,ManagerPortal
L00088,cert-enterprise-ai-safety,M011,approved,2026-04-26,ManagerPortal
L00089,cert-enterprise-ai-safety,M054,approved,2026-05-31,ManagerPortal
L00090,cert-enterprise-ai-safety,M022,approved,2026-05-23,ManagerPortal
L00091,cert-enterprise-ai-safety,M062,pending,,ManagerPortal
L00092,cert-enterprise-ai-safety,M027,approved,2026-04-29,ManagerPortal
L00093,cert-enterprise-ai-safety,M028,approved,2026-04-29,ManagerPortal
L00094,cert-enterprise-ai-safety,M079,approved,2026-05-24,ManagerPortal
L00095,cert-enterprise-ai-safety,M067,approved,2026-04-28,ManagerPortal
L00096,cert-enterprise-ai-safety,M039,approved,2026-06-01,ManagerPortal
L00097,cert-enterprise-ai-safety,M014,approved,2026-05-23,ManagerPortal
L00098,cert-enterprise-ai-safety,M032,pending,,ManagerPortal
L00099,cert-enterprise-ai-safety,M052,approved,2026-05-10,ManagerPortal
L00100,cert-enterprise-ai-safety,M006,approved,2026-05-23,ManagerPortal
L00101,cert-enterprise-ai-safety,M029,approved,2026-05-01,ManagerPortal
L00102,cert-enterprise-ai-safety,M064,approved,2026-05-25,ManagerPortal
L00103,cert-enterprise-ai-safety,M026,pending,,ManagerPortal
L00104,cert-enterprise-ai-safety,M077,approved,2026-04-23,ManagerPortal
L00105,cert-enterprise-ai-safety,M041,approved,2026-05-31,ManagerPortal
L00106,cert-enterprise-ai-safety,M032,pending,,ManagerPortal
L00107,cert-enterprise-ai-safety,M063,pending,,ManagerPortal
L00108,cert-enterprise-ai-safety,M052,approved,2026-05-01,ManagerPortal
L00109,cert-enterprise-ai-safety,M012,approved,2026-05-22,ManagerPortal
L00110,cert-enterprise-ai-safety,M035,pending,,ManagerPortal
L00111,cert-enterprise-ai-safety,M043,pending,,ManagerPortal
L00112,cert-enterprise-ai-safety,M075,approved,2026-05-17,ManagerPortal
L00113,cert-enterprise-ai-safety,M036,approved,2026-05-10,ManagerPortal
L00114,cert-enterprise-ai-safety,M041,pending,,ManagerPortal
L00115,cert-enterprise-ai-safety,M019,pending,,ManagerPortal
L00116,cert-enterprise-ai-safety,M080,pending,,ManagerPortal
L00117,cert-enterprise-ai-safety,M057,approved,2026-05-12,ManagerPortal
L00118,cert-enterprise-ai-safety,M024,pending,,ManagerPortal
L00119,cert-enterprise-ai-safety,M071,pending,,ManagerPortal
L00120,cert-enterprise-ai-safety,M036,approved,2026-05-30,ManagerPortal
L00121,cert-enterprise-ai-safety,M057,approved,2026-05-31,ManagerPortal
L00122,cert-enterprise-ai-safety,M065,pending,,ManagerPortal
L00123,cert-enterprise-ai-safety,M012,approved,2026-05-09,ManagerPortal
L00124,cert-enterprise-ai-safety,M056,approved,2026-05-23,ManagerPortal
L00125,cert-enterprise-ai-safety,M069,pending,,ManagerPortal
L00126,cert-enterprise-ai-safety,M027,approved,2026-06-05,ManagerPortal
L00127,cert-enterprise-ai-safety,M015,approved,2026-05-27,ManagerPortal
L00128,cert-enterprise-ai-safety,M017,approved,2026-04-30,ManagerPortal
L00129,cert-enterprise-ai-safety,M046,approved,2026-05-22,ManagerPortal
L00130,cert-enterprise-ai-safety,M065,approved,2026-05-22,ManagerPortal
L00131,cert-enterprise-ai-safety,M060,pending,,ManagerPortal
L00132,cert-enterprise-ai-safety,M051,approved,2026-05-04,ManagerPortal
L00133,cert-enterprise-ai-safety,M076,pending,,ManagerPortal
L00134,cert-enterprise-ai-safety,M028,approved,2026-05-21,ManagerPortal
L00135,cert-enterprise-ai-safety,M027,approved,2026-04-30,ManagerPortal
L00136,cert-enterprise-ai-safety,M064,approved,2026-05-02,ManagerPortal
L00137,cert-enterprise-ai-safety,M035,approved,2026-04-24,ManagerPortal
L00138,cert-enterprise-ai-safety,M075,approved,2026-05-12,ManagerPortal
L00139,cert-enterprise-ai-safety,M028,approved,2026-05-29,ManagerPortal
L00140,cert-enterprise-ai-safety,M031,pending,,ManagerPortal
L00141,cert-enterprise-ai-safety,M010,pending,,ManagerPortal
L00142,cert-enterprise-ai-safety,M064,approved,2026-05-11,ManagerPortal
L00143,cert-enterprise-ai-safety,M027,approved,2026-05-20,ManagerPortal
L00144,cert-enterprise-ai-safety,M077,pending,,ManagerPortal
L00145,cert-enterprise-ai-safety,M014,approved,2026-04-27,ManagerPortal
L00146,cert-enterprise-ai-safety,M041,approved,2026-04-29,ManagerPortal
L00147,cert-enterprise-ai-safety,M028,approved,2026-05-21,ManagerPortal
L00148,cert-enterprise-ai-safety,M038,approved,2026-05-01,ManagerPortal
L00149,cert-enterprise-ai-safety,M075,approved,2026-05-24,ManagerPortal
L00150,cert-enterprise-ai-safety,M008,approved,2026-05-16,ManagerPortal
L00151,cert-enterprise-ai-safety,M022,approved,2026-05-08,ManagerPortal
L00152,cert-enterprise-ai-safety,M020,approved,2026-05-12,ManagerPortal
L00153,cert-enterprise-ai-safety,M078,approved,2026-05-23,ManagerPortal
L00154,cert-enterprise-ai-safety,M063,approved,2026-05-22,ManagerPortal
L00155,cert-enterprise-ai-safety,M075,pending,,ManagerPortal
L00156,cert-enterprise-ai-safety,M014,pending,,ManagerPortal
L00157,cert-enterprise-ai-safety,M064,approved,2026-05-15,ManagerPortal
L00158,cert-enterprise-ai-safety,M001,pending,,ManagerPortal
L00159,cert-enterprise-ai-safety,M043,approved,2026-05-11,ManagerPortal
L00160,cert-enterprise-ai-safety,M025,pending,,ManagerPortal
L00161,cert-enterprise-ai-safety,M043,approved,2026-04-24,ManagerPortal
L00162,cert-enterprise-ai-safety,M010,approved,2026-06-02,ManagerPortal
L00163,cert-enterprise-ai-safety,M055,approved,2026-05-25,ManagerPortal
L00164,cert-enterprise-ai-safety,M070,approved,2026-05-22,ManagerPortal
L00165,cert-enterprise-ai-safety,M071,approved,2026-06-05,ManagerPortal
L00166,cert-enterprise-ai-safety,M069,approved,2026-04-29,ManagerPortal
L00167,cert-enterprise-ai-safety,M017,approved,2026-05-06,ManagerPortal
L00168,cert-enterprise-ai-safety,M044,approved,2026-05-03,ManagerPortal
L00169,cert-enterprise-ai-safety,M063,pending,,ManagerPortal
L00170,cert-enterprise-ai-safety,M041,approved,2026-06-04,ManagerPortal
L00171,cert-enterprise-ai-safety,M045,pending,,ManagerPortal
L00172,cert-enterprise-ai-safety,M057,approved,2026-05-25,ManagerPortal
L00173,cert-enterprise-ai-safety,M036,approved,2026-05-15,ManagerPortal
L00174,cert-enterprise-ai-safety,M046,approved,2026-06-05,ManagerPortal
L00175,cert-enterprise-ai-safety,M018,pending,,ManagerPortal
L00176,cert-enterprise-ai-safety,M039,approved,2026-05-05,ManagerPortal
L00177,cert-enterprise-ai-safety,M077,approved,2026-05-09,ManagerPortal
L00178,cert-enterprise-ai-safety,M019,approved,2026-05-22,ManagerPortal
L00179,cert-enterprise-ai-safety,M052,approved,2026-05-02,ManagerPortal
L00180,cert-enterprise-ai-safety,M048,pending,,ManagerPortal
L00181,cert-enterprise-ai-safety,M020,approved,2026-04-26,ManagerPortal
L00182,cert-enterprise-ai-safety,M076,approved,2026-05-19,ManagerPortal
L00183,cert-enterprise-ai-safety,M080,pending,,ManagerPortal
L00184,cert-enterprise-ai-safety,M061,approved,2026-06-01,ManagerPortal
L00185,cert-enterprise-ai-safety,M076,pending,,ManagerPortal
L00186,cert-enterprise-ai-safety,M055,pending,,ManagerPortal
L00187,cert-enterprise-ai-safety,M026,pending,,ManagerPortal
L00188,cert-enterprise-ai-safety,M071,approved,2026-05-20,ManagerPortal
L00189,cert-enterprise-ai-safety,M057,approved,2026-05-09,ManagerPortal
L00190,cert-enterprise-ai-safety,M074,approved,2026-05-24,ManagerPortal
L00191,cert-enterprise-ai-safety,M043,pending,,ManagerPortal
L00192,cert-enterprise-ai-safety,M019,approved,2026-05-19,ManagerPortal
L00193,cert-enterprise-ai-safety,M022,approved,2026-04-26,ManagerPortal
L00194,cert-enterprise-ai-safety,M012,pending,,ManagerPortal
L00195,cert-enterprise-ai-safety,M039,approved,2026-05-15,ManagerPortal
L00196,cert-enterprise-ai-safety,M017,approved,2026-05-24,ManagerPortal
L00197,cert-enterprise-ai-safety,M007,pending,,ManagerPortal
L00198,cert-enterprise-ai-safety,M020,approved,2026-05-23,ManagerPortal
L00199,cert-enterprise-ai-safety,M003,pending,,ManagerPortal
L00200,cert-enterprise-ai-safety,M015,approved,2026-05-27,ManagerPortal
L00201,cert-enterprise-ai-safety,M061,pending,,ManagerPortal
L00202,cert-enterprise-ai-safety,M013,approved,2026-05-28,ManagerPortal
L00203,cert-enterprise-ai-safety,M040,approved,2026-05-17,ManagerPortal
L00204,cert-enterprise-ai-safety,M005,approved,2026-04-24,ManagerPortal
L00205,cert-enterprise-ai-safety,M047,approved,2026-06-01,ManagerPortal
L00206,cert-enterprise-ai-safety,M014,approved,2026-05-22,ManagerPortal
L00207,cert-enterprise-ai-safety,M069,approved,2026-05-29,ManagerPortal
L00208,cert-enterprise-ai-safety,M047,approved,2026-05-25,ManagerPortal
L00209,cert-enterprise-ai-safety,M001,approved,2026-05-20,ManagerPortal
L00210,cert-enterprise-ai-safety,M054,approved,2026-05-24,ManagerPortal
L00211,cert-enterprise-ai-safety,M014,approved,2026-05-24,ManagerPortal
L00212,cert-enterprise-ai-safety,M055,approved,2026-05-28,ManagerPortal
L00213,cert-enterprise-ai-safety,M069,approved,2026-05-08,ManagerPortal
L00214,cert-enterprise-ai-safety,M017,approved,2026-04-29,ManagerPortal
L00215,cert-enterprise-ai-safety,M026,approved,2026-05-19,ManagerPortal
L00216,cert-enterprise-ai-safety,M066,approved,2026-05-28,ManagerPortal
L00217,cert-enterprise-ai-safety,M069,approved,2026-05-14,ManagerPortal
L00218,cert-enterprise-ai-safety,M025,approved,2026-05-20,ManagerPortal
L00219,cert-enterprise-ai-safety,M073,pending,,ManagerPortal
L00220,cert-enterprise-ai-safety,M030,approved,2026-05-20,ManagerPortal
L00221,cert-enterprise-ai-safety,M023,approved,2026-06-03,ManagerPortal
L00222,cert-enterprise-ai-safety,M076,approved,2026-04-29,ManagerPortal
L00223,cert-enterprise-ai-safety,M047,approved,2026-05-04,ManagerPortal
L00224,cert-enterprise-ai-safety,M062,approved,2026-05-01,ManagerPortal
L00225,cert-enterprise-ai-safety,M032,approved,2026-05-11,ManagerPortal
L00226,cert-enterprise-ai-safety,M048,approved,2026-06-04,ManagerPortal
L00227,cert-enterprise-ai-safety,M010,approved,2026-05-10,ManagerPortal
L00228,cert-enterprise-ai-safety,M057,approved,2026-06-05,ManagerPortal
L00229,cert-enterprise-ai-safety,M047,approved,2026-04-27,ManagerPortal
L00230,cert-enterprise-ai-safety,M066,approved,2026-04-24,ManagerPortal
L00231,cert-enterprise-ai-safety,M061,approved,2026-06-05,ManagerPortal
L00232,cert-enterprise-ai-safety,M050,pending,,ManagerPortal
L00233,cert-enterprise-ai-safety,M012,approved,2026-05-24,ManagerPortal
L00234,cert-enterprise-ai-safety,M004,approved,2026-04-25,ManagerPortal
L00235,cert-enterprise-ai-safety,M021,approved,2026-05-23,ManagerPortal
L00236,cert-enterprise-ai-safety,M024,approved,2026-05-09,ManagerPortal
L00237,cert-enterprise-ai-safety,M042,approved,2026-05-21,ManagerPortal
L00238,cert-enterprise-ai-safety,M025,approved,2026-05-12,ManagerPortal
L00239,cert-enterprise-ai-safety,M022,approved,2026-05-03,ManagerPortal
L00240,cert-enterprise-ai-safety,M073,approved,2026-05-25,ManagerPortal
L00241,cert-enterprise-ai-safety,M026,approved,2026-06-01,ManagerPortal
L00242,cert-enterprise-ai-safety,M029,pending,,ManagerPortal
L00243,cert-enterprise-ai-safety,M023,approved,2026-05-10,ManagerPortal
L00244,cert-enterprise-ai-safety,M008,approved,2026-05-31,ManagerPortal
L00245,cert-enterprise-ai-safety,M030,approved,2026-04-26,ManagerPortal
L00246,cert-enterprise-ai-safety,M006,approved,2026-05-10,ManagerPortal
L00247,cert-enterprise-ai-safety,M040,approved,2026-06-02,ManagerPortal
L00248,cert-enterprise-ai-safety,M049,approved,2026-05-19,ManagerPortal
L00249,cert-enterprise-ai-safety,M079,pending,,ManagerPortal
L00250,cert-enterprise-ai-safety,M007,approved,2026-05-03,ManagerPortal
L00251,cert-enterprise-ai-safety,M022,approved,2026-05-09,ManagerPortal
L00252,cert-enterprise-ai-safety,M023,approved,2026-04-24,ManagerPortal
L00253,cert-enterprise-ai-safety,M012,approved,2026-04-25,ManagerPortal
L00254,cert-enterprise-ai-safety,M012,approved,2026-05-20,ManagerPortal
L00255,cert-enterprise-ai-safety,M073,pending,,ManagerPortal
L00256,cert-enterprise-ai-safety,M022,approved,2026-05-21,ManagerPortal
L00257,cert-enterprise-ai-safety,M013,pending,,ManagerPortal
L00258,cert-enterprise-ai-safety,M050,approved,2026-05-13,ManagerPortal
L00259,cert-enterprise-ai-safety,M065,approved,2026-05-05,ManagerPortal
L00260,cert-enterprise-ai-safety,M071,approved,2026-05-17,ManagerPortal
L00261,cert-enterprise-ai-safety,M013,pending,,ManagerPortal
L00262,cert-enterprise-ai-safety,M041,approved,2026-06-03,ManagerPortal
L00263,cert-enterprise-ai-safety,M064,approved,2026-06-01,ManagerPortal
L00264,cert-enterprise-ai-safety,M036,approved,2026-06-05,ManagerPortal
L00265,cert-enterprise-ai-safety,M069,pending,,ManagerPortal
L00266,cert-enterprise-ai-safety,M066,approved,2026-05-09,ManagerPortal
L00267,cert-enterprise-ai-safety,M071,approved,2026-05-16,ManagerPortal
L00268,cert-enterprise-ai-safety,M051,pending,,ManagerPortal
L00269,cert-enterprise-ai-safety,M066,approved,2026-05-13,ManagerPortal
L00270,cert-enterprise-ai-safety,M067,pending,,ManagerPortal
L00271,cert-enterprise-ai-safety,M054,approved,2026-05-31,ManagerPortal
L00272,cert-enterprise-ai-safety,M071,pending,,ManagerPortal
L00273,cert-enterprise-ai-safety,M013,approved,2026-04-29,ManagerPortal
L00274,cert-enterprise-ai-safety,M043,pending,,ManagerPortal
L00275,cert-enterprise-ai-safety,M026,approved,2026-06-01,ManagerPortal
L00276,cert-enterprise-ai-safety,M066,pending,,ManagerPortal
L00277,cert-enterprise-ai-safety,M051,approved,2026-05-23,ManagerPortal
L00278,cert-enterprise-ai-safety,M021,pending,,ManagerPortal
L00279,cert-enterprise-ai-safety,M069,pending,,ManagerPortal
L00280,cert-enterprise-ai-safety,M070,approved,2026-05-22,ManagerPortal
L00281,cert-enterprise-ai-safety,M072,approved,2026-05-18,ManagerPortal
L00282,cert-enterprise-ai-safety,M079,pending,,ManagerPortal
L00283,cert-enterprise-ai-safety,M045,approved,2026-05-03,ManagerPortal
L00284,cert-enterprise-ai-safety,M056,approved,2026-05-17,ManagerPortal
L00285,cert-enterprise-ai-safety,M049,approved,2026-04-24,ManagerPortal
L00286,cert-enterprise-ai-safety,M061,approved,2026-05-18,ManagerPortal
L00287,cert-enterprise-ai-safety,M068,approved,2026-05-06,ManagerPortal
L00288,cert-enterprise-ai-safety,M068,approved,2026-04-27,ManagerPortal
L00289,cert-enterprise-ai-safety,M063,approved,2026-04-30,ManagerPortal
L00290,cert-enterprise-ai-safety,M014,approved,2026-05-05,ManagerPortal
L00291,cert-enterprise-ai-safety,M015,approved,2026-05-27,ManagerPortal
L00292,cert-enterprise-ai-safety,M005,approved,2026-05-11,ManagerPortal
L00293,cert-enterprise-ai-safety,M027,approved,2026-05-22,ManagerPortal
L00294,cert-enterprise-ai-safety,M060,approved,2026-05-01,ManagerPortal
L00295,cert-enterprise-ai-safety,M048,approved,2026-05-27,ManagerPortal
L00296,cert-enterprise-ai-safety,M026,approved,2026-05-10,ManagerPortal
L00297,cert-enterprise-ai-safety,M061,pending,,ManagerPortal
L00298,cert-enterprise-ai-safety,M066,approved,2026-05-08,ManagerPortal
L00299,cert-enterprise-ai-safety,M073,pending,,ManagerPortal
L00300,cert-enterprise-ai-safety,M029,pending,,ManagerPortal
L00301,cert-enterprise-ai-safety,M036,approved,2026-05-29,ManagerPortal
L00302,cert-enterprise-ai-safety,M005,approved,2026-05-21,ManagerPortal
L00303,cert-enterprise-ai-safety,M069,approved,2026-04-24,ManagerPortal
L00304,cert-enterprise-ai-safety,M044,approved,2026-05-25,ManagerPortal
L00305,cert-enterprise-ai-safety,M065,approved,2026-04-28,ManagerPortal
L00306,cert-enterprise-ai-safety,M076,approved,2026-05-27,ManagerPortal
L00307,cert-enterprise-ai-safety,M028,pending,,ManagerPortal
L00308,cert-enterprise-ai-safety,M061,approved,2026-05-18,ManagerPortal
L00309,cert-enterprise-ai-safety,M016,approved,2026-05-22,ManagerPortal
L00310,cert-enterprise-ai-safety,M035,approved,2026-05-28,ManagerPortal
L00311,cert-enterprise-ai-safety,M049,approved,2026-06-03,ManagerPortal
L00312,cert-enterprise-ai-safety,M032,approved,2026-05-30,ManagerPortal
L00313,cert-enterprise-ai-safety,M064,approved,2026-04-30,ManagerPortal
L00314,cert-enterprise-ai-safety,M013,pending,,ManagerPortal
L00315,cert-enterprise-ai-safety,M009,approved,2026-05-13,ManagerPortal
L00316,cert-enterprise-ai-safety,M025,approved,2026-06-05,ManagerPortal
L00317,cert-enterprise-ai-safety,M050,approved,2026-05-02,ManagerPortal
L00318,cert-enterprise-ai-safety,M056,pending,,ManagerPortal
L00319,cert-enterprise-ai-safety,M001,approved,2026-05-10,ManagerPortal
L00320,cert-enterprise-ai-safety,M063,pending,,ManagerPortal
L00321,cert-enterprise-ai-safety,M043,approved,2026-05-22,ManagerPortal
L00322,cert-enterprise-ai-safety,M010,approved,2026-05-15,ManagerPortal
L00323,cert-enterprise-ai-safety,M028,approved,2026-06-04,ManagerPortal
L00324,cert-enterprise-ai-safety,M063,approved,2026-04-28,ManagerPortal
L00325,cert-enterprise-ai-safety,M070,pending,,ManagerPortal
L00326,cert-enterprise-ai-safety,M023,approved,2026-05-31,ManagerPortal
L00327,cert-enterprise-ai-safety,M048,pending,,ManagerPortal
L00328,cert-enterprise-ai-safety,M038,pending,,ManagerPortal
L00329,cert-enterprise-ai-safety,M057,approved,2026-05-12,ManagerPortal
L00330,cert-enterprise-ai-safety,M011,pending,,ManagerPortal
L00331,cert-enterprise-ai-safety,M009,approved,2026-05-21,ManagerPortal
L00332,cert-enterprise-ai-safety,M051,approved,2026-05-13,ManagerPortal
L00333,cert-enterprise-ai-safety,M071,approved,2026-05-18,ManagerPortal
L00334,cert-enterprise-ai-safety,M080,approved,2026-04-25,ManagerPortal
L00335,cert-enterprise-ai-safety,M080,approved,2026-06-05,ManagerPortal
L00336,cert-enterprise-ai-safety,M056,approved,2026-05-24,ManagerPortal
L00337,cert-enterprise-ai-safety,M021,approved,2026-05-29,ManagerPortal
L00338,cert-enterprise-ai-safety,M018,pending,,ManagerPortal
L00339,cert-enterprise-ai-safety,M047,approved,2026-05-14,ManagerPortal
L00340,cert-enterprise-ai-safety,M050,pending,,ManagerPortal
L00341,cert-enterprise-ai-safety,M076,approved,2026-05-22,ManagerPortal
L00342,cert-enterprise-ai-safety,M004,pending,,ManagerPortal
L00343,cert-enterprise-ai-safety,M033,approved,2026-06-01,ManagerPortal
L00344,cert-enterprise-ai-safety,M068,approved,2026-05-11,ManagerPortal
L00345,cert-enterprise-ai-safety,M080,approved,2026-05-08,ManagerPortal
L00346,cert-enterprise-ai-safety,M002,pending,,ManagerPortal
L00347,cert-enterprise-ai-safety,M079,approved,2026-05-16,ManagerPortal
L00348,cert-enterprise-ai-safety,M064,approved,2026-04-26,ManagerPortal
L00349,cert-enterprise-ai-safety,M080,pending,,ManagerPortal
L00350,cert-enterprise-ai-safety,M024,pending,,ManagerPortal
L00351,cert-enterprise-ai-safety,M003,approved,2026-05-01,ManagerPortal
L00352,cert-enterprise-ai-safety,M068,approved,2026-05-07,ManagerPortal
L00353,cert-enterprise-ai-safety,M005,approved,2026-05-13,ManagerPortal
L00354,cert-enterprise-ai-safety,M037,approved,2026-05-29,ManagerPortal
L00355,cert-enterprise-ai-safety,M010,pending,,ManagerPortal
L00356,cert-enterprise-ai-safety,M049,pending,,ManagerPortal
L00357,cert-enterprise-ai-safety,M054,pending,,ManagerPortal
L00358,cert-enterprise-ai-safety,M045,approved,2026-05-23,ManagerPortal
L00359,cert-enterprise-ai-safety,M004,approved,2026-05-22,ManagerPortal
L00360,cert-enterprise-ai-safety,M038,pending,,ManagerPortal
L00361,cert-enterprise-ai-safety,M052,pending,,ManagerPortal
L00362,cert-enterprise-ai-safety,M076,pending,,ManagerPortal
L00363,cert-enterprise-ai-safety,M024,approved,2026-04-28,ManagerPortal
L00364,cert-enterprise-ai-safety,M013,pending,,ManagerPortal
L00365,cert-enterprise-ai-safety,M018,approved,2026-05-20,ManagerPortal
L00366,cert-enterprise-ai-safety,M079,approved,2026-05-10,ManagerPortal
L00367,cert-enterprise-ai-safety,M030,pending,,ManagerPortal
L00368,cert-enterprise-ai-safety,M036,approved,2026-05-13,ManagerPortal
L00369,cert-enterprise-ai-safety,M020,approved,2026-05-20,ManagerPortal
L00370,cert-enterprise-ai-safety,M021,approved,2026-05-20,ManagerPortal
L00371,cert-enterprise-ai-safety,M012,approved,2026-05-03,ManagerPortal
L00372,cert-enterprise-ai-safety,M065,approved,2026-05-13,ManagerPortal
L00373,cert-enterprise-ai-safety,M065,approved,2026-05-22,ManagerPortal
L00374,cert-enterprise-ai-safety,M064,approved,2026-05-12,ManagerPortal
L00375,cert-enterprise-ai-safety,M014,approved,2026-05-23,ManagerPortal
L00376,cert-enterprise-ai-safety,M075,pending,,ManagerPortal
L00377,cert-enterprise-ai-safety,M001,pending,,ManagerPortal
L00378,cert-enterprise-ai-safety,M045,approved,2026-05-06,ManagerPortal
L00379,cert-enterprise-ai-safety,M041,approved,2026-05-30,ManagerPortal
L00380,cert-enterprise-ai-safety,M023,approved,2026-06-05,ManagerPortal
L00381,cert-enterprise-ai-safety,M040,approved,2026-06-01,ManagerPortal
L00382,cert-enterprise-ai-safety,M009,approved,2026-04-27,ManagerPortal
L00383,cert-enterprise-ai-safety,M066,pending,,ManagerPortal
L00384,cert-enterprise-ai-safety,M056,approved,2026-05-07,ManagerPortal
L00385,cert-enterprise-ai-safety,M017,approved,2026-05-21,ManagerPortal
L00386,cert-enterprise-ai-safety,M071,pending,,ManagerPortal
L00387,cert-enterprise-ai-safety,M079,pending,,ManagerPortal
L00388,cert-enterprise-ai-safety,M045,approved,2026-04-23,ManagerPortal
L00389,cert-enterprise-ai-safety,M073,approved,2026-05-17,ManagerPortal
L00390,cert-enterprise-ai-safety,M080,approved,2026-06-03,ManagerPortal
L00391,cert-enterprise-ai-safety,M078,pending,,ManagerPortal
L00392,cert-enterprise-ai-safety,M011,pending,,ManagerPortal
L00393,cert-enterprise-ai-safety,M055,approved,2026-05-06,ManagerPortal
L00394,cert-enterprise-ai-safety,M075,approved,2026-05-08,ManagerPortal
L00395,cert-enterprise-ai-safety,M034,approved,2026-05-08,ManagerPortal
L00396,cert-enterprise-ai-safety,M015,approved,2026-04-28,ManagerPortal
L00397,cert-enterprise-ai-safety,M007,approved,2026-05-22,ManagerPortal
L00398,cert-enterprise-ai-safety,M043,approved,2026-04-26,ManagerPortal
L00399,cert-enterprise-ai-safety,M077,pending,,ManagerPortal
L00400,cert-enterprise-ai-safety,M077,approved,2026-05-26,ManagerPortal
L00401,cert-enterprise-ai-safety,M069,pending,,ManagerPortal
L00402,cert-enterprise-ai-safety,M019,pending,,ManagerPortal
L00403,cert-enterprise-ai-safety,M078,approved,2026-06-06,ManagerPortal
L00404,cert-enterprise-ai-safety,M034,approved,2026-04-24,ManagerPortal
L00405,cert-enterprise-ai-safety,M006,pending,,ManagerPortal
L00406,cert-enterprise-ai-safety,M046,pending,,ManagerPortal
L00407,cert-enterprise-ai-safety,M027,approved,2026-05-12,ManagerPortal
L00408,cert-enterprise-ai-safety,M071,approved,2026-05-24,ManagerPortal
L00409,cert-enterprise-ai-safety,M015,approved,2026-05-05,ManagerPortal
L00410,cert-enterprise-ai-safety,M059,pending,,ManagerPortal
L00411,cert-enterprise-ai-safety,M075,approved,2026-05-27,ManagerPortal
L00412,cert-enterprise-ai-safety,M024,approved,2026-06-05,ManagerPortal
L00413,cert-enterprise-ai-safety,M013,approved,2026-05-21,ManagerPortal
L00414,cert-enterprise-ai-safety,M012,pending,,ManagerPortal
L00415,cert-enterprise-ai-safety,M049,pending,,ManagerPortal
L00416,cert-enterprise-ai-safety,M024,pending,,ManagerPortal
L00417,cert-enterprise-ai-safety,M061,approved,2026-05-29,ManagerPortal
L00418,cert-enterprise-ai-safety,M041,pending,,ManagerPortal
L00419,cert-enterprise-ai-safety,M073,pending,,ManagerPortal
L00420,cert-enterprise-ai-safety,M005,approved,2026-04-29,ManagerPortal
L00421,cert-enterprise-ai-safety,M032,approved,2026-05-13,ManagerPortal
L00422,cert-enterprise-ai-safety,M043,pending,,ManagerPortal
L00423,cert-enterprise-ai-safety,M062,approved,2026-05-17,ManagerPortal
L00424,cert-enterprise-ai-safety,M037,approved,2026-05-29,ManagerPortal
L00425,cert-enterprise-ai-safety,M022,approved,2026-05-27,ManagerPortal
L00426,cert-enterprise-ai-safety,M016,approved,2026-05-26,ManagerPortal
L00427,cert-enterprise-ai-safety,M015,pending,,ManagerPortal
L00428,cert-enterprise-ai-safety,M052,approved,2026-06-04,ManagerPortal
L00429,cert-enterprise-ai-safety,M054,approved,2026-04-30,ManagerPortal
L00430,cert-enterprise-ai-safety,M003,approved,2026-06-04,ManagerPortal
L00431,cert-enterprise-ai-safety,M022,approved,2026-05-28,ManagerPortal
L00432,cert-enterprise-ai-safety,M053,approved,2026-05-26,ManagerPortal
L00433,cert-enterprise-ai-safety,M065,approved,2026-06-04,ManagerPortal
L00434,cert-enterprise-ai-safety,M006,approved,2026-05-10,ManagerPortal
L00435,cert-enterprise-ai-safety,M065,approved,2026-05-22,ManagerPortal
L00436,cert-enterprise-ai-safety,M049,approved,2026-06-03,ManagerPortal
L00437,cert-enterprise-ai-safety,M035,pending,,ManagerPortal
L00438,cert-enterprise-ai-safety,M019,approved,2026-05-30,ManagerPortal
L00439,cert-enterprise-ai-safety,M036,approved,2026-05-30,ManagerPortal
L00440,cert-enterprise-ai-safety,M079,approved,2026-05-27,ManagerPortal
L00441,cert-enterprise-ai-safety,M044,approved,2026-04-26,ManagerPortal
L00442,cert-enterprise-ai-safety,M001,approved,2026-04-23,ManagerPortal
L00443,cert-enterprise-ai-safety,M035,approved,2026-05-24,ManagerPortal
L00444,cert-enterprise-ai-safety,M058,approved,2026-05-24,ManagerPortal
L00445,cert-enterprise-ai-safety,M021,pending,,ManagerPortal
L00446,cert-enterprise-ai-safety,M016,pending,,ManagerPortal
L00447,cert-enterprise-ai-safety,M075,approved,2026-05-25,ManagerPortal
L00448,cert-enterprise-ai-safety,M037,pending,,ManagerPortal
L00449,cert-enterprise-ai-safety,M003,pending,,ManagerPortal
L00450,cert-enterprise-ai-safety,M079,approved,2026-05-29,ManagerPortal
L00451,cert-enterprise-ai-safety,M077,approved,2026-05-30,ManagerPortal
L00452,cert-enterprise-ai-safety,M070,approved,2026-04-24,ManagerPortal
L00453,cert-enterprise-ai-safety,M004,approved,2026-04-27,ManagerPortal
L00454,cert-enterprise-ai-safety,M025,pending,,ManagerPortal
L00455,cert-enterprise-ai-safety,M013,pending,,ManagerPortal
L00456,cert-enterprise-ai-safety,M052,approved,2026-06-06,ManagerPortal
L00457,cert-enterprise-ai-safety,M011,pending,,ManagerPortal
L00458,cert-enterprise-ai-safety,M079,approved,2026-05-12,ManagerPortal
L00459,cert-enterprise-ai-safety,M038,approved,2026-06-05,ManagerPortal
L00460,cert-enterprise-ai-safety,M023,approved,2026-06-03,ManagerPortal
L00461,cert-enterprise-ai-safety,M021,approved,2026-05-27,ManagerPortal
L00462,cert-enterprise-ai-safety,M053,approved,2026-05-20,ManagerPortal
L00463,cert-enterprise-ai-safety,M016,approved,2026-06-03,ManagerPortal
L00464,cert-enterprise-ai-safety,M077,approved,2026-04-28,ManagerPortal
L00465,cert-enterprise-ai-safety,M062,approved,2026-06-01,ManagerPortal
L00466,cert-enterprise-ai-safety,M044,approved,2026-05-28,ManagerPortal
L00467,cert-enterprise-ai-safety,M035,approved,2026-06-04,ManagerPortal
L00468,cert-enterprise-ai-safety,M071,approved,2026-06-06,ManagerPortal
L00469,cert-enterprise-ai-safety,M048,pending,,ManagerPortal
L00470,cert-enterprise-ai-safety,M027,approved,2026-05-07,ManagerPortal
L00471,cert-enterprise-ai-safety,M013,approved,2026-05-01,ManagerPortal
L00472,cert-enterprise-ai-safety,M015,approved,2026-05-09,ManagerPortal
L00473,cert-enterprise-ai-safety,M019,approved,2026-06-06,ManagerPortal
L00474,cert-enterprise-ai-safety,M071,pending,,ManagerPortal
L00475,cert-enterprise-ai-safety,M015,approved,2026-05-13,ManagerPortal
L00476,cert-enterprise-ai-safety,M061,approved,2026-04-25,ManagerPortal
L00477,cert-enterprise-ai-safety,M046,pending,,ManagerPortal
L00478,cert-enterprise-ai-safety,M042,pending,,ManagerPortal
L00479,cert-enterprise-ai-safety,M064,approved,2026-04-29,ManagerPortal
L00480,cert-enterprise-ai-safety,M003,pending,,ManagerPortal
L00481,cert-enterprise-ai-safety,M057,approved,2026-05-31,ManagerPortal
L00482,cert-enterprise-ai-safety,M054,approved,2026-05-18,ManagerPortal
L00483,cert-enterprise-ai-safety,M027,pending,,ManagerPortal
L00484,cert-enterprise-ai-safety,M061,approved,2026-04-29,ManagerPortal
L00485,cert-enterprise-ai-safety,M019,pending,,ManagerPortal
L00486,cert-enterprise-ai-safety,M013,pending,,ManagerPortal
L00487,cert-enterprise-ai-safety,M032,approved,2026-05-03,ManagerPortal
L00488,cert-enterprise-ai-safety,M044,approved,2026-05-20,ManagerPortal
L00489,cert-enterprise-ai-safety,M041,pending,,ManagerPortal
L00490,cert-enterprise-ai-safety,M055,approved,2026-05-14,ManagerPortal
L00491,cert-enterprise-ai-safety,M056,approved,2026-05-29,ManagerPortal
L00492,cert-enterprise-ai-safety,M079,approved,2026-06-01,ManagerPortal
L00493,cert-enterprise-ai-safety,M055,approved,2026-06-02,ManagerPortal
L00494,cert-enterprise-ai-safety,M077,pending,,ManagerPortal
L00495,cert-enterprise-ai-safety,M008,approved,2026-05-24,ManagerPortal
L00496,cert-enterprise-ai-safety,M050,approved,2026-06-04,ManagerPortal
L00497,cert-enterprise-ai-safety,M035,approved,2026-04-24,ManagerPortal
L00498,cert-enterprise-ai-safety,M016,pending,,ManagerPortal
L00499,cert-enterprise-ai-safety,M019,approved,2026-05-31,ManagerPortal
L00500,cert-enterprise-ai-safety,M021,approved,2026-05-17,ManagerPortal
L00501,cert-enterprise-ai-safety,M012,approved,2026-04-29,ManagerPortal
L00502,cert-enterprise-ai-safety,M061,approved,2026-05-28,ManagerPortal
L00503,cert-enterprise-ai-safety,M006,approved,2026-04-27,ManagerPortal
L00504,cert-enterprise-ai-safety,M017,pending,,ManagerPortal
L00505,cert-enterprise-ai-safety,M036,approved,2026-05-08,ManagerPortal
L00506,cert-enterprise-ai-safety,M032,approved,2026-05-12,ManagerPortal
L00507,cert-enterprise-ai-safety,M074,approved,2026-05-13,ManagerPortal
L00508,cert-enterprise-ai-safety,M064,pending,,ManagerPortal
L00509,cert-enterprise-ai-safety,M071,approved,2026-05-01,ManagerPortal
L00510,cert-enterprise-ai-safety,M058,approved,2026-05-03,ManagerPortal
L00511,cert-enterprise-ai-safety,M044,approved,2026-05-17,ManagerPortal
L00512,cert-enterprise-ai-safety,M059,approved,2026-05-13,ManagerPortal
L00513,cert-enterprise-ai-safety,M024,approved,2026-05-19,ManagerPortal
L00514,cert-enterprise-ai-safety,M038,approved,2026-06-06,ManagerPortal
L00515,cert-enterprise-ai-safety,M016,pending,,ManagerPortal
L00516,cert-enterprise-ai-safety,M066,approved,2026-04-29,ManagerPortal
L00517,cert-enterprise-ai-safety,M072,approved,2026-05-13,ManagerPortal
L00518,cert-enterprise-ai-safety,M031,pending,,ManagerPortal
L00519,cert-enterprise-ai-safety,M075,approved,2026-05-15,ManagerPortal
L00520,cert-enterprise-ai-safety,M074,approved,2026-05-09,ManagerPortal
L00521,cert-enterprise-ai-safety,M049,pending,,ManagerPortal
L00522,cert-enterprise-ai-safety,M012,approved,2026-05-17,ManagerPortal
L00523,cert-enterprise-ai-safety,M040,approved,2026-05-17,ManagerPortal
L00524,cert-enterprise-ai-safety,M065,approved,2026-05-07,ManagerPortal
L00525,cert-enterprise-ai-safety,M028,approved,2026-05-11,ManagerPortal
L00526,cert-enterprise-ai-safety,M031,approved,2026-05-07,ManagerPortal
L00527,cert-enterprise-ai-safety,M027,approved,2026-04-28,ManagerPortal
L00528,cert-enterprise-ai-safety,M059,approved,2026-05-02,ManagerPortal
L00529,cert-enterprise-ai-safety,M032,approved,2026-05-09,ManagerPortal
L00530,cert-enterprise-ai-safety,M055,approved,2026-04-25,ManagerPortal
L00531,cert-enterprise-ai-safety,M048,approved,2026-05-17,ManagerPortal
L00532,cert-enterprise-ai-safety,M059,approved,2026-05-07,ManagerPortal
L00533,cert-enterprise-ai-safety,M049,approved,2026-05-17,ManagerPortal
L00534,cert-enterprise-ai-safety,M041,approved,2026-04-30,ManagerPortal
L00535,cert-enterprise-ai-safety,M077,pending,,ManagerPortal
L00536,cert-enterprise-ai-safety,M038,approved,2026-05-14,ManagerPortal
L00537,cert-enterprise-ai-safety,M056,approved,2026-05-22,ManagerPortal
L00538,cert-enterprise-ai-safety,M035,approved,2026-05-01,ManagerPortal
L00539,cert-enterprise-ai-safety,M059,pending,,ManagerPortal
L00540,cert-enterprise-ai-safety,M024,pending,,ManagerPortal
L00541,cert-enterprise-ai-safety,M026,approved,2026-05-22,ManagerPortal
L00542,cert-enterprise-ai-safety,M006,approved,2026-05-21,ManagerPortal
L00543,cert-enterprise-ai-safety,M040,approved,2026-05-17,ManagerPortal
L00544,cert-enterprise-ai-safety,M009,approved,2026-05-25,ManagerPortal
L00545,cert-enterprise-ai-safety,M030,approved,2026-04-27,ManagerPortal
L00546,cert-enterprise-ai-safety,M067,approved,2026-05-17,ManagerPortal
L00547,cert-enterprise-ai-safety,M073,approved,2026-05-24,ManagerPortal
L00548,cert-enterprise-ai-safety,M006,pending,,ManagerPortal
L00549,cert-enterprise-ai-safety,M026,approved,2026-04-26,ManagerPortal
L00550,cert-enterprise-ai-safety,M039,approved,2026-05-15,ManagerPortal
L00551,cert-enterprise-ai-safety,M018,approved,2026-04-23,ManagerPortal
L00552,cert-enterprise-ai-safety,M048,approved,2026-05-07,ManagerPortal
L00553,cert-enterprise-ai-safety,M007,pending,,ManagerPortal
L00554,cert-enterprise-ai-safety,M018,approved,2026-06-01,ManagerPortal
L00555,cert-enterprise-ai-safety,M056,approved,2026-06-06,ManagerPortal
L00556,cert-enterprise-ai-safety,M012,approved,2026-04-24,ManagerPortal
L00557,cert-enterprise-ai-safety,M021,approved,2026-05-17,ManagerPortal
L00558,cert-enterprise-ai-safety,M043,approved,2026-05-25,ManagerPortal
L00559,cert-enterprise-ai-safety,M009,approved,2026-05-19,ManagerPortal
L00560,cert-enterprise-ai-safety,M051,approved,2026-04-27,ManagerPortal
L00561,cert-enterprise-ai-safety,M014,pending,,ManagerPortal
L00562,cert-enterprise-ai-safety,M055,approved,2026-04-28,ManagerPortal
L00563,cert-enterprise-ai-safety,M072,approved,2026-05-15,ManagerPortal
L00564,cert-enterprise-ai-safety,M013,approved,2026-05-14,ManagerPortal
L00565,cert-enterprise-ai-safety,M076,approved,2026-05-24,ManagerPortal
L00566,cert-enterprise-ai-safety,M075,approved,2026-05-16,ManagerPortal
L00567,cert-enterprise-ai-safety,M036,pending,,ManagerPortal
L00568,cert-enterprise-ai-safety,M017,approved,2026-05-27,ManagerPortal
L00569,cert-enterprise-ai-safety,M055,approved,2026-05-30,ManagerPortal
L00570,cert-enterprise-ai-safety,M048,approved,2026-06-01,ManagerPortal
L00571,cert-enterprise-ai-safety,M004,approved,2026-06-05,ManagerPortal
L00572,cert-enterprise-ai-safety,M001,pending,,ManagerPortal
L00573,cert-enterprise-ai-safety,M059,approved,2026-04-25,ManagerPortal
L00574,cert-enterprise-ai-safety,M062,approved,2026-05-25,ManagerPortal
L00575,cert-enterprise-ai-safety,M054,pending,,ManagerPortal
L00576,cert-enterprise-ai-safety,M023,pending,,ManagerPortal
L00577,cert-enterprise-ai-safety,M045,pending,,ManagerPortal
L00578,cert-enterprise-ai-safety,M052,approved,2026-04-23,ManagerPortal
L00579,cert-enterprise-ai-safety,M055,approved,2026-05-14,ManagerPortal
L00580,cert-enterprise-ai-safety,M032,approved,2026-06-04,ManagerPortal
L00581,cert-enterprise-ai-safety,M055,pending,,ManagerPortal
L00582,cert-enterprise-ai-safety,M022,approved,2026-05-03,ManagerPortal
L00583,cert-enterprise-ai-safety,M079,approved,2026-05-25,ManagerPortal
L00584,cert-enterprise-ai-safety,M021,approved,2026-06-03,ManagerPortal
L00585,cert-enterprise-ai-safety,M077,pending,,ManagerPortal
L00586,cert-enterprise-ai-safety,M041,approved,2026-05-02,ManagerPortal
L00587,cert-enterprise-ai-safety,M055,approved,2026-05-30,ManagerPortal
L00588,cert-enterprise-ai-safety,M066,approved,2026-05-28,ManagerPortal
L00589,cert-enterprise-ai-safety,M022,pending,,ManagerPortal
L00590,cert-enterprise-ai-safety,M010,approved,2026-05-10,ManagerPortal
L00591,cert-enterprise-ai-safety,M056,approved,2026-05-02,ManagerPortal
L00592,cert-enterprise-ai-safety,M052,approved,2026-06-01,ManagerPortal
L00593,cert-enterprise-ai-safety,M004,pending,,ManagerPortal
L00594,cert-enterprise-ai-safety,M071,approved,2026-05-26,ManagerPortal
L00595,cert-enterprise-ai-safety,M073,approved,2026-05-06,ManagerPortal
L00596,cert-enterprise-ai-safety,M037,approved,2026-06-02,ManagerPortal
L00597,cert-enterprise-ai-safety,M028,approved,2026-05-29,ManagerPortal
L00598,cert-enterprise-ai-safety,M005,approved,2026-05-20,ManagerPortal
L00599,cert-enterprise-ai-safety,M016,approved,2026-04-27,ManagerPortal
L00600,cert-enterprise-ai-safety,M034,approved,2026-04-30,ManagerPortal
L00601,cert-enterprise-ai-safety,M010,pending,,ManagerPortal
L00602,cert-enterprise-ai-safety,M059,approved,2026-05-26,ManagerPortal
L00603,cert-enterprise-ai-safety,M062,approved,2026-05-20,ManagerPortal
L00604,cert-enterprise-ai-safety,M042,approved,2026-06-04,ManagerPortal
L00605,cert-enterprise-ai-safety,M070,approved,2026-05-10,ManagerPortal
L00606,cert-enterprise-ai-safety,M015,pending,,ManagerPortal
L00607,cert-enterprise-ai-safety,M071,approved,2026-05-02,ManagerPortal
L00608,cert-enterprise-ai-safety,M062,approved,2026-05-29,ManagerPortal
L00609,cert-enterprise-ai-safety,M060,approved,2026-05-25,ManagerPortal
L00610,cert-enterprise-ai-safety,M026,pending,,ManagerPortal
L00611,cert-enterprise-ai-safety,M050,approved,2026-05-30,ManagerPortal
L00612,cert-enterprise-ai-safety,M064,approved,2026-06-03,ManagerPortal
L00613,cert-enterprise-ai-safety,M079,pending,,ManagerPortal
L00614,cert-enterprise-ai-safety,M034,approved,2026-05-31,ManagerPortal
L00615,cert-enterprise-ai-safety,M070,approved,2026-05-16,ManagerPortal
L00616,cert-enterprise-ai-safety,M039,approved,2026-05-23,ManagerPortal
L00617,cert-enterprise-ai-safety,M015,approved,2026-04-24,ManagerPortal
L00618,cert-enterprise-ai-safety,M032,pending,,ManagerPortal
L00619,cert-enterprise-ai-safety,M061,approved,2026-06-05,ManagerPortal
L00620,cert-enterprise-ai-safety,M030,approved,2026-04-23,ManagerPortal
L00621,cert-enterprise-ai-safety,M005,approved,2026-04-24,ManagerPortal
L00622,cert-enterprise-ai-safety,M039,approved,2026-05-31,ManagerPortal
L00623,cert-enterprise-ai-safety,M005,pending,,ManagerPortal
L00624,cert-enterprise-ai-safety,M046,pending,,ManagerPortal
L00625,cert-enterprise-ai-safety,M033,approved,2026-05-21,ManagerPortal
L00626,cert-enterprise-ai-safety,M031,approved,2026-05-03,ManagerPortal
L00627,cert-enterprise-ai-safety,M052,approved,2026-05-19,ManagerPortal
L00628,cert-enterprise-ai-safety,M003,pending,,ManagerPortal
L00629,cert-enterprise-ai-safety,M079,approved,2026-06-03,ManagerPortal
L00630,cert-enterprise-ai-safety,M051,pending,,ManagerPortal
L00631,cert-enterprise-ai-safety,M021,approved,2026-05-27,ManagerPortal
L00632,cert-enterprise-ai-safety,M047,pending,,ManagerPortal
L00633,cert-enterprise-ai-safety,M023,pending,,ManagerPortal
L00634,cert-enterprise-ai-safety,M058,approved,2026-05-15,ManagerPortal
L00635,cert-enterprise-ai-safety,M033,pending,,ManagerPortal
L00636,cert-enterprise-ai-safety,M073,pending,,ManagerPortal
L00637,cert-enterprise-ai-safety,M046,approved,2026-05-12,ManagerPortal
L00638,cert-enterprise-ai-safety,M032,pending,,ManagerPortal
L00639,cert-enterprise-ai-safety,M051,approved,2026-05-10,ManagerPortal
L00640,cert-enterprise-ai-safety,M032,approved,2026-05-28,ManagerPortal
L00641,cert-enterprise-ai-safety,M057,pending,,ManagerPortal
L00642,cert-enterprise-ai-safety,M028,approved,2026-04-27,ManagerPortal
L00643,cert-enterprise-ai-safety,M015,pending,,ManagerPortal
L00644,cert-enterprise-ai-safety,M043,approved,2026-05-15,ManagerPortal
L00645,cert-enterprise-ai-safety,M032,approved,2026-05-27,ManagerPortal
L00646,cert-enterprise-ai-safety,M003,pending,,ManagerPortal
L00647,cert-enterprise-ai-safety,M009,approved,2026-05-01,ManagerPortal
L00648,cert-enterprise-ai-safety,M076,pending,,ManagerPortal
L00649,cert-enterprise-ai-safety,M020,approved,2026-05-18,ManagerPortal
L00650,cert-enterprise-ai-safety,M053,approved,2026-05-25,ManagerPortal
L00651,cert-enterprise-ai-safety,M045,pending,,ManagerPortal
L00652,cert-enterprise-ai-safety,M012,approved,2026-06-04,ManagerPortal
L00653,cert-enterprise-ai-safety,M048,approved,2026-05-04,ManagerPortal
L00654,cert-enterprise-ai-safety,M078,approved,2026-06-05,ManagerPortal
L00655,cert-enterprise-ai-safety,M016,approved,2026-05-10,ManagerPortal
L00656,cert-enterprise-ai-safety,M066,approved,2026-05-06,ManagerPortal
L00657,cert-enterprise-ai-safety,M072,approved,2026-04-23,ManagerPortal
L00658,cert-enterprise-ai-safety,M080,approved,2026-04-25,ManagerPortal
L00659,cert-enterprise-ai-safety,M076,approved,2026-05-25,ManagerPortal
L00660,cert-enterprise-ai-safety,M029,pending,,ManagerPortal
L00661,cert-enterprise-ai-safety,M002,approved,2026-05-18,ManagerPortal
L00662,cert-enterprise-ai-safety,M052,approved,2026-05-16,ManagerPortal
L00663,cert-enterprise-ai-safety,M023,pending,,ManagerPortal
L00664,cert-enterprise-ai-safety,M055,approved,2026-05-31,ManagerPortal
L00665,cert-enterprise-ai-safety,M054,approved,2026-05-03,ManagerPortal
L00666,cert-enterprise-ai-safety,M024,approved,2026-05-17,ManagerPortal
L00667,cert-enterprise-ai-safety,M037,approved,2026-05-02,ManagerPortal
L00668,cert-enterprise-ai-safety,M025,approved,2026-04-25,ManagerPortal
L00669,cert-enterprise-ai-safety,M023,approved,2026-05-22,ManagerPortal
L00670,cert-enterprise-ai-safety,M074,approved,2026-05-21,ManagerPortal
L00671,cert-enterprise-ai-safety,M056,approved,2026-05-14,ManagerPortal
L00672,cert-enterprise-ai-safety,M055,pending,,ManagerPortal
L00673,cert-enterprise-ai-safety,M008,approved,2026-04-27,ManagerPortal
L00674,cert-enterprise-ai-safety,M065,approved,2026-05-06,ManagerPortal
L00675,cert-enterprise-ai-safety,M011,approved,2026-05-31,ManagerPortal
L00676,cert-enterprise-ai-safety,M055,approved,2026-05-05,ManagerPortal
L00677,cert-enterprise-ai-safety,M077,pending,,ManagerPortal
L00678,cert-enterprise-ai-safety,M072,pending,,ManagerPortal
L00679,cert-enterprise-ai-safety,M024,approved,2026-04-29,ManagerPortal
L00680,cert-enterprise-ai-safety,M059,approved,2026-05-19,ManagerPortal
L00681,cert-enterprise-ai-safety,M001,approved,2026-05-29,ManagerPortal
L00682,cert-enterprise-ai-safety,M030,approved,2026-05-03,ManagerPortal
L00683,cert-enterprise-ai-safety,M029,approved,2026-04-25,ManagerPortal
L00684,cert-enterprise-ai-safety,M033,approved,2026-04-24,ManagerPortal
L00685,cert-enterprise-ai-safety,M008,approved,2026-05-11,ManagerPortal
L00686,cert-enterprise-ai-safety,M032,approved,2026-05-11,ManagerPortal
L00687,cert-enterprise-ai-safety,M030,approved,2026-04-23,ManagerPortal
L00688,cert-enterprise-ai-safety,M035,approved,2026-05-19,ManagerPortal
L00689,cert-enterprise-ai-safety,M012,approved,2026-05-07,ManagerPortal
L00690,cert-enterprise-ai-safety,M010,approved,2026-04-30,ManagerPortal
L00691,cert-enterprise-ai-safety,M004,approved,2026-05-31,ManagerPortal
L00692,cert-enterprise-ai-safety,M028,pending,,ManagerPortal
L00693,cert-enterprise-ai-safety,M061,pending,,ManagerPortal
L00694,cert-enterprise-ai-safety,M010,pending,,ManagerPortal
L00695,cert-enterprise-ai-safety,M033,pending,,ManagerPortal
L00696,cert-enterprise-ai-safety,M043,pending,,ManagerPortal
L00697,cert-enterprise-ai-safety,M050,approved,2026-05-08,ManagerPortal
L00698,cert-enterprise-ai-safety,M067,approved,2026-05-17,ManagerPortal
L00699,cert-enterprise-ai-safety,M024,pending,,ManagerPortal
L00700,cert-enterprise-ai-safety,M047,approved,2026-05-30,ManagerPortal
L00701,cert-enterprise-ai-safety,M008,approved,2026-05-29,ManagerPortal
L00702,cert-enterprise-ai-safety,M069,approved,2026-06-06,ManagerPortal
L00703,cert-enterprise-ai-safety,M025,pending,,ManagerPortal
L00704,cert-enterprise-ai-safety,M059,pending,,ManagerPortal
L00705,cert-enterprise-ai-safety,M077,approved,2026-05-31,ManagerPortal
L00706,cert-enterprise-ai-safety,M042,approved,2026-05-27,ManagerPortal
L00707,cert-enterprise-ai-safety,M026,approved,2026-05-24,ManagerPortal
L00708,cert-enterprise-ai-safety,M025,pending,,ManagerPortal
L00709,cert-enterprise-ai-safety,M017,approved,2026-06-05,ManagerPortal
L00710,cert-enterprise-ai-safety,M047,pending,,ManagerPortal
L00711,cert-enterprise-ai-safety,M055,approved,2026-05-01,ManagerPortal
L00712,cert-enterprise-ai-safety,M010,approved,2026-05-31,ManagerPortal
L00713,cert-enterprise-ai-safety,M026,approved,2026-05-21,ManagerPortal
L00714,cert-enterprise-ai-safety,M047,pending,,ManagerPortal
L00715,cert-enterprise-ai-safety,M019,pending,,ManagerPortal
L00716,cert-enterprise-ai-safety,M031,approved,2026-05-31,ManagerPortal
L00717,cert-enterprise-ai-safety,M044,approved,2026-04-26,ManagerPortal
L00718,cert-enterprise-ai-safety,M053,approved,2026-04-26,ManagerPortal
L00719,cert-enterprise-ai-safety,M023,approved,2026-06-03,ManagerPortal
L00720,cert-enterprise-ai-safety,M065,approved,2026-05-15,ManagerPortal
L00721,cert-enterprise-ai-safety,M045,pending,,ManagerPortal
L00722,cert-enterprise-ai-safety,M021,approved,2026-05-23,ManagerPortal
L00723,cert-enterprise-ai-safety,M016,approved,2026-05-07,ManagerPortal
L00724,cert-enterprise-ai-safety,M043,approved,2026-05-25,ManagerPortal
L00725,cert-enterprise-ai-safety,M057,approved,2026-06-05,ManagerPortal
L00726,cert-enterprise-ai-safety,M030,pending,,ManagerPortal
L00727,cert-enterprise-ai-safety,M024,approved,2026-05-03,ManagerPortal
L00728,cert-enterprise-ai-safety,M012,pending,,ManagerPortal
L00729,cert-enterprise-ai-safety,M056,approved,2026-06-06,ManagerPortal
L00730,cert-enterprise-ai-safety,M036,approved,2026-05-27,ManagerPortal
L00731,cert-enterprise-ai-safety,M046,approved,2026-05-03,ManagerPortal
L00732,cert-enterprise-ai-safety,M010,approved,2026-05-30,ManagerPortal
L00733,cert-enterprise-ai-safety,M041,pending,,ManagerPortal
L00734,cert-enterprise-ai-safety,M065,pending,,ManagerPortal
L00735,cert-enterprise-ai-safety,M012,approved,2026-05-19,ManagerPortal
L00736,cert-enterprise-ai-safety,M029,approved,2026-04-23,ManagerPortal
L00737,cert-enterprise-ai-safety,M004,approved,2026-06-02,ManagerPortal
L00738,cert-enterprise-ai-safety,M006,approved,2026-06-03,ManagerPortal
L00739,cert-enterprise-ai-safety,M028,approved,2026-06-05,ManagerPortal
L00740,cert-enterprise-ai-safety,M058,approved,2026-05-17,ManagerPortal
L00741,cert-enterprise-ai-safety,M064,approved,2026-04-23,ManagerPortal
L00742,cert-enterprise-ai-safety,M050,approved,2026-05-09,ManagerPortal
L00743,cert-enterprise-ai-safety,M062,pending,,ManagerPortal
L00744,cert-enterprise-ai-safety,M003,approved,2026-06-06,ManagerPortal
L00745,cert-enterprise-ai-safety,M070,approved,2026-04-25,ManagerPortal
L00746,cert-enterprise-ai-safety,M064,pending,,ManagerPortal
L00747,cert-enterprise-ai-safety,M057,approved,2026-05-14,ManagerPortal
L00748,cert-enterprise-ai-safety,M032,approved,2026-05-01,ManagerPortal
L00749,cert-enterprise-ai-safety,M023,approved,2026-05-22,ManagerPortal
L00750,cert-enterprise-ai-safety,M049,pending,,ManagerPortal
L00751,cert-enterprise-ai-safety,M064,approved,2026-05-20,ManagerPortal
L00752,cert-enterprise-ai-safety,M009,pending,,ManagerPortal
L00753,cert-enterprise-ai-safety,M072,pending,,ManagerPortal
L00754,cert-enterprise-ai-safety,M002,approved,2026-05-03,ManagerPortal
L00755,cert-enterprise-ai-safety,M029,approved,2026-05-30,ManagerPortal
L00756,cert-enterprise-ai-safety,M055,approved,2026-05-01,ManagerPortal
L00757,cert-enterprise-ai-safety,M064,pending,,ManagerPortal
L00758,cert-enterprise-ai-safety,M028,approved,2026-06-01,ManagerPortal
L00759,cert-enterprise-ai-safety,M034,approved,2026-05-18,ManagerPortal
L00760,cert-enterprise-ai-safety,M008,approved,2026-06-01,ManagerPortal
L00761,cert-enterprise-ai-safety,M037,pending,,ManagerPortal
L00762,cert-enterprise-ai-safety,M024,approved,2026-05-10,ManagerPortal
L00763,cert-enterprise-ai-safety,M062,approved,2026-05-10,ManagerPortal
L00764,cert-enterprise-ai-safety,M031,approved,2026-04-29,ManagerPortal
L00765,cert-enterprise-ai-safety,M042,approved,2026-05-22,ManagerPortal
L00766,cert-enterprise-ai-safety,M001,pending,,ManagerPortal
L00767,cert-enterprise-ai-safety,M067,approved,2026-05-13,ManagerPortal
L00768,cert-enterprise-ai-safety,M059,approved,2026-05-10,ManagerPortal
L00769,cert-enterprise-ai-safety,M066,approved,2026-05-14,ManagerPortal
L00770,cert-enterprise-ai-safety,M046,approved,2026-04-29,ManagerPortal
L00771,cert-enterprise-ai-safety,M023,approved,2026-05-02,ManagerPortal
L00772,cert-enterprise-ai-safety,M057,approved,2026-05-01,ManagerPortal
L00773,cert-enterprise-ai-safety,M007,approved,2026-05-16,ManagerPortal
L00774,cert-enterprise-ai-safety,M010,approved,2026-05-18,ManagerPortal
L00775,cert-enterprise-ai-safety,M035,approved,2026-05-21,ManagerPortal
L00776,cert-enterprise-ai-safety,M066,approved,2026-05-10,ManagerPortal
L00777,cert-enterprise-ai-safety,M060,approved,2026-06-06,ManagerPortal
L00778,cert-enterprise-ai-safety,M012,approved,2026-04-28,ManagerPortal
L00779,cert-enterprise-ai-safety,M031,approved,2026-05-11,ManagerPortal
L00780,cert-enterprise-ai-safety,M026,approved,2026-05-18,ManagerPortal
L00781,cert-enterprise-ai-safety,M037,approved,2026-05-08,ManagerPortal
L00782,cert-enterprise-ai-safety,M023,approved,2026-05-08,ManagerPortal
L00783,cert-enterprise-ai-safety,M051,approved,2026-05-11,ManagerPortal
L00784,cert-enterprise-ai-safety,M066,approved,2026-05-25,ManagerPortal
L00785,cert-enterprise-ai-safety,M033,approved,2026-05-02,ManagerPortal
L00786,cert-enterprise-ai-safety,M055,approved,2026-05-01,ManagerPortal
L00787,cert-enterprise-ai-safety,M070,approved,2026-05-25,ManagerPortal
L00788,cert-enterprise-ai-safety,M034,approved,2026-05-03,ManagerPortal
L00789,cert-enterprise-ai-safety,M044,approved,2026-04-27,ManagerPortal
L00790,cert-enterprise-ai-safety,M079,pending,,ManagerPortal
L00791,cert-enterprise-ai-safety,M014,approved,2026-05-18,ManagerPortal
L00792,cert-enterprise-ai-safety,M039,approved,2026-05-01,ManagerPortal
L00793,cert-enterprise-ai-safety,M075,pending,,ManagerPortal
L00794,cert-enterprise-ai-safety,M048,approved,2026-04-28,ManagerPortal
L00795,cert-enterprise-ai-safety,M078,approved,2026-05-23,ManagerPortal
L00796,cert-enterprise-ai-safety,M079,approved,2026-06-02,ManagerPortal
L00797,cert-enterprise-ai-safety,M020,approved,2026-06-02,ManagerPortal
L00798,cert-enterprise-ai-safety,M040,approved,2026-06-06,ManagerPortal
L00799,cert-enterprise-ai-safety,M044,approved,2026-05-04,ManagerPortal
L00800,cert-enterprise-ai-safety,M080,approved,2026-05-18,ManagerPortal
L00801,cert-enterprise-ai-safety,M075,approved,2026-05-25,ManagerPortal
L00802,cert-enterprise-ai-safety,M041,approved,2026-06-01,ManagerPortal
L00803,cert-enterprise-ai-safety,M039,approved,2026-05-11,ManagerPortal
L00804,cert-enterprise-ai-safety,M013,approved,2026-05-16,ManagerPortal
L00805,cert-enterprise-ai-safety,M071,approved,2026-05-31,ManagerPortal
L00806,cert-enterprise-ai-safety,M062,approved,2026-05-26,ManagerPortal
L00807,cert-enterprise-ai-safety,M001,pending,,ManagerPortal
L00808,cert-enterprise-ai-safety,M015,approved,2026-05-19,ManagerPortal
L00809,cert-enterprise-ai-safety,M044,pending,,ManagerPortal
L00810,cert-enterprise-ai-safety,M030,approved,2026-05-29,ManagerPortal
L00811,cert-enterprise-ai-safety,M021,approved,2026-05-18,ManagerPortal
L00812,cert-enterprise-ai-safety,M052,pending,,ManagerPortal
L00813,cert-enterprise-ai-safety,M050,approved,2026-05-13,ManagerPortal
L00814,cert-enterprise-ai-safety,M039,approved,2026-05-12,ManagerPortal
L00815,cert-enterprise-ai-safety,M051,approved,2026-06-01,ManagerPortal
L00816,cert-enterprise-ai-safety,M026,approved,2026-05-31,ManagerPortal
L00817,cert-enterprise-ai-safety,M033,pending,,ManagerPortal
L00818,cert-enterprise-ai-safety,M064,approved,2026-05-31,ManagerPortal
L00819,cert-enterprise-ai-safety,M065,approved,2026-05-12,ManagerPortal
L00820,cert-enterprise-ai-safety,M033,approved,2026-05-09,ManagerPortal
L00821,cert-enterprise-ai-safety,M072,pending,,ManagerPortal
L00822,cert-enterprise-ai-safety,M060,approved,2026-04-29,ManagerPortal
L00823,cert-enterprise-ai-safety,M064,pending,,ManagerPortal
L00824,cert-enterprise-ai-safety,M068,approved,2026-05-02,ManagerPortal
L00825,cert-enterprise-ai-safety,M006,approved,2026-05-28,ManagerPortal
L00826,cert-enterprise-ai-safety,M036,pending,,ManagerPortal
L00827,cert-enterprise-ai-safety,M045,approved,2026-05-28,ManagerPortal
L00828,cert-enterprise-ai-safety,M072,approved,2026-05-11,ManagerPortal
L00829,cert-enterprise-ai-safety,M029,approved,2026-05-25,ManagerPortal
L00830,cert-enterprise-ai-safety,M070,approved,2026-05-31,ManagerPortal
L00831,cert-enterprise-ai-safety,M079,approved,2026-05-13,ManagerPortal
L00832,cert-enterprise-ai-safety,M058,pending,,ManagerPortal
L00833,cert-enterprise-ai-safety,M015,pending,,ManagerPortal
L00834,cert-enterprise-ai-safety,M045,pending,,ManagerPortal
L00835,cert-enterprise-ai-safety,M070,pending,,ManagerPortal
L00836,cert-enterprise-ai-safety,M054,approved,2026-05-02,ManagerPortal
L00837,cert-enterprise-ai-safety,M025,pending,,ManagerPortal
L00838,cert-enterprise-ai-safety,M034,pending,,ManagerPortal
L00839,cert-enterprise-ai-safety,M079,approved,2026-05-29,ManagerPortal
L00840,cert-enterprise-ai-safety,M026,approved,2026-05-19,ManagerPortal
L00841,cert-enterprise-ai-safety,M020,approved,2026-04-26,ManagerPortal
L00842,cert-enterprise-ai-safety,M013,approved,2026-06-02,ManagerPortal
L00843,cert-enterprise-ai-safety,M068,approved,2026-05-14,ManagerPortal
L00844,cert-enterprise-ai-safety,M071,approved,2026-05-18,ManagerPortal
L00845,cert-enterprise-ai-safety,M053,approved,2026-04-24,ManagerPortal
L00846,cert-enterprise-ai-safety,M058,approved,2026-05-17,ManagerPortal
L00847,cert-enterprise-ai-safety,M022,approved,2026-05-19,ManagerPortal
L00848,cert-enterprise-ai-safety,M036,approved,2026-05-07,ManagerPortal
L00849,cert-enterprise-ai-safety,M003,approved,2026-05-06,ManagerPortal
L00850,cert-enterprise-ai-safety,M017,approved,2026-04-27,ManagerPortal
L00851,cert-enterprise-ai-safety,M026,pending,,ManagerPortal
L00852,cert-enterprise-ai-safety,M069,pending,,ManagerPortal
L00853,cert-enterprise-ai-safety,M006,approved,2026-04-24,ManagerPortal
L00854,cert-enterprise-ai-safety,M016,pending,,ManagerPortal
L00855,cert-enterprise-ai-safety,M050,approved,2026-04-23,ManagerPortal
L00856,cert-enterprise-ai-safety,M037,pending,,ManagerPortal
L00857,cert-enterprise-ai-safety,M078,approved,2026-05-23,ManagerPortal
L00858,cert-enterprise-ai-safety,M061,approved,2026-06-02,ManagerPortal
L00859,cert-enterprise-ai-safety,M056,approved,2026-05-29,ManagerPortal
L00860,cert-enterprise-ai-safety,M063,approved,2026-05-07,ManagerPortal
L00861,cert-enterprise-ai-safety,M040,pending,,ManagerPortal
L00862,cert-enterprise-ai-safety,M070,approved,2026-04-29,ManagerPortal
L00863,cert-enterprise-ai-safety,M067,approved,2026-05-07,ManagerPortal
L00864,cert-enterprise-ai-safety,M076,approved,2026-05-10,ManagerPortal
L00865,cert-enterprise-ai-safety,M038,pending,,ManagerPortal
L00866,cert-enterprise-ai-safety,M078,pending,,ManagerPortal
L00867,cert-enterprise-ai-safety,M071,approved,2026-06-04,ManagerPortal
L00868,cert-enterprise-ai-safety,M067,pending,,ManagerPortal
L00869,cert-enterprise-ai-safety,M078,pending,,ManagerPortal
L00870,cert-enterprise-ai-safety,M051,approved,2026-04-30,ManagerPortal
L00871,cert-enterprise-ai-safety,M011,pending,,ManagerPortal
L00872,cert-enterprise-ai-safety,M031,pending,,ManagerPortal
L00873,cert-enterprise-ai-safety,M055,approved,2026-05-09,ManagerPortal
L00874,cert-enterprise-ai-safety,M022,approved,2026-05-20,ManagerPortal
L00875,cert-enterprise-ai-safety,M031,pending,,ManagerPortal
L00876,cert-enterprise-ai-safety,M020,approved,2026-06-02,ManagerPortal
L00877,cert-enterprise-ai-safety,M047,approved,2026-05-28,ManagerPortal
L00878,cert-enterprise-ai-safety,M064,approved,2026-05-10,ManagerPortal
L00879,cert-enterprise-ai-safety,M009,pending,,ManagerPortal
L00880,cert-enterprise-ai-safety,M028,approved,2026-05-25,ManagerPortal
L00881,cert-enterprise-ai-safety,M080,approved,2026-05-21,ManagerPortal
L00882,cert-enterprise-ai-safety,M050,pending,,ManagerPortal
L00883,cert-enterprise-ai-safety,M002,approved,2026-05-02,ManagerPortal
L00884,cert-enterprise-ai-safety,M043,approved,2026-05-16,ManagerPortal
L00885,cert-enterprise-ai-safety,M029,approved,2026-04-23,ManagerPortal
L00886,cert-enterprise-ai-safety,M054,approved,2026-05-20,ManagerPortal
L00887,cert-enterprise-ai-safety,M003,approved,2026-05-15,ManagerPortal
L00888,cert-enterprise-ai-safety,M027,pending,,ManagerPortal
L00889,cert-enterprise-ai-safety,M073,pending,,ManagerPortal
L00890,cert-enterprise-ai-safety,M044,approved,2026-05-15,ManagerPortal
L00891,cert-enterprise-ai-safety,M014,approved,2026-05-20,ManagerPortal
L00892,cert-enterprise-ai-safety,M030,approved,2026-04-29,ManagerPortal
L00893,cert-enterprise-ai-safety,M028,approved,2026-05-02,ManagerPortal
L00894,cert-enterprise-ai-safety,M051,approved,2026-05-16,ManagerPortal
L00895,cert-enterprise-ai-safety,M032,approved,2026-05-20,ManagerPortal
L00896,cert-enterprise-ai-safety,M056,approved,2026-06-02,ManagerPortal
L00897,cert-enterprise-ai-safety,M049,approved,2026-05-27,ManagerPortal
L00898,cert-enterprise-ai-safety,M049,approved,2026-05-25,ManagerPortal
L00899,cert-enterprise-ai-safety,M040,pending,,ManagerPortal
L00900,cert-enterprise-ai-safety,M012,approved,2026-05-26,ManagerPortal
L00901,cert-enterprise-ai-safety,M020,approved,2026-05-19,ManagerPortal
L00902,cert-enterprise-ai-safety,M074,approved,2026-05-19,ManagerPortal
L00903,cert-enterprise-ai-safety,M007,approved,2026-05-19,ManagerPortal
L00904,cert-enterprise-ai-safety,M071,approved,2026-05-27,ManagerPortal
L00905,cert-enterprise-ai-safety,M073,approved,2026-05-27,ManagerPortal
L00906,cert-enterprise-ai-safety,M010,pending,,ManagerPortal
L00907,cert-enterprise-ai-safety,M053,pending,,ManagerPortal
L00908,cert-enterprise-ai-safety,M019,pending,,ManagerPortal
L00909,cert-enterprise-ai-safety,M007,approved,2026-04-25,ManagerPortal
L00910,cert-enterprise-ai-safety,M069,approved,2026-04-24,ManagerPortal
L00911,cert-enterprise-ai-safety,M013,approved,2026-05-17,ManagerPortal
L00912,cert-enterprise-ai-safety,M048,approved,2026-05-31,ManagerPortal
L00913,cert-enterprise-ai-safety,M027,approved,2026-05-29,ManagerPortal
L00914,cert-enterprise-ai-safety,M006,approved,2026-05-26,ManagerPortal
L00915,cert-enterprise-ai-safety,M076,approved,2026-04-28,ManagerPortal
L00916,cert-enterprise-ai-safety,M033,approved,2026-06-06,ManagerPortal
L00917,cert-enterprise-ai-safety,M043,approved,2026-06-03,ManagerPortal
L00918,cert-enterprise-ai-safety,M078,approved,2026-06-01,ManagerPortal
L00919,cert-enterprise-ai-safety,M045,pending,,ManagerPortal
L00920,cert-enterprise-ai-safety,M059,pending,,ManagerPortal
L00921,cert-enterprise-ai-safety,M001,pending,,ManagerPortal
L00922,cert-enterprise-ai-safety,M002,pending,,ManagerPortal
L00923,cert-enterprise-ai-safety,M033,approved,2026-04-30,ManagerPortal
L00924,cert-enterprise-ai-safety,M019,approved,2026-05-04,ManagerPortal
L00925,cert-enterprise-ai-safety,M047,approved,2026-05-04,ManagerPortal
L00926,cert-enterprise-ai-safety,M064,approved,2026-06-05,ManagerPortal
L00927,cert-enterprise-ai-safety,M042,pending,,ManagerPortal
L00928,cert-enterprise-ai-safety,M001,approved,2026-04-25,ManagerPortal
L00929,cert-enterprise-ai-safety,M006,approved,2026-05-11,ManagerPortal
L00930,cert-enterprise-ai-safety,M035,approved,2026-05-20,ManagerPortal
L00931,cert-enterprise-ai-safety,M018,pending,,ManagerPortal
L00932,cert-enterprise-ai-safety,M001,approved,2026-05-22,ManagerPortal
L00933,cert-enterprise-ai-safety,M027,pending,,ManagerPortal
L00934,cert-enterprise-ai-safety,M077,pending,,ManagerPortal
L00935,cert-enterprise-ai-safety,M056,approved,2026-04-24,ManagerPortal
L00936,cert-enterprise-ai-safety,M010,approved,2026-05-29,ManagerPortal
L00937,cert-enterprise-ai-safety,M028,pending,,ManagerPortal
L00938,cert-enterprise-ai-safety,M055,approved,2026-04-25,ManagerPortal
L00939,cert-enterprise-ai-safety,M023,approved,2026-06-03,ManagerPortal
L00940,cert-enterprise-ai-safety,M067,approved,2026-05-17,ManagerPortal
L00941,cert-enterprise-ai-safety,M066,pending,,ManagerPortal
L00942,cert-enterprise-ai-safety,M034,approved,2026-05-18,ManagerPortal
L00943,cert-enterprise-ai-safety,M058,pending,,ManagerPortal
L00944,cert-enterprise-ai-safety,M065,approved,2026-04-23,ManagerPortal
L00945,cert-enterprise-ai-safety,M069,pending,,ManagerPortal
L00946,cert-enterprise-ai-safety,M003,approved,2026-06-03,ManagerPortal
L00947,cert-enterprise-ai-safety,M080,approved,2026-05-26,ManagerPortal
L00948,cert-enterprise-ai-safety,M048,approved,2026-05-31,ManagerPortal
L00949,cert-enterprise-ai-safety,M064,approved,2026-04-28,ManagerPortal
L00950,cert-enterprise-ai-safety,M035,approved,2026-05-24,ManagerPortal
L00951,cert-enterprise-ai-safety,M025,approved,2026-05-26,ManagerPortal
L00952,cert-enterprise-ai-safety,M072,approved,2026-05-20,ManagerPortal
L00953,cert-enterprise-ai-safety,M006,approved,2026-05-06,ManagerPortal
L00954,cert-enterprise-ai-safety,M076,pending,,ManagerPortal
L00955,cert-enterprise-ai-safety,M003,approved,2026-05-12,ManagerPortal
L00956,cert-enterprise-ai-safety,M054,approved,2026-05-28,ManagerPortal
L00957,cert-enterprise-ai-safety,M073,approved,2026-05-15,ManagerPortal
L00958,cert-enterprise-ai-safety,M015,pending,,ManagerPortal
L00959,cert-enterprise-ai-safety,M037,pending,,ManagerPortal
L00960,cert-enterprise-ai-safety,M019,approved,2026-05-21,ManagerPortal
L00961,cert-enterprise-ai-safety,M045,pending,,ManagerPortal
L00962,cert-enterprise-ai-safety,M028,approved,2026-06-02,ManagerPortal
L00963,cert-enterprise-ai-safety,M009,approved,2026-05-10,ManagerPortal
L00964,cert-enterprise-ai-safety,M062,pending,,ManagerPortal
L00965,cert-enterprise-ai-safety,M080,approved,2026-05-18,ManagerPortal
L00966,cert-enterprise-ai-safety,M042,approved,2026-05-26,ManagerPortal
L00967,cert-enterprise-ai-safety,M050,approved,2026-05-03,ManagerPortal
L00968,cert-enterprise-ai-safety,M040,approved,2026-04-24,ManagerPortal
L00969,cert-enterprise-ai-safety,M037,approved,2026-05-16,ManagerPortal
L00970,cert-enterprise-ai-safety,M066,approved,2026-05-13,ManagerPortal
L00971,cert-enterprise-ai-safety,M024,approved,2026-05-29,ManagerPortal
L00972,cert-enterprise-ai-safety,M031,approved,2026-04-29,ManagerPortal
L00973,cert-enterprise-ai-safety,M035,approved,2026-04-28,ManagerPortal
L00974,cert-enterprise-ai-safety,M048,pending,,ManagerPortal
L00975,cert-enterprise-ai-safety,M014,approved,2026-05-16,ManagerPortal
L00976,cert-enterprise-ai-safety,M072,approved,2026-06-01,ManagerPortal
L00977,cert-enterprise-ai-safety,M029,approved,2026-04-23,ManagerPortal
L00978,cert-enterprise-ai-safety,M079,approved,2026-05-27,ManagerPortal
L00979,cert-enterprise-ai-safety,M044,approved,2026-05-03,ManagerPortal
L00980,cert-enterprise-ai-safety,M027,approved,2026-05-18,ManagerPortal
L00981,cert-enterprise-ai-safety,M069,approved,2026-05-13,ManagerPortal
L00982,cert-enterprise-ai-safety,M014,approved,2026-06-03,ManagerPortal
L00983,cert-enterprise-ai-safety,M066,pending,,ManagerPortal
L00984,cert-enterprise-ai-safety,M032,pending,,ManagerPortal
L00985,cert-enterprise-ai-safety,M032,pending,,ManagerPortal
L00986,cert-enterprise-ai-safety,M018,approved,2026-06-06,ManagerPortal
L00987,cert-enterprise-ai-safety,M078,approved,2026-06-04,ManagerPortal
L00988,cert-enterprise-ai-safety,M027,approved,2026-05-22,ManagerPortal
L00989,cert-enterprise-ai-safety,M040,pending,,ManagerPortal
L00990,cert-enterprise-ai-safety,M061,pending,,ManagerPortal
L00991,cert-enterprise-ai-safety,M026,approved,2026-05-23,ManagerPortal
L00992,cert-enterprise-ai-safety,M038,approved,2026-05-05,ManagerPortal
L00993,cert-enterprise-ai-safety,M057,approved,2026-04-29,ManagerPortal
L00994,cert-enterprise-ai-safety,M045,approved,2026-06-04,ManagerPortal
L00995,cert-enterprise-ai-safety,M055,approved,2026-05-26,ManagerPortal
L00996,cert-enterprise-ai-safety,M022,approved,2026-04-23,ManagerPortal
L00997,cert-enterprise-ai-safety,M027,approved,2026-05-18,ManagerPortal
L00998,cert-enterprise-ai-safety,M028,approved,2026-05-10,ManagerPortal
L00999,cert-enterprise-ai-safety,M076,approved,2026-05-30,ManagerPortal
L01000,cert-enterprise-ai-safety,M002,approved,2026-05-31,ManagerPortal
L01001,cert-enterprise-ai-safety,M013,pending,,ManagerPortal
L01002,cert-enterprise-ai-safety,M074,approved,2026-04-23,ManagerPortal
L01003,cert-enterprise-ai-safety,M014,approved,2026-04-28,ManagerPortal
L01004,cert-enterprise-ai-safety,M002,approved,2026-05-04,ManagerPortal
L01005,cert-enterprise-ai-safety,M039,approved,2026-05-15,ManagerPortal
L01006,cert-enterprise-ai-safety,M060,pending,,ManagerPortal
L01007,cert-enterprise-ai-safety,M041,approved,2026-05-19,ManagerPortal
L01008,cert-enterprise-ai-safety,M066,pending,,ManagerPortal
L01009,cert-enterprise-ai-safety,M037,approved,2026-05-14,ManagerPortal
L01010,cert-enterprise-ai-safety,M054,approved,2026-05-27,ManagerPortal
L01011,cert-enterprise-ai-safety,M063,pending,,ManagerPortal
L01012,cert-enterprise-ai-safety,M077,approved,2026-04-29,ManagerPortal
L01013,cert-enterprise-ai-safety,M042,approved,2026-04-28,ManagerPortal
L01014,cert-enterprise-ai-safety,M045,approved,2026-05-26,ManagerPortal
L01015,cert-enterprise-ai-safety,M019,approved,2026-04-26,ManagerPortal
L01016,cert-enterprise-ai-safety,M066,pending,,ManagerPortal
L01017,cert-enterprise-ai-safety,M017,approved,2026-06-06,ManagerPortal
L01018,cert-enterprise-ai-safety,M038,approved,2026-05-26,ManagerPortal
L01019,cert-enterprise-ai-safety,M004,approved,2026-05-31,ManagerPortal
L01020,cert-enterprise-ai-safety,M069,approved,2026-05-11,ManagerPortal
L01021,cert-enterprise-ai-safety,M020,approved,2026-05-18,ManagerPortal
L01022,cert-enterprise-ai-safety,M022,approved,2026-05-16,ManagerPortal
L01023,cert-enterprise-ai-safety,M078,approved,2026-04-30,ManagerPortal
L01024,cert-enterprise-ai-safety,M023,approved,2026-06-03,ManagerPortal
L01025,cert-enterprise-ai-safety,M051,pending,,ManagerPortal
L01026,cert-enterprise-ai-safety,M011,approved,2026-05-10,ManagerPortal
L01027,cert-enterprise-ai-safety,M034,approved,2026-04-23,ManagerPortal
L01028,cert-enterprise-ai-safety,M035,pending,,ManagerPortal
L01029,cert-enterprise-ai-safety,M061,approved,2026-05-20,ManagerPortal
L01030,cert-enterprise-ai-safety,M001,approved,2026-05-25,ManagerPortal
L01031,cert-enterprise-ai-safety,M023,approved,2026-04-24,ManagerPortal
L01032,cert-enterprise-ai-safety,M006,approved,2026-04-30,ManagerPortal
L01033,cert-enterprise-ai-safety,M035,approved,2026-04-27,ManagerPortal
L01034,cert-enterprise-ai-safety,M042,approved,2026-04-24,ManagerPortal
L01035,cert-enterprise-ai-safety,M068,approved,2026-05-17,ManagerPortal
L01036,cert-enterprise-ai-safety,M079,pending,,ManagerPortal
L01037,cert-enterprise-ai-safety,M042,approved,2026-05-23,ManagerPortal
L01038,cert-enterprise-ai-safety,M026,approved,2026-05-26,ManagerPortal
L01039,cert-enterprise-ai-safety,M080,pending,,ManagerPortal
L01040,cert-enterprise-ai-safety,M020,approved,2026-05-24,ManagerPortal
L01041,cert-enterprise-ai-safety,M054,approved,2026-04-27,ManagerPortal
L01042,cert-enterprise-ai-safety,M061,approved,2026-05-23,ManagerPortal
L01043,cert-enterprise-ai-safety,M015,pending,,ManagerPortal
L01044,cert-enterprise-ai-safety,M043,approved,2026-05-14,ManagerPortal
L01045,cert-enterprise-ai-safety,M025,approved,2026-05-27,ManagerPortal
L01046,cert-enterprise-ai-safety,M046,pending,,ManagerPortal
L01047,cert-enterprise-ai-safety,M061,approved,2026-05-20,ManagerPortal
L01048,cert-enterprise-ai-safety,M003,approved,2026-05-17,ManagerPortal
L01049,cert-enterprise-ai-safety,M069,pending,,ManagerPortal
L01050,cert-enterprise-ai-safety,M031,approved,2026-05-30,ManagerPortal
L01051,cert-enterprise-ai-safety,M040,approved,2026-05-01,ManagerPortal
L01052,cert-enterprise-ai-safety,M065,approved,2026-05-17,ManagerPortal
L01053,cert-enterprise-ai-safety,M046,approved,2026-05-07,ManagerPortal
L01054,cert-enterprise-ai-safety,M004,approved,2026-04-27,ManagerPortal
L01055,cert-enterprise-ai-safety,M021,pending,,ManagerPortal
L01056,cert-enterprise-ai-safety,M074,approved,2026-04-27,ManagerPortal
L01057,cert-enterprise-ai-safety,M050,approved,2026-05-06,ManagerPortal
L01058,cert-enterprise-ai-safety,M048,approved,2026-05-09,ManagerPortal
L01059,cert-enterprise-ai-safety,M043,pending,,ManagerPortal
L01060,cert-enterprise-ai-safety,M038,approved,2026-05-12,ManagerPortal
L01061,cert-enterprise-ai-safety,M012,approved,2026-05-23,ManagerPortal
L01062,cert-enterprise-ai-safety,M074,approved,2026-05-30,ManagerPortal
L01063,cert-enterprise-ai-safety,M005,approved,2026-06-03,ManagerPortal
L01064,cert-enterprise-ai-safety,M032,pending,,ManagerPortal
L01065,cert-enterprise-ai-safety,M068,pending,,ManagerPortal
L01066,cert-enterprise-ai-safety,M075,approved,2026-06-01,ManagerPortal
L01067,cert-enterprise-ai-safety,M071,approved,2026-05-02,ManagerPortal
L01068,cert-enterprise-ai-safety,M052,pending,,ManagerPortal
L01069,cert-enterprise-ai-safety,M025,approved,2026-05-29,ManagerPortal
L01070,cert-enterprise-ai-safety,M030,approved,2026-05-25,ManagerPortal
L01071,cert-enterprise-ai-safety,M009,approved,2026-04-29,ManagerPortal
L01072,cert-enterprise-ai-safety,M056,pending,,ManagerPortal
L01073,cert-enterprise-ai-safety,M037,approved,2026-04-25,ManagerPortal
L01074,cert-enterprise-ai-safety,M078,pending,,ManagerPortal
L01075,cert-enterprise-ai-safety,M062,approved,2026-05-12,ManagerPortal
L01076,cert-enterprise-ai-safety,M025,approved,2026-05-14,ManagerPortal
L01077,cert-enterprise-ai-safety,M001,approved,2026-05-22,ManagerPortal
L01078,cert-enterprise-ai-safety,M042,pending,,ManagerPortal
L01079,cert-enterprise-ai-safety,M068,pending,,ManagerPortal
L01080,cert-enterprise-ai-safety,M060,approved,2026-05-07,ManagerPortal
L01081,cert-enterprise-ai-safety,M001,pending,,ManagerPortal
L01082,cert-enterprise-ai-safety,M069,pending,,ManagerPortal
L01083,cert-enterprise-ai-safety,M036,approved,2026-06-01,ManagerPortal
L01084,cert-enterprise-ai-safety,M053,approved,2026-05-26,ManagerPortal
L01085,cert-enterprise-ai-safety,M075,approved,2026-06-05,ManagerPortal
L01086,cert-enterprise-ai-safety,M020,pending,,ManagerPortal
L01087,cert-enterprise-ai-safety,M020,pending,,ManagerPortal
L01088,cert-enterprise-ai-safety,M054,approved,2026-05-22,ManagerPortal
L01089,cert-enterprise-ai-safety,M033,approved,2026-06-01,ManagerPortal
L01090,cert-enterprise-ai-safety,M056,approved,2026-05-16,ManagerPortal
L01091,cert-enterprise-ai-safety,M004,pending,,ManagerPortal
L01092,cert-enterprise-ai-safety,M019,pending,,ManagerPortal
L01093,cert-enterprise-ai-safety,M019,pending,,ManagerPortal
L01094,cert-enterprise-ai-safety,M018,approved,2026-05-29,ManagerPortal
L01095,cert-enterprise-ai-safety,M012,approved,2026-05-24,ManagerPortal
L01096,cert-enterprise-ai-safety,M054,pending,,ManagerPortal
L01097,cert-enterprise-ai-safety,M039,approved,2026-04-27,ManagerPortal
L01098,cert-enterprise-ai-safety,M018,approved,2026-06-01,ManagerPortal
L01099,cert-enterprise-ai-safety,M028,approved,2026-05-31,ManagerPortal
L01100,cert-enterprise-ai-safety,M067,approved,2026-05-06,ManagerPortal
L01101,cert-enterprise-ai-safety,M022,approved,2026-06-01,ManagerPortal
L01102,cert-enterprise-ai-safety,M033,pending,,ManagerPortal
L01103,cert-enterprise-ai-safety,M063,approved,2026-05-31,ManagerPortal
L01104,cert-enterprise-ai-safety,M058,approved,2026-04-24,ManagerPortal
L01105,cert-enterprise-ai-safety,M032,approved,2026-05-20,ManagerPortal
L01106,cert-enterprise-ai-safety,M054,approved,2026-05-17,ManagerPortal
L01107,cert-enterprise-ai-safety,M066,approved,2026-05-03,ManagerPortal
L01108,cert-enterprise-ai-safety,M078,pending,,ManagerPortal
L01109,cert-enterprise-ai-safety,M058,approved,2026-06-06,ManagerPortal
L01110,cert-enterprise-ai-safety,M010,approved,2026-05-14,ManagerPortal
L01111,cert-enterprise-ai-safety,M042,approved,2026-05-07,ManagerPortal
L01112,cert-enterprise-ai-safety,M013,approved,2026-05-06,ManagerPortal
L01113,cert-enterprise-ai-safety,M045,approved,2026-05-19,ManagerPortal
L01114,cert-enterprise-ai-safety,M003,approved,2026-05-01,ManagerPortal
L01115,cert-enterprise-ai-safety,M037,approved,2026-06-06,ManagerPortal
L01116,cert-enterprise-ai-safety,M072,pending,,ManagerPortal
L01117,cert-enterprise-ai-safety,M051,approved,2026-05-04,ManagerPortal
L01118,cert-enterprise-ai-safety,M030,approved,2026-05-15,ManagerPortal
L01119,cert-enterprise-ai-safety,M061,approved,2026-05-14,ManagerPortal
L01120,cert-enterprise-ai-safety,M058,approved,2026-05-03,ManagerPortal
L01121,cert-enterprise-ai-safety,M042,approved,2026-04-28,ManagerPortal
L01122,cert-enterprise-ai-safety,M045,approved,2026-05-24,ManagerPortal
L01123,cert-enterprise-ai-safety,M027,approved,2026-05-31,ManagerPortal
L01124,cert-enterprise-ai-safety,M043,approved,2026-05-17,ManagerPortal
L01125,cert-enterprise-ai-safety,M066,approved,2026-05-15,ManagerPortal
L01126,cert-enterprise-ai-safety,M055,pending,,ManagerPortal
L01127,cert-enterprise-ai-safety,M079,approved,2026-05-01,ManagerPortal
L01128,cert-enterprise-ai-safety,M018,approved,2026-05-09,ManagerPortal
L01129,cert-enterprise-ai-safety,M042,pending,,ManagerPortal
L01130,cert-enterprise-ai-safety,M080,approved,2026-05-03,ManagerPortal
L01131,cert-enterprise-ai-safety,M066,pending,,ManagerPortal
L01132,cert-enterprise-ai-safety,M060,approved,2026-05-18,ManagerPortal
L01133,cert-enterprise-ai-safety,M052,approved,2026-05-23,ManagerPortal
L01134,cert-enterprise-ai-safety,M029,approved,2026-05-05,ManagerPortal
L01135,cert-enterprise-ai-safety,M053,approved,2026-04-26,ManagerPortal
L01136,cert-enterprise-ai-safety,M078,approved,2026-05-25,ManagerPortal
L01137,cert-enterprise-ai-safety,M018,approved,2026-06-03,ManagerPortal
L01138,cert-enterprise-ai-safety,M047,approved,2026-05-05,ManagerPortal
L01139,cert-enterprise-ai-safety,M051,approved,2026-04-29,ManagerPortal
L01140,cert-enterprise-ai-safety,M015,approved,2026-05-29,ManagerPortal
L01141,cert-enterprise-ai-safety,M075,pending,,ManagerPortal
L01142,cert-enterprise-ai-safety,M051,pending,,ManagerPortal
L01143,cert-enterprise-ai-safety,M003,approved,2026-05-14,ManagerPortal
L01144,cert-enterprise-ai-safety,M073,approved,2026-05-21,ManagerPortal
L01145,cert-enterprise-ai-safety,M028,pending,,ManagerPortal
L01146,cert-enterprise-ai-safety,M060,approved,2026-06-05,ManagerPortal
L01147,cert-enterprise-ai-safety,M026,pending,,ManagerPortal
L01148,cert-enterprise-ai-safety,M055,approved,2026-05-11,ManagerPortal
L01149,cert-enterprise-ai-safety,M002,approved,2026-05-09,ManagerPortal
L01150,cert-enterprise-ai-safety,M050,approved,2026-05-23,ManagerPortal
L01151,cert-enterprise-ai-safety,M055,pending,,ManagerPortal
L01152,cert-enterprise-ai-safety,M048,approved,2026-05-25,ManagerPortal
L01153,cert-enterprise-ai-safety,M052,pending,,ManagerPortal
L01154,cert-enterprise-ai-safety,M069,pending,,ManagerPortal
L01155,cert-enterprise-ai-safety,M026,approved,2026-05-25,ManagerPortal
L01156,cert-enterprise-ai-safety,M070,approved,2026-06-02,ManagerPortal
L01157,cert-enterprise-ai-safety,M061,approved,2026-05-31,ManagerPortal
L01158,cert-enterprise-ai-safety,M019,approved,2026-05-19,ManagerPortal
L01159,cert-enterprise-ai-safety,M048,approved,2026-04-24,ManagerPortal
L01160,cert-enterprise-ai-safety,M075,approved,2026-05-13,ManagerPortal
L01161,cert-enterprise-ai-safety,M030,approved,2026-05-25,ManagerPortal
L01162,cert-enterprise-ai-safety,M018,pending,,ManagerPortal
L01163,cert-enterprise-ai-safety,M042,pending,,ManagerPortal
L01164,cert-enterprise-ai-safety,M029,pending,,ManagerPortal
L01165,cert-enterprise-ai-safety,M059,approved,2026-06-06,ManagerPortal
L01166,cert-enterprise-ai-safety,M011,approved,2026-05-22,ManagerPortal
L01167,cert-enterprise-ai-safety,M026,approved,2026-06-05,ManagerPortal
L01168,cert-enterprise-ai-safety,M057,approved,2026-05-24,ManagerPortal
L01169,cert-enterprise-ai-safety,M063,approved,2026-06-05,ManagerPortal
L01170,cert-enterprise-ai-safety,M006,approved,2026-06-04,ManagerPortal
L01171,cert-enterprise-ai-safety,M015,approved,2026-06-01,ManagerPortal
L01172,cert-enterprise-ai-safety,M068,approved,2026-05-20,ManagerPortal
L01173,cert-enterprise-ai-safety,M057,approved,2026-05-24,ManagerPortal
L01174,cert-enterprise-ai-safety,M003,approved,2026-05-05,ManagerPortal
L01175,cert-enterprise-ai-safety,M067,approved,2026-05-30,ManagerPortal
L01176,cert-enterprise-ai-safety,M061,approved,2026-04-23,ManagerPortal
L01177,cert-enterprise-ai-safety,M073,approved,2026-05-07,ManagerPortal
L01178,cert-enterprise-ai-safety,M072,approved,2026-06-04,ManagerPortal
L01179,cert-enterprise-ai-safety,M075,approved,2026-05-14,ManagerPortal
L01180,cert-enterprise-ai-safety,M018,pending,,ManagerPortal
L01181,cert-enterprise-ai-safety,M072,approved,2026-06-02,ManagerPortal
L01182,cert-enterprise-ai-safety,M042,approved,2026-05-26,ManagerPortal
L01183,cert-enterprise-ai-safety,M012,approved,2026-06-06,ManagerPortal
L01184,cert-enterprise-ai-safety,M020,approved,2026-05-07,ManagerPortal
L01185,cert-enterprise-ai-safety,M006,approved,2026-05-07,ManagerPortal
L01186,cert-enterprise-ai-safety,M021,pending,,ManagerPortal
L01187,cert-enterprise-ai-safety,M043,approved,2026-05-11,ManagerPortal
L01188,cert-enterprise-ai-safety,M062,approved,2026-05-05,ManagerPortal
L01189,cert-enterprise-ai-safety,M056,pending,,ManagerPortal
L01190,cert-enterprise-ai-safety,M008,approved,2026-05-30,ManagerPortal
L01191,cert-enterprise-ai-safety,M069,approved,2026-05-08,ManagerPortal
L01192,cert-enterprise-ai-safety,M071,approved,2026-05-24,ManagerPortal
L01193,cert-enterprise-ai-safety,M036,approved,2026-05-31,ManagerPortal
L01194,cert-enterprise-ai-safety,M056,approved,2026-05-22,ManagerPortal
L01195,cert-enterprise-ai-safety,M076,approved,2026-06-06,ManagerPortal
L01196,cert-enterprise-ai-safety,M057,approved,2026-04-27,ManagerPortal
L01197,cert-enterprise-ai-safety,M013,approved,2026-05-27,ManagerPortal
L01198,cert-enterprise-ai-safety,M004,approved,2026-06-01,ManagerPortal
L01199,cert-enterprise-ai-safety,M026,approved,2026-06-06,ManagerPortal
L01200,cert-enterprise-ai-safety,M013,approved,2026-05-12,ManagerPortal
L01201,cert-enterprise-ai-safety,M035,approved,2026-06-03,ManagerPortal
L01202,cert-enterprise-ai-safety,M063,approved,2026-04-26,ManagerPortal
L01203,cert-enterprise-ai-safety,M064,approved,2026-05-10,ManagerPortal
L01204,cert-enterprise-ai-safety,M063,pending,,ManagerPortal
L01205,cert-enterprise-ai-safety,M034,pending,,ManagerPortal
L01206,cert-enterprise-ai-safety,M026,pending,,ManagerPortal
L01207,cert-enterprise-ai-safety,M035,approved,2026-05-30,ManagerPortal
L01208,cert-enterprise-ai-safety,M012,pending,,ManagerPortal
L01209,cert-enterprise-ai-safety,M064,pending,,ManagerPortal
L01210,cert-enterprise-ai-safety,M071,pending,,ManagerPortal
L01211,cert-enterprise-ai-safety,M021,pending,,ManagerPortal
L01212,cert-enterprise-ai-safety,M066,approved,2026-05-28,ManagerPortal
L01213,cert-enterprise-ai-safety,M050,approved,2026-05-03,ManagerPortal
L01214,cert-enterprise-ai-safety,M076,approved,2026-05-27,ManagerPortal
L01215,cert-enterprise-ai-safety,M064,approved,2026-05-24,ManagerPortal
L01216,cert-enterprise-ai-safety,M006,approved,2026-06-02,ManagerPortal
L01217,cert-enterprise-ai-safety,M065,approved,2026-05-08,ManagerPortal
L01218,cert-enterprise-ai-safety,M050,pending,,ManagerPortal
L01219,cert-enterprise-ai-safety,M051,pending,,ManagerPortal
L01220,cert-enterprise-ai-safety,M068,approved,2026-05-05,ManagerPortal
L01221,cert-enterprise-ai-safety,M010,approved,2026-05-15,ManagerPortal
L01222,cert-enterprise-ai-safety,M029,approved,2026-04-28,ManagerPortal
L01223,cert-enterprise-ai-safety,M021,approved,2026-06-02,ManagerPortal
L01224,cert-enterprise-ai-safety,M007,approved,2026-06-04,ManagerPortal
L01225,cert-enterprise-ai-safety,M021,approved,2026-05-25,ManagerPortal
L01226,cert-enterprise-ai-safety,M066,approved,2026-05-01,ManagerPortal
L01227,cert-enterprise-ai-safety,M003,approved,2026-06-03,ManagerPortal
L01228,cert-enterprise-ai-safety,M005,pending,,ManagerPortal
L01229,cert-enterprise-ai-safety,M023,pending,,ManagerPortal
L01230,cert-enterprise-ai-safety,M038,approved,2026-04-29,ManagerPortal
L01231,cert-enterprise-ai-safety,M080,approved,2026-05-08,ManagerPortal
L01232,cert-enterprise-ai-safety,M019,approved,2026-04-25,ManagerPortal
L01233,cert-enterprise-ai-safety,M001,pending,,ManagerPortal
L01234,cert-enterprise-ai-safety,M004,approved,2026-05-08,ManagerPortal
L01235,cert-enterprise-ai-safety,M018,approved,2026-05-07,ManagerPortal
L01236,cert-enterprise-ai-safety,M006,pending,,ManagerPortal
L01237,cert-enterprise-ai-safety,M021,approved,2026-05-10,ManagerPortal
L01238,cert-enterprise-ai-safety,M071,approved,2026-06-05,ManagerPortal
L01239,cert-enterprise-ai-safety,M004,approved,2026-04-27,ManagerPortal
L01240,cert-enterprise-ai-safety,M061,approved,2026-04-30,ManagerPortal
L01241,cert-enterprise-ai-safety,M053,approved,2026-04-26,ManagerPortal
L01242,cert-enterprise-ai-safety,M054,approved,2026-05-02,ManagerPortal
L01243,cert-enterprise-ai-safety,M026,approved,2026-04-30,ManagerPortal
L01244,cert-enterprise-ai-safety,M057,approved,2026-04-28,ManagerPortal
L01245,cert-enterprise-ai-safety,M042,approved,2026-05-25,ManagerPortal
L01246,cert-enterprise-ai-safety,M058,approved,2026-04-24,ManagerPortal
L01247,cert-enterprise-ai-safety,M064,approved,2026-04-25,ManagerPortal
L01248,cert-enterprise-ai-safety,M069,approved,2026-05-22,ManagerPortal
L01249,cert-enterprise-ai-safety,M075,approved,2026-05-04,ManagerPortal
L01250,cert-enterprise-ai-safety,M063,approved,2026-05-03,ManagerPortal
L01251,cert-enterprise-ai-safety,M026,approved,2026-04-23,ManagerPortal
L01252,cert-enterprise-ai-safety,M037,approved,2026-04-25,ManagerPortal
L01253,cert-enterprise-ai-safety,M046,approved,2026-06-04,ManagerPortal
L01254,cert-enterprise-ai-safety,M006,approved,2026-05-04,ManagerPortal
L01255,cert-enterprise-ai-safety,M057,approved,2026-04-24,ManagerPortal
L01256,cert-enterprise-ai-safety,M026,pending,,ManagerPortal
L01257,cert-enterprise-ai-safety,M049,approved,2026-05-04,ManagerPortal
L01258,cert-enterprise-ai-safety,M019,approved,2026-05-08,ManagerPortal
L01259,cert-enterprise-ai-safety,M064,approved,2026-05-22,ManagerPortal
L01260,cert-enterprise-ai-safety,M015,approved,2026-06-06,ManagerPortal
L01261,cert-enterprise-ai-safety,M014,approved,2026-04-23,ManagerPortal
L01262,cert-enterprise-ai-safety,M037,pending,,ManagerPortal
L01263,cert-enterprise-ai-safety,M062,approved,2026-05-03,ManagerPortal
L01264,cert-enterprise-ai-safety,M021,approved,2026-05-15,ManagerPortal
L01265,cert-enterprise-ai-safety,M032,pending,,ManagerPortal
L01266,cert-enterprise-ai-safety,M052,approved,2026-05-12,ManagerPortal
L01267,cert-enterprise-ai-safety,M049,approved,2026-04-30,ManagerPortal
L01268,cert-enterprise-ai-safety,M005,approved,2026-06-02,ManagerPortal
L01269,cert-enterprise-ai-safety,M040,pending,,ManagerPortal
L01270,cert-enterprise-ai-safety,M008,approved,2026-06-02,ManagerPortal
L01271,cert-enterprise-ai-safety,M017,approved,2026-06-05,ManagerPortal
L01272,cert-enterprise-ai-safety,M061,approved,2026-05-27,ManagerPortal
L01273,cert-enterprise-ai-safety,M041,pending,,ManagerPortal
L01274,cert-enterprise-ai-safety,M050,pending,,ManagerPortal
L01275,cert-enterprise-ai-safety,M001,approved,2026-05-11,ManagerPortal
L01276,cert-enterprise-ai-safety,M006,pending,,ManagerPortal
L01277,cert-enterprise-ai-safety,M017,pending,,ManagerPortal
L01278,cert-enterprise-ai-safety,M058,pending,,ManagerPortal
L01279,cert-enterprise-ai-safety,M040,pending,,ManagerPortal
L01280,cert-enterprise-ai-safety,M070,approved,2026-05-08,ManagerPortal
L01281,cert-enterprise-ai-safety,M013,approved,2026-05-07,ManagerPortal
L01282,cert-enterprise-ai-safety,M062,approved,2026-05-27,ManagerPortal
L01283,cert-enterprise-ai-safety,M003,approved,2026-05-24,ManagerPortal
L01284,cert-enterprise-ai-safety,M028,pending,,ManagerPortal
L01285,cert-enterprise-ai-safety,M007,approved,2026-04-24,ManagerPortal
L01286,cert-enterprise-ai-safety,M055,pending,,ManagerPortal
L01287,cert-enterprise-ai-safety,M001,approved,2026-05-18,ManagerPortal
L01288,cert-enterprise-ai-safety,M073,approved,2026-05-05,ManagerPortal
L01289,cert-enterprise-ai-safety,M046,approved,2026-05-24,ManagerPortal
L01290,cert-enterprise-ai-safety,M056,pending,,ManagerPortal
L01291,cert-enterprise-ai-safety,M029,pending,,ManagerPortal
L01292,cert-enterprise-ai-safety,M046,pending,,ManagerPortal
L01293,cert-enterprise-ai-safety,M037,approved,2026-05-27,ManagerPortal
L01294,cert-enterprise-ai-safety,M027,approved,2026-06-03,ManagerPortal
L01295,cert-enterprise-ai-safety,M009,approved,2026-04-25,ManagerPortal
L01296,cert-enterprise-ai-safety,M078,pending,,ManagerPortal
L01297,cert-enterprise-ai-safety,M076,approved,2026-05-04,ManagerPortal
L01298,cert-enterprise-ai-safety,M039,approved,2026-06-06,ManagerPortal
L01299,cert-enterprise-ai-safety,M047,approved,2026-05-24,ManagerPortal
L01300,cert-enterprise-ai-safety,M010,approved,2026-05-07,ManagerPortal
L01301,cert-enterprise-ai-safety,M019,approved,2026-05-26,ManagerPortal
L01302,cert-enterprise-ai-safety,M007,pending,,ManagerPortal
L01303,cert-enterprise-ai-safety,M073,approved,2026-05-20,ManagerPortal
L01304,cert-enterprise-ai-safety,M039,approved,2026-04-27,ManagerPortal
L01305,cert-enterprise-ai-safety,M021,approved,2026-05-19,ManagerPortal
L01306,cert-enterprise-ai-safety,M036,pending,,ManagerPortal
L01307,cert-enterprise-ai-safety,M035,approved,2026-05-17,ManagerPortal
L01308,cert-enterprise-ai-safety,M009,approved,2026-05-31,ManagerPortal
L01309,cert-enterprise-ai-safety,M044,approved,2026-05-06,ManagerPortal
L01310,cert-enterprise-ai-safety,M018,approved,2026-05-01,ManagerPortal
L01311,cert-enterprise-ai-safety,M036,pending,,ManagerPortal
L01312,cert-enterprise-ai-safety,M052,approved,2026-05-09,ManagerPortal
L01313,cert-enterprise-ai-safety,M027,approved,2026-05-20,ManagerPortal
L01314,cert-enterprise-ai-safety,M014,pending,,ManagerPortal
L01315,cert-enterprise-ai-safety,M049,pending,,ManagerPortal
L01316,cert-enterprise-ai-safety,M042,approved,2026-05-10,ManagerPortal
L01317,cert-enterprise-ai-safety,M032,approved,2026-05-12,ManagerPortal
L01318,cert-enterprise-ai-safety,M028,approved,2026-05-25,ManagerPortal
L01319,cert-enterprise-ai-safety,M034,approved,2026-05-31,ManagerPortal
L01320,cert-enterprise-ai-safety,M017,approved,2026-04-24,ManagerPortal
L01321,cert-enterprise-ai-safety,M076,approved,2026-05-21,ManagerPortal
L01322,cert-enterprise-ai-safety,M033,approved,2026-05-28,ManagerPortal
L01323,cert-enterprise-ai-safety,M002,approved,2026-05-25,ManagerPortal
L01324,cert-enterprise-ai-safety,M013,pending,,ManagerPortal
L01325,cert-enterprise-ai-safety,M058,approved,2026-05-09,ManagerPortal
L01326,cert-enterprise-ai-safety,M043,approved,2026-05-30,ManagerPortal
L01327,cert-enterprise-ai-safety,M006,approved,2026-05-19,ManagerPortal
L01328,cert-enterprise-ai-safety,M023,approved,2026-06-05,ManagerPortal
L01329,cert-enterprise-ai-safety,M079,pending,,ManagerPortal
L01330,cert-enterprise-ai-safety,M059,approved,2026-06-05,ManagerPortal
L01331,cert-enterprise-ai-safety,M066,approved,2026-05-19,ManagerPortal
L01332,cert-enterprise-ai-safety,M040,pending,,ManagerPortal
L01333,cert-enterprise-ai-safety,M003,approved,2026-05-03,ManagerPortal
L01334,cert-enterprise-ai-safety,M080,approved,2026-05-29,ManagerPortal
L01335,cert-enterprise-ai-safety,M010,pending,,ManagerPortal
L01336,cert-enterprise-ai-safety,M048,pending,,ManagerPortal
L01337,cert-enterprise-ai-safety,M070,approved,2026-05-12,ManagerPortal
L01338,cert-enterprise-ai-safety,M066,approved,2026-05-05,ManagerPortal
L01339,cert-enterprise-ai-safety,M063,pending,,ManagerPortal
L01340,cert-enterprise-ai-safety,M016,approved,2026-04-27,ManagerPortal
L01341,cert-enterprise-ai-safety,M067,approved,2026-05-12,ManagerPortal
L01342,cert-enterprise-ai-safety,M077,approved,2026-05-21,ManagerPortal
L01343,cert-enterprise-ai-safety,M029,approved,2026-04-28,ManagerPortal
L01344,cert-enterprise-ai-safety,M033,approved,2026-05-09,ManagerPortal
L01345,cert-enterprise-ai-safety,M006,approved,2026-06-05,ManagerPortal
L01346,cert-enterprise-ai-safety,M035,approved,2026-05-23,ManagerPortal
L01347,cert-enterprise-ai-safety,M060,approved,2026-05-28,ManagerPortal
L01348,cert-enterprise-ai-safety,M061,approved,2026-06-02,ManagerPortal
L01349,cert-enterprise-ai-safety,M030,approved,2026-05-05,ManagerPortal
L01350,cert-enterprise-ai-safety,M012,approved,2026-05-19,ManagerPortal
L01351,cert-enterprise-ai-safety,M075,approved,2026-05-24,ManagerPortal
L01352,cert-enterprise-ai-safety,M039,approved,2026-04-23,ManagerPortal
L01353,cert-enterprise-ai-safety,M066,pending,,ManagerPortal
L01354,cert-enterprise-ai-safety,M036,approved,2026-04-25,ManagerPortal
L01355,cert-enterprise-ai-safety,M019,pending,,ManagerPortal
L01356,cert-enterprise-ai-safety,M016,approved,2026-05-31,ManagerPortal
L01357,cert-enterprise-ai-safety,M029,approved,2026-06-02,ManagerPortal
L01358,cert-enterprise-ai-safety,M035,pending,,ManagerPortal
L01359,cert-enterprise-ai-safety,M046,approved,2026-05-31,ManagerPortal
L01360,cert-enterprise-ai-safety,M005,approved,2026-05-09,ManagerPortal
L01361,cert-enterprise-ai-safety,M076,pending,,ManagerPortal
L01362,cert-enterprise-ai-safety,M053,pending,,ManagerPortal
L01363,cert-enterprise-ai-safety,M018,pending,,ManagerPortal
L01364,cert-enterprise-ai-safety,M030,approved,2026-05-09,ManagerPortal
L01365,cert-enterprise-ai-safety,M073,approved,2026-05-03,ManagerPortal
L01366,cert-enterprise-ai-safety,M074,approved,2026-05-09,ManagerPortal
L01367,cert-enterprise-ai-safety,M040,approved,2026-05-23,ManagerPortal
L01368,cert-enterprise-ai-safety,M053,approved,2026-04-30,ManagerPortal
L01369,cert-enterprise-ai-safety,M059,pending,,ManagerPortal
L01370,cert-enterprise-ai-safety,M002,approved,2026-06-01,ManagerPortal
L01371,cert-enterprise-ai-safety,M033,pending,,ManagerPortal
L01372,cert-enterprise-ai-safety,M011,approved,2026-05-08,ManagerPortal
L01373,cert-enterprise-ai-safety,M001,approved,2026-04-24,ManagerPortal
L01374,cert-enterprise-ai-safety,M040,approved,2026-06-03,ManagerPortal
L01375,cert-enterprise-ai-safety,M080,pending,,ManagerPortal
L01376,cert-enterprise-ai-safety,M054,approved,2026-05-16,ManagerPortal
L01377,cert-enterprise-ai-safety,M017,pending,,ManagerPortal
L01378,cert-enterprise-ai-safety,M077,approved,2026-05-02,ManagerPortal
L01379,cert-enterprise-ai-safety,M021,pending,,ManagerPortal
L01380,cert-enterprise-ai-safety,M053,approved,2026-05-01,ManagerPortal
L01381,cert-enterprise-ai-safety,M024,approved,2026-05-04,ManagerPortal
L01382,cert-enterprise-ai-safety,M063,approved,2026-04-29,ManagerPortal
L01383,cert-enterprise-ai-safety,M078,approved,2026-04-28,ManagerPortal
L01384,cert-enterprise-ai-safety,M007,approved,2026-06-01,ManagerPortal
L01385,cert-enterprise-ai-safety,M054,pending,,ManagerPortal
L01386,cert-enterprise-ai-safety,M064,approved,2026-05-30,ManagerPortal
L01387,cert-enterprise-ai-safety,M029,approved,2026-05-24,ManagerPortal
L01388,cert-enterprise-ai-safety,M041,approved,2026-05-09,ManagerPortal
L01389,cert-enterprise-ai-safety,M029,pending,,ManagerPortal
L01390,cert-enterprise-ai-safety,M076,approved,2026-05-18,ManagerPortal
L01391,cert-enterprise-ai-safety,M007,approved,2026-04-25,ManagerPortal
L01392,cert-enterprise-ai-safety,M036,pending,,ManagerPortal
L01393,cert-enterprise-ai-safety,M067,pending,,ManagerPortal
L01394,cert-enterprise-ai-safety,M016,approved,2026-06-04,ManagerPortal
L01395,cert-enterprise-ai-safety,M053,approved,2026-04-25,ManagerPortal
L01396,cert-enterprise-ai-safety,M045,pending,,ManagerPortal
L01397,cert-enterprise-ai-safety,M047,approved,2026-05-15,ManagerPortal
L01398,cert-enterprise-ai-safety,M072,pending,,ManagerPortal
L01399,cert-enterprise-ai-safety,M041,approved,2026-04-26,ManagerPortal
L01400,cert-enterprise-ai-safety,M070,approved,2026-04-25,ManagerPortal
L01401,cert-enterprise-ai-safety,M003,approved,2026-05-03,ManagerPortal
L01402,cert-enterprise-ai-safety,M030,approved,2026-04-25,ManagerPortal
L01403,cert-enterprise-ai-safety,M002,pending,,ManagerPortal
L01404,cert-enterprise-ai-safety,M012,approved,2026-05-29,ManagerPortal
L01405,cert-enterprise-ai-safety,M020,pending,,ManagerPortal
L01406,cert-enterprise-ai-safety,M051,approved,2026-05-26,ManagerPortal
L01407,cert-enterprise-ai-safety,M055,approved,2026-05-17,ManagerPortal
L01408,cert-enterprise-ai-safety,M022,approved,2026-05-04,ManagerPortal
L01409,cert-enterprise-ai-safety,M028,approved,2026-05-31,ManagerPortal
L01410,cert-enterprise-ai-safety,M047,approved,2026-04-26,ManagerPortal
L01411,cert-enterprise-ai-safety,M029,approved,2026-04-28,ManagerPortal
L01412,cert-enterprise-ai-safety,M072,approved,2026-04-29,ManagerPortal
L01413,cert-enterprise-ai-safety,M023,approved,2026-05-11,ManagerPortal
L01414,cert-enterprise-ai-safety,M077,approved,2026-05-09,ManagerPortal
L01415,cert-enterprise-ai-safety,M027,approved,2026-05-07,ManagerPortal
L01416,cert-enterprise-ai-safety,M060,approved,2026-05-28,ManagerPortal
L01417,cert-enterprise-ai-safety,M022,approved,2026-06-01,ManagerPortal
L01418,cert-enterprise-ai-safety,M027,approved,2026-05-31,ManagerPortal
L01419,cert-enterprise-ai-safety,M013,pending,,ManagerPortal
L01420,cert-enterprise-ai-safety,M059,approved,2026-05-29,ManagerPortal
L01421,cert-enterprise-ai-safety,M053,approved,2026-04-27,ManagerPortal
L01422,cert-enterprise-ai-safety,M036,approved,2026-05-06,ManagerPortal
L01423,cert-enterprise-ai-safety,M032,approved,2026-06-04,ManagerPortal
L01424,cert-enterprise-ai-safety,M021,approved,2026-05-10,ManagerPortal
L01425,cert-enterprise-ai-safety,M027,approved,2026-06-02,ManagerPortal
L01426,cert-enterprise-ai-safety,M043,approved,2026-05-21,ManagerPortal
L01427,cert-enterprise-ai-safety,M072,approved,2026-05-30,ManagerPortal
L01428,cert-enterprise-ai-safety,M031,approved,2026-06-01,ManagerPortal
L01429,cert-enterprise-ai-safety,M023,approved,2026-05-10,ManagerPortal
L01430,cert-enterprise-ai-safety,M078,approved,2026-05-25,ManagerPortal
L01431,cert-enterprise-ai-safety,M080,approved,2026-05-27,ManagerPortal
L01432,cert-enterprise-ai-safety,M076,pending,,ManagerPortal
L01433,cert-enterprise-ai-safety,M010,approved,2026-04-25,ManagerPortal
L01434,cert-enterprise-ai-safety,M013,approved,2026-05-22,ManagerPortal
L01435,cert-enterprise-ai-safety,M031,approved,2026-04-28,ManagerPortal
L01436,cert-enterprise-ai-safety,M022,approved,2026-06-04,ManagerPortal
L01437,cert-enterprise-ai-safety,M003,approved,2026-06-03,ManagerPortal
L01438,cert-enterprise-ai-safety,M047,pending,,ManagerPortal
L01439,cert-enterprise-ai-safety,M016,approved,2026-05-22,ManagerPortal
L01440,cert-enterprise-ai-safety,M066,approved,2026-05-29,ManagerPortal
L01441,cert-enterprise-ai-safety,M072,pending,,ManagerPortal
L01442,cert-enterprise-ai-safety,M078,approved,2026-05-30,ManagerPortal
L01443,cert-enterprise-ai-safety,M023,pending,,ManagerPortal
L01444,cert-enterprise-ai-safety,M061,pending,,ManagerPortal
L01445,cert-enterprise-ai-safety,M069,approved,2026-05-29,ManagerPortal
L01446,cert-enterprise-ai-safety,M055,approved,2026-06-06,ManagerPortal
L01447,cert-enterprise-ai-safety,M025,approved,2026-04-28,ManagerPortal
L01448,cert-enterprise-ai-safety,M050,approved,2026-05-04,ManagerPortal
L01449,cert-enterprise-ai-safety,M059,approved,2026-04-23,ManagerPortal
L01450,cert-enterprise-ai-safety,M032,approved,2026-05-03,ManagerPortal
L01451,cert-enterprise-ai-safety,M036,approved,2026-05-05,ManagerPortal
L01452,cert-enterprise-ai-safety,M049,approved,2026-05-25,ManagerPortal
L01453,cert-enterprise-ai-safety,M023,pending,,ManagerPortal
L01454,cert-enterprise-ai-safety,M049,approved,2026-05-19,ManagerPortal
L01455,cert-enterprise-ai-safety,M051,pending,,ManagerPortal
L01456,cert-enterprise-ai-safety,M031,approved,2026-06-05,ManagerPortal
L01457,cert-enterprise-ai-safety,M021,approved,2026-05-08,ManagerPortal
L01458,cert-enterprise-ai-safety,M014,approved,2026-04-25,ManagerPortal
L01459,cert-enterprise-ai-safety,M001,approved,2026-05-05,ManagerPortal
L01460,cert-enterprise-ai-safety,M021,approved,2026-05-28,ManagerPortal
L01461,cert-enterprise-ai-safety,M008,approved,2026-05-29,ManagerPortal
L01462,cert-enterprise-ai-safety,M037,pending,,ManagerPortal
L01463,cert-enterprise-ai-safety,M020,pending,,ManagerPortal
L01464,cert-enterprise-ai-safety,M049,approved,2026-04-27,ManagerPortal
L01465,cert-enterprise-ai-safety,M014,pending,,ManagerPortal
L01466,cert-enterprise-ai-safety,M012,pending,,ManagerPortal
L01467,cert-enterprise-ai-safety,M030,approved,2026-05-25,ManagerPortal
L01468,cert-enterprise-ai-safety,M057,approved,2026-05-10,ManagerPortal
L01469,cert-enterprise-ai-safety,M063,approved,2026-05-21,ManagerPortal
L01470,cert-enterprise-ai-safety,M054,pending,,ManagerPortal
L01471,cert-enterprise-ai-safety,M023,pending,,ManagerPortal
L01472,cert-enterprise-ai-safety,M038,approved,2026-05-22,ManagerPortal
L01473,cert-enterprise-ai-safety,M036,approved,2026-05-02,ManagerPortal
L01474,cert-enterprise-ai-safety,M011,approved,2026-05-17,ManagerPortal
L01475,cert-enterprise-ai-safety,M072,approved,2026-05-11,ManagerPortal
L01476,cert-enterprise-ai-safety,M008,approved,2026-05-31,ManagerPortal
L01477,cert-enterprise-ai-safety,M075,approved,2026-06-06,ManagerPortal
L01478,cert-enterprise-ai-safety,M065,approved,2026-05-26,ManagerPortal
L01479,cert-enterprise-ai-safety,M052,pending,,ManagerPortal
L01480,cert-enterprise-ai-safety,M061,approved,2026-04-26,ManagerPortal
L01481,cert-enterprise-ai-safety,M038,pending,,ManagerPortal
L01482,cert-enterprise-ai-safety,M024,approved,2026-05-17,ManagerPortal
L01483,cert-enterprise-ai-safety,M014,approved,2026-05-21,ManagerPortal
L01484,cert-enterprise-ai-safety,M029,approved,2026-05-24,ManagerPortal
L01485,cert-enterprise-ai-safety,M056,approved,2026-05-17,ManagerPortal
L01486,cert-enterprise-ai-safety,M001,approved,2026-05-15,ManagerPortal
L01487,cert-enterprise-ai-safety,M037,approved,2026-04-26,ManagerPortal
L01488,cert-enterprise-ai-safety,M003,approved,2026-05-09,ManagerPortal
L01489,cert-enterprise-ai-safety,M030,approved,2026-05-01,ManagerPortal
L01490,cert-enterprise-ai-safety,M050,approved,2026-05-30,ManagerPortal
L01491,cert-enterprise-ai-safety,M019,pending,,ManagerPortal
L01492,cert-enterprise-ai-safety,M060,pending,,ManagerPortal
L01493,cert-enterprise-ai-safety,M026,approved,2026-05-09,ManagerPortal
L01494,cert-enterprise-ai-safety,M001,pending,,ManagerPortal
L01495,cert-enterprise-ai-safety,M041,approved,2026-05-15,ManagerPortal
L01496,cert-enterprise-ai-safety,M045,approved,2026-05-05,ManagerPortal
L01497,cert-enterprise-ai-safety,M067,approved,2026-05-13,ManagerPortal
L01498,cert-enterprise-ai-safety,M029,approved,2026-05-29,ManagerPortal
L01499,cert-enterprise-ai-safety,M014,approved,2026-05-31,ManagerPortal
L01500,cert-enterprise-ai-safety,M041,approved,2026-05-18,ManagerPortal
L01501,cert-enterprise-ai-safety,M071,approved,2026-05-28,ManagerPortal
L01502,cert-enterprise-ai-safety,M023,approved,2026-04-28,ManagerPortal
L01503,cert-enterprise-ai-safety,M016,pending,,ManagerPortal
L01504,cert-enterprise-ai-safety,M045,pending,,ManagerPortal
L01505,cert-enterprise-ai-safety,M064,approved,2026-04-25,ManagerPortal
L01506,cert-enterprise-ai-safety,M072,pending,,ManagerPortal
L01507,cert-enterprise-ai-safety,M076,approved,2026-05-10,ManagerPortal
L01508,cert-enterprise-ai-safety,M045,approved,2026-05-13,ManagerPortal
L01509,cert-enterprise-ai-safety,M044,approved,2026-05-09,ManagerPortal
L01510,cert-enterprise-ai-safety,M026,approved,2026-05-24,ManagerPortal
L01511,cert-enterprise-ai-safety,M055,pending,,ManagerPortal
L01512,cert-enterprise-ai-safety,M002,approved,2026-05-20,ManagerPortal
L01513,cert-enterprise-ai-safety,M015,pending,,ManagerPortal
L01514,cert-enterprise-ai-safety,M009,approved,2026-05-01,ManagerPortal
L01515,cert-enterprise-ai-safety,M079,pending,,ManagerPortal
L01516,cert-enterprise-ai-safety,M055,approved,2026-05-05,ManagerPortal
L01517,cert-enterprise-ai-safety,M052,approved,2026-04-25,ManagerPortal
L01518,cert-enterprise-ai-safety,M066,pending,,ManagerPortal
L01519,cert-enterprise-ai-safety,M010,approved,2026-04-23,ManagerPortal
L01520,cert-enterprise-ai-safety,M080,approved,2026-05-25,ManagerPortal
L01521,cert-enterprise-ai-safety,M002,pending,,ManagerPortal
L01522,cert-enterprise-ai-safety,M059,pending,,ManagerPortal
L01523,cert-enterprise-ai-safety,M018,pending,,ManagerPortal
L01524,cert-enterprise-ai-safety,M018,approved,2026-05-10,ManagerPortal
L01525,cert-enterprise-ai-safety,M077,pending,,ManagerPortal
L01526,cert-enterprise-ai-safety,M047,pending,,ManagerPortal
L01527,cert-enterprise-ai-safety,M068,pending,,ManagerPortal
L01528,cert-enterprise-ai-safety,M005,pending,,ManagerPortal
L01529,cert-enterprise-ai-safety,M022,approved,2026-05-25,ManagerPortal
L01530,cert-enterprise-ai-safety,M032,approved,2026-06-02,ManagerPortal
L01531,cert-enterprise-ai-safety,M018,approved,2026-05-03,ManagerPortal
L01532,cert-enterprise-ai-safety,M004,approved,2026-05-31,ManagerPortal
L01533,cert-enterprise-ai-safety,M052,approved,2026-05-28,ManagerPortal
L01534,cert-enterprise-ai-safety,M038,approved,2026-05-15,ManagerPortal
L01535,cert-enterprise-ai-safety,M010,approved,2026-05-31,ManagerPortal
L01536,cert-enterprise-ai-safety,M034,pending,,ManagerPortal
L01537,cert-enterprise-ai-safety,M041,approved,2026-06-05,ManagerPortal
L01538,cert-enterprise-ai-safety,M035,approved,2026-05-07,ManagerPortal
L01539,cert-enterprise-ai-safety,M067,pending,,ManagerPortal
L01540,cert-enterprise-ai-safety,M016,pending,,ManagerPortal
L01541,cert-enterprise-ai-safety,M008,pending,,ManagerPortal
L01542,cert-enterprise-ai-safety,M080,approved,2026-05-07,ManagerPortal
L01543,cert-enterprise-ai-safety,M039,approved,2026-05-15,ManagerPortal
L01544,cert-enterprise-ai-safety,M068,approved,2026-05-09,ManagerPortal
L01545,cert-enterprise-ai-safety,M019,approved,2026-04-23,ManagerPortal
L01546,cert-enterprise-ai-safety,M002,approved,2026-05-23,ManagerPortal
L01547,cert-enterprise-ai-safety,M039,approved,2026-04-25,ManagerPortal
L01548,cert-enterprise-ai-safety,M075,pending,,ManagerPortal
L01549,cert-enterprise-ai-safety,M003,approved,2026-05-23,ManagerPortal
L01550,cert-enterprise-ai-safety,M022,pending,,ManagerPortal
L01551,cert-enterprise-ai-safety,M023,pending,,ManagerPortal
L01552,cert-enterprise-ai-safety,M045,approved,2026-05-12,ManagerPortal
L01553,cert-enterprise-ai-safety,M077,approved,2026-04-25,ManagerPortal
L01554,cert-enterprise-ai-safety,M036,approved,2026-06-06,ManagerPortal
L01555,cert-enterprise-ai-safety,M033,approved,2026-04-27,ManagerPortal
L01556,cert-enterprise-ai-safety,M065,approved,2026-05-30,ManagerPortal
L01557,cert-enterprise-ai-safety,M039,pending,,ManagerPortal
L01558,cert-enterprise-ai-safety,M042,approved,2026-05-04,ManagerPortal
L01559,cert-enterprise-ai-safety,M009,approved,2026-05-05,ManagerPortal
L01560,cert-enterprise-ai-safety,M004,approved,2026-04-29,ManagerPortal
L01561,cert-enterprise-ai-safety,M066,approved,2026-05-30,ManagerPortal
L01562,cert-enterprise-ai-safety,M046,approved,2026-05-31,ManagerPortal
L01563,cert-enterprise-ai-safety,M020,approved,2026-05-28,ManagerPortal
L01564,cert-enterprise-ai-safety,M035,pending,,ManagerPortal
L01565,cert-enterprise-ai-safety,M049,approved,2026-05-11,ManagerPortal
L01566,cert-enterprise-ai-safety,M013,approved,2026-05-24,ManagerPortal
L01567,cert-enterprise-ai-safety,M068,approved,2026-05-15,ManagerPortal
L01568,cert-enterprise-ai-safety,M080,approved,2026-05-17,ManagerPortal
L01569,cert-enterprise-ai-safety,M002,pending,,ManagerPortal
L01570,cert-enterprise-ai-safety,M003,approved,2026-05-18,ManagerPortal
L01571,cert-enterprise-ai-safety,M005,approved,2026-05-03,ManagerPortal
L01572,cert-enterprise-ai-safety,M019,pending,,ManagerPortal
L01573,cert-enterprise-ai-safety,M039,pending,,ManagerPortal
L01574,cert-enterprise-ai-safety,M018,approved,2026-04-23,ManagerPortal
L01575,cert-enterprise-ai-safety,M047,approved,2026-04-29,ManagerPortal
L01576,cert-enterprise-ai-safety,M022,approved,2026-05-15,ManagerPortal
L01577,cert-enterprise-ai-safety,M059,approved,2026-06-02,ManagerPortal
L01578,cert-enterprise-ai-safety,M016,approved,2026-05-24,ManagerPortal
L01579,cert-enterprise-ai-safety,M072,approved,2026-06-05,ManagerPortal
L01580,cert-enterprise-ai-safety,M032,pending,,ManagerPortal
L01581,cert-enterprise-ai-safety,M057,approved,2026-04-25,ManagerPortal
L01582,cert-enterprise-ai-safety,M035,approved,2026-05-03,ManagerPortal
L01583,cert-enterprise-ai-safety,M008,approved,2026-05-08,ManagerPortal
L01584,cert-enterprise-ai-safety,M054,approved,2026-05-19,ManagerPortal
L01585,cert-enterprise-ai-safety,M074,approved,2026-04-27,ManagerPortal
L01586,cert-enterprise-ai-safety,M059,pending,,ManagerPortal
L01587,cert-enterprise-ai-safety,M030,approved,2026-06-02,ManagerPortal
L01588,cert-enterprise-ai-safety,M079,approved,2026-06-06,ManagerPortal
L01589,cert-enterprise-ai-safety,M037,pending,,ManagerPortal
L01590,cert-enterprise-ai-safety,M030,approved,2026-04-28,ManagerPortal
L01591,cert-enterprise-ai-safety,M041,pending,,ManagerPortal
L01592,cert-enterprise-ai-safety,M028,pending,,ManagerPortal
L01593,cert-enterprise-ai-safety,M013,approved,2026-06-05,ManagerPortal
L01594,cert-enterprise-ai-safety,M035,approved,2026-05-19,ManagerPortal
L01595,cert-enterprise-ai-safety,M001,pending,,ManagerPortal
L01596,cert-enterprise-ai-safety,M005,approved,2026-05-24,ManagerPortal
L01597,cert-enterprise-ai-safety,M025,approved,2026-05-20,ManagerPortal
L01598,cert-enterprise-ai-safety,M045,approved,2026-05-12,ManagerPortal
L01599,cert-enterprise-ai-safety,M036,approved,2026-05-11,ManagerPortal
L01600,cert-enterprise-ai-safety,M007,pending,,ManagerPortal
L01601,cert-enterprise-ai-safety,M039,pending,,ManagerPortal
L01602,cert-enterprise-ai-safety,M056,approved,2026-04-24,ManagerPortal
L01603,cert-enterprise-ai-safety,M052,approved,2026-06-02,ManagerPortal
L01604,cert-enterprise-ai-safety,M018,approved,2026-04-24,ManagerPortal
L01605,cert-enterprise-ai-safety,M025,pending,,ManagerPortal
L01606,cert-enterprise-ai-safety,M011,pending,,ManagerPortal
L01607,cert-enterprise-ai-safety,M042,pending,,ManagerPortal
L01608,cert-enterprise-ai-safety,M067,approved,2026-06-06,ManagerPortal
L01609,cert-enterprise-ai-safety,M046,pending,,ManagerPortal
L01610,cert-enterprise-ai-safety,M012,approved,2026-04-29,ManagerPortal
L01611,cert-enterprise-ai-safety,M077,approved,2026-05-14,ManagerPortal
L01612,cert-enterprise-ai-safety,M020,approved,2026-05-05,ManagerPortal
L01613,cert-enterprise-ai-safety,M031,approved,2026-05-22,ManagerPortal
L01614,cert-enterprise-ai-safety,M069,approved,2026-05-15,ManagerPortal
L01615,cert-enterprise-ai-safety,M003,approved,2026-05-12,ManagerPortal
L01616,cert-enterprise-ai-safety,M056,approved,2026-05-16,ManagerPortal
L01617,cert-enterprise-ai-safety,M033,approved,2026-06-04,ManagerPortal
L01618,cert-enterprise-ai-safety,M042,pending,,ManagerPortal
L01619,cert-enterprise-ai-safety,M009,approved,2026-06-04,ManagerPortal
L01620,cert-enterprise-ai-safety,M065,approved,2026-04-23,ManagerPortal
L01621,cert-enterprise-ai-safety,M065,approved,2026-05-21,ManagerPortal
L01622,cert-enterprise-ai-safety,M068,pending,,ManagerPortal
L01623,cert-enterprise-ai-safety,M056,approved,2026-05-28,ManagerPortal
L01624,cert-enterprise-ai-safety,M016,approved,2026-05-21,ManagerPortal
L01625,cert-enterprise-ai-safety,M024,pending,,ManagerPortal
L01626,cert-enterprise-ai-safety,M028,approved,2026-05-16,ManagerPortal
L01627,cert-enterprise-ai-safety,M068,approved,2026-05-21,ManagerPortal
L01628,cert-enterprise-ai-safety,M056,approved,2026-06-06,ManagerPortal
L01629,cert-enterprise-ai-safety,M029,approved,2026-05-28,ManagerPortal
L01630,cert-enterprise-ai-safety,M011,pending,,ManagerPortal
L01631,cert-enterprise-ai-safety,M016,approved,2026-05-15,ManagerPortal
L01632,cert-enterprise-ai-safety,M036,approved,2026-06-05,ManagerPortal
L01633,cert-enterprise-ai-safety,M057,approved,2026-05-01,ManagerPortal
L01634,cert-enterprise-ai-safety,M076,approved,2026-04-28,ManagerPortal
L01635,cert-enterprise-ai-safety,M048,approved,2026-06-03,ManagerPortal
L01636,cert-enterprise-ai-safety,M033,approved,2026-06-02,ManagerPortal
L01637,cert-enterprise-ai-safety,M011,approved,2026-06-03,ManagerPortal
L01638,cert-enterprise-ai-safety,M017,approved,2026-05-10,ManagerPortal
L01639,cert-enterprise-ai-safety,M028,approved,2026-05-26,ManagerPortal
L01640,cert-enterprise-ai-safety,M001,approved,2026-04-23,ManagerPortal
L01641,cert-enterprise-ai-safety,M020,approved,2026-05-23,ManagerPortal
L01642,cert-enterprise-ai-safety,M057,pending,,ManagerPortal
L01643,cert-enterprise-ai-safety,M057,pending,,ManagerPortal
L01644,cert-enterprise-ai-safety,M039,approved,2026-05-04,ManagerPortal
L01645,cert-enterprise-ai-safety,M077,pending,,ManagerPortal
L01646,cert-enterprise-ai-safety,M043,approved,2026-05-02,ManagerPortal
L01647,cert-enterprise-ai-safety,M006,approved,2026-05-09,ManagerPortal
L01648,cert-enterprise-ai-safety,M006,approved,2026-05-01,ManagerPortal
L01649,cert-enterprise-ai-safety,M075,approved,2026-04-29,ManagerPortal
L01650,cert-enterprise-ai-safety,M042,approved,2026-05-08,ManagerPortal
L01651,cert-enterprise-ai-safety,M045,approved,2026-05-03,ManagerPortal
L01652,cert-enterprise-ai-safety,M075,approved,2026-06-05,ManagerPortal
L01653,cert-enterprise-ai-safety,M054,approved,2026-05-22,ManagerPortal
L01654,cert-enterprise-ai-safety,M070,approved,2026-04-28,ManagerPortal
L01655,cert-enterprise-ai-safety,M015,pending,,ManagerPortal
L01656,cert-enterprise-ai-safety,M058,approved,2026-05-05,ManagerPortal
L01657,cert-enterprise-ai-safety,M013,approved,2026-05-04,ManagerPortal
L01658,cert-enterprise-ai-safety,M045,pending,,ManagerPortal
L01659,cert-enterprise-ai-safety,M004,approved,2026-04-24,ManagerPortal
L01660,cert-enterprise-ai-safety,M055,pending,,ManagerPortal
L01661,cert-enterprise-ai-safety,M001,approved,2026-05-06,ManagerPortal
L01662,cert-enterprise-ai-safety,M008,approved,2026-04-24,ManagerPortal
L01663,cert-enterprise-ai-safety,M035,approved,2026-04-26,ManagerPortal
L01664,cert-enterprise-ai-safety,M047,pending,,ManagerPortal
L01665,cert-enterprise-ai-safety,M033,approved,2026-05-17,ManagerPortal
L01666,cert-enterprise-ai-safety,M015,pending,,ManagerPortal
L01667,cert-enterprise-ai-safety,M046,approved,2026-05-15,ManagerPortal
L01668,cert-enterprise-ai-safety,M074,approved,2026-06-02,ManagerPortal
L01669,cert-enterprise-ai-safety,M009,approved,2026-05-20,ManagerPortal
L01670,cert-enterprise-ai-safety,M029,approved,2026-05-05,ManagerPortal
L01671,cert-enterprise-ai-safety,M019,approved,2026-05-03,ManagerPortal
L01672,cert-enterprise-ai-safety,M022,approved,2026-04-23,ManagerPortal
L01673,cert-enterprise-ai-safety,M036,approved,2026-05-31,ManagerPortal
L01674,cert-enterprise-ai-safety,M059,approved,2026-05-12,ManagerPortal
L01675,cert-enterprise-ai-safety,M014,approved,2026-04-29,ManagerPortal
L01676,cert-enterprise-ai-safety,M070,approved,2026-05-26,ManagerPortal
L01677,cert-enterprise-ai-safety,M029,approved,2026-05-26,ManagerPortal
L01678,cert-enterprise-ai-safety,M068,approved,2026-05-11,ManagerPortal
L01679,cert-enterprise-ai-safety,M048,approved,2026-04-30,ManagerPortal
L01680,cert-enterprise-ai-safety,M029,approved,2026-05-20,ManagerPortal
L01681,cert-enterprise-ai-safety,M044,approved,2026-06-06,ManagerPortal
L01682,cert-enterprise-ai-safety,M048,pending,,ManagerPortal
L01683,cert-enterprise-ai-safety,M041,approved,2026-04-26,ManagerPortal
L01684,cert-enterprise-ai-safety,M059,approved,2026-05-16,ManagerPortal
L01685,cert-enterprise-ai-safety,M031,pending,,ManagerPortal
L01686,cert-enterprise-ai-safety,M015,approved,2026-05-05,ManagerPortal
L01687,cert-enterprise-ai-safety,M010,approved,2026-05-02,ManagerPortal
L01688,cert-enterprise-ai-safety,M078,approved,2026-05-23,ManagerPortal
L01689,cert-enterprise-ai-safety,M078,pending,,ManagerPortal
L01690,cert-enterprise-ai-safety,M048,approved,2026-05-05,ManagerPortal
L01691,cert-enterprise-ai-safety,M003,approved,2026-05-19,ManagerPortal
L01692,cert-enterprise-ai-safety,M060,approved,2026-05-25,ManagerPortal
L01693,cert-enterprise-ai-safety,M020,pending,,ManagerPortal
L01694,cert-enterprise-ai-safety,M002,pending,,ManagerPortal
L01695,cert-enterprise-ai-safety,M058,pending,,ManagerPortal
L01696,cert-enterprise-ai-safety,M036,pending,,ManagerPortal
L01697,cert-enterprise-ai-safety,M018,approved,2026-04-24,ManagerPortal
L01698,cert-enterprise-ai-safety,M011,approved,2026-06-01,ManagerPortal
L01699,cert-enterprise-ai-safety,M002,approved,2026-05-06,ManagerPortal
L01700,cert-enterprise-ai-safety,M025,approved,2026-06-05,ManagerPortal
L01701,cert-enterprise-ai-safety,M074,approved,2026-05-15,ManagerPortal
L01702,cert-enterprise-ai-safety,M001,approved,2026-04-23,ManagerPortal
L01703,cert-enterprise-ai-safety,M027,approved,2026-05-03,ManagerPortal
L01704,cert-enterprise-ai-safety,M079,approved,2026-04-29,ManagerPortal
L01705,cert-enterprise-ai-safety,M065,approved,2026-05-09,ManagerPortal
L01706,cert-enterprise-ai-safety,M024,pending,,ManagerPortal
L01707,cert-enterprise-ai-safety,M017,approved,2026-05-05,ManagerPortal
L01708,cert-enterprise-ai-safety,M009,approved,2026-04-26,ManagerPortal
L01709,cert-enterprise-ai-safety,M075,approved,2026-05-26,ManagerPortal
L01710,cert-enterprise-ai-safety,M077,approved,2026-05-13,ManagerPortal
L01711,cert-enterprise-ai-safety,M065,approved,2026-05-04,ManagerPortal
L01712,cert-enterprise-ai-safety,M023,pending,,ManagerPortal
L01713,cert-enterprise-ai-safety,M027,approved,2026-05-28,ManagerPortal
L01714,cert-enterprise-ai-safety,M017,approved,2026-06-05,ManagerPortal
L01715,cert-enterprise-ai-safety,M042,approved,2026-06-01,ManagerPortal
L01716,cert-enterprise-ai-safety,M058,approved,2026-04-28,ManagerPortal
L01717,cert-enterprise-ai-safety,M017,approved,2026-05-14,ManagerPortal
L01718,cert-enterprise-ai-safety,M064,approved,2026-05-11,ManagerPortal
L01719,cert-enterprise-ai-safety,M015,approved,2026-06-03,ManagerPortal
L01720,cert-enterprise-ai-safety,M044,approved,2026-04-25,ManagerPortal
L01721,cert-enterprise-ai-safety,M014,approved,2026-06-01,ManagerPortal
L01722,cert-enterprise-ai-safety,M080,approved,2026-04-29,ManagerPortal
L01723,cert-enterprise-ai-safety,M034,approved,2026-05-25,ManagerPortal
L01724,cert-enterprise-ai-safety,M074,approved,2026-05-08,ManagerPortal
L01725,cert-enterprise-ai-safety,M056,pending,,ManagerPortal
L01726,cert-enterprise-ai-safety,M013,approved,2026-05-16,ManagerPortal
L01727,cert-enterprise-ai-safety,M052,approved,2026-06-03,ManagerPortal
L01728,cert-enterprise-ai-safety,M036,approved,2026-05-03,ManagerPortal
L01729,cert-enterprise-ai-safety,M045,approved,2026-05-05,ManagerPortal
L01730,cert-enterprise-ai-safety,M018,pending,,ManagerPortal
L01731,cert-enterprise-ai-safety,M044,approved,2026-04-27,ManagerPortal
L01732,cert-enterprise-ai-safety,M027,pending,,ManagerPortal
L01733,cert-enterprise-ai-safety,M044,pending,,ManagerPortal
L01734,cert-enterprise-ai-safety,M007,approved,2026-04-26,ManagerPortal
L01735,cert-enterprise-ai-safety,M058,pending,,ManagerPortal
L01736,cert-enterprise-ai-safety,M071,pending,,ManagerPortal
L01737,cert-enterprise-ai-safety,M014,approved,2026-05-17,ManagerPortal
L01738,cert-enterprise-ai-safety,M008,approved,2026-05-23,ManagerPortal
L01739,cert-enterprise-ai-safety,M022,approved,2026-05-30,ManagerPortal
L01740,cert-enterprise-ai-safety,M064,approved,2026-05-17,ManagerPortal
L01741,cert-enterprise-ai-safety,M027,pending,,ManagerPortal
L01742,cert-enterprise-ai-safety,M038,approved,2026-05-18,ManagerPortal
L01743,cert-enterprise-ai-safety,M015,approved,2026-05-11,ManagerPortal
L01744,cert-enterprise-ai-safety,M043,approved,2026-05-08,ManagerPortal
L01745,cert-enterprise-ai-safety,M074,approved,2026-05-15,ManagerPortal
L01746,cert-enterprise-ai-safety,M046,approved,2026-05-08,ManagerPortal
L01747,cert-enterprise-ai-safety,M021,pending,,ManagerPortal
L01748,cert-enterprise-ai-safety,M013,approved,2026-04-24,ManagerPortal
L01749,cert-enterprise-ai-safety,M008,pending,,ManagerPortal
L01750,cert-enterprise-ai-safety,M029,approved,2026-05-06,ManagerPortal
L01751,cert-enterprise-ai-safety,M006,approved,2026-05-25,ManagerPortal
L01752,cert-enterprise-ai-safety,M068,approved,2026-06-02,ManagerPortal
L01753,cert-enterprise-ai-safety,M056,pending,,ManagerPortal
L01754,cert-enterprise-ai-safety,M016,approved,2026-05-12,ManagerPortal
L01755,cert-enterprise-ai-safety,M073,approved,2026-05-06,ManagerPortal
L01756,cert-enterprise-ai-safety,M004,approved,2026-05-05,ManagerPortal
L01757,cert-enterprise-ai-safety,M017,approved,2026-05-16,ManagerPortal
L01758,cert-enterprise-ai-safety,M080,pending,,ManagerPortal
L01759,cert-enterprise-ai-safety,M018,approved,2026-04-28,ManagerPortal
L01760,cert-enterprise-ai-safety,M051,approved,2026-05-26,ManagerPortal
L01761,cert-enterprise-ai-safety,M070,approved,2026-04-30,ManagerPortal
L01762,cert-enterprise-ai-safety,M027,pending,,ManagerPortal
L01763,cert-enterprise-ai-safety,M057,pending,,ManagerPortal
L01764,cert-enterprise-ai-safety,M051,approved,2026-04-28,ManagerPortal
L01765,cert-enterprise-ai-safety,M005,approved,2026-05-19,ManagerPortal
L01766,cert-enterprise-ai-safety,M017,approved,2026-05-20,ManagerPortal
L01767,cert-enterprise-ai-safety,M036,approved,2026-05-31,ManagerPortal
L01768,cert-enterprise-ai-safety,M030,pending,,ManagerPortal
L01769,cert-enterprise-ai-safety,M076,approved,2026-05-16,ManagerPortal
L01770,cert-enterprise-ai-safety,M040,approved,2026-05-03,ManagerPortal
L01771,cert-enterprise-ai-safety,M001,pending,,ManagerPortal
L01772,cert-enterprise-ai-safety,M052,approved,2026-05-01,ManagerPortal
L01773,cert-enterprise-ai-safety,M066,approved,2026-04-27,ManagerPortal
L01774,cert-enterprise-ai-safety,M035,approved,2026-05-18,ManagerPortal
L01775,cert-enterprise-ai-safety,M057,approved,2026-05-07,ManagerPortal
L01776,cert-enterprise-ai-safety,M067,approved,2026-05-09,ManagerPortal
L01777,cert-enterprise-ai-safety,M063,approved,2026-05-27,ManagerPortal
L01778,cert-enterprise-ai-safety,M013,approved,2026-05-08,ManagerPortal
L01779,cert-enterprise-ai-safety,M074,pending,,ManagerPortal
L01780,cert-enterprise-ai-safety,M027,approved,2026-05-18,ManagerPortal
L01781,cert-enterprise-ai-safety,M059,pending,,ManagerPortal
L01782,cert-enterprise-ai-safety,M051,approved,2026-05-17,ManagerPortal
L01783,cert-enterprise-ai-safety,M008,approved,2026-05-12,ManagerPortal
L01784,cert-enterprise-ai-safety,M050,approved,2026-05-19,ManagerPortal
L01785,cert-enterprise-ai-safety,M009,approved,2026-05-17,ManagerPortal
L01786,cert-enterprise-ai-safety,M043,approved,2026-05-18,ManagerPortal
L01787,cert-enterprise-ai-safety,M001,pending,,ManagerPortal
L01788,cert-enterprise-ai-safety,M078,approved,2026-04-28,ManagerPortal
L01789,cert-enterprise-ai-safety,M075,pending,,ManagerPortal
L01790,cert-enterprise-ai-safety,M045,approved,2026-05-31,ManagerPortal
L01791,cert-enterprise-ai-safety,M065,approved,2026-05-12,ManagerPortal
L01792,cert-enterprise-ai-safety,M066,pending,,ManagerPortal
L01793,cert-enterprise-ai-safety,M037,approved,2026-06-02,ManagerPortal
L01794,cert-enterprise-ai-safety,M025,approved,2026-05-13,ManagerPortal
L01795,cert-enterprise-ai-safety,M017,approved,2026-05-06,ManagerPortal
L01796,cert-enterprise-ai-safety,M036,pending,,ManagerPortal
L01797,cert-enterprise-ai-safety,M047,pending,,ManagerPortal
L01798,cert-enterprise-ai-safety,M037,pending,,ManagerPortal
L01799,cert-enterprise-ai-safety,M053,approved,2026-04-30,ManagerPortal
L01800,cert-enterprise-ai-safety,M022,approved,2026-04-28,ManagerPortal
L01801,cert-enterprise-ai-safety,M025,pending,,ManagerPortal
L01802,cert-enterprise-ai-safety,M017,approved,2026-04-29,ManagerPortal
L01803,cert-enterprise-ai-safety,M006,pending,,ManagerPortal
L01804,cert-enterprise-ai-safety,M010,approved,2026-04-27,ManagerPortal
L01805,cert-enterprise-ai-safety,M041,approved,2026-05-09,ManagerPortal
L01806,cert-enterprise-ai-safety,M048,approved,2026-05-03,ManagerPortal
L01807,cert-enterprise-ai-safety,M047,approved,2026-06-05,ManagerPortal
L01808,cert-enterprise-ai-safety,M022,pending,,ManagerPortal
L01809,cert-enterprise-ai-safety,M007,approved,2026-05-28,ManagerPortal
L01810,cert-enterprise-ai-safety,M059,approved,2026-06-04,ManagerPortal
L01811,cert-enterprise-ai-safety,M029,pending,,ManagerPortal
L01812,cert-enterprise-ai-safety,M002,approved,2026-05-09,ManagerPortal
L01813,cert-enterprise-ai-safety,M028,approved,2026-06-06,ManagerPortal
L01814,cert-enterprise-ai-safety,M019,approved,2026-05-11,ManagerPortal
L01815,cert-enterprise-ai-safety,M037,pending,,ManagerPortal
L01816,cert-enterprise-ai-safety,M051,approved,2026-05-22,ManagerPortal
L01817,cert-enterprise-ai-safety,M072,pending,,ManagerPortal
L01818,cert-enterprise-ai-safety,M070,pending,,ManagerPortal
L01819,cert-enterprise-ai-safety,M035,pending,,ManagerPortal
L01820,cert-enterprise-ai-safety,M033,pending,,ManagerPortal
L01821,cert-enterprise-ai-safety,M062,approved,2026-05-13,ManagerPortal
L01822,cert-enterprise-ai-safety,M033,approved,2026-06-03,ManagerPortal
L01823,cert-enterprise-ai-safety,M062,approved,2026-05-15,ManagerPortal
L01824,cert-enterprise-ai-safety,M071,approved,2026-05-31,ManagerPortal
L01825,cert-enterprise-ai-safety,M037,approved,2026-05-07,ManagerPortal
L01826,cert-enterprise-ai-safety,M041,approved,2026-05-13,ManagerPortal
L01827,cert-enterprise-ai-safety,M012,approved,2026-05-15,ManagerPortal
L01828,cert-enterprise-ai-safety,M038,approved,2026-06-06,ManagerPortal
L01829,cert-enterprise-ai-safety,M030,approved,2026-05-02,ManagerPortal
L01830,cert-enterprise-ai-safety,M050,pending,,ManagerPortal
L01831,cert-enterprise-ai-safety,M020,approved,2026-05-01,ManagerPortal
L01832,cert-enterprise-ai-safety,M002,approved,2026-04-23,ManagerPortal
L01833,cert-enterprise-ai-safety,M058,approved,2026-04-26,ManagerPortal
L01834,cert-enterprise-ai-safety,M037,approved,2026-06-06,ManagerPortal
L01835,cert-enterprise-ai-safety,M029,pending,,ManagerPortal
L01836,cert-enterprise-ai-safety,M045,approved,2026-04-23,ManagerPortal
L01837,cert-enterprise-ai-safety,M034,approved,2026-04-23,ManagerPortal
L01838,cert-enterprise-ai-safety,M071,approved,2026-05-12,ManagerPortal
L01839,cert-enterprise-ai-safety,M062,approved,2026-06-06,ManagerPortal
L01840,cert-enterprise-ai-safety,M039,approved,2026-05-15,ManagerPortal
L01841,cert-enterprise-ai-safety,M061,approved,2026-06-05,ManagerPortal
L01842,cert-enterprise-ai-safety,M003,approved,2026-05-11,ManagerPortal
L01843,cert-enterprise-ai-safety,M039,approved,2026-05-16,ManagerPortal
L01844,cert-enterprise-ai-safety,M073,approved,2026-05-29,ManagerPortal
L01845,cert-enterprise-ai-safety,M025,pending,,ManagerPortal
L01846,cert-enterprise-ai-safety,M077,pending,,ManagerPortal
L01847,cert-enterprise-ai-safety,M050,pending,,ManagerPortal
L01848,cert-enterprise-ai-safety,M007,approved,2026-05-21,ManagerPortal
L01849,cert-enterprise-ai-safety,M069,approved,2026-04-27,ManagerPortal
L01850,cert-enterprise-ai-safety,M013,approved,2026-04-27,ManagerPortal
L01851,cert-enterprise-ai-safety,M003,approved,2026-05-01,ManagerPortal
L01852,cert-enterprise-ai-safety,M048,approved,2026-05-02,ManagerPortal
L01853,cert-enterprise-ai-safety,M028,approved,2026-04-27,ManagerPortal
L01854,cert-enterprise-ai-safety,M030,approved,2026-05-19,ManagerPortal
L01855,cert-enterprise-ai-safety,M031,approved,2026-04-27,ManagerPortal
L01856,cert-enterprise-ai-safety,M022,approved,2026-05-07,ManagerPortal
L01857,cert-enterprise-ai-safety,M006,approved,2026-05-07,ManagerPortal
L01858,cert-enterprise-ai-safety,M055,approved,2026-04-27,ManagerPortal
L01859,cert-enterprise-ai-safety,M039,approved,2026-05-04,ManagerPortal
L01860,cert-enterprise-ai-safety,M013,approved,2026-04-29,ManagerPortal
L01861,cert-enterprise-ai-safety,M027,pending,,ManagerPortal
L01862,cert-enterprise-ai-safety,M064,approved,2026-04-24,ManagerPortal
L01863,cert-enterprise-ai-safety,M027,approved,2026-06-03,ManagerPortal
L01864,cert-enterprise-ai-safety,M077,approved,2026-06-04,ManagerPortal
L01865,cert-enterprise-ai-safety,M058,approved,2026-04-25,ManagerPortal
L01866,cert-enterprise-ai-safety,M074,approved,2026-05-04,ManagerPortal
L01867,cert-enterprise-ai-safety,M033,approved,2026-06-02,ManagerPortal
L01868,cert-enterprise-ai-safety,M003,approved,2026-05-16,ManagerPortal
L01869,cert-enterprise-ai-safety,M076,pending,,ManagerPortal
L01870,cert-enterprise-ai-safety,M010,approved,2026-05-25,ManagerPortal
L01871,cert-enterprise-ai-safety,M066,pending,,ManagerPortal
L01872,cert-enterprise-ai-safety,M043,pending,,ManagerPortal
L01873,cert-enterprise-ai-safety,M073,approved,2026-06-05,ManagerPortal
L01874,cert-enterprise-ai-safety,M034,pending,,ManagerPortal
L01875,cert-enterprise-ai-safety,M070,pending,,ManagerPortal
L01876,cert-enterprise-ai-safety,M072,approved,2026-04-23,ManagerPortal
L01877,cert-enterprise-ai-safety,M051,approved,2026-05-26,ManagerPortal
L01878,cert-enterprise-ai-safety,M016,approved,2026-05-23,ManagerPortal
L01879,cert-enterprise-ai-safety,M010,approved,2026-05-11,ManagerPortal
L01880,cert-enterprise-ai-safety,M003,approved,2026-05-03,ManagerPortal
L01881,cert-enterprise-ai-safety,M022,pending,,ManagerPortal
L01882,cert-enterprise-ai-safety,M060,approved,2026-05-28,ManagerPortal
L01883,cert-enterprise-ai-safety,M003,approved,2026-06-01,ManagerPortal
L01884,cert-enterprise-ai-safety,M020,pending,,ManagerPortal
L01885,cert-enterprise-ai-safety,M063,approved,2026-05-12,ManagerPortal
L01886,cert-enterprise-ai-safety,M017,approved,2026-06-02,ManagerPortal
L01887,cert-enterprise-ai-safety,M042,approved,2026-05-26,ManagerPortal
L01888,cert-enterprise-ai-safety,M048,approved,2026-04-25,ManagerPortal
L01889,cert-enterprise-ai-safety,M025,approved,2026-05-18,ManagerPortal
L01890,cert-enterprise-ai-safety,M034,approved,2026-04-24,ManagerPortal
L01891,cert-enterprise-ai-safety,M022,approved,2026-04-26,ManagerPortal
L01892,cert-enterprise-ai-safety,M021,approved,2026-05-23,ManagerPortal
L01893,cert-enterprise-ai-safety,M045,approved,2026-05-15,ManagerPortal
L01894,cert-enterprise-ai-safety,M050,approved,2026-05-02,ManagerPortal
L01895,cert-enterprise-ai-safety,M051,approved,2026-05-08,ManagerPortal
L01896,cert-enterprise-ai-safety,M037,pending,,ManagerPortal
L01897,cert-enterprise-ai-safety,M024,pending,,ManagerPortal
L01898,cert-enterprise-ai-safety,M044,approved,2026-06-03,ManagerPortal
L01899,cert-enterprise-ai-safety,M073,approved,2026-04-25,ManagerPortal
L01900,cert-enterprise-ai-safety,M034,pending,,ManagerPortal
L01901,cert-enterprise-ai-safety,M022,approved,2026-05-28,ManagerPortal
L01902,cert-enterprise-ai-safety,M019,pending,,ManagerPortal
L01903,cert-enterprise-ai-safety,M005,approved,2026-05-15,ManagerPortal
L01904,cert-enterprise-ai-safety,M064,approved,2026-05-01,ManagerPortal
L01905,cert-enterprise-ai-safety,M014,pending,,ManagerPortal
L01906,cert-enterprise-ai-safety,M002,approved,2026-05-07,ManagerPortal
L01907,cert-enterprise-ai-safety,M003,approved,2026-05-12,ManagerPortal
L01908,cert-enterprise-ai-safety,M018,approved,2026-05-05,ManagerPortal
L01909,cert-enterprise-ai-safety,M041,approved,2026-05-19,ManagerPortal
L01910,cert-enterprise-ai-safety,M024,approved,2026-04-24,ManagerPortal
L01911,cert-enterprise-ai-safety,M049,approved,2026-05-04,ManagerPortal
L01912,cert-enterprise-ai-safety,M066,approved,2026-05-11,ManagerPortal
L01913,cert-enterprise-ai-safety,M004,pending,,ManagerPortal
L01914,cert-enterprise-ai-safety,M061,pending,,ManagerPortal
L01915,cert-enterprise-ai-safety,M034,approved,2026-05-11,ManagerPortal
L01916,cert-enterprise-ai-safety,M053,pending,,ManagerPortal
L01917,cert-enterprise-ai-safety,M037,pending,,ManagerPortal
L01918,cert-enterprise-ai-safety,M060,approved,2026-05-27,ManagerPortal
L01919,cert-enterprise-ai-safety,M066,approved,2026-04-29,ManagerPortal
L01920,cert-enterprise-ai-safety,M014,approved,2026-05-31,ManagerPortal
L01921,cert-enterprise-ai-safety,M080,approved,2026-05-17,ManagerPortal
L01922,cert-enterprise-ai-safety,M067,approved,2026-05-29,ManagerPortal
L01923,cert-enterprise-ai-safety,M021,approved,2026-05-08,ManagerPortal
L01924,cert-enterprise-ai-safety,M028,approved,2026-05-10,ManagerPortal
L01925,cert-enterprise-ai-safety,M020,pending,,ManagerPortal
L01926,cert-enterprise-ai-safety,M064,approved,2026-05-08,ManagerPortal
L01927,cert-enterprise-ai-safety,M027,pending,,ManagerPortal
L01928,cert-enterprise-ai-safety,M020,approved,2026-05-11,ManagerPortal
L01929,cert-enterprise-ai-safety,M061,approved,2026-05-25,ManagerPortal
L01930,cert-enterprise-ai-safety,M030,approved,2026-05-27,ManagerPortal
L01931,cert-enterprise-ai-safety,M025,approved,2026-05-29,ManagerPortal
L01932,cert-enterprise-ai-safety,M067,approved,2026-05-27,ManagerPortal
L01933,cert-enterprise-ai-safety,M067,approved,2026-05-15,ManagerPortal
L01934,cert-enterprise-ai-safety,M014,approved,2026-05-04,ManagerPortal
L01935,cert-enterprise-ai-safety,M035,approved,2026-05-29,ManagerPortal
L01936,cert-enterprise-ai-safety,M075,approved,2026-05-10,ManagerPortal
L01937,cert-enterprise-ai-safety,M005,approved,2026-05-09,ManagerPortal
L01938,cert-enterprise-ai-safety,M080,approved,2026-05-18,ManagerPortal
L01939,cert-enterprise-ai-safety,M018,approved,2026-05-14,ManagerPortal
L01940,cert-enterprise-ai-safety,M034,approved,2026-05-17,ManagerPortal
L01941,cert-enterprise-ai-safety,M056,approved,2026-05-31,ManagerPortal
L01942,cert-enterprise-ai-safety,M051,pending,,ManagerPortal
L01943,cert-enterprise-ai-safety,M042,approved,2026-05-01,ManagerPortal
L01944,cert-enterprise-ai-safety,M072,pending,,ManagerPortal
L01945,cert-enterprise-ai-safety,M023,pending,,ManagerPortal
L01946,cert-enterprise-ai-safety,M041,approved,2026-06-02,ManagerPortal
L01947,cert-enterprise-ai-safety,M020,pending,,ManagerPortal
L01948,cert-enterprise-ai-safety,M043,approved,2026-05-23,ManagerPortal
L01949,cert-enterprise-ai-safety,M005,approved,2026-05-28,ManagerPortal
L01950,cert-enterprise-ai-safety,M035,approved,2026-05-28,ManagerPortal
L01951,cert-enterprise-ai-safety,M009,approved,2026-04-30,ManagerPortal
L01952,cert-enterprise-ai-safety,M030,approved,2026-06-02,ManagerPortal
L01953,cert-enterprise-ai-safety,M066,approved,2026-06-04,ManagerPortal
L01954,cert-enterprise-ai-safety,M060,approved,2026-05-20,ManagerPortal
L01955,cert-enterprise-ai-safety,M070,approved,2026-04-26,ManagerPortal
L01956,cert-enterprise-ai-safety,M074,approved,2026-05-12,ManagerPortal
L01957,cert-enterprise-ai-safety,M062,pending,,ManagerPortal
L01958,cert-enterprise-ai-safety,M002,pending,,ManagerPortal
L01959,cert-enterprise-ai-safety,M026,approved,2026-05-19,ManagerPortal
L01960,cert-enterprise-ai-safety,M038,approved,2026-06-03,ManagerPortal
L01961,cert-enterprise-ai-safety,M035,approved,2026-05-15,ManagerPortal
L01962,cert-enterprise-ai-safety,M063,approved,2026-05-09,ManagerPortal
L01963,cert-enterprise-ai-safety,M010,approved,2026-05-31,ManagerPortal
L01964,cert-enterprise-ai-safety,M011,approved,2026-05-10,ManagerPortal
L01965,cert-enterprise-ai-safety,M031,approved,2026-05-09,ManagerPortal
L01966,cert-enterprise-ai-safety,M023,approved,2026-05-04,ManagerPortal
L01967,cert-enterprise-ai-safety,M071,approved,2026-05-01,ManagerPortal
L01968,cert-enterprise-ai-safety,M006,approved,2026-05-23,ManagerPortal
L01969,cert-enterprise-ai-safety,M012,pending,,ManagerPortal
L01970,cert-enterprise-ai-safety,M051,approved,2026-05-02,ManagerPortal
L01971,cert-enterprise-ai-safety,M017,pending,,ManagerPortal
L01972,cert-enterprise-ai-safety,M080,approved,2026-05-24,ManagerPortal
L01973,cert-enterprise-ai-safety,M080,approved,2026-04-23,ManagerPortal
L01974,cert-enterprise-ai-safety,M065,approved,2026-04-24,ManagerPortal
L01975,cert-enterprise-ai-safety,M037,approved,2026-06-04,ManagerPortal
L01976,cert-enterprise-ai-safety,M018,approved,2026-04-28,ManagerPortal
L01977,cert-enterprise-ai-safety,M012,approved,2026-05-13,ManagerPortal
L01978,cert-enterprise-ai-safety,M072,pending,,ManagerPortal
L01979,cert-enterprise-ai-safety,M066,approved,2026-05-12,ManagerPortal
L01980,cert-enterprise-ai-safety,M058,pending,,ManagerPortal
L01981,cert-enterprise-ai-safety,M062,pending,,ManagerPortal
L01982,cert-enterprise-ai-safety,M002,approved,2026-05-11,ManagerPortal
L01983,cert-enterprise-ai-safety,M041,pending,,ManagerPortal
L01984,cert-enterprise-ai-safety,M075,approved,2026-04-29,ManagerPortal
L01985,cert-enterprise-ai-safety,M002,pending,,ManagerPortal
L01986,cert-enterprise-ai-safety,M006,pending,,ManagerPortal
L01987,cert-enterprise-ai-safety,M066,pending,,ManagerPortal
L01988,cert-enterprise-ai-safety,M021,approved,2026-06-01,ManagerPortal
L01989,cert-enterprise-ai-safety,M014,pending,,ManagerPortal
L01990,cert-enterprise-ai-safety,M028,pending,,ManagerPortal
L01991,cert-enterprise-ai-safety,M045,approved,2026-05-29,ManagerPortal
L01992,cert-enterprise-ai-safety,M046,approved,2026-06-05,ManagerPortal
L01993,cert-enterprise-ai-safety,M021,approved,2026-05-12,ManagerPortal
L01994,cert-enterprise-ai-safety,M054,approved,2026-05-01,ManagerPortal
L01995,cert-enterprise-ai-safety,M061,pending,,ManagerPortal
L01996,cert-enterprise-ai-safety,M055,approved,2026-05-19,ManagerPortal
L01997,cert-enterprise-ai-safety,M076,pending,,ManagerPortal
L01998,cert-enterprise-ai-safety,M041,pending,,ManagerPortal
L01999,cert-enterprise-ai-safety,M059,approved,2026-05-08,ManagerPortal
L02000,cert-enterprise-ai-safety,M033,approved,2026-05-18,ManagerPortal
L02001,cert-enterprise-ai-safety,M018,approved,2026-05-19,ManagerPortal
L02002,cert-enterprise-ai-safety,M035,approved,2026-05-23,ManagerPortal
L02003,cert-enterprise-ai-safety,M038,pending,,ManagerPortal
L02004,cert-enterprise-ai-safety,M029,approved,2026-05-28,ManagerPortal
L02005,cert-enterprise-ai-safety,M080,approved,2026-06-04,ManagerPortal
L02006,cert-enterprise-ai-safety,M066,approved,2026-06-02,ManagerPortal
L02007,cert-enterprise-ai-safety,M033,pending,,ManagerPortal
L02008,cert-enterprise-ai-safety,M043,approved,2026-04-24,ManagerPortal
L02009,cert-enterprise-ai-safety,M006,approved,2026-06-01,ManagerPortal
L02010,cert-enterprise-ai-safety,M058,approved,2026-05-08,ManagerPortal
L02011,cert-enterprise-ai-safety,M047,approved,2026-05-21,ManagerPortal
L02012,cert-enterprise-ai-safety,M042,approved,2026-05-01,ManagerPortal
L02013,cert-enterprise-ai-safety,M035,approved,2026-05-28,ManagerPortal
L02014,cert-enterprise-ai-safety,M067,approved,2026-06-06,ManagerPortal
L02015,cert-enterprise-ai-safety,M043,approved,2026-05-04,ManagerPortal
L02016,cert-enterprise-ai-safety,M075,pending,,ManagerPortal
L02017,cert-enterprise-ai-safety,M063,approved,2026-05-21,ManagerPortal
L02018,cert-enterprise-ai-safety,M003,pending,,ManagerPortal
L02019,cert-enterprise-ai-safety,M029,pending,,ManagerPortal
L02020,cert-enterprise-ai-safety,M035,pending,,ManagerPortal
L02021,cert-enterprise-ai-safety,M012,approved,2026-04-24,ManagerPortal
L02022,cert-enterprise-ai-safety,M001,approved,2026-05-02,ManagerPortal
L02023,cert-enterprise-ai-safety,M038,approved,2026-05-15,ManagerPortal
L02024,cert-enterprise-ai-safety,M044,approved,2026-06-05,ManagerPortal
L02025,cert-enterprise-ai-safety,M064,approved,2026-05-08,ManagerPortal
L02026,cert-enterprise-ai-safety,M035,approved,2026-04-25,ManagerPortal
L02027,cert-enterprise-ai-safety,M036,approved,2026-05-14,ManagerPortal
L02028,cert-enterprise-ai-safety,M039,approved,2026-06-02,ManagerPortal
L02029,cert-enterprise-ai-safety,M071,approved,2026-05-13,ManagerPortal
L02030,cert-enterprise-ai-safety,M062,approved,2026-05-20,ManagerPortal
L02031,cert-enterprise-ai-safety,M046,approved,2026-05-26,ManagerPortal
L02032,cert-enterprise-ai-safety,M013,approved,2026-06-03,ManagerPortal
L02033,cert-enterprise-ai-safety,M062,approved,2026-05-21,ManagerPortal
L02034,cert-enterprise-ai-safety,M065,approved,2026-06-05,ManagerPortal
L02035,cert-enterprise-ai-safety,M069,pending,,ManagerPortal
L02036,cert-enterprise-ai-safety,M027,approved,2026-04-25,ManagerPortal
L02037,cert-enterprise-ai-safety,M012,approved,2026-04-29,ManagerPortal
L02038,cert-enterprise-ai-safety,M042,approved,2026-05-29,ManagerPortal
L02039,cert-enterprise-ai-safety,M017,approved,2026-05-24,ManagerPortal
L02040,cert-enterprise-ai-safety,M065,approved,2026-05-27,ManagerPortal
L02041,cert-enterprise-ai-safety,M062,approved,2026-05-27,ManagerPortal
L02042,cert-enterprise-ai-safety,M020,approved,2026-05-27,ManagerPortal
L02043,cert-enterprise-ai-safety,M018,pending,,ManagerPortal
L02044,cert-enterprise-ai-safety,M014,approved,2026-05-07,ManagerPortal
L02045,cert-enterprise-ai-safety,M039,pending,,ManagerPortal
L02046,cert-enterprise-ai-safety,M026,approved,2026-05-21,ManagerPortal
L02047,cert-enterprise-ai-safety,M037,approved,2026-04-27,ManagerPortal
L02048,cert-enterprise-ai-safety,M022,pending,,ManagerPortal
L02049,cert-enterprise-ai-safety,M025,approved,2026-06-03,ManagerPortal
L02050,cert-enterprise-ai-safety,M056,approved,2026-05-03,ManagerPortal
L02051,cert-enterprise-ai-safety,M079,approved,2026-05-31,ManagerPortal
L02052,cert-enterprise-ai-safety,M065,approved,2026-05-12,ManagerPortal
L02053,cert-enterprise-ai-safety,M040,approved,2026-05-29,ManagerPortal
L02054,cert-enterprise-ai-safety,M029,approved,2026-04-27,ManagerPortal
L02055,cert-enterprise-ai-safety,M046,approved,2026-05-07,ManagerPortal
L02056,cert-enterprise-ai-safety,M032,pending,,ManagerPortal
L02057,cert-enterprise-ai-safety,M067,pending,,ManagerPortal
L02058,cert-enterprise-ai-safety,M054,pending,,ManagerPortal
L02059,cert-enterprise-ai-safety,M040,approved,2026-05-03,ManagerPortal
L02060,cert-enterprise-ai-safety,M080,approved,2026-05-08,ManagerPortal
L02061,cert-enterprise-ai-safety,M028,approved,2026-06-06,ManagerPortal
L02062,cert-enterprise-ai-safety,M040,pending,,ManagerPortal
L02063,cert-enterprise-ai-safety,M063,approved,2026-05-27,ManagerPortal
L02064,cert-enterprise-ai-safety,M050,approved,2026-06-06,ManagerPortal
L02065,cert-enterprise-ai-safety,M069,pending,,ManagerPortal
L02066,cert-enterprise-ai-safety,M056,approved,2026-06-06,ManagerPortal
L02067,cert-enterprise-ai-safety,M049,approved,2026-05-07,ManagerPortal
L02068,cert-enterprise-ai-safety,M033,approved,2026-04-28,ManagerPortal
L02069,cert-enterprise-ai-safety,M054,approved,2026-05-10,ManagerPortal
L02070,cert-enterprise-ai-safety,M062,approved,2026-05-16,ManagerPortal
L02071,cert-enterprise-ai-safety,M032,approved,2026-05-09,ManagerPortal
L02072,cert-enterprise-ai-safety,M027,approved,2026-05-19,ManagerPortal
L02073,cert-enterprise-ai-safety,M023,pending,,ManagerPortal
L02074,cert-enterprise-ai-safety,M003,pending,,ManagerPortal
L02075,cert-enterprise-ai-safety,M073,approved,2026-06-06,ManagerPortal
L02076,cert-enterprise-ai-safety,M047,approved,2026-05-05,ManagerPortal
L02077,cert-enterprise-ai-safety,M034,pending,,ManagerPortal
L02078,cert-enterprise-ai-safety,M068,approved,2026-05-19,ManagerPortal
L02079,cert-enterprise-ai-safety,M016,approved,2026-05-30,ManagerPortal
L02080,cert-enterprise-ai-safety,M057,approved,2026-04-26,ManagerPortal
L02081,cert-enterprise-ai-safety,M051,pending,,ManagerPortal
L02082,cert-enterprise-ai-safety,M067,approved,2026-05-06,ManagerPortal
L02083,cert-enterprise-ai-safety,M057,approved,2026-05-15,ManagerPortal
L02084,cert-enterprise-ai-safety,M076,approved,2026-04-27,ManagerPortal
L02085,cert-enterprise-ai-safety,M008,approved,2026-05-27,ManagerPortal
L02086,cert-enterprise-ai-safety,M020,pending,,ManagerPortal
L02087,cert-enterprise-ai-safety,M064,pending,,ManagerPortal
L02088,cert-enterprise-ai-safety,M069,approved,2026-05-14,ManagerPortal
L02089,cert-enterprise-ai-safety,M070,approved,2026-05-03,ManagerPortal
L02090,cert-enterprise-ai-safety,M002,approved,2026-06-04,ManagerPortal
L02091,cert-enterprise-ai-safety,M048,approved,2026-04-28,ManagerPortal
L02092,cert-enterprise-ai-safety,M017,approved,2026-04-30,ManagerPortal
L02093,cert-enterprise-ai-safety,M011,approved,2026-05-05,ManagerPortal
L02094,cert-enterprise-ai-safety,M024,approved,2026-05-02,ManagerPortal
L02095,cert-enterprise-ai-safety,M019,pending,,ManagerPortal
L02096,cert-enterprise-ai-safety,M056,approved,2026-05-11,ManagerPortal
L02097,cert-enterprise-ai-safety,M033,approved,2026-05-26,ManagerPortal
L02098,cert-enterprise-ai-safety,M027,approved,2026-05-08,ManagerPortal
L02099,cert-enterprise-ai-safety,M004,pending,,ManagerPortal
L02100,cert-enterprise-ai-safety,M039,approved,2026-05-14,ManagerPortal
L02101,cert-enterprise-ai-safety,M034,approved,2026-06-03,ManagerPortal
L02102,cert-enterprise-ai-safety,M061,approved,2026-06-06,ManagerPortal
L02103,cert-enterprise-ai-safety,M077,approved,2026-06-01,ManagerPortal
L02104,cert-enterprise-ai-safety,M004,approved,2026-04-23,ManagerPortal
L02105,cert-enterprise-ai-safety,M066,approved,2026-05-11,ManagerPortal
L02106,cert-enterprise-ai-safety,M043,pending,,ManagerPortal
L02107,cert-enterprise-ai-safety,M017,approved,2026-06-06,ManagerPortal
L02108,cert-enterprise-ai-safety,M061,approved,2026-06-01,ManagerPortal
L02109,cert-enterprise-ai-safety,M044,approved,2026-06-04,ManagerPortal
L02110,cert-enterprise-ai-safety,M014,approved,2026-05-29,ManagerPortal
L02111,cert-enterprise-ai-safety,M062,pending,,ManagerPortal
L02112,cert-enterprise-ai-safety,M022,approved,2026-06-01,ManagerPortal
L02113,cert-enterprise-ai-safety,M073,approved,2026-05-06,ManagerPortal
L02114,cert-enterprise-ai-safety,M031,pending,,ManagerPortal
L02115,cert-enterprise-ai-safety,M073,approved,2026-05-17,ManagerPortal
L02116,cert-enterprise-ai-safety,M051,approved,2026-05-17,ManagerPortal
L02117,cert-enterprise-ai-safety,M025,approved,2026-05-05,ManagerPortal
L02118,cert-enterprise-ai-safety,M076,pending,,ManagerPortal
L02119,cert-enterprise-ai-safety,M014,approved,2026-06-03,ManagerPortal
L02120,cert-enterprise-ai-safety,M043,approved,2026-04-29,ManagerPortal
L02121,cert-enterprise-ai-safety,M060,pending,,ManagerPortal
L02122,cert-enterprise-ai-safety,M016,approved,2026-05-08,ManagerPortal
L02123,cert-enterprise-ai-safety,M029,approved,2026-05-08,ManagerPortal
L02124,cert-enterprise-ai-safety,M047,approved,2026-05-20,ManagerPortal
L02125,cert-enterprise-ai-safety,M004,approved,2026-04-23,ManagerPortal
L02126,cert-enterprise-ai-safety,M052,approved,2026-05-19,ManagerPortal
L02127,cert-enterprise-ai-safety,M027,approved,2026-04-29,ManagerPortal
L02128,cert-enterprise-ai-safety,M054,approved,2026-05-24,ManagerPortal
L02129,cert-enterprise-ai-safety,M080,approved,2026-05-21,ManagerPortal
L02130,cert-enterprise-ai-safety,M074,pending,,ManagerPortal
L02131,cert-enterprise-ai-safety,M028,pending,,ManagerPortal
L02132,cert-enterprise-ai-safety,M022,approved,2026-06-06,ManagerPortal
L02133,cert-enterprise-ai-safety,M052,approved,2026-06-04,ManagerPortal
L02134,cert-enterprise-ai-safety,M005,approved,2026-04-24,ManagerPortal
L02135,cert-enterprise-ai-safety,M036,approved,2026-06-01,ManagerPortal
L02136,cert-enterprise-ai-safety,M034,pending,,ManagerPortal
L02137,cert-enterprise-ai-safety,M015,pending,,ManagerPortal
L02138,cert-enterprise-ai-safety,M010,approved,2026-04-24,ManagerPortal
L02139,cert-enterprise-ai-safety,M044,approved,2026-05-29,ManagerPortal
L02140,cert-enterprise-ai-safety,M069,pending,,ManagerPortal
L02141,cert-enterprise-ai-safety,M047,pending,,ManagerPortal
L02142,cert-enterprise-ai-safety,M048,approved,2026-05-04,ManagerPortal
L02143,cert-enterprise-ai-safety,M024,approved,2026-06-04,ManagerPortal
L02144,cert-enterprise-ai-safety,M008,approved,2026-05-20,ManagerPortal
L02145,cert-enterprise-ai-safety,M069,approved,2026-05-22,ManagerPortal
L02146,cert-enterprise-ai-safety,M047,pending,,ManagerPortal
L02147,cert-enterprise-ai-safety,M015,approved,2026-05-16,ManagerPortal
L02148,cert-enterprise-ai-safety,M045,approved,2026-05-21,ManagerPortal
L02149,cert-enterprise-ai-safety,M053,approved,2026-05-30,ManagerPortal
L02150,cert-enterprise-ai-safety,M080,approved,2026-05-29,ManagerPortal
L02151,cert-enterprise-ai-safety,M018,approved,2026-06-06,ManagerPortal
L02152,cert-enterprise-ai-safety,M012,approved,2026-04-27,ManagerPortal
L02153,cert-enterprise-ai-safety,M037,approved,2026-05-05,ManagerPortal
L02154,cert-enterprise-ai-safety,M067,approved,2026-05-10,ManagerPortal
L02155,cert-enterprise-ai-safety,M005,approved,2026-05-24,ManagerPortal
L02156,cert-enterprise-ai-safety,M050,approved,2026-05-25,ManagerPortal
L02157,cert-enterprise-ai-safety,M043,pending,,ManagerPortal
L02158,cert-enterprise-ai-safety,M054,pending,,ManagerPortal
L02159,cert-enterprise-ai-safety,M053,pending,,ManagerPortal
L02160,cert-enterprise-ai-safety,M008,approved,2026-05-28,ManagerPortal
L02161,cert-enterprise-ai-safety,M044,approved,2026-05-08,ManagerPortal
L02162,cert-enterprise-ai-safety,M032,approved,2026-05-07,ManagerPortal
L02163,cert-enterprise-ai-safety,M069,pending,,ManagerPortal
L02164,cert-enterprise-ai-safety,M005,approved,2026-06-02,ManagerPortal
L02165,cert-enterprise-ai-safety,M007,approved,2026-05-04,ManagerPortal
L02166,cert-enterprise-ai-safety,M066,pending,,ManagerPortal
L02167,cert-enterprise-ai-safety,M010,pending,,ManagerPortal
L02168,cert-enterprise-ai-safety,M016,approved,2026-05-02,ManagerPortal
L02169,cert-enterprise-ai-safety,M041,approved,2026-04-28,ManagerPortal
L02170,cert-enterprise-ai-safety,M014,pending,,ManagerPortal
L02171,cert-enterprise-ai-safety,M007,approved,2026-05-13,ManagerPortal
L02172,cert-enterprise-ai-safety,M009,approved,2026-05-10,ManagerPortal
L02173,cert-enterprise-ai-safety,M047,approved,2026-05-23,ManagerPortal
L02174,cert-enterprise-ai-safety,M027,approved,2026-05-24,ManagerPortal
L02175,cert-enterprise-ai-safety,M047,approved,2026-05-06,ManagerPortal
L02176,cert-enterprise-ai-safety,M037,approved,2026-05-24,ManagerPortal
L02177,cert-enterprise-ai-safety,M036,approved,2026-05-25,ManagerPortal
L02178,cert-enterprise-ai-safety,M024,approved,2026-06-01,ManagerPortal
L02179,cert-enterprise-ai-safety,M078,approved,2026-06-02,ManagerPortal
L02180,cert-enterprise-ai-safety,M002,approved,2026-05-26,ManagerPortal
L02181,cert-enterprise-ai-safety,M069,pending,,ManagerPortal
L02182,cert-enterprise-ai-safety,M066,approved,2026-05-15,ManagerPortal
L02183,cert-enterprise-ai-safety,M035,approved,2026-05-31,ManagerPortal
L02184,cert-enterprise-ai-safety,M048,approved,2026-04-23,ManagerPortal
L02185,cert-enterprise-ai-safety,M051,approved,2026-05-30,ManagerPortal
L02186,cert-enterprise-ai-safety,M038,approved,2026-05-07,ManagerPortal
L02187,cert-enterprise-ai-safety,M020,approved,2026-05-14,ManagerPortal
L02188,cert-enterprise-ai-safety,M070,approved,2026-05-03,ManagerPortal
L02189,cert-enterprise-ai-safety,M060,approved,2026-05-21,ManagerPortal
L02190,cert-enterprise-ai-safety,M012,pending,,ManagerPortal
L02191,cert-enterprise-ai-safety,M009,approved,2026-05-19,ManagerPortal
L02192,cert-enterprise-ai-safety,M073,approved,2026-06-02,ManagerPortal
L02193,cert-enterprise-ai-safety,M025,approved,2026-05-28,ManagerPortal
L02194,cert-enterprise-ai-safety,M063,approved,2026-04-29,ManagerPortal
L02195,cert-enterprise-ai-safety,M040,approved,2026-05-13,ManagerPortal
L02196,cert-enterprise-ai-safety,M046,approved,2026-05-06,ManagerPortal
L02197,cert-enterprise-ai-safety,M008,approved,2026-05-10,ManagerPortal
L02198,cert-enterprise-ai-safety,M069,approved,2026-05-16,ManagerPortal
L02199,cert-enterprise-ai-safety,M010,approved,2026-05-17,ManagerPortal
L02200,cert-enterprise-ai-safety,M052,approved,2026-06-03,ManagerPortal
L02201,cert-enterprise-ai-safety,M008,approved,2026-05-27,ManagerPortal
L02202,cert-enterprise-ai-safety,M024,approved,2026-05-30,ManagerPortal
L02203,cert-enterprise-ai-safety,M064,pending,,ManagerPortal
L02204,cert-enterprise-ai-safety,M071,approved,2026-05-10,ManagerPortal
L02205,cert-enterprise-ai-safety,M064,approved,2026-05-05,ManagerPortal
L02206,cert-enterprise-ai-safety,M072,pending,,ManagerPortal
L02207,cert-enterprise-ai-safety,M039,approved,2026-06-01,ManagerPortal
L02208,cert-enterprise-ai-safety,M044,pending,,ManagerPortal
L02209,cert-enterprise-ai-safety,M013,approved,2026-04-28,ManagerPortal
L02210,cert-enterprise-ai-safety,M067,approved,2026-05-15,ManagerPortal
L02211,cert-enterprise-ai-safety,M031,pending,,ManagerPortal
L02212,cert-enterprise-ai-safety,M024,approved,2026-06-02,ManagerPortal
L02213,cert-enterprise-ai-safety,M070,approved,2026-05-25,ManagerPortal
L02214,cert-enterprise-ai-safety,M061,approved,2026-05-31,ManagerPortal
L02215,cert-enterprise-ai-safety,M024,approved,2026-05-22,ManagerPortal
L02216,cert-enterprise-ai-safety,M010,approved,2026-05-21,ManagerPortal
L02217,cert-enterprise-ai-safety,M060,pending,,ManagerPortal
L02218,cert-enterprise-ai-safety,M048,approved,2026-05-12,ManagerPortal
L02219,cert-enterprise-ai-safety,M062,pending,,ManagerPortal
L02220,cert-enterprise-ai-safety,M076,approved,2026-05-01,ManagerPortal
L02221,cert-enterprise-ai-safety,M054,approved,2026-04-25,ManagerPortal
L02222,cert-enterprise-ai-safety,M071,approved,2026-05-28,ManagerPortal
L02223,cert-enterprise-ai-safety,M079,approved,2026-05-25,ManagerPortal
L02224,cert-enterprise-ai-safety,M049,pending,,ManagerPortal
L02225,cert-enterprise-ai-safety,M068,approved,2026-06-04,ManagerPortal
L02226,cert-enterprise-ai-safety,M014,approved,2026-05-24,ManagerPortal
L02227,cert-enterprise-ai-safety,M045,approved,2026-05-05,ManagerPortal
L02228,cert-enterprise-ai-safety,M071,approved,2026-04-29,ManagerPortal
L02229,cert-enterprise-ai-safety,M003,pending,,ManagerPortal
L02230,cert-enterprise-ai-safety,M073,approved,2026-04-30,ManagerPortal
L02231,cert-enterprise-ai-safety,M062,pending,,ManagerPortal
L02232,cert-enterprise-ai-safety,M009,approved,2026-05-19,ManagerPortal
L02233,cert-enterprise-ai-safety,M035,approved,2026-05-26,ManagerPortal
L02234,cert-enterprise-ai-safety,M012,pending,,ManagerPortal
L02235,cert-enterprise-ai-safety,M014,approved,2026-04-30,ManagerPortal
L02236,cert-enterprise-ai-safety,M066,approved,2026-04-24,ManagerPortal
L02237,cert-enterprise-ai-safety,M045,approved,2026-05-05,ManagerPortal
L02238,cert-enterprise-ai-safety,M075,pending,,ManagerPortal
L02239,cert-enterprise-ai-safety,M074,approved,2026-06-06,ManagerPortal
L02240,cert-enterprise-ai-safety,M042,approved,2026-05-17,ManagerPortal
L02241,cert-enterprise-ai-safety,M030,pending,,ManagerPortal
L02242,cert-enterprise-ai-safety,M038,pending,,ManagerPortal
L02243,cert-enterprise-ai-safety,M025,approved,2026-06-01,ManagerPortal
L02244,cert-enterprise-ai-safety,M024,approved,2026-05-25,ManagerPortal
L02245,cert-enterprise-ai-safety,M025,pending,,ManagerPortal
L02246,cert-enterprise-ai-safety,M069,approved,2026-05-06,ManagerPortal
L02247,cert-enterprise-ai-safety,M018,approved,2026-05-21,ManagerPortal
L02248,cert-enterprise-ai-safety,M030,approved,2026-05-27,ManagerPortal
L02249,cert-enterprise-ai-safety,M041,approved,2026-05-01,ManagerPortal
L02250,cert-enterprise-ai-safety,M026,approved,2026-05-22,ManagerPortal
L02251,cert-enterprise-ai-safety,M035,pending,,ManagerPortal
L02252,cert-enterprise-ai-safety,M027,approved,2026-05-29,ManagerPortal
L02253,cert-enterprise-ai-safety,M054,pending,,ManagerPortal
L02254,cert-enterprise-ai-safety,M048,pending,,ManagerPortal
L02255,cert-enterprise-ai-safety,M057,approved,2026-05-21,ManagerPortal
L02256,cert-enterprise-ai-safety,M075,approved,2026-05-01,ManagerPortal
L02257,cert-enterprise-ai-safety,M031,pending,,ManagerPortal
L02258,cert-enterprise-ai-safety,M045,approved,2026-05-08,ManagerPortal
L02259,cert-enterprise-ai-safety,M020,approved,2026-05-12,ManagerPortal
L02260,cert-enterprise-ai-safety,M029,approved,2026-05-03,ManagerPortal
L02261,cert-enterprise-ai-safety,M067,pending,,ManagerPortal
L02262,cert-enterprise-ai-safety,M037,pending,,ManagerPortal
L02263,cert-enterprise-ai-safety,M075,pending,,ManagerPortal
L02264,cert-enterprise-ai-safety,M065,pending,,ManagerPortal
L02265,cert-enterprise-ai-safety,M049,pending,,ManagerPortal
L02266,cert-enterprise-ai-safety,M054,approved,2026-05-05,ManagerPortal
L02267,cert-enterprise-ai-safety,M050,approved,2026-05-29,ManagerPortal
L02268,cert-enterprise-ai-safety,M069,approved,2026-06-01,ManagerPortal
L02269,cert-enterprise-ai-safety,M043,approved,2026-04-28,ManagerPortal
L02270,cert-enterprise-ai-safety,M013,pending,,ManagerPortal
L02271,cert-enterprise-ai-safety,M025,approved,2026-05-01,ManagerPortal
L02272,cert-enterprise-ai-safety,M003,approved,2026-06-05,ManagerPortal
L02273,cert-enterprise-ai-safety,M011,approved,2026-04-24,ManagerPortal
L02274,cert-enterprise-ai-safety,M022,approved,2026-05-21,ManagerPortal
L02275,cert-enterprise-ai-safety,M034,approved,2026-05-26,ManagerPortal
L02276,cert-enterprise-ai-safety,M043,approved,2026-05-09,ManagerPortal
L02277,cert-enterprise-ai-safety,M026,approved,2026-05-31,ManagerPortal
L02278,cert-enterprise-ai-safety,M010,approved,2026-05-08,ManagerPortal
L02279,cert-enterprise-ai-safety,M038,pending,,ManagerPortal
L02280,cert-enterprise-ai-safety,M020,approved,2026-05-29,ManagerPortal
L02281,cert-enterprise-ai-safety,M037,approved,2026-05-06,ManagerPortal
L02282,cert-enterprise-ai-safety,M003,approved,2026-06-02,ManagerPortal
L02283,cert-enterprise-ai-safety,M029,pending,,ManagerPortal
L02284,cert-enterprise-ai-safety,M053,approved,2026-05-03,ManagerPortal
L02285,cert-enterprise-ai-safety,M074,pending,,ManagerPortal
L02286,cert-enterprise-ai-safety,M037,approved,2026-05-24,ManagerPortal
L02287,cert-enterprise-ai-safety,M035,approved,2026-05-18,ManagerPortal
L02288,cert-enterprise-ai-safety,M077,approved,2026-04-24,ManagerPortal
L02289,cert-enterprise-ai-safety,M067,pending,,ManagerPortal
L02290,cert-enterprise-ai-safety,M043,approved,2026-05-05,ManagerPortal
L02291,cert-enterprise-ai-safety,M006,pending,,ManagerPortal
L02292,cert-enterprise-ai-safety,M041,approved,2026-05-23,ManagerPortal
L02293,cert-enterprise-ai-safety,M012,approved,2026-06-01,ManagerPortal
L02294,cert-enterprise-ai-safety,M012,approved,2026-05-16,ManagerPortal
L02295,cert-enterprise-ai-safety,M018,approved,2026-05-23,ManagerPortal
L02296,cert-enterprise-ai-safety,M052,approved,2026-04-27,ManagerPortal
L02297,cert-enterprise-ai-safety,M010,approved,2026-04-25,ManagerPortal
L02298,cert-enterprise-ai-safety,M028,approved,2026-05-03,ManagerPortal
L02299,cert-enterprise-ai-safety,M073,approved,2026-04-29,ManagerPortal
L02300,cert-enterprise-ai-safety,M016,approved,2026-05-18,ManagerPortal
L02301,cert-enterprise-ai-safety,M075,pending,,ManagerPortal
L02302,cert-enterprise-ai-safety,M053,approved,2026-05-21,ManagerPortal
L02303,cert-enterprise-ai-safety,M008,approved,2026-05-28,ManagerPortal
L02304,cert-enterprise-ai-safety,M012,pending,,ManagerPortal
L02305,cert-enterprise-ai-safety,M015,approved,2026-05-27,ManagerPortal
L02306,cert-enterprise-ai-safety,M073,approved,2026-06-05,ManagerPortal
L02307,cert-enterprise-ai-safety,M017,approved,2026-04-27,ManagerPortal
L02308,cert-enterprise-ai-safety,M006,approved,2026-05-28,ManagerPortal
L02309,cert-enterprise-ai-safety,M018,pending,,ManagerPortal
L02310,cert-enterprise-ai-safety,M016,pending,,ManagerPortal
L02311,cert-enterprise-ai-safety,M051,pending,,ManagerPortal
L02312,cert-enterprise-ai-safety,M039,pending,,ManagerPortal
L02313,cert-enterprise-ai-safety,M031,approved,2026-05-15,ManagerPortal
L02314,cert-enterprise-ai-safety,M020,approved,2026-04-30,ManagerPortal
L02315,cert-enterprise-ai-safety,M040,approved,2026-05-30,ManagerPortal
L02316,cert-enterprise-ai-safety,M027,approved,2026-05-18,ManagerPortal
L02317,cert-enterprise-ai-safety,M029,approved,2026-05-24,ManagerPortal
L02318,cert-enterprise-ai-safety,M009,approved,2026-05-23,ManagerPortal
L02319,cert-enterprise-ai-safety,M078,approved,2026-05-12,ManagerPortal
L02320,cert-enterprise-ai-safety,M061,approved,2026-04-29,ManagerPortal
L02321,cert-enterprise-ai-safety,M078,approved,2026-05-14,ManagerPortal
L02322,cert-enterprise-ai-safety,M070,approved,2026-05-24,ManagerPortal
L02323,cert-enterprise-ai-safety,M006,approved,2026-05-04,ManagerPortal
L02324,cert-enterprise-ai-safety,M023,approved,2026-05-25,ManagerPortal
L02325,cert-enterprise-ai-safety,M060,approved,2026-05-28,ManagerPortal
L02326,cert-enterprise-ai-safety,M040,approved,2026-05-29,ManagerPortal
L02327,cert-enterprise-ai-safety,M049,approved,2026-04-23,ManagerPortal
L02328,cert-enterprise-ai-safety,M073,approved,2026-06-05,ManagerPortal
L02329,cert-enterprise-ai-safety,M045,approved,2026-04-30,ManagerPortal
L02330,cert-enterprise-ai-safety,M078,approved,2026-05-08,ManagerPortal
L02331,cert-enterprise-ai-safety,M076,approved,2026-04-29,ManagerPortal
L02332,cert-enterprise-ai-safety,M044,approved,2026-05-20,ManagerPortal
L02333,cert-enterprise-ai-safety,M044,approved,2026-04-29,ManagerPortal
L02334,cert-enterprise-ai-safety,M013,approved,2026-04-27,ManagerPortal
L02335,cert-enterprise-ai-safety,M024,approved,2026-05-16,ManagerPortal
L02336,cert-enterprise-ai-safety,M060,approved,2026-04-26,ManagerPortal
L02337,cert-enterprise-ai-safety,M021,approved,2026-06-01,ManagerPortal
L02338,cert-enterprise-ai-safety,M074,pending,,ManagerPortal
L02339,cert-enterprise-ai-safety,M029,approved,2026-05-05,ManagerPortal
L02340,cert-enterprise-ai-safety,M028,pending,,ManagerPortal
L02341,cert-enterprise-ai-safety,M024,approved,2026-04-26,ManagerPortal
L02342,cert-enterprise-ai-safety,M013,approved,2026-05-09,ManagerPortal
L02343,cert-enterprise-ai-safety,M059,approved,2026-05-17,ManagerPortal
L02344,cert-enterprise-ai-safety,M031,approved,2026-05-04,ManagerPortal
L02345,cert-enterprise-ai-safety,M028,pending,,ManagerPortal
L02346,cert-enterprise-ai-safety,M063,approved,2026-05-31,ManagerPortal
L02347,cert-enterprise-ai-safety,M035,approved,2026-04-25,ManagerPortal
L02348,cert-enterprise-ai-safety,M066,approved,2026-05-24,ManagerPortal
L02349,cert-enterprise-ai-safety,M001,pending,,ManagerPortal
L02350,cert-enterprise-ai-safety,M060,approved,2026-05-10,ManagerPortal
L02351,cert-enterprise-ai-safety,M053,approved,2026-04-30,ManagerPortal
L02352,cert-enterprise-ai-safety,M065,pending,,ManagerPortal
L02353,cert-enterprise-ai-safety,M068,pending,,ManagerPortal
L02354,cert-enterprise-ai-safety,M073,approved,2026-06-01,ManagerPortal
L02355,cert-enterprise-ai-safety,M066,pending,,ManagerPortal
L02356,cert-enterprise-ai-safety,M077,approved,2026-05-04,ManagerPortal
L02357,cert-enterprise-ai-safety,M008,approved,2026-05-02,ManagerPortal
L02358,cert-enterprise-ai-safety,M066,approved,2026-06-05,ManagerPortal
L02359,cert-enterprise-ai-safety,M006,approved,2026-05-15,ManagerPortal
L02360,cert-enterprise-ai-safety,M004,approved,2026-06-04,ManagerPortal
L02361,cert-enterprise-ai-safety,M080,approved,2026-04-30,ManagerPortal
L02362,cert-enterprise-ai-safety,M039,approved,2026-06-01,ManagerPortal
L02363,cert-enterprise-ai-safety,M031,approved,2026-05-22,ManagerPortal
L02364,cert-enterprise-ai-safety,M045,approved,2026-05-30,ManagerPortal
L02365,cert-enterprise-ai-safety,M026,approved,2026-05-17,ManagerPortal
L02366,cert-enterprise-ai-safety,M075,approved,2026-05-04,ManagerPortal
L02367,cert-enterprise-ai-safety,M046,approved,2026-05-13,ManagerPortal
L02368,cert-enterprise-ai-safety,M025,approved,2026-05-21,ManagerPortal
L02369,cert-enterprise-ai-safety,M076,approved,2026-05-23,ManagerPortal
L02370,cert-enterprise-ai-safety,M024,approved,2026-06-06,ManagerPortal
L02371,cert-enterprise-ai-safety,M034,approved,2026-05-29,ManagerPortal
L02372,cert-enterprise-ai-safety,M004,approved,2026-05-31,ManagerPortal
L02373,cert-enterprise-ai-safety,M077,approved,2026-05-25,ManagerPortal
L02374,cert-enterprise-ai-safety,M002,pending,,ManagerPortal
L02375,cert-enterprise-ai-safety,M075,pending,,ManagerPortal
L02376,cert-enterprise-ai-safety,M002,approved,2026-05-14,ManagerPortal
L02377,cert-enterprise-ai-safety,M009,approved,2026-04-23,ManagerPortal
L02378,cert-enterprise-ai-safety,M012,approved,2026-04-25,ManagerPortal
L02379,cert-enterprise-ai-safety,M073,approved,2026-05-17,ManagerPortal
L02380,cert-enterprise-ai-safety,M064,approved,2026-05-23,ManagerPortal
L02381,cert-enterprise-ai-safety,M009,approved,2026-06-05,ManagerPortal
L02382,cert-enterprise-ai-safety,M069,approved,2026-05-12,ManagerPortal
L02383,cert-enterprise-ai-safety,M027,approved,2026-06-04,ManagerPortal
L02384,cert-enterprise-ai-safety,M009,approved,2026-04-28,ManagerPortal
L02385,cert-enterprise-ai-safety,M079,approved,2026-05-15,ManagerPortal
L02386,cert-enterprise-ai-safety,M068,pending,,ManagerPortal
L02387,cert-enterprise-ai-safety,M012,approved,2026-05-02,ManagerPortal
L02388,cert-enterprise-ai-safety,M066,approved,2026-06-06,ManagerPortal
L02389,cert-enterprise-ai-safety,M040,approved,2026-05-13,ManagerPortal
L02390,cert-enterprise-ai-safety,M008,approved,2026-05-18,ManagerPortal
L02391,cert-enterprise-ai-safety,M069,approved,2026-04-23,ManagerPortal
L02392,cert-enterprise-ai-safety,M047,approved,2026-05-03,ManagerPortal
L02393,cert-enterprise-ai-safety,M077,approved,2026-04-23,ManagerPortal
L02394,cert-enterprise-ai-safety,M066,approved,2026-05-14,ManagerPortal
L02395,cert-enterprise-ai-safety,M060,approved,2026-05-28,ManagerPortal
L02396,cert-enterprise-ai-safety,M033,approved,2026-04-27,ManagerPortal
L02397,cert-enterprise-ai-safety,M078,approved,2026-05-09,ManagerPortal
L02398,cert-enterprise-ai-safety,M001,approved,2026-04-29,ManagerPortal
L02399,cert-enterprise-ai-safety,M051,pending,,ManagerPortal
L02400,cert-enterprise-ai-safety,M049,approved,2026-05-11,ManagerPortal
L02401,cert-enterprise-ai-safety,M058,pending,,ManagerPortal
L02402,cert-enterprise-ai-safety,M070,approved,2026-04-29,ManagerPortal
L02403,cert-enterprise-ai-safety,M009,approved,2026-04-29,ManagerPortal
L02404,cert-enterprise-ai-safety,M067,approved,2026-05-14,ManagerPortal
L02405,cert-enterprise-ai-safety,M047,approved,2026-05-04,ManagerPortal
L02406,cert-enterprise-ai-safety,M025,pending,,ManagerPortal
L02407,cert-enterprise-ai-safety,M063,approved,2026-05-09,ManagerPortal
L02408,cert-enterprise-ai-safety,M039,approved,2026-05-13,ManagerPortal
L02409,cert-enterprise-ai-safety,M080,approved,2026-04-26,ManagerPortal
L02410,cert-enterprise-ai-safety,M060,approved,2026-05-19,ManagerPortal
L02411,cert-enterprise-ai-safety,M067,approved,2026-06-03,ManagerPortal
L02412,cert-enterprise-ai-safety,M055,pending,,ManagerPortal
L02413,cert-enterprise-ai-safety,M073,approved,2026-05-13,ManagerPortal
L02414,cert-enterprise-ai-safety,M078,approved,2026-05-25,ManagerPortal
L02415,cert-enterprise-ai-safety,M002,approved,2026-05-28,ManagerPortal
L02416,cert-enterprise-ai-safety,M002,approved,2026-06-06,ManagerPortal
L02417,cert-enterprise-ai-safety,M021,approved,2026-05-08,ManagerPortal
L02418,cert-enterprise-ai-safety,M041,approved,2026-05-20,ManagerPortal
L02419,cert-enterprise-ai-safety,M014,approved,2026-05-04,ManagerPortal
L02420,cert-enterprise-ai-safety,M020,pending,,ManagerPortal
L02421,cert-enterprise-ai-safety,M042,approved,2026-05-30,ManagerPortal
L02422,cert-enterprise-ai-safety,M062,approved,2026-05-31,ManagerPortal
L02423,cert-enterprise-ai-safety,M029,pending,,ManagerPortal
L02424,cert-enterprise-ai-safety,M048,pending,,ManagerPortal
L02425,cert-enterprise-ai-safety,M010,approved,2026-05-27,ManagerPortal
L02426,cert-enterprise-ai-safety,M045,pending,,ManagerPortal
L02427,cert-enterprise-ai-safety,M076,approved,2026-05-29,ManagerPortal
L02428,cert-enterprise-ai-safety,M006,approved,2026-06-04,ManagerPortal
L02429,cert-enterprise-ai-safety,M021,approved,2026-06-06,ManagerPortal
L02430,cert-enterprise-ai-safety,M032,pending,,ManagerPortal
L02431,cert-enterprise-ai-safety,M079,approved,2026-05-09,ManagerPortal
L02432,cert-enterprise-ai-safety,M017,approved,2026-05-21,ManagerPortal
L02433,cert-enterprise-ai-safety,M025,pending,,ManagerPortal
L02434,cert-enterprise-ai-safety,M067,approved,2026-04-23,ManagerPortal
L02435,cert-enterprise-ai-safety,M036,pending,,ManagerPortal
L02436,cert-enterprise-ai-safety,M005,approved,2026-05-25,ManagerPortal
L02437,cert-enterprise-ai-safety,M033,approved,2026-05-14,ManagerPortal
L02438,cert-enterprise-ai-safety,M063,pending,,ManagerPortal
L02439,cert-enterprise-ai-safety,M031,pending,,ManagerPortal
L02440,cert-enterprise-ai-safety,M025,approved,2026-05-21,ManagerPortal
L02441,cert-enterprise-ai-safety,M033,approved,2026-05-07,ManagerPortal
L02442,cert-enterprise-ai-safety,M079,approved,2026-04-28,ManagerPortal
L02443,cert-enterprise-ai-safety,M043,pending,,ManagerPortal
L02444,cert-enterprise-ai-safety,M002,approved,2026-04-25,ManagerPortal
L02445,cert-enterprise-ai-safety,M080,approved,2026-05-08,ManagerPortal
L02446,cert-enterprise-ai-safety,M057,approved,2026-05-11,ManagerPortal
L02447,cert-enterprise-ai-safety,M042,approved,2026-04-24,ManagerPortal
L02448,cert-enterprise-ai-safety,M012,approved,2026-05-17,ManagerPortal
L02449,cert-enterprise-ai-safety,M044,approved,2026-05-23,ManagerPortal
L02450,cert-enterprise-ai-safety,M036,approved,2026-06-01,ManagerPortal
L02451,cert-enterprise-ai-safety,M014,approved,2026-05-28,ManagerPortal
L02452,cert-enterprise-ai-safety,M019,pending,,ManagerPortal
L02453,cert-enterprise-ai-safety,M022,approved,2026-05-10,ManagerPortal
L02454,cert-enterprise-ai-safety,M063,approved,2026-05-17,ManagerPortal
L02455,cert-enterprise-ai-safety,M064,approved,2026-04-30,ManagerPortal
L02456,cert-enterprise-ai-safety,M008,approved,2026-05-28,ManagerPortal
L02457,cert-enterprise-ai-safety,M013,approved,2026-05-04,ManagerPortal
L02458,cert-enterprise-ai-safety,M030,pending,,ManagerPortal
L02459,cert-enterprise-ai-safety,M015,pending,,ManagerPortal
L02460,cert-enterprise-ai-safety,M063,approved,2026-05-27,ManagerPortal
L02461,cert-enterprise-ai-safety,M055,approved,2026-04-24,ManagerPortal
L02462,cert-enterprise-ai-safety,M016,approved,2026-05-01,ManagerPortal
L02463,cert-enterprise-ai-safety,M065,approved,2026-05-16,ManagerPortal
L02464,cert-enterprise-ai-safety,M039,approved,2026-05-21,ManagerPortal
L02465,cert-enterprise-ai-safety,M053,approved,2026-06-02,ManagerPortal
L02466,cert-enterprise-ai-safety,M075,approved,2026-05-14,ManagerPortal
L02467,cert-enterprise-ai-safety,M062,approved,2026-05-05,ManagerPortal
L02468,cert-enterprise-ai-safety,M036,approved,2026-04-23,ManagerPortal
L02469,cert-enterprise-ai-safety,M019,pending,,ManagerPortal
L02470,cert-enterprise-ai-safety,M072,pending,,ManagerPortal
L02471,cert-enterprise-ai-safety,M061,pending,,ManagerPortal
L02472,cert-enterprise-ai-safety,M020,approved,2026-04-26,ManagerPortal
L02473,cert-enterprise-ai-safety,M014,pending,,ManagerPortal
L02474,cert-enterprise-ai-safety,M051,approved,2026-05-31,ManagerPortal
L02475,cert-enterprise-ai-safety,M072,approved,2026-04-29,ManagerPortal
L02476,cert-enterprise-ai-safety,M043,approved,2026-05-31,ManagerPortal
L02477,cert-enterprise-ai-safety,M025,approved,2026-05-02,ManagerPortal
L02478,cert-enterprise-ai-safety,M059,approved,2026-05-04,ManagerPortal
L02479,cert-enterprise-ai-safety,M017,approved,2026-06-06,ManagerPortal
L02480,cert-enterprise-ai-safety,M062,pending,,ManagerPortal
L02481,cert-enterprise-ai-safety,M044,approved,2026-05-13,ManagerPortal
L02482,cert-enterprise-ai-safety,M056,approved,2026-05-11,ManagerPortal
L02483,cert-enterprise-ai-safety,M016,approved,2026-05-27,ManagerPortal
L02484,cert-enterprise-ai-safety,M023,approved,2026-04-29,ManagerPortal
L02485,cert-enterprise-ai-safety,M079,approved,2026-05-18,ManagerPortal
L02486,cert-enterprise-ai-safety,M029,approved,2026-05-19,ManagerPortal
L02487,cert-enterprise-ai-safety,M032,approved,2026-04-23,ManagerPortal
L02488,cert-enterprise-ai-safety,M007,approved,2026-04-24,ManagerPortal
L02489,cert-enterprise-ai-safety,M054,approved,2026-05-13,ManagerPortal
L02490,cert-enterprise-ai-safety,M054,approved,2026-05-22,ManagerPortal
L02491,cert-enterprise-ai-safety,M071,approved,2026-04-25,ManagerPortal
L02492,cert-enterprise-ai-safety,M063,approved,2026-05-31,ManagerPortal
L02493,cert-enterprise-ai-safety,M005,approved,2026-05-22,ManagerPortal
L02494,cert-enterprise-ai-safety,M038,approved,2026-05-17,ManagerPortal
L02495,cert-enterprise-ai-safety,M012,approved,2026-05-24,ManagerPortal
L02496,cert-enterprise-ai-safety,M050,pending,,ManagerPortal
L02497,cert-enterprise-ai-safety,M034,approved,2026-06-06,ManagerPortal
L02498,cert-enterprise-ai-safety,M056,approved,2026-06-02,ManagerPortal
L02499,cert-enterprise-ai-safety,M016,approved,2026-04-29,ManagerPortal
L02500,cert-enterprise-ai-safety,M004,pending,,ManagerPortal
L02501,cert-enterprise-ai-safety,M057,pending,,ManagerPortal
L02502,cert-enterprise-ai-safety,M061,pending,,ManagerPortal
L02503,cert-enterprise-ai-safety,M075,pending,,ManagerPortal
L02504,cert-enterprise-ai-safety,M067,pending,,ManagerPortal
L02505,cert-enterprise-ai-safety,M006,approved,2026-06-06,ManagerPortal
L02506,cert-enterprise-ai-safety,M057,approved,2026-05-03,ManagerPortal
L02507,cert-enterprise-ai-safety,M073,pending,,ManagerPortal
L02508,cert-enterprise-ai-safety,M026,approved,2026-06-01,ManagerPortal
L02509,cert-enterprise-ai-safety,M075,pending,,ManagerPortal
L02510,cert-enterprise-ai-safety,M075,approved,2026-05-03,ManagerPortal
L02511,cert-enterprise-ai-safety,M065,pending,,ManagerPortal
L02512,cert-enterprise-ai-safety,M003,pending,,ManagerPortal
L02513,cert-enterprise-ai-safety,M067,approved,2026-05-13,ManagerPortal
L02514,cert-enterprise-ai-safety,M070,approved,2026-05-04,ManagerPortal
L02515,cert-enterprise-ai-safety,M007,approved,2026-05-22,ManagerPortal
L02516,cert-enterprise-ai-safety,M022,pending,,ManagerPortal
L02517,cert-enterprise-ai-safety,M011,approved,2026-06-02,ManagerPortal
L02518,cert-enterprise-ai-safety,M004,pending,,ManagerPortal
L02519,cert-enterprise-ai-safety,M042,approved,2026-05-19,ManagerPortal
L02520,cert-enterprise-ai-safety,M034,pending,,ManagerPortal
L02521,cert-enterprise-ai-safety,M026,approved,2026-05-02,ManagerPortal
L02522,cert-enterprise-ai-safety,M077,pending,,ManagerPortal
L02523,cert-enterprise-ai-safety,M026,approved,2026-04-27,ManagerPortal
L02524,cert-enterprise-ai-safety,M038,pending,,ManagerPortal
L02525,cert-enterprise-ai-safety,M036,approved,2026-05-16,ManagerPortal
L02526,cert-enterprise-ai-safety,M038,approved,2026-04-26,ManagerPortal
L02527,cert-enterprise-ai-safety,M020,approved,2026-05-24,ManagerPortal
L02528,cert-enterprise-ai-safety,M046,approved,2026-05-23,ManagerPortal
L02529,cert-enterprise-ai-safety,M076,pending,,ManagerPortal
L02530,cert-enterprise-ai-safety,M065,approved,2026-05-09,ManagerPortal
L02531,cert-enterprise-ai-safety,M027,pending,,ManagerPortal
L02532,cert-enterprise-ai-safety,M053,approved,2026-05-03,ManagerPortal
L02533,cert-enterprise-ai-safety,M034,approved,2026-05-09,ManagerPortal
L02534,cert-enterprise-ai-safety,M025,pending,,ManagerPortal
L02535,cert-enterprise-ai-safety,M056,approved,2026-05-14,ManagerPortal
L02536,cert-enterprise-ai-safety,M058,approved,2026-05-13,ManagerPortal
L02537,cert-enterprise-ai-safety,M064,pending,,ManagerPortal
L02538,cert-enterprise-ai-safety,M033,approved,2026-05-29,ManagerPortal
L02539,cert-enterprise-ai-safety,M024,pending,,ManagerPortal
L02540,cert-enterprise-ai-safety,M061,approved,2026-05-14,ManagerPortal
L02541,cert-enterprise-ai-safety,M039,approved,2026-05-31,ManagerPortal
L02542,cert-enterprise-ai-safety,M068,pending,,ManagerPortal
L02543,cert-enterprise-ai-safety,M074,approved,2026-06-05,ManagerPortal
L02544,cert-enterprise-ai-safety,M057,approved,2026-06-01,ManagerPortal
L02545,cert-enterprise-ai-safety,M054,pending,,ManagerPortal
L02546,cert-enterprise-ai-safety,M036,pending,,ManagerPortal
L02547,cert-enterprise-ai-safety,M065,pending,,ManagerPortal
L02548,cert-enterprise-ai-safety,M003,approved,2026-04-30,ManagerPortal
L02549,cert-enterprise-ai-safety,M042,approved,2026-06-04,ManagerPortal
L02550,cert-enterprise-ai-safety,M050,approved,2026-05-29,ManagerPortal
L02551,cert-enterprise-ai-safety,M002,approved,2026-05-21,ManagerPortal
L02552,cert-enterprise-ai-safety,M067,approved,2026-05-17,ManagerPortal
L02553,cert-enterprise-ai-safety,M014,pending,,ManagerPortal
L02554,cert-enterprise-ai-safety,M008,approved,2026-05-08,ManagerPortal
L02555,cert-enterprise-ai-safety,M019,approved,2026-05-14,ManagerPortal
L02556,cert-enterprise-ai-safety,M028,approved,2026-05-01,ManagerPortal
L02557,cert-enterprise-ai-safety,M042,approved,2026-04-23,ManagerPortal
L02558,cert-enterprise-ai-safety,M014,approved,2026-05-28,ManagerPortal
L02559,cert-enterprise-ai-safety,M039,approved,2026-05-18,ManagerPortal
L02560,cert-enterprise-ai-safety,M075,approved,2026-05-19,ManagerPortal
L02561,cert-enterprise-ai-safety,M017,pending,,ManagerPortal
L02562,cert-enterprise-ai-safety,M035,approved,2026-04-28,ManagerPortal
L02563,cert-enterprise-ai-safety,M004,approved,2026-04-26,ManagerPortal
L02564,cert-enterprise-ai-safety,M066,approved,2026-05-19,ManagerPortal
L02565,cert-enterprise-ai-safety,M077,approved,2026-05-04,ManagerPortal
L02566,cert-enterprise-ai-safety,M080,pending,,ManagerPortal
L02567,cert-enterprise-ai-safety,M052,approved,2026-05-22,ManagerPortal
L02568,cert-enterprise-ai-safety,M047,pending,,ManagerPortal
L02569,cert-enterprise-ai-safety,M005,approved,2026-05-30,ManagerPortal
L02570,cert-enterprise-ai-safety,M063,approved,2026-05-22,ManagerPortal
L02571,cert-enterprise-ai-safety,M038,approved,2026-04-29,ManagerPortal
L02572,cert-enterprise-ai-safety,M021,pending,,ManagerPortal
L02573,cert-enterprise-ai-safety,M029,approved,2026-05-05,ManagerPortal
L02574,cert-enterprise-ai-safety,M034,pending,,ManagerPortal
L02575,cert-enterprise-ai-safety,M068,approved,2026-05-31,ManagerPortal
L02576,cert-enterprise-ai-safety,M039,approved,2026-05-27,ManagerPortal
L02577,cert-enterprise-ai-safety,M055,approved,2026-05-03,ManagerPortal
L02578,cert-enterprise-ai-safety,M068,pending,,ManagerPortal
L02579,cert-enterprise-ai-safety,M055,approved,2026-05-01,ManagerPortal
L02580,cert-enterprise-ai-safety,M055,approved,2026-05-02,ManagerPortal
L02581,cert-enterprise-ai-safety,M027,approved,2026-05-25,ManagerPortal
L02582,cert-enterprise-ai-safety,M057,approved,2026-04-28,ManagerPortal
L02583,cert-enterprise-ai-safety,M040,approved,2026-05-09,ManagerPortal
L02584,cert-enterprise-ai-safety,M051,approved,2026-04-29,ManagerPortal
L02585,cert-enterprise-ai-safety,M058,approved,2026-05-07,ManagerPortal
L02586,cert-enterprise-ai-safety,M018,pending,,ManagerPortal
L02587,cert-enterprise-ai-safety,M073,pending,,ManagerPortal
L02588,cert-enterprise-ai-safety,M050,pending,,ManagerPortal
L02589,cert-enterprise-ai-safety,M080,pending,,ManagerPortal
L02590,cert-enterprise-ai-safety,M066,approved,2026-05-26,ManagerPortal
L02591,cert-enterprise-ai-safety,M067,pending,,ManagerPortal
L02592,cert-enterprise-ai-safety,M045,approved,2026-05-25,ManagerPortal
L02593,cert-enterprise-ai-safety,M051,approved,2026-05-18,ManagerPortal
L02594,cert-enterprise-ai-safety,M013,approved,2026-06-06,ManagerPortal
L02595,cert-enterprise-ai-safety,M022,pending,,ManagerPortal
L02596,cert-enterprise-ai-safety,M046,approved,2026-06-04,ManagerPortal
L02597,cert-enterprise-ai-safety,M078,approved,2026-04-27,ManagerPortal
L02598,cert-enterprise-ai-safety,M060,approved,2026-05-10,ManagerPortal
L02599,cert-enterprise-ai-safety,M050,approved,2026-05-10,ManagerPortal
L02600,cert-enterprise-ai-safety,M041,approved,2026-05-12,ManagerPortal
L02601,cert-enterprise-ai-safety,M056,pending,,ManagerPortal
L02602,cert-enterprise-ai-safety,M071,approved,2026-05-26,ManagerPortal
L02603,cert-enterprise-ai-safety,M008,approved,2026-05-20,ManagerPortal
L02604,cert-enterprise-ai-safety,M009,approved,2026-05-04,ManagerPortal
L02605,cert-enterprise-ai-safety,M056,approved,2026-05-04,ManagerPortal
L02606,cert-enterprise-ai-safety,M057,approved,2026-05-01,ManagerPortal
L02607,cert-enterprise-ai-safety,M053,approved,2026-06-04,ManagerPortal
L02608,cert-enterprise-ai-safety,M057,pending,,ManagerPortal
L02609,cert-enterprise-ai-safety,M055,pending,,ManagerPortal
L02610,cert-enterprise-ai-safety,M062,approved,2026-05-24,ManagerPortal
L02611,cert-enterprise-ai-safety,M003,approved,2026-04-24,ManagerPortal
L02612,cert-enterprise-ai-safety,M006,pending,,ManagerPortal
L02613,cert-enterprise-ai-safety,M078,approved,2026-06-01,ManagerPortal
L02614,cert-enterprise-ai-safety,M073,approved,2026-05-28,ManagerPortal
L02615,cert-enterprise-ai-safety,M049,approved,2026-05-21,ManagerPortal
L02616,cert-enterprise-ai-safety,M008,pending,,ManagerPortal
L02617,cert-enterprise-ai-safety,M047,approved,2026-05-21,ManagerPortal
L02618,cert-enterprise-ai-safety,M032,approved,2026-05-16,ManagerPortal
L02619,cert-enterprise-ai-safety,M050,approved,2026-05-08,ManagerPortal
L02620,cert-enterprise-ai-safety,M073,pending,,ManagerPortal
L02621,cert-enterprise-ai-safety,M049,pending,,ManagerPortal
L02622,cert-enterprise-ai-safety,M015,approved,2026-05-30,ManagerPortal
L02623,cert-enterprise-ai-safety,M075,pending,,ManagerPortal
L02624,cert-enterprise-ai-safety,M019,pending,,ManagerPortal
L02625,cert-enterprise-ai-safety,M028,approved,2026-04-26,ManagerPortal
L02626,cert-enterprise-ai-safety,M026,approved,2026-05-15,ManagerPortal
L02627,cert-enterprise-ai-safety,M019,pending,,ManagerPortal
L02628,cert-enterprise-ai-safety,M009,approved,2026-05-09,ManagerPortal
L02629,cert-enterprise-ai-safety,M039,approved,2026-04-28,ManagerPortal
L02630,cert-enterprise-ai-safety,M012,approved,2026-04-27,ManagerPortal
L02631,cert-enterprise-ai-safety,M051,approved,2026-05-06,ManagerPortal
L02632,cert-enterprise-ai-safety,M051,pending,,ManagerPortal
L02633,cert-enterprise-ai-safety,M077,approved,2026-04-30,ManagerPortal
L02634,cert-enterprise-ai-safety,M060,approved,2026-06-02,ManagerPortal
L02635,cert-enterprise-ai-safety,M024,approved,2026-04-26,ManagerPortal
L02636,cert-enterprise-ai-safety,M047,approved,2026-05-04,ManagerPortal
L02637,cert-enterprise-ai-safety,M020,pending,,ManagerPortal
L02638,cert-enterprise-ai-safety,M052,pending,,ManagerPortal
L02639,cert-enterprise-ai-safety,M034,pending,,ManagerPortal
L02640,cert-enterprise-ai-safety,M052,approved,2026-04-25,ManagerPortal
L02641,cert-enterprise-ai-safety,M041,pending,,ManagerPortal
L02642,cert-enterprise-ai-safety,M046,approved,2026-05-28,ManagerPortal
L02643,cert-enterprise-ai-safety,M006,approved,2026-05-22,ManagerPortal
L02644,cert-enterprise-ai-safety,M002,approved,2026-05-25,ManagerPortal
L02645,cert-enterprise-ai-safety,M069,approved,2026-05-07,ManagerPortal
L02646,cert-enterprise-ai-safety,M061,approved,2026-05-10,ManagerPortal
L02647,cert-enterprise-ai-safety,M021,approved,2026-05-17,ManagerPortal
L02648,cert-enterprise-ai-safety,M019,approved,2026-06-03,ManagerPortal
L02649,cert-enterprise-ai-safety,M045,approved,2026-05-16,ManagerPortal
L02650,cert-enterprise-ai-safety,M036,approved,2026-05-26,ManagerPortal
L02651,cert-enterprise-ai-safety,M008,approved,2026-05-22,ManagerPortal
L02652,cert-enterprise-ai-safety,M043,approved,2026-04-26,ManagerPortal
L02653,cert-enterprise-ai-safety,M049,approved,2026-04-30,ManagerPortal
L02654,cert-enterprise-ai-safety,M025,approved,2026-05-27,ManagerPortal
L02655,cert-enterprise-ai-safety,M061,approved,2026-05-17,ManagerPortal
L02656,cert-enterprise-ai-safety,M048,approved,2026-04-23,ManagerPortal
L02657,cert-enterprise-ai-safety,M042,pending,,ManagerPortal
L02658,cert-enterprise-ai-safety,M009,approved,2026-05-04,ManagerPortal
L02659,cert-enterprise-ai-safety,M022,approved,2026-05-23,ManagerPortal
L02660,cert-enterprise-ai-safety,M063,pending,,ManagerPortal
L02661,cert-enterprise-ai-safety,M062,approved,2026-04-23,ManagerPortal
L02662,cert-enterprise-ai-safety,M057,pending,,ManagerPortal
L02663,cert-enterprise-ai-safety,M074,pending,,ManagerPortal
L02664,cert-enterprise-ai-safety,M049,approved,2026-06-05,ManagerPortal
L02665,cert-enterprise-ai-safety,M004,approved,2026-05-25,ManagerPortal
L02666,cert-enterprise-ai-safety,M058,approved,2026-05-23,ManagerPortal
L02667,cert-enterprise-ai-safety,M023,approved,2026-05-20,ManagerPortal
L02668,cert-enterprise-ai-safety,M007,approved,2026-04-23,ManagerPortal
L02669,cert-enterprise-ai-safety,M064,approved,2026-05-09,ManagerPortal
L02670,cert-enterprise-ai-safety,M038,approved,2026-05-15,ManagerPortal
L02671,cert-enterprise-ai-safety,M074,approved,2026-05-28,ManagerPortal
L02672,cert-enterprise-ai-safety,M076,approved,2026-06-02,ManagerPortal
L02673,cert-enterprise-ai-safety,M016,pending,,ManagerPortal
L02674,cert-enterprise-ai-safety,M003,approved,2026-05-27,ManagerPortal
L02675,cert-enterprise-ai-safety,M042,approved,2026-04-29,ManagerPortal
L02676,cert-enterprise-ai-safety,M030,pending,,ManagerPortal
L02677,cert-enterprise-ai-safety,M013,approved,2026-05-23,ManagerPortal
L02678,cert-enterprise-ai-safety,M050,approved,2026-05-09,ManagerPortal
L02679,cert-enterprise-ai-safety,M034,approved,2026-06-03,ManagerPortal
L02680,cert-enterprise-ai-safety,M042,approved,2026-05-20,ManagerPortal
L02681,cert-enterprise-ai-safety,M074,approved,2026-04-23,ManagerPortal
L02682,cert-enterprise-ai-safety,M025,approved,2026-05-29,ManagerPortal
L02683,cert-enterprise-ai-safety,M079,approved,2026-05-09,ManagerPortal
L02684,cert-enterprise-ai-safety,M052,approved,2026-05-21,ManagerPortal
L02685,cert-enterprise-ai-safety,M068,approved,2026-04-26,ManagerPortal
L02686,cert-enterprise-ai-safety,M031,approved,2026-05-31,ManagerPortal
L02687,cert-enterprise-ai-safety,M028,approved,2026-04-27,ManagerPortal
L02688,cert-enterprise-ai-safety,M007,pending,,ManagerPortal
L02689,cert-enterprise-ai-safety,M019,approved,2026-04-23,ManagerPortal
L02690,cert-enterprise-ai-safety,M021,pending,,ManagerPortal
L02691,cert-enterprise-ai-safety,M053,approved,2026-06-06,ManagerPortal
L02692,cert-enterprise-ai-safety,M030,approved,2026-05-27,ManagerPortal
L02693,cert-enterprise-ai-safety,M035,approved,2026-06-03,ManagerPortal
L02694,cert-enterprise-ai-safety,M027,approved,2026-06-03,ManagerPortal
L02695,cert-enterprise-ai-safety,M006,approved,2026-05-05,ManagerPortal
L02696,cert-enterprise-ai-safety,M033,pending,,ManagerPortal
L02697,cert-enterprise-ai-safety,M072,pending,,ManagerPortal
L02698,cert-enterprise-ai-safety,M075,approved,2026-05-13,ManagerPortal
L02699,cert-enterprise-ai-safety,M056,approved,2026-05-29,ManagerPortal
L02700,cert-enterprise-ai-safety,M061,approved,2026-06-02,ManagerPortal
L02701,cert-enterprise-ai-safety,M067,approved,2026-05-03,ManagerPortal
L02702,cert-enterprise-ai-safety,M016,approved,2026-04-30,ManagerPortal
L02703,cert-enterprise-ai-safety,M052,approved,2026-04-29,ManagerPortal
L02704,cert-enterprise-ai-safety,M045,approved,2026-05-14,ManagerPortal
L02705,cert-enterprise-ai-safety,M066,approved,2026-05-02,ManagerPortal
L02706,cert-enterprise-ai-safety,M030,approved,2026-05-13,ManagerPortal
L02707,cert-enterprise-ai-safety,M067,approved,2026-05-19,ManagerPortal
L02708,cert-enterprise-ai-safety,M024,approved,2026-05-29,ManagerPortal
L02709,cert-enterprise-ai-safety,M026,approved,2026-05-16,ManagerPortal
L02710,cert-enterprise-ai-safety,M075,approved,2026-05-05,ManagerPortal
L02711,cert-enterprise-ai-safety,M049,pending,,ManagerPortal
L02712,cert-enterprise-ai-safety,M010,pending,,ManagerPortal
L02713,cert-enterprise-ai-safety,M035,approved,2026-05-24,ManagerPortal
L02714,cert-enterprise-ai-safety,M067,approved,2026-05-20,ManagerPortal
L02715,cert-enterprise-ai-safety,M045,approved,2026-05-04,ManagerPortal
L02716,cert-enterprise-ai-safety,M079,pending,,ManagerPortal
L02717,cert-enterprise-ai-safety,M075,approved,2026-05-12,ManagerPortal
L02718,cert-enterprise-ai-safety,M068,approved,2026-05-30,ManagerPortal
L02719,cert-enterprise-ai-safety,M017,approved,2026-05-05,ManagerPortal
L02720,cert-enterprise-ai-safety,M062,approved,2026-05-09,ManagerPortal
L02721,cert-enterprise-ai-safety,M001,approved,2026-04-27,ManagerPortal
L02722,cert-enterprise-ai-safety,M070,approved,2026-06-04,ManagerPortal
L02723,cert-enterprise-ai-safety,M043,approved,2026-05-24,ManagerPortal
L02724,cert-enterprise-ai-safety,M005,approved,2026-06-03,ManagerPortal
L02725,cert-enterprise-ai-safety,M002,pending,,ManagerPortal
L02726,cert-enterprise-ai-safety,M013,approved,2026-06-03,ManagerPortal
L02727,cert-enterprise-ai-safety,M074,approved,2026-05-06,ManagerPortal
L02728,cert-enterprise-ai-safety,M079,approved,2026-05-23,ManagerPortal
L02729,cert-enterprise-ai-safety,M080,approved,2026-06-04,ManagerPortal
L02730,cert-enterprise-ai-safety,M019,approved,2026-05-08,ManagerPortal
L02731,cert-enterprise-ai-safety,M021,pending,,ManagerPortal
L02732,cert-enterprise-ai-safety,M066,approved,2026-05-26,ManagerPortal
L02733,cert-enterprise-ai-safety,M047,pending,,ManagerPortal
L02734,cert-enterprise-ai-safety,M012,approved,2026-05-16,ManagerPortal
L02735,cert-enterprise-ai-safety,M047,pending,,ManagerPortal
L02736,cert-enterprise-ai-safety,M043,pending,,ManagerPortal
L02737,cert-enterprise-ai-safety,M024,approved,2026-05-13,ManagerPortal
L02738,cert-enterprise-ai-safety,M050,pending,,ManagerPortal
L02739,cert-enterprise-ai-safety,M067,pending,,ManagerPortal
L02740,cert-enterprise-ai-safety,M059,approved,2026-05-02,ManagerPortal
L02741,cert-enterprise-ai-safety,M055,approved,2026-05-05,ManagerPortal
L02742,cert-enterprise-ai-safety,M080,approved,2026-05-21,ManagerPortal
L02743,cert-enterprise-ai-safety,M043,approved,2026-05-04,ManagerPortal
L02744,cert-enterprise-ai-safety,M054,pending,,ManagerPortal
L02745,cert-enterprise-ai-safety,M019,pending,,ManagerPortal
L02746,cert-enterprise-ai-safety,M052,approved,2026-05-06,ManagerPortal
L02747,cert-enterprise-ai-safety,M014,pending,,ManagerPortal
L02748,cert-enterprise-ai-safety,M022,approved,2026-05-01,ManagerPortal
L02749,cert-enterprise-ai-safety,M026,approved,2026-05-06,ManagerPortal
L02750,cert-enterprise-ai-safety,M018,approved,2026-04-26,ManagerPortal
L02751,cert-enterprise-ai-safety,M020,approved,2026-05-09,ManagerPortal
L02752,cert-enterprise-ai-safety,M012,approved,2026-04-23,ManagerPortal
L02753,cert-enterprise-ai-safety,M005,approved,2026-05-15,ManagerPortal
L02754,cert-enterprise-ai-safety,M045,approved,2026-05-25,ManagerPortal
L02755,cert-enterprise-ai-safety,M022,approved,2026-06-01,ManagerPortal
L02756,cert-enterprise-ai-safety,M015,pending,,ManagerPortal
L02757,cert-enterprise-ai-safety,M026,approved,2026-05-07,ManagerPortal
L02758,cert-enterprise-ai-safety,M009,pending,,ManagerPortal
L02759,cert-enterprise-ai-safety,M025,approved,2026-05-16,ManagerPortal
L02760,cert-enterprise-ai-safety,M030,approved,2026-05-19,ManagerPortal
L02761,cert-enterprise-ai-safety,M066,approved,2026-05-14,ManagerPortal
L02762,cert-enterprise-ai-safety,M031,pending,,ManagerPortal
L02763,cert-enterprise-ai-safety,M065,approved,2026-05-09,ManagerPortal
L02764,cert-enterprise-ai-safety,M074,approved,2026-05-13,ManagerPortal
L02765,cert-enterprise-ai-safety,M027,approved,2026-05-27,ManagerPortal
L02766,cert-enterprise-ai-safety,M069,pending,,ManagerPortal
L02767,cert-enterprise-ai-safety,M029,approved,2026-05-15,ManagerPortal
L02768,cert-enterprise-ai-safety,M068,pending,,ManagerPortal
L02769,cert-enterprise-ai-safety,M019,approved,2026-05-08,ManagerPortal
L02770,cert-enterprise-ai-safety,M071,approved,2026-05-09,ManagerPortal
L02771,cert-enterprise-ai-safety,M073,approved,2026-05-18,ManagerPortal
L02772,cert-enterprise-ai-safety,M034,approved,2026-04-30,ManagerPortal
L02773,cert-enterprise-ai-safety,M027,pending,,ManagerPortal
L02774,cert-enterprise-ai-safety,M052,pending,,ManagerPortal
L02775,cert-enterprise-ai-safety,M016,pending,,ManagerPortal
L02776,cert-enterprise-ai-safety,M068,pending,,ManagerPortal
L02777,cert-enterprise-ai-safety,M053,approved,2026-06-02,ManagerPortal
L02778,cert-enterprise-ai-safety,M031,pending,,ManagerPortal
L02779,cert-enterprise-ai-safety,M018,pending,,ManagerPortal
L02780,cert-enterprise-ai-safety,M054,approved,2026-05-11,ManagerPortal
L02781,cert-enterprise-ai-safety,M018,approved,2026-06-05,ManagerPortal
L02782,cert-enterprise-ai-safety,M049,approved,2026-05-18,ManagerPortal
L02783,cert-enterprise-ai-safety,M008,approved,2026-06-04,ManagerPortal
L02784,cert-enterprise-ai-safety,M021,pending,,ManagerPortal
L02785,cert-enterprise-ai-safety,M033,approved,2026-05-31,ManagerPortal
L02786,cert-enterprise-ai-safety,M051,approved,2026-05-16,ManagerPortal
L02787,cert-enterprise-ai-safety,M011,approved,2026-05-20,ManagerPortal
L02788,cert-enterprise-ai-safety,M006,approved,2026-05-16,ManagerPortal
L02789,cert-enterprise-ai-safety,M041,pending,,ManagerPortal
L02790,cert-enterprise-ai-safety,M031,approved,2026-05-19,ManagerPortal
L02791,cert-enterprise-ai-safety,M070,pending,,ManagerPortal
L02792,cert-enterprise-ai-safety,M049,approved,2026-05-04,ManagerPortal
L02793,cert-enterprise-ai-safety,M078,approved,2026-06-06,ManagerPortal
L02794,cert-enterprise-ai-safety,M050,approved,2026-05-24,ManagerPortal
L02795,cert-enterprise-ai-safety,M035,approved,2026-05-14,ManagerPortal
L02796,cert-enterprise-ai-safety,M050,pending,,ManagerPortal
L02797,cert-enterprise-ai-safety,M010,approved,2026-05-16,ManagerPortal
L02798,cert-enterprise-ai-safety,M059,approved,2026-04-25,ManagerPortal
L02799,cert-enterprise-ai-safety,M079,approved,2026-05-02,ManagerPortal
L02800,cert-enterprise-ai-safety,M011,pending,,ManagerPortal
L02801,cert-enterprise-ai-safety,M062,approved,2026-05-07,ManagerPortal
L02802,cert-enterprise-ai-safety,M030,approved,2026-05-23,ManagerPortal
L02803,cert-enterprise-ai-safety,M009,approved,2026-05-26,ManagerPortal
L02804,cert-enterprise-ai-safety,M004,approved,2026-05-28,ManagerPortal
L02805,cert-enterprise-ai-safety,M075,approved,2026-05-20,ManagerPortal
L02806,cert-enterprise-ai-safety,M051,pending,,ManagerPortal
L02807,cert-enterprise-ai-safety,M017,approved,2026-05-07,ManagerPortal
L02808,cert-enterprise-ai-safety,M065,approved,2026-05-11,ManagerPortal
L02809,cert-enterprise-ai-safety,M079,approved,2026-05-15,ManagerPortal
L02810,cert-enterprise-ai-safety,M020,pending,,ManagerPortal
L02811,cert-enterprise-ai-safety,M003,approved,2026-05-01,ManagerPortal
L02812,cert-enterprise-ai-safety,M009,approved,2026-05-02,ManagerPortal
L02813,cert-enterprise-ai-safety,M013,approved,2026-05-25,ManagerPortal
L02814,cert-enterprise-ai-safety,M011,approved,2026-05-18,ManagerPortal
L02815,cert-enterprise-ai-safety,M021,approved,2026-05-10,ManagerPortal
L02816,cert-enterprise-ai-safety,M062,approved,2026-05-04,ManagerPortal
L02817,cert-enterprise-ai-safety,M036,approved,2026-04-23,ManagerPortal
L02818,cert-enterprise-ai-safety,M042,pending,,ManagerPortal
L02819,cert-enterprise-ai-safety,M043,approved,2026-06-03,ManagerPortal
L02820,cert-enterprise-ai-safety,M022,approved,2026-05-11,ManagerPortal
L02821,cert-enterprise-ai-safety,M012,approved,2026-05-21,ManagerPortal
L02822,cert-enterprise-ai-safety,M057,approved,2026-05-25,ManagerPortal
L02823,cert-enterprise-ai-safety,M063,approved,2026-05-13,ManagerPortal
L02824,cert-enterprise-ai-safety,M008,pending,,ManagerPortal
L02825,cert-enterprise-ai-safety,M069,pending,,ManagerPortal
L02826,cert-enterprise-ai-safety,M073,approved,2026-05-24,ManagerPortal
L02827,cert-enterprise-ai-safety,M028,pending,,ManagerPortal
L02828,cert-enterprise-ai-safety,M020,approved,2026-04-26,ManagerPortal
L02829,cert-enterprise-ai-safety,M043,approved,2026-05-14,ManagerPortal
L02830,cert-enterprise-ai-safety,M031,pending,,ManagerPortal
L02831,cert-enterprise-ai-safety,M018,pending,,ManagerPortal
L02832,cert-enterprise-ai-safety,M038,approved,2026-05-14,ManagerPortal
L02833,cert-enterprise-ai-safety,M029,approved,2026-05-20,ManagerPortal
L02834,cert-enterprise-ai-safety,M062,approved,2026-05-05,ManagerPortal
L02835,cert-enterprise-ai-safety,M023,approved,2026-06-04,ManagerPortal
L02836,cert-enterprise-ai-safety,M011,approved,2026-05-25,ManagerPortal
L02837,cert-enterprise-ai-safety,M069,approved,2026-05-01,ManagerPortal
L02838,cert-enterprise-ai-safety,M046,approved,2026-05-27,ManagerPortal
L02839,cert-enterprise-ai-safety,M045,approved,2026-05-31,ManagerPortal
L02840,cert-enterprise-ai-safety,M015,approved,2026-05-13,ManagerPortal
L02841,cert-enterprise-ai-safety,M001,approved,2026-04-28,ManagerPortal
L02842,cert-enterprise-ai-safety,M009,approved,2026-05-15,ManagerPortal
L02843,cert-enterprise-ai-safety,M059,approved,2026-04-23,ManagerPortal
L02844,cert-enterprise-ai-safety,M064,approved,2026-05-12,ManagerPortal
L02845,cert-enterprise-ai-safety,M046,approved,2026-05-20,ManagerPortal
L02846,cert-enterprise-ai-safety,M036,approved,2026-05-08,ManagerPortal
L02847,cert-enterprise-ai-safety,M059,approved,2026-04-30,ManagerPortal
L02848,cert-enterprise-ai-safety,M058,approved,2026-06-02,ManagerPortal
L02849,cert-enterprise-ai-safety,M002,pending,,ManagerPortal
L02850,cert-enterprise-ai-safety,M059,approved,2026-05-29,ManagerPortal
L02851,cert-enterprise-ai-safety,M074,approved,2026-05-21,ManagerPortal
L02852,cert-enterprise-ai-safety,M040,pending,,ManagerPortal
L02853,cert-enterprise-ai-safety,M037,approved,2026-05-17,ManagerPortal
L02854,cert-enterprise-ai-safety,M012,pending,,ManagerPortal
L02855,cert-enterprise-ai-safety,M026,pending,,ManagerPortal
L02856,cert-enterprise-ai-safety,M057,pending,,ManagerPortal
L02857,cert-enterprise-ai-safety,M053,approved,2026-05-03,ManagerPortal
L02858,cert-enterprise-ai-safety,M053,approved,2026-05-12,ManagerPortal
L02859,cert-enterprise-ai-safety,M050,pending,,ManagerPortal
L02860,cert-enterprise-ai-safety,M038,approved,2026-05-22,ManagerPortal
L02861,cert-enterprise-ai-safety,M059,pending,,ManagerPortal
L02862,cert-enterprise-ai-safety,M034,approved,2026-05-05,ManagerPortal
L02863,cert-enterprise-ai-safety,M022,pending,,ManagerPortal
L02864,cert-enterprise-ai-safety,M012,approved,2026-05-23,ManagerPortal
L02865,cert-enterprise-ai-safety,M023,approved,2026-05-20,ManagerPortal
L02866,cert-enterprise-ai-safety,M013,pending,,ManagerPortal
L02867,cert-enterprise-ai-safety,M034,approved,2026-04-27,ManagerPortal
L02868,cert-enterprise-ai-safety,M050,approved,2026-05-14,ManagerPortal
L02869,cert-enterprise-ai-safety,M002,pending,,ManagerPortal
L02870,cert-enterprise-ai-safety,M031,approved,2026-05-13,ManagerPortal
L02871,cert-enterprise-ai-safety,M074,approved,2026-05-26,ManagerPortal
L02872,cert-enterprise-ai-safety,M036,pending,,ManagerPortal
L02873,cert-enterprise-ai-safety,M010,approved,2026-05-04,ManagerPortal
L02874,cert-enterprise-ai-safety,M074,approved,2026-05-05,ManagerPortal
L02875,cert-enterprise-ai-safety,M008,approved,2026-05-20,ManagerPortal
L02876,cert-enterprise-ai-safety,M013,approved,2026-05-29,ManagerPortal
L02877,cert-enterprise-ai-safety,M060,pending,,ManagerPortal
L02878,cert-enterprise-ai-safety,M073,approved,2026-05-24,ManagerPortal
L02879,cert-enterprise-ai-safety,M068,pending,,ManagerPortal
L02880,cert-enterprise-ai-safety,M009,approved,2026-04-23,ManagerPortal
L02881,cert-enterprise-ai-safety,M031,pending,,ManagerPortal
L02882,cert-enterprise-ai-safety,M007,pending,,ManagerPortal
L02883,cert-enterprise-ai-safety,M074,approved,2026-05-01,ManagerPortal
L02884,cert-enterprise-ai-safety,M073,pending,,ManagerPortal
L02885,cert-enterprise-ai-safety,M029,approved,2026-06-03,ManagerPortal
L02886,cert-enterprise-ai-safety,M076,approved,2026-05-29,ManagerPortal
L02887,cert-enterprise-ai-safety,M044,pending,,ManagerPortal
L02888,cert-enterprise-ai-safety,M007,approved,2026-04-29,ManagerPortal
L02889,cert-enterprise-ai-safety,M054,pending,,ManagerPortal
L02890,cert-enterprise-ai-safety,M046,approved,2026-05-09,ManagerPortal
L02891,cert-enterprise-ai-safety,M054,approved,2026-05-31,ManagerPortal
L02892,cert-enterprise-ai-safety,M011,approved,2026-05-25,ManagerPortal
L02893,cert-enterprise-ai-safety,M011,approved,2026-04-29,ManagerPortal
L02894,cert-enterprise-ai-safety,M029,approved,2026-04-27,ManagerPortal
L02895,cert-enterprise-ai-safety,M058,approved,2026-05-02,ManagerPortal
L02896,cert-enterprise-ai-safety,M064,approved,2026-06-04,ManagerPortal
L02897,cert-enterprise-ai-safety,M001,approved,2026-06-05,ManagerPortal
L02898,cert-enterprise-ai-safety,M003,approved,2026-04-24,ManagerPortal
L02899,cert-enterprise-ai-safety,M006,approved,2026-05-12,ManagerPortal
L02900,cert-enterprise-ai-safety,M006,approved,2026-05-20,ManagerPortal
L02901,cert-enterprise-ai-safety,M021,approved,2026-05-22,ManagerPortal
L02902,cert-enterprise-ai-safety,M032,approved,2026-05-25,ManagerPortal
L02903,cert-enterprise-ai-safety,M016,approved,2026-06-04,ManagerPortal
L02904,cert-enterprise-ai-safety,M042,approved,2026-04-28,ManagerPortal
L02905,cert-enterprise-ai-safety,M014,approved,2026-06-05,ManagerPortal
L02906,cert-enterprise-ai-safety,M023,pending,,ManagerPortal
L02907,cert-enterprise-ai-safety,M064,pending,,ManagerPortal
L02908,cert-enterprise-ai-safety,M037,approved,2026-05-02,ManagerPortal
L02909,cert-enterprise-ai-safety,M066,approved,2026-05-29,ManagerPortal
L02910,cert-enterprise-ai-safety,M072,approved,2026-06-05,ManagerPortal
L02911,cert-enterprise-ai-safety,M021,approved,2026-05-19,ManagerPortal
L02912,cert-enterprise-ai-safety,M072,pending,,ManagerPortal
L02913,cert-enterprise-ai-safety,M077,approved,2026-05-24,ManagerPortal
L02914,cert-enterprise-ai-safety,M038,approved,2026-05-13,ManagerPortal
L02915,cert-enterprise-ai-safety,M075,approved,2026-04-26,ManagerPortal
L02916,cert-enterprise-ai-safety,M028,pending,,ManagerPortal
L02917,cert-enterprise-ai-safety,M061,approved,2026-05-22,ManagerPortal
L02918,cert-enterprise-ai-safety,M010,approved,2026-06-03,ManagerPortal
L02919,cert-enterprise-ai-safety,M062,approved,2026-05-23,ManagerPortal
L02920,cert-enterprise-ai-safety,M001,approved,2026-05-15,ManagerPortal
L02921,cert-enterprise-ai-safety,M032,approved,2026-05-13,ManagerPortal
L02922,cert-enterprise-ai-safety,M062,approved,2026-06-06,ManagerPortal
L02923,cert-enterprise-ai-safety,M001,approved,2026-05-07,ManagerPortal
L02924,cert-enterprise-ai-safety,M044,approved,2026-04-30,ManagerPortal
L02925,cert-enterprise-ai-safety,M029,approved,2026-04-28,ManagerPortal
L02926,cert-enterprise-ai-safety,M035,approved,2026-05-29,ManagerPortal
L02927,cert-enterprise-ai-safety,M075,approved,2026-05-16,ManagerPortal
L02928,cert-enterprise-ai-safety,M052,approved,2026-06-03,ManagerPortal
L02929,cert-enterprise-ai-safety,M014,approved,2026-04-30,ManagerPortal
L02930,cert-enterprise-ai-safety,M071,pending,,ManagerPortal
L02931,cert-enterprise-ai-safety,M054,approved,2026-05-10,ManagerPortal
L02932,cert-enterprise-ai-safety,M058,approved,2026-04-26,ManagerPortal
L02933,cert-enterprise-ai-safety,M033,pending,,ManagerPortal
L02934,cert-enterprise-ai-safety,M069,approved,2026-04-25,ManagerPortal
L02935,cert-enterprise-ai-safety,M057,approved,2026-05-05,ManagerPortal
L02936,cert-enterprise-ai-safety,M053,approved,2026-04-24,ManagerPortal
L02937,cert-enterprise-ai-safety,M068,approved,2026-05-13,ManagerPortal
L02938,cert-enterprise-ai-safety,M040,pending,,ManagerPortal
L02939,cert-enterprise-ai-safety,M022,pending,,ManagerPortal
L02940,cert-enterprise-ai-safety,M063,approved,2026-05-22,ManagerPortal
L02941,cert-enterprise-ai-safety,M011,pending,,ManagerPortal
L02942,cert-enterprise-ai-safety,M001,approved,2026-05-12,ManagerPortal
L02943,cert-enterprise-ai-safety,M076,approved,2026-05-10,ManagerPortal
L02944,cert-enterprise-ai-safety,M072,approved,2026-05-08,ManagerPortal
L02945,cert-enterprise-ai-safety,M014,approved,2026-05-27,ManagerPortal
L02946,cert-enterprise-ai-safety,M009,pending,,ManagerPortal
L02947,cert-enterprise-ai-safety,M072,approved,2026-05-08,ManagerPortal
L02948,cert-enterprise-ai-safety,M016,approved,2026-05-30,ManagerPortal
L02949,cert-enterprise-ai-safety,M023,pending,,ManagerPortal
L02950,cert-enterprise-ai-safety,M051,approved,2026-06-03,ManagerPortal
L02951,cert-enterprise-ai-safety,M005,approved,2026-05-15,ManagerPortal
L02952,cert-enterprise-ai-safety,M013,approved,2026-04-28,ManagerPortal
L02953,cert-enterprise-ai-safety,M060,approved,2026-04-29,ManagerPortal
L02954,cert-enterprise-ai-safety,M068,approved,2026-05-15,ManagerPortal
L02955,cert-enterprise-ai-safety,M005,pending,,ManagerPortal
L02956,cert-enterprise-ai-safety,M062,approved,2026-05-25,ManagerPortal
L02957,cert-enterprise-ai-safety,M064,approved,2026-05-14,ManagerPortal
L02958,cert-enterprise-ai-safety,M020,approved,2026-05-03,ManagerPortal
L02959,cert-enterprise-ai-safety,M050,approved,2026-06-04,ManagerPortal
L02960,cert-enterprise-ai-safety,M044,approved,2026-05-27,ManagerPortal
L02961,cert-enterprise-ai-safety,M060,approved,2026-05-09,ManagerPortal
L02962,cert-enterprise-ai-safety,M040,approved,2026-05-26,ManagerPortal
L02963,cert-enterprise-ai-safety,M024,approved,2026-04-29,ManagerPortal
L02964,cert-enterprise-ai-safety,M027,pending,,ManagerPortal
L02965,cert-enterprise-ai-safety,M039,approved,2026-05-01,ManagerPortal
L02966,cert-enterprise-ai-safety,M056,approved,2026-05-22,ManagerPortal
L02967,cert-enterprise-ai-safety,M008,approved,2026-05-30,ManagerPortal
L02968,cert-enterprise-ai-safety,M035,pending,,ManagerPortal
L02969,cert-enterprise-ai-safety,M059,approved,2026-04-25,ManagerPortal
L02970,cert-enterprise-ai-safety,M049,approved,2026-05-01,ManagerPortal
L02971,cert-enterprise-ai-safety,M075,pending,,ManagerPortal
L02972,cert-enterprise-ai-safety,M068,approved,2026-04-23,ManagerPortal
L02973,cert-enterprise-ai-safety,M032,approved,2026-05-21,ManagerPortal
L02974,cert-enterprise-ai-safety,M048,approved,2026-05-13,ManagerPortal
L02975,cert-enterprise-ai-safety,M057,approved,2026-04-28,ManagerPortal
L02976,cert-enterprise-ai-safety,M026,approved,2026-05-22,ManagerPortal
L02977,cert-enterprise-ai-safety,M079,pending,,ManagerPortal
L02978,cert-enterprise-ai-safety,M028,approved,2026-06-04,ManagerPortal
L02979,cert-enterprise-ai-safety,M049,pending,,ManagerPortal
L02980,cert-enterprise-ai-safety,M056,pending,,ManagerPortal
L02981,cert-enterprise-ai-safety,M015,approved,2026-04-25,ManagerPortal
L02982,cert-enterprise-ai-safety,M039,approved,2026-05-23,ManagerPortal
L02983,cert-enterprise-ai-safety,M042,approved,2026-05-13,ManagerPortal
L02984,cert-enterprise-ai-safety,M055,approved,2026-05-27,ManagerPortal
L02985,cert-enterprise-ai-safety,M026,approved,2026-05-29,ManagerPortal
L02986,cert-enterprise-ai-safety,M071,approved,2026-06-01,ManagerPortal
L02987,cert-enterprise-ai-safety,M029,approved,2026-04-24,ManagerPortal
L02988,cert-enterprise-ai-safety,M063,approved,2026-05-27,ManagerPortal
L02989,cert-enterprise-ai-safety,M057,approved,2026-05-03,ManagerPortal
L02990,cert-enterprise-ai-safety,M009,pending,,ManagerPortal
L02991,cert-enterprise-ai-safety,M007,pending,,ManagerPortal
L02992,cert-enterprise-ai-safety,M043,approved,2026-04-25,ManagerPortal
L02993,cert-enterprise-ai-safety,M023,approved,2026-05-18,ManagerPortal
L02994,cert-enterprise-ai-safety,M042,pending,,ManagerPortal
L02995,cert-enterprise-ai-safety,M066,pending,,ManagerPortal
L02996,cert-enterprise-ai-safety,M051,approved,2026-05-23,ManagerPortal
L02997,cert-enterprise-ai-safety,M057,approved,2026-05-19,ManagerPortal
L02998,cert-enterprise-ai-safety,M008,pending,,ManagerPortal
L02999,cert-enterprise-ai-safety,M039,approved,2026-05-04,ManagerPortal
L03000,cert-enterprise-ai-safety,M035,approved,2026-05-27,ManagerPortal
L03001,cert-enterprise-ai-safety,M002,approved,2026-05-17,ManagerPortal
L03002,cert-enterprise-ai-safety,M010,approved,2026-05-08,ManagerPortal
L03003,cert-enterprise-ai-safety,M054,approved,2026-06-02,ManagerPortal
L03004,cert-enterprise-ai-safety,M055,approved,2026-05-26,ManagerPortal
L03005,cert-enterprise-ai-safety,M056,pending,,ManagerPortal
L03006,cert-enterprise-ai-safety,M043,approved,2026-05-12,ManagerPortal
L03007,cert-enterprise-ai-safety,M050,approved,2026-05-14,ManagerPortal
L03008,cert-enterprise-ai-safety,M071,pending,,ManagerPortal
L03009,cert-enterprise-ai-safety,M040,approved,2026-05-01,ManagerPortal
L03010,cert-enterprise-ai-safety,M020,approved,2026-05-12,ManagerPortal
L03011,cert-enterprise-ai-safety,M023,approved,2026-05-16,ManagerPortal
L03012,cert-enterprise-ai-safety,M074,approved,2026-05-31,ManagerPortal
L03013,cert-enterprise-ai-safety,M048,pending,,ManagerPortal
L03014,cert-enterprise-ai-safety,M003,approved,2026-05-04,ManagerPortal
L03015,cert-enterprise-ai-safety,M050,pending,,ManagerPortal
L03016,cert-enterprise-ai-safety,M013,approved,2026-05-27,ManagerPortal
L03017,cert-enterprise-ai-safety,M023,approved,2026-05-20,ManagerPortal
L03018,cert-enterprise-ai-safety,M058,approved,2026-05-06,ManagerPortal
L03019,cert-enterprise-ai-safety,M012,approved,2026-04-28,ManagerPortal
L03020,cert-enterprise-ai-safety,M032,approved,2026-05-16,ManagerPortal
L03021,cert-enterprise-ai-safety,M062,approved,2026-06-03,ManagerPortal
L03022,cert-enterprise-ai-safety,M061,approved,2026-05-26,ManagerPortal
L03023,cert-enterprise-ai-safety,M016,approved,2026-05-18,ManagerPortal
L03024,cert-enterprise-ai-safety,M067,approved,2026-04-30,ManagerPortal
L03025,cert-enterprise-ai-safety,M005,approved,2026-05-22,ManagerPortal
L03026,cert-enterprise-ai-safety,M040,pending,,ManagerPortal
L03027,cert-enterprise-ai-safety,M063,approved,2026-05-03,ManagerPortal
L03028,cert-enterprise-ai-safety,M006,approved,2026-05-30,ManagerPortal
L03029,cert-enterprise-ai-safety,M022,approved,2026-05-03,ManagerPortal
L03030,cert-enterprise-ai-safety,M014,approved,2026-05-03,ManagerPortal
L03031,cert-enterprise-ai-safety,M057,pending,,ManagerPortal
L03032,cert-enterprise-ai-safety,M010,approved,2026-05-29,ManagerPortal
L03033,cert-enterprise-ai-safety,M060,approved,2026-04-24,ManagerPortal
L03034,cert-enterprise-ai-safety,M009,approved,2026-05-08,ManagerPortal
L03035,cert-enterprise-ai-safety,M044,approved,2026-05-09,ManagerPortal
L03036,cert-enterprise-ai-safety,M071,approved,2026-05-14,ManagerPortal
L03037,cert-enterprise-ai-safety,M019,approved,2026-04-27,ManagerPortal
L03038,cert-enterprise-ai-safety,M069,approved,2026-05-21,ManagerPortal
L03039,cert-enterprise-ai-safety,M004,approved,2026-05-31,ManagerPortal
L03040,cert-enterprise-ai-safety,M013,approved,2026-05-15,ManagerPortal
L03041,cert-enterprise-ai-safety,M077,pending,,ManagerPortal
L03042,cert-enterprise-ai-safety,M045,approved,2026-05-11,ManagerPortal
L03043,cert-enterprise-ai-safety,M055,approved,2026-04-25,ManagerPortal
L03044,cert-enterprise-ai-safety,M071,approved,2026-05-17,ManagerPortal
L03045,cert-enterprise-ai-safety,M069,approved,2026-05-12,ManagerPortal
L03046,cert-enterprise-ai-safety,M049,pending,,ManagerPortal
L03047,cert-enterprise-ai-safety,M053,pending,,ManagerPortal
L03048,cert-enterprise-ai-safety,M002,pending,,ManagerPortal
L03049,cert-enterprise-ai-safety,M006,approved,2026-05-28,ManagerPortal
L03050,cert-enterprise-ai-safety,M025,approved,2026-05-30,ManagerPortal
L03051,cert-enterprise-ai-safety,M055,approved,2026-04-27,ManagerPortal
L03052,cert-enterprise-ai-safety,M030,approved,2026-05-17,ManagerPortal
L03053,cert-enterprise-ai-safety,M035,approved,2026-05-05,ManagerPortal
L03054,cert-enterprise-ai-safety,M049,pending,,ManagerPortal
L03055,cert-enterprise-ai-safety,M011,approved,2026-05-10,ManagerPortal
L03056,cert-enterprise-ai-safety,M049,approved,2026-04-25,ManagerPortal
L03057,cert-enterprise-ai-safety,M021,pending,,ManagerPortal
L03058,cert-enterprise-ai-safety,M037,approved,2026-05-23,ManagerPortal
L03059,cert-enterprise-ai-safety,M023,pending,,ManagerPortal
L03060,cert-enterprise-ai-safety,M070,approved,2026-05-14,ManagerPortal
L03061,cert-enterprise-ai-safety,M064,approved,2026-05-31,ManagerPortal
L03062,cert-enterprise-ai-safety,M031,pending,,ManagerPortal
L03063,cert-enterprise-ai-safety,M060,approved,2026-06-03,ManagerPortal
L03064,cert-enterprise-ai-safety,M029,approved,2026-05-22,ManagerPortal
L03065,cert-enterprise-ai-safety,M063,pending,,ManagerPortal
L03066,cert-enterprise-ai-safety,M028,approved,2026-04-29,ManagerPortal
L03067,cert-enterprise-ai-safety,M043,approved,2026-05-24,ManagerPortal
L03068,cert-enterprise-ai-safety,M065,pending,,ManagerPortal
L03069,cert-enterprise-ai-safety,M045,pending,,ManagerPortal
L03070,cert-enterprise-ai-safety,M045,approved,2026-04-23,ManagerPortal
L03071,cert-enterprise-ai-safety,M064,approved,2026-05-30,ManagerPortal
L03072,cert-enterprise-ai-safety,M050,approved,2026-05-11,ManagerPortal
L03073,cert-enterprise-ai-safety,M070,approved,2026-05-05,ManagerPortal
L03074,cert-enterprise-ai-safety,M036,pending,,ManagerPortal
L03075,cert-enterprise-ai-safety,M047,pending,,ManagerPortal
L03076,cert-enterprise-ai-safety,M056,pending,,ManagerPortal
L03077,cert-enterprise-ai-safety,M022,approved,2026-05-26,ManagerPortal
L03078,cert-enterprise-ai-safety,M024,approved,2026-05-30,ManagerPortal
L03079,cert-enterprise-ai-safety,M015,pending,,ManagerPortal
L03080,cert-enterprise-ai-safety,M002,pending,,ManagerPortal
L03081,cert-enterprise-ai-safety,M065,approved,2026-05-13,ManagerPortal
L03082,cert-enterprise-ai-safety,M066,approved,2026-05-22,ManagerPortal
L03083,cert-enterprise-ai-safety,M018,pending,,ManagerPortal
L03084,cert-enterprise-ai-safety,M029,pending,,ManagerPortal
L03085,cert-enterprise-ai-safety,M070,approved,2026-04-29,ManagerPortal
L03086,cert-enterprise-ai-safety,M071,pending,,ManagerPortal
L03087,cert-enterprise-ai-safety,M003,approved,2026-05-01,ManagerPortal
L03088,cert-enterprise-ai-safety,M016,pending,,ManagerPortal
L03089,cert-enterprise-ai-safety,M018,approved,2026-04-26,ManagerPortal
L03090,cert-enterprise-ai-safety,M007,approved,2026-05-21,ManagerPortal
L03091,cert-enterprise-ai-safety,M074,approved,2026-04-28,ManagerPortal
L03092,cert-enterprise-ai-safety,M077,approved,2026-05-09,ManagerPortal
L03093,cert-enterprise-ai-safety,M073,approved,2026-05-07,ManagerPortal
L03094,cert-enterprise-ai-safety,M051,pending,,ManagerPortal
L03095,cert-enterprise-ai-safety,M007,pending,,ManagerPortal
L03096,cert-enterprise-ai-safety,M075,approved,2026-05-25,ManagerPortal
L03097,cert-enterprise-ai-safety,M050,approved,2026-06-03,ManagerPortal
L03098,cert-enterprise-ai-safety,M049,approved,2026-05-15,ManagerPortal
L03099,cert-enterprise-ai-safety,M061,approved,2026-05-19,ManagerPortal
L03100,cert-enterprise-ai-safety,M008,pending,,ManagerPortal
L03101,cert-enterprise-ai-safety,M026,pending,,ManagerPortal
L03102,cert-enterprise-ai-safety,M014,approved,2026-04-29,ManagerPortal
L03103,cert-enterprise-ai-safety,M065,pending,,ManagerPortal
L03104,cert-enterprise-ai-safety,M065,pending,,ManagerPortal
L03105,cert-enterprise-ai-safety,M045,pending,,ManagerPortal
L03106,cert-enterprise-ai-safety,M046,pending,,ManagerPortal
L03107,cert-enterprise-ai-safety,M014,approved,2026-05-19,ManagerPortal
L03108,cert-enterprise-ai-safety,M011,approved,2026-05-16,ManagerPortal
L03109,cert-enterprise-ai-safety,M072,approved,2026-05-26,ManagerPortal
L03110,cert-enterprise-ai-safety,M024,approved,2026-05-25,ManagerPortal
L03111,cert-enterprise-ai-safety,M032,pending,,ManagerPortal
L03112,cert-enterprise-ai-safety,M074,approved,2026-05-15,ManagerPortal
L03113,cert-enterprise-ai-safety,M069,approved,2026-05-08,ManagerPortal
L03114,cert-enterprise-ai-safety,M006,approved,2026-05-02,ManagerPortal
L03115,cert-enterprise-ai-safety,M023,approved,2026-04-27,ManagerPortal
L03116,cert-enterprise-ai-safety,M058,pending,,ManagerPortal
L03117,cert-enterprise-ai-safety,M077,pending,,ManagerPortal
L03118,cert-enterprise-ai-safety,M079,pending,,ManagerPortal
L03119,cert-enterprise-ai-safety,M006,pending,,ManagerPortal
L03120,cert-enterprise-ai-safety,M070,pending,,ManagerPortal
L03121,cert-enterprise-ai-safety,M072,approved,2026-05-06,ManagerPortal
L03122,cert-enterprise-ai-safety,M015,pending,,ManagerPortal
L03123,cert-enterprise-ai-safety,M049,approved,2026-05-25,ManagerPortal
L03124,cert-enterprise-ai-safety,M059,approved,2026-05-09,ManagerPortal
L03125,cert-enterprise-ai-safety,M040,approved,2026-05-10,ManagerPortal
L03126,cert-enterprise-ai-safety,M014,pending,,ManagerPortal
L03127,cert-enterprise-ai-safety,M007,approved,2026-05-16,ManagerPortal
L03128,cert-enterprise-ai-safety,M002,approved,2026-05-14,ManagerPortal
L03129,cert-enterprise-ai-safety,M015,approved,2026-05-22,ManagerPortal
L03130,cert-enterprise-ai-safety,M021,pending,,ManagerPortal
L03131,cert-enterprise-ai-safety,M035,approved,2026-04-25,ManagerPortal
L03132,cert-enterprise-ai-safety,M030,approved,2026-04-25,ManagerPortal
L03133,cert-enterprise-ai-safety,M011,approved,2026-05-11,ManagerPortal
L03134,cert-enterprise-ai-safety,M028,approved,2026-04-27,ManagerPortal
L03135,cert-enterprise-ai-safety,M025,pending,,ManagerPortal
L03136,cert-enterprise-ai-safety,M038,approved,2026-04-25,ManagerPortal
L03137,cert-enterprise-ai-safety,M008,approved,2026-05-23,ManagerPortal
L03138,cert-enterprise-ai-safety,M059,approved,2026-05-24,ManagerPortal
L03139,cert-enterprise-ai-safety,M052,pending,,ManagerPortal
L03140,cert-enterprise-ai-safety,M022,approved,2026-06-01,ManagerPortal
L03141,cert-enterprise-ai-safety,M041,pending,,ManagerPortal
L03142,cert-enterprise-ai-safety,M047,approved,2026-05-24,ManagerPortal
L03143,cert-enterprise-ai-safety,M070,pending,,ManagerPortal
L03144,cert-enterprise-ai-safety,M040,pending,,ManagerPortal
L03145,cert-enterprise-ai-safety,M007,pending,,ManagerPortal
L03146,cert-enterprise-ai-safety,M072,pending,,ManagerPortal
L03147,cert-enterprise-ai-safety,M044,pending,,ManagerPortal
L03148,cert-enterprise-ai-safety,M033,pending,,ManagerPortal
L03149,cert-enterprise-ai-safety,M005,pending,,ManagerPortal
L03150,cert-enterprise-ai-safety,M029,approved,2026-06-01,ManagerPortal
L03151,cert-enterprise-ai-safety,M069,approved,2026-06-01,ManagerPortal
L03152,cert-enterprise-ai-safety,M053,pending,,ManagerPortal
L03153,cert-enterprise-ai-safety,M028,pending,,ManagerPortal
L03154,cert-enterprise-ai-safety,M071,approved,2026-05-11,ManagerPortal
L03155,cert-enterprise-ai-safety,M080,approved,2026-05-13,ManagerPortal
L03156,cert-enterprise-ai-safety,M068,approved,2026-05-07,ManagerPortal
L03157,cert-enterprise-ai-safety,M001,approved,2026-05-17,ManagerPortal
L03158,cert-enterprise-ai-safety,M015,pending,,ManagerPortal
L03159,cert-enterprise-ai-safety,M038,approved,2026-06-06,ManagerPortal
L03160,cert-enterprise-ai-safety,M068,approved,2026-04-27,ManagerPortal
L03161,cert-enterprise-ai-safety,M077,pending,,ManagerPortal
L03162,cert-enterprise-ai-safety,M025,approved,2026-05-10,ManagerPortal
L03163,cert-enterprise-ai-safety,M047,pending,,ManagerPortal
L03164,cert-enterprise-ai-safety,M029,approved,2026-04-26,ManagerPortal
L03165,cert-enterprise-ai-safety,M051,approved,2026-06-05,ManagerPortal
L03166,cert-enterprise-ai-safety,M077,pending,,ManagerPortal
L03167,cert-enterprise-ai-safety,M037,pending,,ManagerPortal
L03168,cert-enterprise-ai-safety,M079,approved,2026-05-30,ManagerPortal
L03169,cert-enterprise-ai-safety,M064,pending,,ManagerPortal
L03170,cert-enterprise-ai-safety,M047,approved,2026-04-24,ManagerPortal
L03171,cert-enterprise-ai-safety,M005,approved,2026-05-31,ManagerPortal
L03172,cert-enterprise-ai-safety,M075,approved,2026-05-17,ManagerPortal
L03173,cert-enterprise-ai-safety,M028,approved,2026-05-11,ManagerPortal
L03174,cert-enterprise-ai-safety,M080,pending,,ManagerPortal
L03175,cert-enterprise-ai-safety,M036,approved,2026-04-30,ManagerPortal
L03176,cert-enterprise-ai-safety,M018,approved,2026-04-28,ManagerPortal
L03177,cert-enterprise-ai-safety,M056,pending,,ManagerPortal
L03178,cert-enterprise-ai-safety,M020,approved,2026-05-01,ManagerPortal
L03179,cert-enterprise-ai-safety,M051,approved,2026-06-03,ManagerPortal
L03180,cert-enterprise-ai-safety,M054,approved,2026-05-30,ManagerPortal
L03181,cert-enterprise-ai-safety,M061,approved,2026-05-06,ManagerPortal
L03182,cert-enterprise-ai-safety,M012,approved,2026-05-26,ManagerPortal
L03183,cert-enterprise-ai-safety,M068,pending,,ManagerPortal
L03184,cert-enterprise-ai-safety,M028,approved,2026-05-01,ManagerPortal
L03185,cert-enterprise-ai-safety,M017,approved,2026-05-26,ManagerPortal
L03186,cert-enterprise-ai-safety,M048,approved,2026-05-18,ManagerPortal
L03187,cert-enterprise-ai-safety,M080,approved,2026-04-25,ManagerPortal
L03188,cert-enterprise-ai-safety,M029,approved,2026-06-01,ManagerPortal
L03189,cert-enterprise-ai-safety,M058,approved,2026-05-01,ManagerPortal
L03190,cert-enterprise-ai-safety,M060,approved,2026-06-05,ManagerPortal
L03191,cert-enterprise-ai-safety,M032,approved,2026-04-28,ManagerPortal
L03192,cert-enterprise-ai-safety,M012,approved,2026-05-08,ManagerPortal
L03193,cert-enterprise-ai-safety,M011,approved,2026-04-24,ManagerPortal
L03194,cert-enterprise-ai-safety,M049,approved,2026-05-14,ManagerPortal
L03195,cert-enterprise-ai-safety,M002,approved,2026-06-02,ManagerPortal
L03196,cert-enterprise-ai-safety,M067,approved,2026-05-04,ManagerPortal
L03197,cert-enterprise-ai-safety,M040,approved,2026-05-31,ManagerPortal
L03198,cert-enterprise-ai-safety,M061,pending,,ManagerPortal
L03199,cert-enterprise-ai-safety,M071,approved,2026-05-24,ManagerPortal
L03200,cert-enterprise-ai-safety,M055,approved,2026-05-14,ManagerPortal
L03201,cert-enterprise-ai-safety,M039,approved,2026-05-13,ManagerPortal
L03202,cert-enterprise-ai-safety,M076,approved,2026-06-02,ManagerPortal
L03203,cert-enterprise-ai-safety,M004,approved,2026-05-31,ManagerPortal
L03204,cert-enterprise-ai-safety,M065,pending,,ManagerPortal
L03205,cert-enterprise-ai-safety,M064,approved,2026-04-24,ManagerPortal
L03206,cert-enterprise-ai-safety,M016,pending,,ManagerPortal
L03207,cert-enterprise-ai-safety,M040,approved,2026-06-06,ManagerPortal
L03208,cert-enterprise-ai-safety,M020,approved,2026-06-01,ManagerPortal
L03209,cert-enterprise-ai-safety,M060,pending,,ManagerPortal
L03210,cert-enterprise-ai-safety,M080,approved,2026-05-31,ManagerPortal
L03211,cert-enterprise-ai-safety,M071,pending,,ManagerPortal
L03212,cert-enterprise-ai-safety,M063,approved,2026-04-30,ManagerPortal
L03213,cert-enterprise-ai-safety,M063,pending,,ManagerPortal
L03214,cert-enterprise-ai-safety,M046,approved,2026-05-27,ManagerPortal
L03215,cert-enterprise-ai-safety,M047,pending,,ManagerPortal
L03216,cert-enterprise-ai-safety,M056,approved,2026-05-20,ManagerPortal
L03217,cert-enterprise-ai-safety,M037,approved,2026-06-02,ManagerPortal
L03218,cert-enterprise-ai-safety,M045,pending,,ManagerPortal
L03219,cert-enterprise-ai-safety,M075,approved,2026-05-23,ManagerPortal
L03220,cert-enterprise-ai-safety,M008,approved,2026-05-24,ManagerPortal
L03221,cert-enterprise-ai-safety,M029,approved,2026-05-10,ManagerPortal
L03222,cert-enterprise-ai-safety,M078,approved,2026-04-25,ManagerPortal
L03223,cert-enterprise-ai-safety,M054,pending,,ManagerPortal
L03224,cert-enterprise-ai-safety,M045,approved,2026-05-12,ManagerPortal
L03225,cert-enterprise-ai-safety,M059,pending,,ManagerPortal
L03226,cert-enterprise-ai-safety,M047,approved,2026-05-28,ManagerPortal
L03227,cert-enterprise-ai-safety,M048,approved,2026-05-07,ManagerPortal
L03228,cert-enterprise-ai-safety,M008,approved,2026-04-25,ManagerPortal
L03229,cert-enterprise-ai-safety,M061,approved,2026-05-04,ManagerPortal
L03230,cert-enterprise-ai-safety,M030,approved,2026-04-27,ManagerPortal
L03231,cert-enterprise-ai-safety,M034,pending,,ManagerPortal
L03232,cert-enterprise-ai-safety,M010,approved,2026-05-25,ManagerPortal
L03233,cert-enterprise-ai-safety,M068,pending,,ManagerPortal
L03234,cert-enterprise-ai-safety,M057,approved,2026-05-12,ManagerPortal
L03235,cert-enterprise-ai-safety,M028,approved,2026-05-09,ManagerPortal
L03236,cert-enterprise-ai-safety,M032,approved,2026-06-04,ManagerPortal
L03237,cert-enterprise-ai-safety,M034,approved,2026-06-04,ManagerPortal
L03238,cert-enterprise-ai-safety,M040,approved,2026-05-03,ManagerPortal
L03239,cert-enterprise-ai-safety,M013,approved,2026-06-06,ManagerPortal
L03240,cert-enterprise-ai-safety,M035,approved,2026-05-31,ManagerPortal
L03241,cert-enterprise-ai-safety,M002,pending,,ManagerPortal
L03242,cert-enterprise-ai-safety,M072,approved,2026-06-05,ManagerPortal
L03243,cert-enterprise-ai-safety,M017,approved,2026-05-07,ManagerPortal
L03244,cert-enterprise-ai-safety,M044,approved,2026-04-27,ManagerPortal
L03245,cert-enterprise-ai-safety,M032,pending,,ManagerPortal
L03246,cert-enterprise-ai-safety,M069,pending,,ManagerPortal
L03247,cert-enterprise-ai-safety,M049,pending,,ManagerPortal
L03248,cert-enterprise-ai-safety,M043,approved,2026-05-05,ManagerPortal
L03249,cert-enterprise-ai-safety,M065,approved,2026-04-27,ManagerPortal
L03250,cert-enterprise-ai-safety,M047,approved,2026-04-26,ManagerPortal
L03251,cert-enterprise-ai-safety,M056,pending,,ManagerPortal
L03252,cert-enterprise-ai-safety,M002,approved,2026-05-16,ManagerPortal
L03253,cert-enterprise-ai-safety,M061,approved,2026-05-14,ManagerPortal
L03254,cert-enterprise-ai-safety,M070,pending,,ManagerPortal
L03255,cert-enterprise-ai-safety,M046,approved,2026-06-06,ManagerPortal
L03256,cert-enterprise-ai-safety,M007,approved,2026-04-29,ManagerPortal
L03257,cert-enterprise-ai-safety,M039,approved,2026-04-29,ManagerPortal
L03258,cert-enterprise-ai-safety,M019,approved,2026-05-04,ManagerPortal
L03259,cert-enterprise-ai-safety,M014,approved,2026-04-29,ManagerPortal
L03260,cert-enterprise-ai-safety,M026,approved,2026-05-14,ManagerPortal
L03261,cert-enterprise-ai-safety,M027,pending,,ManagerPortal
L03262,cert-enterprise-ai-safety,M069,approved,2026-04-27,ManagerPortal
L03263,cert-enterprise-ai-safety,M041,pending,,ManagerPortal
L03264,cert-enterprise-ai-safety,M079,approved,2026-06-06,ManagerPortal
L03265,cert-enterprise-ai-safety,M026,approved,2026-05-23,ManagerPortal
L03266,cert-enterprise-ai-safety,M015,pending,,ManagerPortal
L03267,cert-enterprise-ai-safety,M067,approved,2026-05-12,ManagerPortal
L03268,cert-enterprise-ai-safety,M040,approved,2026-05-01,ManagerPortal
L03269,cert-enterprise-ai-safety,M019,approved,2026-06-03,ManagerPortal
L03270,cert-enterprise-ai-safety,M005,approved,2026-04-27,ManagerPortal
L03271,cert-enterprise-ai-safety,M021,approved,2026-05-19,ManagerPortal
L03272,cert-enterprise-ai-safety,M078,approved,2026-05-04,ManagerPortal
L03273,cert-enterprise-ai-safety,M061,approved,2026-05-15,ManagerPortal
L03274,cert-enterprise-ai-safety,M060,approved,2026-05-16,ManagerPortal
L03275,cert-enterprise-ai-safety,M046,pending,,ManagerPortal
L03276,cert-enterprise-ai-safety,M033,pending,,ManagerPortal
L03277,cert-enterprise-ai-safety,M053,approved,2026-05-19,ManagerPortal
L03278,cert-enterprise-ai-safety,M062,pending,,ManagerPortal
L03279,cert-enterprise-ai-safety,M077,approved,2026-04-27,ManagerPortal
L03280,cert-enterprise-ai-safety,M040,pending,,ManagerPortal
L03281,cert-enterprise-ai-safety,M038,approved,2026-05-02,ManagerPortal
L03282,cert-enterprise-ai-safety,M047,pending,,ManagerPortal
L03283,cert-enterprise-ai-safety,M068,approved,2026-04-23,ManagerPortal
L03284,cert-enterprise-ai-safety,M035,pending,,ManagerPortal
L03285,cert-enterprise-ai-safety,M005,approved,2026-05-15,ManagerPortal
L03286,cert-enterprise-ai-safety,M030,pending,,ManagerPortal
L03287,cert-enterprise-ai-safety,M003,approved,2026-06-01,ManagerPortal
L03288,cert-enterprise-ai-safety,M041,approved,2026-05-07,ManagerPortal
L03289,cert-enterprise-ai-safety,M022,approved,2026-05-01,ManagerPortal
L03290,cert-enterprise-ai-safety,M015,pending,,ManagerPortal
L03291,cert-enterprise-ai-safety,M061,approved,2026-05-12,ManagerPortal
L03292,cert-enterprise-ai-safety,M043,approved,2026-05-02,ManagerPortal
L03293,cert-enterprise-ai-safety,M026,approved,2026-05-23,ManagerPortal
L03294,cert-enterprise-ai-safety,M026,pending,,ManagerPortal
L03295,cert-enterprise-ai-safety,M033,approved,2026-04-30,ManagerPortal
L03296,cert-enterprise-ai-safety,M004,approved,2026-04-28,ManagerPortal
L03297,cert-enterprise-ai-safety,M004,approved,2026-05-31,ManagerPortal
L03298,cert-enterprise-ai-safety,M048,pending,,ManagerPortal
L03299,cert-enterprise-ai-safety,M034,pending,,ManagerPortal
L03300,cert-enterprise-ai-safety,M018,approved,2026-05-10,ManagerPortal
L03301,cert-enterprise-ai-safety,M016,approved,2026-05-09,ManagerPortal
L03302,cert-enterprise-ai-safety,M059,pending,,ManagerPortal
L03303,cert-enterprise-ai-safety,M012,approved,2026-05-27,ManagerPortal
L03304,cert-enterprise-ai-safety,M061,pending,,ManagerPortal
L03305,cert-enterprise-ai-safety,M074,pending,,ManagerPortal
L03306,cert-enterprise-ai-safety,M076,approved,2026-05-05,ManagerPortal
L03307,cert-enterprise-ai-safety,M027,approved,2026-05-31,ManagerPortal
L03308,cert-enterprise-ai-safety,M074,pending,,ManagerPortal
L03309,cert-enterprise-ai-safety,M037,pending,,ManagerPortal
L03310,cert-enterprise-ai-safety,M014,approved,2026-05-10,ManagerPortal
L03311,cert-enterprise-ai-safety,M036,approved,2026-04-30,ManagerPortal
L03312,cert-enterprise-ai-safety,M025,approved,2026-05-30,ManagerPortal
L03313,cert-enterprise-ai-safety,M052,approved,2026-05-09,ManagerPortal
L03314,cert-enterprise-ai-safety,M072,approved,2026-05-13,ManagerPortal
L03315,cert-enterprise-ai-safety,M042,pending,,ManagerPortal
L03316,cert-enterprise-ai-safety,M034,approved,2026-04-25,ManagerPortal
L03317,cert-enterprise-ai-safety,M021,approved,2026-05-25,ManagerPortal
L03318,cert-enterprise-ai-safety,M050,approved,2026-05-13,ManagerPortal
L03319,cert-enterprise-ai-safety,M019,approved,2026-05-07,ManagerPortal
L03320,cert-enterprise-ai-safety,M058,approved,2026-05-09,ManagerPortal
L03321,cert-enterprise-ai-safety,M027,pending,,ManagerPortal
L03322,cert-enterprise-ai-safety,M009,pending,,ManagerPortal
L03323,cert-enterprise-ai-safety,M030,approved,2026-05-09,ManagerPortal
L03324,cert-enterprise-ai-safety,M049,approved,2026-05-26,ManagerPortal
L03325,cert-enterprise-ai-safety,M014,approved,2026-05-16,ManagerPortal
L03326,cert-enterprise-ai-safety,M073,approved,2026-05-17,ManagerPortal
L03327,cert-enterprise-ai-safety,M018,approved,2026-04-23,ManagerPortal
L03328,cert-enterprise-ai-safety,M031,approved,2026-05-26,ManagerPortal
L03329,cert-enterprise-ai-safety,M034,approved,2026-05-24,ManagerPortal
L03330,cert-enterprise-ai-safety,M037,pending,,ManagerPortal
L03331,cert-enterprise-ai-safety,M080,pending,,ManagerPortal
L03332,cert-enterprise-ai-safety,M067,approved,2026-04-28,ManagerPortal
L03333,cert-enterprise-ai-safety,M016,approved,2026-05-08,ManagerPortal
L03334,cert-enterprise-ai-safety,M026,pending,,ManagerPortal
L03335,cert-enterprise-ai-safety,M069,approved,2026-05-14,ManagerPortal
L03336,cert-enterprise-ai-safety,M027,approved,2026-05-25,ManagerPortal
L03337,cert-enterprise-ai-safety,M070,approved,2026-05-12,ManagerPortal
L03338,cert-enterprise-ai-safety,M073,approved,2026-05-24,ManagerPortal
L03339,cert-enterprise-ai-safety,M028,approved,2026-05-10,ManagerPortal
L03340,cert-enterprise-ai-safety,M060,approved,2026-05-06,ManagerPortal
L03341,cert-enterprise-ai-safety,M023,approved,2026-04-28,ManagerPortal
L03342,cert-enterprise-ai-safety,M063,pending,,ManagerPortal
L03343,cert-enterprise-ai-safety,M009,approved,2026-05-25,ManagerPortal
L03344,cert-enterprise-ai-safety,M058,approved,2026-05-17,ManagerPortal
L03345,cert-enterprise-ai-safety,M007,approved,2026-05-30,ManagerPortal
L03346,cert-enterprise-ai-safety,M054,approved,2026-05-14,ManagerPortal
L03347,cert-enterprise-ai-safety,M071,approved,2026-06-06,ManagerPortal
L03348,cert-enterprise-ai-safety,M052,approved,2026-04-24,ManagerPortal
L03349,cert-enterprise-ai-safety,M041,approved,2026-05-12,ManagerPortal
L03350,cert-enterprise-ai-safety,M007,pending,,ManagerPortal
L03351,cert-enterprise-ai-safety,M075,approved,2026-06-02,ManagerPortal
L03352,cert-enterprise-ai-safety,M044,approved,2026-05-25,ManagerPortal
L03353,cert-enterprise-ai-safety,M075,approved,2026-05-14,ManagerPortal
L03354,cert-enterprise-ai-safety,M011,approved,2026-05-16,ManagerPortal
L03355,cert-enterprise-ai-safety,M031,approved,2026-05-07,ManagerPortal
L03356,cert-enterprise-ai-safety,M001,approved,2026-05-14,ManagerPortal
L03357,cert-enterprise-ai-safety,M028,approved,2026-06-01,ManagerPortal
L03358,cert-enterprise-ai-safety,M053,approved,2026-06-01,ManagerPortal
L03359,cert-enterprise-ai-safety,M045,pending,,ManagerPortal
L03360,cert-enterprise-ai-safety,M011,pending,,ManagerPortal
L03361,cert-enterprise-ai-safety,M006,approved,2026-04-30,ManagerPortal
L03362,cert-enterprise-ai-safety,M062,pending,,ManagerPortal
L03363,cert-enterprise-ai-safety,M045,approved,2026-05-27,ManagerPortal
L03364,cert-enterprise-ai-safety,M005,approved,2026-05-13,ManagerPortal
L03365,cert-enterprise-ai-safety,M007,approved,2026-06-05,ManagerPortal
L03366,cert-enterprise-ai-safety,M004,approved,2026-04-26,ManagerPortal
L03367,cert-enterprise-ai-safety,M025,pending,,ManagerPortal
L03368,cert-enterprise-ai-safety,M032,approved,2026-06-05,ManagerPortal
L03369,cert-enterprise-ai-safety,M055,approved,2026-05-13,ManagerPortal
L03370,cert-enterprise-ai-safety,M032,approved,2026-06-05,ManagerPortal
L03371,cert-enterprise-ai-safety,M021,pending,,ManagerPortal
L03372,cert-enterprise-ai-safety,M006,pending,,ManagerPortal
L03373,cert-enterprise-ai-safety,M027,approved,2026-05-05,ManagerPortal
L03374,cert-enterprise-ai-safety,M069,approved,2026-05-07,ManagerPortal
L03375,cert-enterprise-ai-safety,M074,approved,2026-04-24,ManagerPortal
L03376,cert-enterprise-ai-safety,M014,approved,2026-05-23,ManagerPortal
L03377,cert-enterprise-ai-safety,M055,pending,,ManagerPortal
L03378,cert-enterprise-ai-safety,M031,approved,2026-05-22,ManagerPortal
L03379,cert-enterprise-ai-safety,M044,approved,2026-05-05,ManagerPortal
L03380,cert-enterprise-ai-safety,M006,pending,,ManagerPortal
L03381,cert-enterprise-ai-safety,M043,pending,,ManagerPortal
L03382,cert-enterprise-ai-safety,M078,approved,2026-05-10,ManagerPortal
L03383,cert-enterprise-ai-safety,M062,pending,,ManagerPortal
L03384,cert-enterprise-ai-safety,M014,pending,,ManagerPortal
L03385,cert-enterprise-ai-safety,M063,approved,2026-06-05,ManagerPortal
L03386,cert-enterprise-ai-safety,M072,approved,2026-05-20,ManagerPortal
L03387,cert-enterprise-ai-safety,M003,approved,2026-04-28,ManagerPortal
L03388,cert-enterprise-ai-safety,M054,approved,2026-06-05,ManagerPortal
L03389,cert-enterprise-ai-safety,M045,approved,2026-05-28,ManagerPortal
L03390,cert-enterprise-ai-safety,M074,approved,2026-04-29,ManagerPortal
L03391,cert-enterprise-ai-safety,M059,approved,2026-05-21,ManagerPortal
L03392,cert-enterprise-ai-safety,M034,approved,2026-05-31,ManagerPortal
L03393,cert-enterprise-ai-safety,M012,pending,,ManagerPortal
L03394,cert-enterprise-ai-safety,M019,approved,2026-05-27,ManagerPortal
L03395,cert-enterprise-ai-safety,M035,approved,2026-05-07,ManagerPortal
L03396,cert-enterprise-ai-safety,M039,approved,2026-05-20,ManagerPortal
L03397,cert-enterprise-ai-safety,M005,approved,2026-05-06,ManagerPortal
L03398,cert-enterprise-ai-safety,M013,approved,2026-05-07,ManagerPortal
L03399,cert-enterprise-ai-safety,M005,pending,,ManagerPortal
L03400,cert-enterprise-ai-safety,M069,approved,2026-04-25,ManagerPortal
L03401,cert-enterprise-ai-safety,M020,approved,2026-05-31,ManagerPortal
L03402,cert-enterprise-ai-safety,M075,approved,2026-06-02,ManagerPortal
L03403,cert-enterprise-ai-safety,M030,approved,2026-04-29,ManagerPortal
L03404,cert-enterprise-ai-safety,M032,pending,,ManagerPortal
L03405,cert-enterprise-ai-safety,M020,pending,,ManagerPortal
L03406,cert-enterprise-ai-safety,M026,approved,2026-05-31,ManagerPortal
L03407,cert-enterprise-ai-safety,M050,approved,2026-05-19,ManagerPortal
L03408,cert-enterprise-ai-safety,M066,pending,,ManagerPortal
L03409,cert-enterprise-ai-safety,M044,pending,,ManagerPortal
L03410,cert-enterprise-ai-safety,M068,approved,2026-05-06,ManagerPortal
L03411,cert-enterprise-ai-safety,M019,approved,2026-04-29,ManagerPortal
L03412,cert-enterprise-ai-safety,M016,approved,2026-05-22,ManagerPortal
L03413,cert-enterprise-ai-safety,M054,approved,2026-04-29,ManagerPortal
L03414,cert-enterprise-ai-safety,M080,pending,,ManagerPortal
L03415,cert-enterprise-ai-safety,M062,pending,,ManagerPortal
L03416,cert-enterprise-ai-safety,M060,approved,2026-05-09,ManagerPortal
L03417,cert-enterprise-ai-safety,M034,approved,2026-04-23,ManagerPortal
L03418,cert-enterprise-ai-safety,M021,approved,2026-06-03,ManagerPortal
L03419,cert-enterprise-ai-safety,M027,pending,,ManagerPortal
L03420,cert-enterprise-ai-safety,M003,approved,2026-06-04,ManagerPortal
L03421,cert-enterprise-ai-safety,M025,approved,2026-04-27,ManagerPortal
L03422,cert-enterprise-ai-safety,M026,approved,2026-05-26,ManagerPortal
L03423,cert-enterprise-ai-safety,M063,approved,2026-05-30,ManagerPortal
L03424,cert-enterprise-ai-safety,M035,approved,2026-05-03,ManagerPortal
L03425,cert-enterprise-ai-safety,M017,approved,2026-04-27,ManagerPortal
L03426,cert-enterprise-ai-safety,M061,approved,2026-05-29,ManagerPortal
L03427,cert-enterprise-ai-safety,M072,approved,2026-04-26,ManagerPortal
L03428,cert-enterprise-ai-safety,M064,approved,2026-05-16,ManagerPortal
L03429,cert-enterprise-ai-safety,M056,approved,2026-05-08,ManagerPortal
L03430,cert-enterprise-ai-safety,M001,approved,2026-04-23,ManagerPortal
L03431,cert-enterprise-ai-safety,M063,approved,2026-05-01,ManagerPortal
L03432,cert-enterprise-ai-safety,M076,approved,2026-05-31,ManagerPortal
L03433,cert-enterprise-ai-safety,M036,approved,2026-04-27,ManagerPortal
L03434,cert-enterprise-ai-safety,M019,approved,2026-05-25,ManagerPortal
L03435,cert-enterprise-ai-safety,M052,pending,,ManagerPortal
L03436,cert-enterprise-ai-safety,M032,approved,2026-05-08,ManagerPortal
L03437,cert-enterprise-ai-safety,M048,pending,,ManagerPortal
L03438,cert-enterprise-ai-safety,M069,approved,2026-05-17,ManagerPortal
L03439,cert-enterprise-ai-safety,M073,approved,2026-05-12,ManagerPortal
L03440,cert-enterprise-ai-safety,M009,pending,,ManagerPortal
L03441,cert-enterprise-ai-safety,M074,pending,,ManagerPortal
L03442,cert-enterprise-ai-safety,M064,approved,2026-05-24,ManagerPortal
L03443,cert-enterprise-ai-safety,M037,approved,2026-04-24,ManagerPortal
L03444,cert-enterprise-ai-safety,M002,approved,2026-05-03,ManagerPortal
L03445,cert-enterprise-ai-safety,M078,approved,2026-05-02,ManagerPortal
L03446,cert-enterprise-ai-safety,M078,approved,2026-04-28,ManagerPortal
L03447,cert-enterprise-ai-safety,M074,approved,2026-05-17,ManagerPortal
L03448,cert-enterprise-ai-safety,M041,pending,,ManagerPortal
L03449,cert-enterprise-ai-safety,M014,approved,2026-05-28,ManagerPortal
L03450,cert-enterprise-ai-safety,M039,approved,2026-05-01,ManagerPortal
L03451,cert-enterprise-ai-safety,M060,approved,2026-06-02,ManagerPortal
L03452,cert-enterprise-ai-safety,M002,approved,2026-04-28,ManagerPortal
L03453,cert-enterprise-ai-safety,M022,pending,,ManagerPortal
L03454,cert-enterprise-ai-safety,M067,approved,2026-05-10,ManagerPortal
L03455,cert-enterprise-ai-safety,M033,approved,2026-05-29,ManagerPortal
L03456,cert-enterprise-ai-safety,M011,approved,2026-05-26,ManagerPortal
L03457,cert-enterprise-ai-safety,M022,pending,,ManagerPortal
L03458,cert-enterprise-ai-safety,M071,approved,2026-05-16,ManagerPortal
L03459,cert-enterprise-ai-safety,M079,approved,2026-05-12,ManagerPortal
L03460,cert-enterprise-ai-safety,M080,pending,,ManagerPortal
L03461,cert-enterprise-ai-safety,M080,pending,,ManagerPortal
L03462,cert-enterprise-ai-safety,M078,approved,2026-04-24,ManagerPortal
L03463,cert-enterprise-ai-safety,M069,approved,2026-05-14,ManagerPortal
L03464,cert-enterprise-ai-safety,M008,approved,2026-05-31,ManagerPortal
L03465,cert-enterprise-ai-safety,M064,pending,,ManagerPortal
L03466,cert-enterprise-ai-safety,M077,approved,2026-05-18,ManagerPortal
L03467,cert-enterprise-ai-safety,M018,pending,,ManagerPortal
L03468,cert-enterprise-ai-safety,M070,approved,2026-05-08,ManagerPortal
L03469,cert-enterprise-ai-safety,M043,approved,2026-04-26,ManagerPortal
L03470,cert-enterprise-ai-safety,M031,approved,2026-06-04,ManagerPortal
L03471,cert-enterprise-ai-safety,M073,approved,2026-05-14,ManagerPortal
L03472,cert-enterprise-ai-safety,M069,pending,,ManagerPortal
L03473,cert-enterprise-ai-safety,M006,pending,,ManagerPortal
L03474,cert-enterprise-ai-safety,M058,approved,2026-05-21,ManagerPortal
L03475,cert-enterprise-ai-safety,M015,pending,,ManagerPortal
L03476,cert-enterprise-ai-safety,M015,approved,2026-05-03,ManagerPortal
L03477,cert-enterprise-ai-safety,M079,approved,2026-05-18,ManagerPortal
L03478,cert-enterprise-ai-safety,M022,approved,2026-05-18,ManagerPortal
L03479,cert-enterprise-ai-safety,M058,approved,2026-05-24,ManagerPortal
L03480,cert-enterprise-ai-safety,M021,approved,2026-05-10,ManagerPortal
L03481,cert-enterprise-ai-safety,M010,approved,2026-06-06,ManagerPortal
L03482,cert-enterprise-ai-safety,M044,pending,,ManagerPortal
L03483,cert-enterprise-ai-safety,M007,approved,2026-04-23,ManagerPortal
L03484,cert-enterprise-ai-safety,M037,approved,2026-05-05,ManagerPortal
L03485,cert-enterprise-ai-safety,M029,approved,2026-05-09,ManagerPortal
L03486,cert-enterprise-ai-safety,M001,approved,2026-05-02,ManagerPortal
L03487,cert-enterprise-ai-safety,M003,approved,2026-05-30,ManagerPortal
L03488,cert-enterprise-ai-safety,M077,approved,2026-05-07,ManagerPortal
L03489,cert-enterprise-ai-safety,M026,approved,2026-04-23,ManagerPortal
L03490,cert-enterprise-ai-safety,M057,pending,,ManagerPortal
L03491,cert-enterprise-ai-safety,M064,approved,2026-06-02,ManagerPortal
L03492,cert-enterprise-ai-safety,M064,pending,,ManagerPortal
L03493,cert-enterprise-ai-safety,M037,approved,2026-05-12,ManagerPortal
L03494,cert-enterprise-ai-safety,M019,pending,,ManagerPortal
L03495,cert-enterprise-ai-safety,M051,approved,2026-05-05,ManagerPortal
L03496,cert-enterprise-ai-safety,M067,pending,,ManagerPortal
L03497,cert-enterprise-ai-safety,M060,approved,2026-05-30,ManagerPortal
L03498,cert-enterprise-ai-safety,M038,approved,2026-05-19,ManagerPortal
L03499,cert-enterprise-ai-safety,M052,approved,2026-05-08,ManagerPortal
L03500,cert-enterprise-ai-safety,M016,approved,2026-05-06,ManagerPortal
L03501,cert-enterprise-ai-safety,M004,approved,2026-05-22,ManagerPortal
L03502,cert-enterprise-ai-safety,M076,approved,2026-05-28,ManagerPortal
L03503,cert-enterprise-ai-safety,M061,approved,2026-04-30,ManagerPortal
L03504,cert-enterprise-ai-safety,M009,approved,2026-05-22,ManagerPortal
L03505,cert-enterprise-ai-safety,M044,approved,2026-06-02,ManagerPortal
L03506,cert-enterprise-ai-safety,M002,pending,,ManagerPortal
L03507,cert-enterprise-ai-safety,M055,pending,,ManagerPortal
L03508,cert-enterprise-ai-safety,M080,approved,2026-04-28,ManagerPortal
L03509,cert-enterprise-ai-safety,M003,approved,2026-06-02,ManagerPortal
L03510,cert-enterprise-ai-safety,M013,pending,,ManagerPortal
L03511,cert-enterprise-ai-safety,M031,approved,2026-06-04,ManagerPortal
L03512,cert-enterprise-ai-safety,M007,approved,2026-05-14,ManagerPortal
L03513,cert-enterprise-ai-safety,M034,pending,,ManagerPortal
L03514,cert-enterprise-ai-safety,M053,approved,2026-05-21,ManagerPortal
L03515,cert-enterprise-ai-safety,M036,approved,2026-05-12,ManagerPortal
L03516,cert-enterprise-ai-safety,M079,approved,2026-05-03,ManagerPortal
L03517,cert-enterprise-ai-safety,M036,pending,,ManagerPortal
L03518,cert-enterprise-ai-safety,M012,approved,2026-05-05,ManagerPortal
L03519,cert-enterprise-ai-safety,M047,approved,2026-06-01,ManagerPortal
L03520,cert-enterprise-ai-safety,M020,approved,2026-05-19,ManagerPortal
L03521,cert-enterprise-ai-safety,M024,approved,2026-05-26,ManagerPortal
L03522,cert-enterprise-ai-safety,M029,pending,,ManagerPortal
L03523,cert-enterprise-ai-safety,M067,approved,2026-05-25,ManagerPortal
L03524,cert-enterprise-ai-safety,M077,pending,,ManagerPortal
L03525,cert-enterprise-ai-safety,M068,approved,2026-05-29,ManagerPortal
L03526,cert-enterprise-ai-safety,M013,approved,2026-05-26,ManagerPortal
L03527,cert-enterprise-ai-safety,M024,approved,2026-05-06,ManagerPortal
L03528,cert-enterprise-ai-safety,M059,pending,,ManagerPortal
L03529,cert-enterprise-ai-safety,M030,approved,2026-05-13,ManagerPortal
L03530,cert-enterprise-ai-safety,M075,approved,2026-05-13,ManagerPortal
L03531,cert-enterprise-ai-safety,M047,approved,2026-05-04,ManagerPortal
L03532,cert-enterprise-ai-safety,M011,approved,2026-05-22,ManagerPortal
L03533,cert-enterprise-ai-safety,M014,approved,2026-04-29,ManagerPortal
L03534,cert-enterprise-ai-safety,M042,approved,2026-05-26,ManagerPortal
L03535,cert-enterprise-ai-safety,M021,pending,,ManagerPortal
L03536,cert-enterprise-ai-safety,M009,approved,2026-05-04,ManagerPortal
L03537,cert-enterprise-ai-safety,M062,approved,2026-05-27,ManagerPortal
L03538,cert-enterprise-ai-safety,M069,approved,2026-05-25,ManagerPortal
L03539,cert-enterprise-ai-safety,M053,approved,2026-05-14,ManagerPortal
L03540,cert-enterprise-ai-safety,M021,approved,2026-05-15,ManagerPortal
L03541,cert-enterprise-ai-safety,M045,pending,,ManagerPortal
L03542,cert-enterprise-ai-safety,M022,approved,2026-05-06,ManagerPortal
L03543,cert-enterprise-ai-safety,M058,approved,2026-06-05,ManagerPortal
L03544,cert-enterprise-ai-safety,M063,pending,,ManagerPortal
L03545,cert-enterprise-ai-safety,M029,approved,2026-04-26,ManagerPortal
L03546,cert-enterprise-ai-safety,M057,approved,2026-05-10,ManagerPortal
L03547,cert-enterprise-ai-safety,M015,approved,2026-05-30,ManagerPortal
L03548,cert-enterprise-ai-safety,M027,approved,2026-05-02,ManagerPortal
L03549,cert-enterprise-ai-safety,M068,approved,2026-05-02,ManagerPortal
L03550,cert-enterprise-ai-safety,M022,approved,2026-05-27,ManagerPortal
L03551,cert-enterprise-ai-safety,M063,approved,2026-06-02,ManagerPortal
L03552,cert-enterprise-ai-safety,M025,approved,2026-05-28,ManagerPortal
L03553,cert-enterprise-ai-safety,M013,approved,2026-05-25,ManagerPortal
L03554,cert-enterprise-ai-safety,M039,pending,,ManagerPortal
L03555,cert-enterprise-ai-safety,M066,pending,,ManagerPortal
L03556,cert-enterprise-ai-safety,M020,approved,2026-05-20,ManagerPortal
L03557,cert-enterprise-ai-safety,M063,pending,,ManagerPortal
L03558,cert-enterprise-ai-safety,M040,approved,2026-05-30,ManagerPortal
L03559,cert-enterprise-ai-safety,M008,approved,2026-05-27,ManagerPortal
L03560,cert-enterprise-ai-safety,M012,approved,2026-05-13,ManagerPortal
L03561,cert-enterprise-ai-safety,M041,approved,2026-05-01,ManagerPortal
L03562,cert-enterprise-ai-safety,M049,approved,2026-05-25,ManagerPortal
L03563,cert-enterprise-ai-safety,M079,approved,2026-06-05,ManagerPortal
L03564,cert-enterprise-ai-safety,M032,pending,,ManagerPortal
L03565,cert-enterprise-ai-safety,M076,approved,2026-05-20,ManagerPortal
L03566,cert-enterprise-ai-safety,M026,approved,2026-05-12,ManagerPortal
L03567,cert-enterprise-ai-safety,M017,approved,2026-05-06,ManagerPortal
L03568,cert-enterprise-ai-safety,M024,approved,2026-05-18,ManagerPortal
L03569,cert-enterprise-ai-safety,M007,approved,2026-05-26,ManagerPortal
L03570,cert-enterprise-ai-safety,M051,pending,,ManagerPortal
L03571,cert-enterprise-ai-safety,M007,approved,2026-04-30,ManagerPortal
L03572,cert-enterprise-ai-safety,M008,approved,2026-05-12,ManagerPortal
L03573,cert-enterprise-ai-safety,M062,approved,2026-05-03,ManagerPortal
L03574,cert-enterprise-ai-safety,M067,approved,2026-05-18,ManagerPortal
L03575,cert-enterprise-ai-safety,M022,approved,2026-06-02,ManagerPortal
L03576,cert-enterprise-ai-safety,M006,approved,2026-05-17,ManagerPortal
L03577,cert-enterprise-ai-safety,M048,approved,2026-06-03,ManagerPortal
L03578,cert-enterprise-ai-safety,M042,approved,2026-05-15,ManagerPortal
L03579,cert-enterprise-ai-safety,M029,approved,2026-05-20,ManagerPortal
L03580,cert-enterprise-ai-safety,M065,approved,2026-05-06,ManagerPortal
L03581,cert-enterprise-ai-safety,M050,approved,2026-05-01,ManagerPortal
L03582,cert-enterprise-ai-safety,M051,pending,,ManagerPortal
L03583,cert-enterprise-ai-safety,M060,approved,2026-05-20,ManagerPortal
L03584,cert-enterprise-ai-safety,M048,approved,2026-04-25,ManagerPortal
L03585,cert-enterprise-ai-safety,M056,approved,2026-05-07,ManagerPortal
L03586,cert-enterprise-ai-safety,M071,approved,2026-06-06,ManagerPortal
L03587,cert-enterprise-ai-safety,M041,pending,,ManagerPortal
L03588,cert-enterprise-ai-safety,M034,approved,2026-05-14,ManagerPortal
L03589,cert-enterprise-ai-safety,M008,approved,2026-05-07,ManagerPortal
L03590,cert-enterprise-ai-safety,M030,approved,2026-04-30,ManagerPortal
L03591,cert-enterprise-ai-safety,M013,pending,,ManagerPortal
L03592,cert-enterprise-ai-safety,M018,approved,2026-05-29,ManagerPortal
L03593,cert-enterprise-ai-safety,M040,approved,2026-05-24,ManagerPortal
L03594,cert-enterprise-ai-safety,M008,approved,2026-05-10,ManagerPortal
L03595,cert-enterprise-ai-safety,M046,approved,2026-04-27,ManagerPortal
L03596,cert-enterprise-ai-safety,M063,approved,2026-04-24,ManagerPortal
L03597,cert-enterprise-ai-safety,M030,approved,2026-05-27,ManagerPortal
L03598,cert-enterprise-ai-safety,M053,approved,2026-04-28,ManagerPortal
L03599,cert-enterprise-ai-safety,M048,pending,,ManagerPortal
L03600,cert-enterprise-ai-safety,M031,approved,2026-05-16,ManagerPortal
L03601,cert-enterprise-ai-safety,M004,approved,2026-05-24,ManagerPortal
L03602,cert-enterprise-ai-safety,M061,approved,2026-05-27,ManagerPortal
L03603,cert-enterprise-ai-safety,M061,pending,,ManagerPortal
L03604,cert-enterprise-ai-safety,M003,approved,2026-06-02,ManagerPortal
L03605,cert-enterprise-ai-safety,M072,approved,2026-05-27,ManagerPortal
L03606,cert-enterprise-ai-safety,M058,approved,2026-06-04,ManagerPortal
L03607,cert-enterprise-ai-safety,M071,approved,2026-04-29,ManagerPortal
L03608,cert-enterprise-ai-safety,M037,approved,2026-06-02,ManagerPortal
L03609,cert-enterprise-ai-safety,M030,approved,2026-04-30,ManagerPortal
L03610,cert-enterprise-ai-safety,M045,approved,2026-05-23,ManagerPortal
L03611,cert-enterprise-ai-safety,M038,approved,2026-04-27,ManagerPortal
L03612,cert-enterprise-ai-safety,M005,pending,,ManagerPortal
L03613,cert-enterprise-ai-safety,M053,approved,2026-04-26,ManagerPortal
L03614,cert-enterprise-ai-safety,M035,approved,2026-04-29,ManagerPortal
L03615,cert-enterprise-ai-safety,M021,pending,,ManagerPortal
L03616,cert-enterprise-ai-safety,M058,approved,2026-05-31,ManagerPortal
L03617,cert-enterprise-ai-safety,M070,pending,,ManagerPortal
L03618,cert-enterprise-ai-safety,M011,approved,2026-04-30,ManagerPortal
L03619,cert-enterprise-ai-safety,M039,approved,2026-05-07,ManagerPortal
L03620,cert-enterprise-ai-safety,M035,approved,2026-04-28,ManagerPortal
L03621,cert-enterprise-ai-safety,M014,approved,2026-05-25,ManagerPortal
L03622,cert-enterprise-ai-safety,M055,approved,2026-05-08,ManagerPortal
L03623,cert-enterprise-ai-safety,M001,pending,,ManagerPortal
L03624,cert-enterprise-ai-safety,M056,approved,2026-05-12,ManagerPortal
L03625,cert-enterprise-ai-safety,M002,approved,2026-04-30,ManagerPortal
L03626,cert-enterprise-ai-safety,M019,approved,2026-05-14,ManagerPortal
L03627,cert-enterprise-ai-safety,M054,approved,2026-05-08,ManagerPortal
L03628,cert-enterprise-ai-safety,M056,pending,,ManagerPortal
L03629,cert-enterprise-ai-safety,M068,pending,,ManagerPortal
L03630,cert-enterprise-ai-safety,M020,approved,2026-04-27,ManagerPortal
L03631,cert-enterprise-ai-safety,M052,pending,,ManagerPortal
L03632,cert-enterprise-ai-safety,M023,approved,2026-05-21,ManagerPortal
L03633,cert-enterprise-ai-safety,M034,approved,2026-05-05,ManagerPortal
L03634,cert-enterprise-ai-safety,M019,approved,2026-05-29,ManagerPortal
L03635,cert-enterprise-ai-safety,M073,approved,2026-05-24,ManagerPortal
L03636,cert-enterprise-ai-safety,M032,pending,,ManagerPortal
L03637,cert-enterprise-ai-safety,M073,pending,,ManagerPortal
L03638,cert-enterprise-ai-safety,M029,approved,2026-04-30,ManagerPortal
L03639,cert-enterprise-ai-safety,M038,pending,,ManagerPortal
L03640,cert-enterprise-ai-safety,M076,approved,2026-05-18,ManagerPortal
L03641,cert-enterprise-ai-safety,M049,approved,2026-05-15,ManagerPortal
L03642,cert-enterprise-ai-safety,M070,approved,2026-05-13,ManagerPortal
L03643,cert-enterprise-ai-safety,M056,pending,,ManagerPortal
L03644,cert-enterprise-ai-safety,M029,approved,2026-05-06,ManagerPortal
L03645,cert-enterprise-ai-safety,M041,approved,2026-04-30,ManagerPortal
L03646,cert-enterprise-ai-safety,M070,approved,2026-05-13,ManagerPortal
L03647,cert-enterprise-ai-safety,M074,approved,2026-05-04,ManagerPortal
L03648,cert-enterprise-ai-safety,M028,approved,2026-05-31,ManagerPortal
L03649,cert-enterprise-ai-safety,M078,approved,2026-06-01,ManagerPortal
L03650,cert-enterprise-ai-safety,M059,approved,2026-06-05,ManagerPortal
L03651,cert-enterprise-ai-safety,M014,approved,2026-04-29,ManagerPortal
L03652,cert-enterprise-ai-safety,M006,approved,2026-04-24,ManagerPortal
L03653,cert-enterprise-ai-safety,M029,pending,,ManagerPortal
L03654,cert-enterprise-ai-safety,M062,approved,2026-05-15,ManagerPortal
L03655,cert-enterprise-ai-safety,M018,approved,2026-04-27,ManagerPortal
L03656,cert-enterprise-ai-safety,M030,approved,2026-04-23,ManagerPortal
L03657,cert-enterprise-ai-safety,M026,pending,,ManagerPortal
L03658,cert-enterprise-ai-safety,M060,approved,2026-04-27,ManagerPortal
L03659,cert-enterprise-ai-safety,M049,pending,,ManagerPortal
L03660,cert-enterprise-ai-safety,M073,pending,,ManagerPortal
L03661,cert-enterprise-ai-safety,M010,approved,2026-05-04,ManagerPortal
L03662,cert-enterprise-ai-safety,M006,approved,2026-05-02,ManagerPortal
L03663,cert-enterprise-ai-safety,M044,approved,2026-05-26,ManagerPortal
L03664,cert-enterprise-ai-safety,M047,approved,2026-05-24,ManagerPortal
L03665,cert-enterprise-ai-safety,M026,pending,,ManagerPortal
L03666,cert-enterprise-ai-safety,M069,approved,2026-06-03,ManagerPortal
L03667,cert-enterprise-ai-safety,M034,pending,,ManagerPortal
L03668,cert-enterprise-ai-safety,M017,approved,2026-05-04,ManagerPortal
L03669,cert-enterprise-ai-safety,M015,pending,,ManagerPortal
L03670,cert-enterprise-ai-safety,M026,approved,2026-05-31,ManagerPortal
L03671,cert-enterprise-ai-safety,M040,approved,2026-05-11,ManagerPortal
L03672,cert-enterprise-ai-safety,M079,pending,,ManagerPortal
L03673,cert-enterprise-ai-safety,M052,approved,2026-05-12,ManagerPortal
L03674,cert-enterprise-ai-safety,M056,approved,2026-04-28,ManagerPortal
L03675,cert-enterprise-ai-safety,M066,pending,,ManagerPortal
L03676,cert-enterprise-ai-safety,M029,approved,2026-05-29,ManagerPortal
L03677,cert-enterprise-ai-safety,M040,pending,,ManagerPortal
L03678,cert-enterprise-ai-safety,M077,approved,2026-05-06,ManagerPortal
L03679,cert-enterprise-ai-safety,M017,approved,2026-05-05,ManagerPortal
L03680,cert-enterprise-ai-safety,M069,approved,2026-05-22,ManagerPortal
L03681,cert-enterprise-ai-safety,M048,approved,2026-04-24,ManagerPortal
L03682,cert-enterprise-ai-safety,M005,approved,2026-06-03,ManagerPortal
L03683,cert-enterprise-ai-safety,M064,pending,,ManagerPortal
L03684,cert-enterprise-ai-safety,M034,approved,2026-05-26,ManagerPortal
L03685,cert-enterprise-ai-safety,M055,approved,2026-05-30,ManagerPortal
L03686,cert-enterprise-ai-safety,M076,pending,,ManagerPortal
L03687,cert-enterprise-ai-safety,M074,pending,,ManagerPortal
L03688,cert-enterprise-ai-safety,M039,approved,2026-05-16,ManagerPortal
L03689,cert-enterprise-ai-safety,M069,pending,,ManagerPortal
L03690,cert-enterprise-ai-safety,M073,pending,,ManagerPortal
L03691,cert-enterprise-ai-safety,M063,approved,2026-05-09,ManagerPortal
L03692,cert-enterprise-ai-safety,M037,approved,2026-06-06,ManagerPortal
L03693,cert-enterprise-ai-safety,M048,approved,2026-05-08,ManagerPortal
L03694,cert-enterprise-ai-safety,M029,pending,,ManagerPortal
L03695,cert-enterprise-ai-safety,M034,approved,2026-05-18,ManagerPortal
L03696,cert-enterprise-ai-safety,M035,pending,,ManagerPortal
L03697,cert-enterprise-ai-safety,M008,pending,,ManagerPortal
L03698,cert-enterprise-ai-safety,M028,approved,2026-04-26,ManagerPortal
L03699,cert-enterprise-ai-safety,M030,pending,,ManagerPortal
L03700,cert-enterprise-ai-safety,M062,approved,2026-05-31,ManagerPortal
L03701,cert-enterprise-ai-safety,M032,approved,2026-05-07,ManagerPortal
L03702,cert-enterprise-ai-safety,M068,approved,2026-05-30,ManagerPortal
L03703,cert-enterprise-ai-safety,M070,approved,2026-05-10,ManagerPortal
L03704,cert-enterprise-ai-safety,M009,approved,2026-05-16,ManagerPortal
L03705,cert-enterprise-ai-safety,M038,approved,2026-05-14,ManagerPortal
L03706,cert-enterprise-ai-safety,M078,pending,,ManagerPortal
L03707,cert-enterprise-ai-safety,M028,approved,2026-05-26,ManagerPortal
L03708,cert-enterprise-ai-safety,M070,approved,2026-05-19,ManagerPortal
L03709,cert-enterprise-ai-safety,M072,pending,,ManagerPortal
L03710,cert-enterprise-ai-safety,M031,approved,2026-06-06,ManagerPortal
L03711,cert-enterprise-ai-safety,M056,approved,2026-05-11,ManagerPortal
L03712,cert-enterprise-ai-safety,M068,approved,2026-05-17,ManagerPortal
L03713,cert-enterprise-ai-safety,M041,approved,2026-06-02,ManagerPortal
L03714,cert-enterprise-ai-safety,M031,approved,2026-04-30,ManagerPortal
L03715,cert-enterprise-ai-safety,M056,approved,2026-04-26,ManagerPortal
L03716,cert-enterprise-ai-safety,M021,approved,2026-05-09,ManagerPortal
L03717,cert-enterprise-ai-safety,M019,approved,2026-05-03,ManagerPortal
L03718,cert-enterprise-ai-safety,M036,approved,2026-05-31,ManagerPortal
L03719,cert-enterprise-ai-safety,M060,approved,2026-05-08,ManagerPortal
L03720,cert-enterprise-ai-safety,M045,approved,2026-05-11,ManagerPortal
L03721,cert-enterprise-ai-safety,M016,pending,,ManagerPortal
L03722,cert-enterprise-ai-safety,M048,pending,,ManagerPortal
L03723,cert-enterprise-ai-safety,M025,approved,2026-05-01,ManagerPortal
L03724,cert-enterprise-ai-safety,M030,approved,2026-05-23,ManagerPortal
L03725,cert-enterprise-ai-safety,M008,approved,2026-05-13,ManagerPortal
L03726,cert-enterprise-ai-safety,M056,pending,,ManagerPortal
L03727,cert-enterprise-ai-safety,M019,pending,,ManagerPortal
L03728,cert-enterprise-ai-safety,M002,approved,2026-05-06,ManagerPortal
L03729,cert-enterprise-ai-safety,M002,approved,2026-05-17,ManagerPortal
L03730,cert-enterprise-ai-safety,M064,approved,2026-05-31,ManagerPortal
L03731,cert-enterprise-ai-safety,M070,approved,2026-05-21,ManagerPortal
L03732,cert-enterprise-ai-safety,M044,approved,2026-04-29,ManagerPortal
L03733,cert-enterprise-ai-safety,M020,approved,2026-05-19,ManagerPortal
L03734,cert-enterprise-ai-safety,M054,approved,2026-06-02,ManagerPortal
L03735,cert-enterprise-ai-safety,M010,approved,2026-04-30,ManagerPortal
L03736,cert-enterprise-ai-safety,M020,approved,2026-05-24,ManagerPortal
L03737,cert-enterprise-ai-safety,M048,pending,,ManagerPortal
L03738,cert-enterprise-ai-safety,M004,pending,,ManagerPortal
L03739,cert-enterprise-ai-safety,M017,pending,,ManagerPortal
L03740,cert-enterprise-ai-safety,M025,approved,2026-05-12,ManagerPortal
L03741,cert-enterprise-ai-safety,M010,approved,2026-05-21,ManagerPortal
L03742,cert-enterprise-ai-safety,M013,pending,,ManagerPortal
L03743,cert-enterprise-ai-safety,M079,approved,2026-06-03,ManagerPortal
L03744,cert-enterprise-ai-safety,M018,pending,,ManagerPortal
L03745,cert-enterprise-ai-safety,M036,approved,2026-04-23,ManagerPortal
L03746,cert-enterprise-ai-safety,M061,approved,2026-04-23,ManagerPortal
L03747,cert-enterprise-ai-safety,M042,approved,2026-05-12,ManagerPortal
L03748,cert-enterprise-ai-safety,M019,pending,,ManagerPortal
L03749,cert-enterprise-ai-safety,M079,approved,2026-05-16,ManagerPortal
L03750,cert-enterprise-ai-safety,M028,approved,2026-05-25,ManagerPortal
L03751,cert-enterprise-ai-safety,M020,approved,2026-05-21,ManagerPortal
L03752,cert-enterprise-ai-safety,M078,approved,2026-05-08,ManagerPortal
L03753,cert-enterprise-ai-safety,M033,approved,2026-04-27,ManagerPortal
L03754,cert-enterprise-ai-safety,M079,approved,2026-05-09,ManagerPortal
L03755,cert-enterprise-ai-safety,M078,approved,2026-05-10,ManagerPortal
L03756,cert-enterprise-ai-safety,M001,approved,2026-05-22,ManagerPortal
L03757,cert-enterprise-ai-safety,M068,approved,2026-05-13,ManagerPortal
L03758,cert-enterprise-ai-safety,M045,approved,2026-06-01,ManagerPortal
L03759,cert-enterprise-ai-safety,M059,approved,2026-06-06,ManagerPortal
L03760,cert-enterprise-ai-safety,M055,approved,2026-05-25,ManagerPortal
L03761,cert-enterprise-ai-safety,M011,approved,2026-04-26,ManagerPortal
L03762,cert-enterprise-ai-safety,M057,approved,2026-05-15,ManagerPortal
L03763,cert-enterprise-ai-safety,M066,approved,2026-04-23,ManagerPortal
L03764,cert-enterprise-ai-safety,M024,approved,2026-05-21,ManagerPortal
L03765,cert-enterprise-ai-safety,M068,pending,,ManagerPortal
L03766,cert-enterprise-ai-safety,M051,approved,2026-05-29,ManagerPortal
L03767,cert-enterprise-ai-safety,M012,approved,2026-05-10,ManagerPortal
L03768,cert-enterprise-ai-safety,M039,pending,,ManagerPortal
L03769,cert-enterprise-ai-safety,M006,pending,,ManagerPortal
L03770,cert-enterprise-ai-safety,M051,pending,,ManagerPortal
L03771,cert-enterprise-ai-safety,M024,approved,2026-04-28,ManagerPortal
L03772,cert-enterprise-ai-safety,M054,approved,2026-05-19,ManagerPortal
L03773,cert-enterprise-ai-safety,M064,pending,,ManagerPortal
L03774,cert-enterprise-ai-safety,M058,approved,2026-05-19,ManagerPortal
L03775,cert-enterprise-ai-safety,M078,approved,2026-06-06,ManagerPortal
L03776,cert-enterprise-ai-safety,M050,approved,2026-05-10,ManagerPortal
L03777,cert-enterprise-ai-safety,M020,approved,2026-05-09,ManagerPortal
L03778,cert-enterprise-ai-safety,M045,approved,2026-05-21,ManagerPortal
L03779,cert-enterprise-ai-safety,M077,pending,,ManagerPortal
L03780,cert-enterprise-ai-safety,M014,pending,,ManagerPortal
L03781,cert-enterprise-ai-safety,M015,approved,2026-05-08,ManagerPortal
L03782,cert-enterprise-ai-safety,M002,approved,2026-05-20,ManagerPortal
L03783,cert-enterprise-ai-safety,M019,pending,,ManagerPortal
L03784,cert-enterprise-ai-safety,M068,approved,2026-06-06,ManagerPortal
L03785,cert-enterprise-ai-safety,M074,approved,2026-05-10,ManagerPortal
L03786,cert-enterprise-ai-safety,M060,approved,2026-05-25,ManagerPortal
L03787,cert-enterprise-ai-safety,M073,approved,2026-04-25,ManagerPortal
L03788,cert-enterprise-ai-safety,M019,approved,2026-05-11,ManagerPortal
L03789,cert-enterprise-ai-safety,M043,approved,2026-05-27,ManagerPortal
L03790,cert-enterprise-ai-safety,M072,pending,,ManagerPortal
L03791,cert-enterprise-ai-safety,M073,approved,2026-05-07,ManagerPortal
L03792,cert-enterprise-ai-safety,M001,approved,2026-05-15,ManagerPortal
L03793,cert-enterprise-ai-safety,M080,approved,2026-05-27,ManagerPortal
L03794,cert-enterprise-ai-safety,M073,pending,,ManagerPortal
L03795,cert-enterprise-ai-safety,M071,approved,2026-05-21,ManagerPortal
L03796,cert-enterprise-ai-safety,M019,approved,2026-05-06,ManagerPortal
L03797,cert-enterprise-ai-safety,M023,pending,,ManagerPortal
L03798,cert-enterprise-ai-safety,M041,pending,,ManagerPortal
L03799,cert-enterprise-ai-safety,M045,approved,2026-05-19,ManagerPortal
L03800,cert-enterprise-ai-safety,M076,pending,,ManagerPortal
L03801,cert-enterprise-ai-safety,M009,pending,,ManagerPortal
L03802,cert-enterprise-ai-safety,M051,approved,2026-05-13,ManagerPortal
L03803,cert-enterprise-ai-safety,M014,approved,2026-05-15,ManagerPortal
L03804,cert-enterprise-ai-safety,M044,pending,,ManagerPortal
L03805,cert-enterprise-ai-safety,M030,pending,,ManagerPortal
L03806,cert-enterprise-ai-safety,M056,pending,,ManagerPortal
L03807,cert-enterprise-ai-safety,M074,approved,2026-04-27,ManagerPortal
L03808,cert-enterprise-ai-safety,M019,pending,,ManagerPortal
L03809,cert-enterprise-ai-safety,M034,approved,2026-05-02,ManagerPortal
L03810,cert-enterprise-ai-safety,M066,pending,,ManagerPortal
L03811,cert-enterprise-ai-safety,M043,approved,2026-05-18,ManagerPortal
L03812,cert-enterprise-ai-safety,M057,approved,2026-05-25,ManagerPortal
L03813,cert-enterprise-ai-safety,M061,approved,2026-04-30,ManagerPortal
L03814,cert-enterprise-ai-safety,M009,approved,2026-05-11,ManagerPortal
L03815,cert-enterprise-ai-safety,M017,approved,2026-05-10,ManagerPortal
L03816,cert-enterprise-ai-safety,M040,approved,2026-05-03,ManagerPortal
L03817,cert-enterprise-ai-safety,M010,pending,,ManagerPortal
L03818,cert-enterprise-ai-safety,M058,approved,2026-05-28,ManagerPortal
L03819,cert-enterprise-ai-safety,M044,approved,2026-05-29,ManagerPortal
L03820,cert-enterprise-ai-safety,M001,approved,2026-05-23,ManagerPortal
L03821,cert-enterprise-ai-safety,M014,approved,2026-05-27,ManagerPortal
L03822,cert-enterprise-ai-safety,M079,pending,,ManagerPortal
L03823,cert-enterprise-ai-safety,M044,approved,2026-05-26,ManagerPortal
L03824,cert-enterprise-ai-safety,M061,pending,,ManagerPortal
L03825,cert-enterprise-ai-safety,M019,approved,2026-05-13,ManagerPortal
L03826,cert-enterprise-ai-safety,M060,approved,2026-05-31,ManagerPortal
L03827,cert-enterprise-ai-safety,M056,pending,,ManagerPortal
L03828,cert-enterprise-ai-safety,M047,approved,2026-05-24,ManagerPortal
L03829,cert-enterprise-ai-safety,M014,approved,2026-05-17,ManagerPortal
L03830,cert-enterprise-ai-safety,M003,approved,2026-04-27,ManagerPortal
L03831,cert-enterprise-ai-safety,M045,approved,2026-06-01,ManagerPortal
L03832,cert-enterprise-ai-safety,M019,approved,2026-05-21,ManagerPortal
L03833,cert-enterprise-ai-safety,M019,approved,2026-05-05,ManagerPortal
L03834,cert-enterprise-ai-safety,M004,approved,2026-05-31,ManagerPortal
L03835,cert-enterprise-ai-safety,M061,approved,2026-05-11,ManagerPortal
L03836,cert-enterprise-ai-safety,M045,approved,2026-05-07,ManagerPortal
L03837,cert-enterprise-ai-safety,M023,pending,,ManagerPortal
L03838,cert-enterprise-ai-safety,M015,approved,2026-04-30,ManagerPortal
L03839,cert-enterprise-ai-safety,M065,approved,2026-05-15,ManagerPortal
L03840,cert-enterprise-ai-safety,M057,approved,2026-05-21,ManagerPortal
L03841,cert-enterprise-ai-safety,M070,approved,2026-05-29,ManagerPortal
L03842,cert-enterprise-ai-safety,M059,approved,2026-06-05,ManagerPortal
L03843,cert-enterprise-ai-safety,M012,approved,2026-06-03,ManagerPortal
L03844,cert-enterprise-ai-safety,M015,approved,2026-05-26,ManagerPortal
L03845,cert-enterprise-ai-safety,M007,pending,,ManagerPortal
L03846,cert-enterprise-ai-safety,M067,approved,2026-04-26,ManagerPortal
L03847,cert-enterprise-ai-safety,M002,approved,2026-05-05,ManagerPortal
L03848,cert-enterprise-ai-safety,M071,pending,,ManagerPortal
L03849,cert-enterprise-ai-safety,M049,pending,,ManagerPortal
L03850,cert-enterprise-ai-safety,M066,approved,2026-05-10,ManagerPortal
L03851,cert-enterprise-ai-safety,M049,approved,2026-05-22,ManagerPortal
L03852,cert-enterprise-ai-safety,M018,approved,2026-05-09,ManagerPortal
L03853,cert-enterprise-ai-safety,M060,approved,2026-05-24,ManagerPortal
L03854,cert-enterprise-ai-safety,M046,approved,2026-04-30,ManagerPortal
L03855,cert-enterprise-ai-safety,M030,approved,2026-05-19,ManagerPortal
L03856,cert-enterprise-ai-safety,M019,approved,2026-05-01,ManagerPortal
L03857,cert-enterprise-ai-safety,M071,approved,2026-05-14,ManagerPortal
L03858,cert-enterprise-ai-safety,M032,approved,2026-05-17,ManagerPortal
L03859,cert-enterprise-ai-safety,M033,approved,2026-05-10,ManagerPortal
L03860,cert-enterprise-ai-safety,M008,pending,,ManagerPortal
L03861,cert-enterprise-ai-safety,M035,pending,,ManagerPortal
L03862,cert-enterprise-ai-safety,M058,pending,,ManagerPortal
L03863,cert-enterprise-ai-safety,M052,pending,,ManagerPortal
L03864,cert-enterprise-ai-safety,M013,pending,,ManagerPortal
L03865,cert-enterprise-ai-safety,M016,approved,2026-05-24,ManagerPortal
L03866,cert-enterprise-ai-safety,M074,approved,2026-05-01,ManagerPortal
L03867,cert-enterprise-ai-safety,M034,approved,2026-06-01,ManagerPortal
L03868,cert-enterprise-ai-safety,M038,pending,,ManagerPortal
L03869,cert-enterprise-ai-safety,M078,approved,2026-06-06,ManagerPortal
L03870,cert-enterprise-ai-safety,M017,pending,,ManagerPortal
L03871,cert-enterprise-ai-safety,M061,approved,2026-05-27,ManagerPortal
L03872,cert-enterprise-ai-safety,M033,pending,,ManagerPortal
L03873,cert-enterprise-ai-safety,M064,approved,2026-05-17,ManagerPortal
L03874,cert-enterprise-ai-safety,M023,approved,2026-06-02,ManagerPortal
L03875,cert-enterprise-ai-safety,M066,approved,2026-05-07,ManagerPortal
L03876,cert-enterprise-ai-safety,M052,approved,2026-05-23,ManagerPortal
L03877,cert-enterprise-ai-safety,M028,pending,,ManagerPortal
L03878,cert-enterprise-ai-safety,M008,approved,2026-05-29,ManagerPortal
L03879,cert-enterprise-ai-safety,M041,approved,2026-05-10,ManagerPortal
L03880,cert-enterprise-ai-safety,M070,pending,,ManagerPortal
L03881,cert-enterprise-ai-safety,M061,approved,2026-05-23,ManagerPortal
L03882,cert-enterprise-ai-safety,M004,pending,,ManagerPortal
L03883,cert-enterprise-ai-safety,M019,pending,,ManagerPortal
L03884,cert-enterprise-ai-safety,M041,pending,,ManagerPortal
L03885,cert-enterprise-ai-safety,M045,approved,2026-05-04,ManagerPortal
L03886,cert-enterprise-ai-safety,M006,approved,2026-05-05,ManagerPortal
L03887,cert-enterprise-ai-safety,M028,approved,2026-05-07,ManagerPortal
L03888,cert-enterprise-ai-safety,M063,pending,,ManagerPortal
L03889,cert-enterprise-ai-safety,M037,approved,2026-05-29,ManagerPortal
L03890,cert-enterprise-ai-safety,M023,pending,,ManagerPortal
L03891,cert-enterprise-ai-safety,M065,approved,2026-05-16,ManagerPortal
L03892,cert-enterprise-ai-safety,M062,approved,2026-05-26,ManagerPortal
L03893,cert-enterprise-ai-safety,M071,pending,,ManagerPortal
L03894,cert-enterprise-ai-safety,M054,approved,2026-05-01,ManagerPortal
L03895,cert-enterprise-ai-safety,M001,approved,2026-05-24,ManagerPortal
L03896,cert-enterprise-ai-safety,M051,approved,2026-05-17,ManagerPortal
L03897,cert-enterprise-ai-safety,M002,approved,2026-04-28,ManagerPortal
L03898,cert-enterprise-ai-safety,M072,pending,,ManagerPortal
L03899,cert-enterprise-ai-safety,M048,approved,2026-06-04,ManagerPortal
L03900,cert-enterprise-ai-safety,M017,approved,2026-05-12,ManagerPortal
L03901,cert-enterprise-ai-safety,M053,approved,2026-05-20,ManagerPortal
L03902,cert-enterprise-ai-safety,M045,approved,2026-04-25,ManagerPortal
L03903,cert-enterprise-ai-safety,M047,approved,2026-05-27,ManagerPortal
L03904,cert-enterprise-ai-safety,M033,pending,,ManagerPortal
L03905,cert-enterprise-ai-safety,M043,approved,2026-05-05,ManagerPortal
L03906,cert-enterprise-ai-safety,M046,pending,,ManagerPortal
L03907,cert-enterprise-ai-safety,M074,pending,,ManagerPortal
L03908,cert-enterprise-ai-safety,M066,approved,2026-05-23,ManagerPortal
L03909,cert-enterprise-ai-safety,M060,pending,,ManagerPortal
L03910,cert-enterprise-ai-safety,M079,approved,2026-05-18,ManagerPortal
L03911,cert-enterprise-ai-safety,M046,approved,2026-05-04,ManagerPortal
L03912,cert-enterprise-ai-safety,M023,approved,2026-05-18,ManagerPortal
L03913,cert-enterprise-ai-safety,M065,pending,,ManagerPortal
L03914,cert-enterprise-ai-safety,M053,approved,2026-05-05,ManagerPortal
L03915,cert-enterprise-ai-safety,M047,approved,2026-05-23,ManagerPortal
L03916,cert-enterprise-ai-safety,M052,approved,2026-05-10,ManagerPortal
L03917,cert-enterprise-ai-safety,M040,approved,2026-05-18,ManagerPortal
L03918,cert-enterprise-ai-safety,M057,approved,2026-06-04,ManagerPortal
L03919,cert-enterprise-ai-safety,M057,approved,2026-06-05,ManagerPortal
L03920,cert-enterprise-ai-safety,M052,pending,,ManagerPortal
L03921,cert-enterprise-ai-safety,M067,approved,2026-05-17,ManagerPortal
L03922,cert-enterprise-ai-safety,M002,pending,,ManagerPortal
L03923,cert-enterprise-ai-safety,M041,pending,,ManagerPortal
L03924,cert-enterprise-ai-safety,M021,approved,2026-05-29,ManagerPortal
L03925,cert-enterprise-ai-safety,M060,pending,,ManagerPortal
L03926,cert-enterprise-ai-safety,M062,approved,2026-05-05,ManagerPortal
L03927,cert-enterprise-ai-safety,M080,approved,2026-05-13,ManagerPortal
L03928,cert-enterprise-ai-safety,M074,pending,,ManagerPortal
L03929,cert-enterprise-ai-safety,M032,approved,2026-06-03,ManagerPortal
L03930,cert-enterprise-ai-safety,M080,approved,2026-05-01,ManagerPortal
L03931,cert-enterprise-ai-safety,M018,pending,,ManagerPortal
L03932,cert-enterprise-ai-safety,M062,approved,2026-05-23,ManagerPortal
L03933,cert-enterprise-ai-safety,M076,pending,,ManagerPortal
L03934,cert-enterprise-ai-safety,M024,approved,2026-06-04,ManagerPortal
L03935,cert-enterprise-ai-safety,M004,approved,2026-05-11,ManagerPortal
L03936,cert-enterprise-ai-safety,M003,approved,2026-05-27,ManagerPortal
L03937,cert-enterprise-ai-safety,M077,approved,2026-05-29,ManagerPortal
L03938,cert-enterprise-ai-safety,M064,pending,,ManagerPortal
L03939,cert-enterprise-ai-safety,M047,approved,2026-05-05,ManagerPortal
L03940,cert-enterprise-ai-safety,M024,approved,2026-05-08,ManagerPortal
L03941,cert-enterprise-ai-safety,M051,pending,,ManagerPortal
L03942,cert-enterprise-ai-safety,M065,approved,2026-05-03,ManagerPortal
L03943,cert-enterprise-ai-safety,M069,approved,2026-05-13,ManagerPortal
L03944,cert-enterprise-ai-safety,M059,approved,2026-05-30,ManagerPortal
L03945,cert-enterprise-ai-safety,M004,approved,2026-06-06,ManagerPortal
L03946,cert-enterprise-ai-safety,M051,approved,2026-04-26,ManagerPortal
L03947,cert-enterprise-ai-safety,M056,approved,2026-05-07,ManagerPortal
L03948,cert-enterprise-ai-safety,M007,pending,,ManagerPortal
L03949,cert-enterprise-ai-safety,M036,approved,2026-05-31,ManagerPortal
L03950,cert-enterprise-ai-safety,M073,approved,2026-05-01,ManagerPortal
L03951,cert-enterprise-ai-safety,M065,approved,2026-06-02,ManagerPortal
L03952,cert-enterprise-ai-safety,M026,approved,2026-05-14,ManagerPortal
L03953,cert-enterprise-ai-safety,M056,approved,2026-06-05,ManagerPortal
L03954,cert-enterprise-ai-safety,M027,pending,,ManagerPortal
L03955,cert-enterprise-ai-safety,M024,approved,2026-06-01,ManagerPortal
L03956,cert-enterprise-ai-safety,M004,approved,2026-05-26,ManagerPortal
L03957,cert-enterprise-ai-safety,M014,approved,2026-05-30,ManagerPortal
L03958,cert-enterprise-ai-safety,M005,pending,,ManagerPortal
L03959,cert-enterprise-ai-safety,M001,approved,2026-05-02,ManagerPortal
L03960,cert-enterprise-ai-safety,M048,approved,2026-04-26,ManagerPortal
L03961,cert-enterprise-ai-safety,M035,approved,2026-06-04,ManagerPortal
L03962,cert-enterprise-ai-safety,M039,approved,2026-05-25,ManagerPortal
L03963,cert-enterprise-ai-safety,M013,approved,2026-06-01,ManagerPortal
L03964,cert-enterprise-ai-safety,M044,pending,,ManagerPortal
L03965,cert-enterprise-ai-safety,M025,pending,,ManagerPortal
L03966,cert-enterprise-ai-safety,M059,approved,2026-05-17,ManagerPortal
L03967,cert-enterprise-ai-safety,M008,approved,2026-06-03,ManagerPortal
L03968,cert-enterprise-ai-safety,M049,approved,2026-05-31,ManagerPortal
L03969,cert-enterprise-ai-safety,M003,approved,2026-05-08,ManagerPortal
L03970,cert-enterprise-ai-safety,M021,approved,2026-05-19,ManagerPortal
L03971,cert-enterprise-ai-safety,M016,approved,2026-05-05,ManagerPortal
L03972,cert-enterprise-ai-safety,M003,approved,2026-05-31,ManagerPortal
L03973,cert-enterprise-ai-safety,M080,approved,2026-06-03,ManagerPortal
L03974,cert-enterprise-ai-safety,M006,approved,2026-06-01,ManagerPortal
L03975,cert-enterprise-ai-safety,M041,approved,2026-04-26,ManagerPortal
L03976,cert-enterprise-ai-safety,M070,pending,,ManagerPortal
L03977,cert-enterprise-ai-safety,M036,approved,2026-05-14,ManagerPortal
L03978,cert-enterprise-ai-safety,M065,approved,2026-05-24,ManagerPortal
L03979,cert-enterprise-ai-safety,M063,pending,,ManagerPortal
L03980,cert-enterprise-ai-safety,M024,approved,2026-04-27,ManagerPortal
L03981,cert-enterprise-ai-safety,M032,approved,2026-05-26,ManagerPortal
L03982,cert-enterprise-ai-safety,M048,approved,2026-05-07,ManagerPortal
L03983,cert-enterprise-ai-safety,M019,pending,,ManagerPortal
L03984,cert-enterprise-ai-safety,M002,approved,2026-04-30,ManagerPortal
L03985,cert-enterprise-ai-safety,M023,pending,,ManagerPortal
L03986,cert-enterprise-ai-safety,M012,pending,,ManagerPortal
L03987,cert-enterprise-ai-safety,M025,approved,2026-05-24,ManagerPortal
L03988,cert-enterprise-ai-safety,M048,approved,2026-04-26,ManagerPortal
L03989,cert-enterprise-ai-safety,M039,pending,,ManagerPortal
L03990,cert-enterprise-ai-safety,M023,approved,2026-06-01,ManagerPortal
L03991,cert-enterprise-ai-safety,M016,approved,2026-05-30,ManagerPortal
L03992,cert-enterprise-ai-safety,M032,approved,2026-05-21,ManagerPortal
L03993,cert-enterprise-ai-safety,M022,pending,,ManagerPortal
L03994,cert-enterprise-ai-safety,M024,approved,2026-05-22,ManagerPortal
L03995,cert-enterprise-ai-safety,M035,pending,,ManagerPortal
L03996,cert-enterprise-ai-safety,M029,approved,2026-05-24,ManagerPortal
L03997,cert-enterprise-ai-safety,M052,approved,2026-06-02,ManagerPortal
L03998,cert-enterprise-ai-safety,M054,approved,2026-05-07,ManagerPortal
L03999,cert-enterprise-ai-safety,M056,approved,2026-05-18,ManagerPortal
L04000,cert-enterprise-ai-safety,M008,approved,2026-05-31,ManagerPortal
L04001,cert-enterprise-ai-safety,M032,approved,2026-04-25,ManagerPortal
L04002,cert-enterprise-ai-safety,M025,approved,2026-05-15,ManagerPortal
L04003,cert-enterprise-ai-safety,M006,approved,2026-05-23,ManagerPortal
L04004,cert-enterprise-ai-safety,M014,approved,2026-05-23,ManagerPortal
L04005,cert-enterprise-ai-safety,M070,approved,2026-05-16,ManagerPortal
L04006,cert-enterprise-ai-safety,M011,approved,2026-05-28,ManagerPortal
L04007,cert-enterprise-ai-safety,M003,approved,2026-04-23,ManagerPortal
L04008,cert-enterprise-ai-safety,M050,approved,2026-05-30,ManagerPortal
L04009,cert-enterprise-ai-safety,M028,approved,2026-05-16,ManagerPortal
L04010,cert-enterprise-ai-safety,M053,approved,2026-04-25,ManagerPortal
L04011,cert-enterprise-ai-safety,M028,approved,2026-05-11,ManagerPortal
L04012,cert-enterprise-ai-safety,M046,approved,2026-05-02,ManagerPortal
L04013,cert-enterprise-ai-safety,M057,approved,2026-04-23,ManagerPortal
L04014,cert-enterprise-ai-safety,M074,pending,,ManagerPortal
L04015,cert-enterprise-ai-safety,M017,approved,2026-05-05,ManagerPortal
L04016,cert-enterprise-ai-safety,M027,approved,2026-06-05,ManagerPortal
L04017,cert-enterprise-ai-safety,M001,pending,,ManagerPortal
L04018,cert-enterprise-ai-safety,M005,approved,2026-05-21,ManagerPortal
L04019,cert-enterprise-ai-safety,M028,approved,2026-05-18,ManagerPortal
L04020,cert-enterprise-ai-safety,M012,approved,2026-05-08,ManagerPortal
L04021,cert-enterprise-ai-safety,M025,pending,,ManagerPortal
L04022,cert-enterprise-ai-safety,M006,pending,,ManagerPortal
L04023,cert-enterprise-ai-safety,M075,approved,2026-05-15,ManagerPortal
L04024,cert-enterprise-ai-safety,M042,pending,,ManagerPortal
L04025,cert-enterprise-ai-safety,M075,approved,2026-05-12,ManagerPortal
L04026,cert-enterprise-ai-safety,M003,approved,2026-05-18,ManagerPortal
L04027,cert-enterprise-ai-safety,M038,approved,2026-05-11,ManagerPortal
L04028,cert-enterprise-ai-safety,M018,approved,2026-05-07,ManagerPortal
L04029,cert-enterprise-ai-safety,M029,pending,,ManagerPortal
L04030,cert-enterprise-ai-safety,M013,approved,2026-05-12,ManagerPortal
L04031,cert-enterprise-ai-safety,M052,approved,2026-05-10,ManagerPortal
L04032,cert-enterprise-ai-safety,M016,approved,2026-05-09,ManagerPortal
L04033,cert-enterprise-ai-safety,M023,approved,2026-06-01,ManagerPortal
L04034,cert-enterprise-ai-safety,M072,approved,2026-05-13,ManagerPortal
L04035,cert-enterprise-ai-safety,M079,approved,2026-04-30,ManagerPortal
L04036,cert-enterprise-ai-safety,M026,pending,,ManagerPortal
L04037,cert-enterprise-ai-safety,M047,pending,,ManagerPortal
L04038,cert-enterprise-ai-safety,M054,approved,2026-04-27,ManagerPortal
L04039,cert-enterprise-ai-safety,M042,approved,2026-05-28,ManagerPortal
L04040,cert-enterprise-ai-safety,M071,approved,2026-05-13,ManagerPortal
L04041,cert-enterprise-ai-safety,M044,pending,,ManagerPortal
L04042,cert-enterprise-ai-safety,M062,approved,2026-04-24,ManagerPortal
L04043,cert-enterprise-ai-safety,M007,approved,2026-06-05,ManagerPortal
L04044,cert-enterprise-ai-safety,M036,pending,,ManagerPortal
L04045,cert-enterprise-ai-safety,M029,pending,,ManagerPortal
L04046,cert-enterprise-ai-safety,M057,approved,2026-05-30,ManagerPortal
L04047,cert-enterprise-ai-safety,M035,approved,2026-04-27,ManagerPortal
L04048,cert-enterprise-ai-safety,M029,approved,2026-05-20,ManagerPortal
L04049,cert-enterprise-ai-safety,M023,approved,2026-05-01,ManagerPortal
L04050,cert-enterprise-ai-safety,M042,approved,2026-05-25,ManagerPortal
L04051,cert-enterprise-ai-safety,M053,approved,2026-06-04,ManagerPortal
L04052,cert-enterprise-ai-safety,M002,pending,,ManagerPortal
L04053,cert-enterprise-ai-safety,M018,approved,2026-06-06,ManagerPortal
L04054,cert-enterprise-ai-safety,M038,approved,2026-04-30,ManagerPortal
L04055,cert-enterprise-ai-safety,M054,approved,2026-05-19,ManagerPortal
L04056,cert-enterprise-ai-safety,M001,pending,,ManagerPortal
L04057,cert-enterprise-ai-safety,M062,approved,2026-06-01,ManagerPortal
L04058,cert-enterprise-ai-safety,M037,approved,2026-05-21,ManagerPortal
L04059,cert-enterprise-ai-safety,M063,approved,2026-06-04,ManagerPortal
L04060,cert-enterprise-ai-safety,M045,approved,2026-06-04,ManagerPortal
L04061,cert-enterprise-ai-safety,M043,approved,2026-05-06,ManagerPortal
L04062,cert-enterprise-ai-safety,M080,approved,2026-05-12,ManagerPortal
L04063,cert-enterprise-ai-safety,M038,pending,,ManagerPortal
L04064,cert-enterprise-ai-safety,M068,approved,2026-05-29,ManagerPortal
L04065,cert-enterprise-ai-safety,M071,approved,2026-05-14,ManagerPortal
L04066,cert-enterprise-ai-safety,M032,approved,2026-05-03,ManagerPortal
L04067,cert-enterprise-ai-safety,M070,approved,2026-04-30,ManagerPortal
L04068,cert-enterprise-ai-safety,M059,pending,,ManagerPortal
L04069,cert-enterprise-ai-safety,M074,approved,2026-05-24,ManagerPortal
L04070,cert-enterprise-ai-safety,M050,pending,,ManagerPortal
L04071,cert-enterprise-ai-safety,M063,approved,2026-05-22,ManagerPortal
L04072,cert-enterprise-ai-safety,M065,approved,2026-05-06,ManagerPortal
L04073,cert-enterprise-ai-safety,M031,pending,,ManagerPortal
L04074,cert-enterprise-ai-safety,M080,approved,2026-05-13,ManagerPortal
L04075,cert-enterprise-ai-safety,M007,approved,2026-05-13,ManagerPortal
L04076,cert-enterprise-ai-safety,M071,pending,,ManagerPortal
L04077,cert-enterprise-ai-safety,M072,approved,2026-05-17,ManagerPortal
L04078,cert-enterprise-ai-safety,M070,approved,2026-06-03,ManagerPortal
L04079,cert-enterprise-ai-safety,M039,approved,2026-06-05,ManagerPortal
L04080,cert-enterprise-ai-safety,M010,approved,2026-05-30,ManagerPortal
L04081,cert-enterprise-ai-safety,M059,approved,2026-04-30,ManagerPortal
L04082,cert-enterprise-ai-safety,M047,approved,2026-05-20,ManagerPortal
L04083,cert-enterprise-ai-safety,M043,pending,,ManagerPortal
L04084,cert-enterprise-ai-safety,M053,approved,2026-05-05,ManagerPortal
L04085,cert-enterprise-ai-safety,M070,approved,2026-04-25,ManagerPortal
L04086,cert-enterprise-ai-safety,M079,approved,2026-05-20,ManagerPortal
L04087,cert-enterprise-ai-safety,M072,approved,2026-05-31,ManagerPortal
L04088,cert-enterprise-ai-safety,M003,approved,2026-04-24,ManagerPortal
L04089,cert-enterprise-ai-safety,M031,approved,2026-05-08,ManagerPortal
L04090,cert-enterprise-ai-safety,M046,pending,,ManagerPortal
L04091,cert-enterprise-ai-safety,M017,approved,2026-05-28,ManagerPortal
L04092,cert-enterprise-ai-safety,M008,pending,,ManagerPortal
L04093,cert-enterprise-ai-safety,M056,approved,2026-05-31,ManagerPortal
L04094,cert-enterprise-ai-safety,M061,pending,,ManagerPortal
L04095,cert-enterprise-ai-safety,M045,approved,2026-04-23,ManagerPortal
L04096,cert-enterprise-ai-safety,M073,approved,2026-05-20,ManagerPortal
L04097,cert-enterprise-ai-safety,M020,approved,2026-05-22,ManagerPortal
L04098,cert-enterprise-ai-safety,M073,pending,,ManagerPortal
L04099,cert-enterprise-ai-safety,M033,approved,2026-05-09,ManagerPortal
L04100,cert-enterprise-ai-safety,M017,approved,2026-05-29,ManagerPortal
L04101,cert-enterprise-ai-safety,M013,approved,2026-06-03,ManagerPortal
L04102,cert-enterprise-ai-safety,M016,pending,,ManagerPortal
L04103,cert-enterprise-ai-safety,M067,approved,2026-05-01,ManagerPortal
L04104,cert-enterprise-ai-safety,M080,approved,2026-06-06,ManagerPortal
L04105,cert-enterprise-ai-safety,M055,approved,2026-06-06,ManagerPortal
L04106,cert-enterprise-ai-safety,M001,approved,2026-05-01,ManagerPortal
L04107,cert-enterprise-ai-safety,M027,approved,2026-05-02,ManagerPortal
L04108,cert-enterprise-ai-safety,M049,approved,2026-06-04,ManagerPortal
L04109,cert-enterprise-ai-safety,M020,approved,2026-05-23,ManagerPortal
L04110,cert-enterprise-ai-safety,M038,pending,,ManagerPortal
L04111,cert-enterprise-ai-safety,M073,approved,2026-06-02,ManagerPortal
L04112,cert-enterprise-ai-safety,M031,approved,2026-04-25,ManagerPortal
L04113,cert-enterprise-ai-safety,M033,approved,2026-05-28,ManagerPortal
L04114,cert-enterprise-ai-safety,M057,approved,2026-04-27,ManagerPortal
L04115,cert-enterprise-ai-safety,M050,approved,2026-04-26,ManagerPortal
L04116,cert-enterprise-ai-safety,M047,pending,,ManagerPortal
L04117,cert-enterprise-ai-safety,M025,approved,2026-05-13,ManagerPortal
L04118,cert-enterprise-ai-safety,M047,pending,,ManagerPortal
L04119,cert-enterprise-ai-safety,M020,approved,2026-04-27,ManagerPortal
L04120,cert-enterprise-ai-safety,M073,approved,2026-05-26,ManagerPortal
L04121,cert-enterprise-ai-safety,M029,approved,2026-05-07,ManagerPortal
L04122,cert-enterprise-ai-safety,M021,approved,2026-05-06,ManagerPortal
L04123,cert-enterprise-ai-safety,M038,approved,2026-05-09,ManagerPortal
L04124,cert-enterprise-ai-safety,M049,pending,,ManagerPortal
L04125,cert-enterprise-ai-safety,M022,approved,2026-05-27,ManagerPortal
L04126,cert-enterprise-ai-safety,M034,approved,2026-05-18,ManagerPortal
L04127,cert-enterprise-ai-safety,M078,approved,2026-05-09,ManagerPortal
L04128,cert-enterprise-ai-safety,M003,approved,2026-05-08,ManagerPortal
L04129,cert-enterprise-ai-safety,M012,approved,2026-05-26,ManagerPortal
L04130,cert-enterprise-ai-safety,M021,approved,2026-05-01,ManagerPortal
L04131,cert-enterprise-ai-safety,M047,pending,,ManagerPortal
L04132,cert-enterprise-ai-safety,M029,approved,2026-04-26,ManagerPortal
L04133,cert-enterprise-ai-safety,M028,pending,,ManagerPortal
L04134,cert-enterprise-ai-safety,M065,approved,2026-04-24,ManagerPortal
L04135,cert-enterprise-ai-safety,M040,pending,,ManagerPortal
L04136,cert-enterprise-ai-safety,M008,pending,,ManagerPortal
L04137,cert-enterprise-ai-safety,M077,approved,2026-05-01,ManagerPortal
L04138,cert-enterprise-ai-safety,M002,approved,2026-05-02,ManagerPortal
L04139,cert-enterprise-ai-safety,M031,approved,2026-05-03,ManagerPortal
L04140,cert-enterprise-ai-safety,M061,approved,2026-05-14,ManagerPortal
L04141,cert-enterprise-ai-safety,M028,approved,2026-06-03,ManagerPortal
L04142,cert-enterprise-ai-safety,M041,approved,2026-05-03,ManagerPortal
L04143,cert-enterprise-ai-safety,M075,approved,2026-05-07,ManagerPortal
L04144,cert-enterprise-ai-safety,M009,pending,,ManagerPortal
L04145,cert-enterprise-ai-safety,M062,approved,2026-04-27,ManagerPortal
L04146,cert-enterprise-ai-safety,M064,approved,2026-05-29,ManagerPortal
L04147,cert-enterprise-ai-safety,M058,approved,2026-05-29,ManagerPortal
L04148,cert-enterprise-ai-safety,M012,approved,2026-04-30,ManagerPortal
L04149,cert-enterprise-ai-safety,M015,approved,2026-05-04,ManagerPortal
L04150,cert-enterprise-ai-safety,M043,approved,2026-04-30,ManagerPortal
L04151,cert-enterprise-ai-safety,M076,approved,2026-05-31,ManagerPortal
L04152,cert-enterprise-ai-safety,M043,pending,,ManagerPortal
L04153,cert-enterprise-ai-safety,M036,pending,,ManagerPortal
L04154,cert-enterprise-ai-safety,M001,approved,2026-05-07,ManagerPortal
L04155,cert-enterprise-ai-safety,M051,approved,2026-05-13,ManagerPortal
L04156,cert-enterprise-ai-safety,M037,approved,2026-05-13,ManagerPortal
L04157,cert-enterprise-ai-safety,M076,pending,,ManagerPortal
L04158,cert-enterprise-ai-safety,M070,approved,2026-06-02,ManagerPortal
L04159,cert-enterprise-ai-safety,M009,pending,,ManagerPortal
L04160,cert-enterprise-ai-safety,M004,approved,2026-05-14,ManagerPortal
L04161,cert-enterprise-ai-safety,M018,approved,2026-05-18,ManagerPortal
L04162,cert-enterprise-ai-safety,M040,approved,2026-05-31,ManagerPortal
L04163,cert-enterprise-ai-safety,M070,approved,2026-05-26,ManagerPortal
L04164,cert-enterprise-ai-safety,M060,approved,2026-04-24,ManagerPortal
L04165,cert-enterprise-ai-safety,M040,approved,2026-05-31,ManagerPortal
L04166,cert-enterprise-ai-safety,M061,pending,,ManagerPortal
L04167,cert-enterprise-ai-safety,M049,pending,,ManagerPortal
L04168,cert-enterprise-ai-safety,M044,pending,,ManagerPortal
L04169,cert-enterprise-ai-safety,M007,approved,2026-05-28,ManagerPortal
L04170,cert-enterprise-ai-safety,M029,approved,2026-06-06,ManagerPortal
L04171,cert-enterprise-ai-safety,M066,approved,2026-05-29,ManagerPortal
L04172,cert-enterprise-ai-safety,M046,approved,2026-05-06,ManagerPortal
L04173,cert-enterprise-ai-safety,M040,pending,,ManagerPortal
L04174,cert-enterprise-ai-safety,M011,approved,2026-05-25,ManagerPortal
L04175,cert-enterprise-ai-safety,M064,approved,2026-05-04,ManagerPortal
L04176,cert-enterprise-ai-safety,M012,approved,2026-05-01,ManagerPortal
L04177,cert-enterprise-ai-safety,M041,approved,2026-06-04,ManagerPortal
L04178,cert-enterprise-ai-safety,M006,pending,,ManagerPortal
L04179,cert-enterprise-ai-safety,M019,approved,2026-05-25,ManagerPortal
L04180,cert-enterprise-ai-safety,M041,approved,2026-05-31,ManagerPortal
L04181,cert-enterprise-ai-safety,M042,pending,,ManagerPortal
L04182,cert-enterprise-ai-safety,M056,approved,2026-05-15,ManagerPortal
L04183,cert-enterprise-ai-safety,M047,approved,2026-05-24,ManagerPortal
L04184,cert-enterprise-ai-safety,M066,approved,2026-05-20,ManagerPortal
L04185,cert-enterprise-ai-safety,M075,approved,2026-05-12,ManagerPortal
L04186,cert-enterprise-ai-safety,M079,approved,2026-05-25,ManagerPortal
L04187,cert-enterprise-ai-safety,M017,pending,,ManagerPortal
L04188,cert-enterprise-ai-safety,M047,approved,2026-05-31,ManagerPortal
L04189,cert-enterprise-ai-safety,M003,approved,2026-04-24,ManagerPortal
L04190,cert-enterprise-ai-safety,M074,pending,,ManagerPortal
L04191,cert-enterprise-ai-safety,M011,approved,2026-05-07,ManagerPortal
L04192,cert-enterprise-ai-safety,M057,approved,2026-05-11,ManagerPortal
L04193,cert-enterprise-ai-safety,M018,approved,2026-04-24,ManagerPortal
L04194,cert-enterprise-ai-safety,M018,pending,,ManagerPortal
L04195,cert-enterprise-ai-safety,M029,approved,2026-06-02,ManagerPortal
L04196,cert-enterprise-ai-safety,M031,approved,2026-05-24,ManagerPortal
L04197,cert-enterprise-ai-safety,M070,approved,2026-05-12,ManagerPortal
L04198,cert-enterprise-ai-safety,M009,approved,2026-05-25,ManagerPortal
L04199,cert-enterprise-ai-safety,M003,pending,,ManagerPortal
L04200,cert-enterprise-ai-safety,M077,approved,2026-06-02,ManagerPortal
L04201,cert-enterprise-ai-safety,M007,approved,2026-04-27,ManagerPortal
L04202,cert-enterprise-ai-safety,M046,approved,2026-04-28,ManagerPortal
L04203,cert-enterprise-ai-safety,M022,approved,2026-05-08,ManagerPortal
L04204,cert-enterprise-ai-safety,M073,approved,2026-05-01,ManagerPortal
L04205,cert-enterprise-ai-safety,M007,approved,2026-05-24,ManagerPortal
L04206,cert-enterprise-ai-safety,M040,approved,2026-05-10,ManagerPortal
L04207,cert-enterprise-ai-safety,M008,pending,,ManagerPortal
L04208,cert-enterprise-ai-safety,M014,approved,2026-05-05,ManagerPortal
L04209,cert-enterprise-ai-safety,M056,approved,2026-05-04,ManagerPortal
L04210,cert-enterprise-ai-safety,M045,approved,2026-05-18,ManagerPortal
L04211,cert-enterprise-ai-safety,M011,pending,,ManagerPortal
L04212,cert-enterprise-ai-safety,M003,approved,2026-05-19,ManagerPortal
L04213,cert-enterprise-ai-safety,M018,approved,2026-05-31,ManagerPortal
L04214,cert-enterprise-ai-safety,M063,approved,2026-05-12,ManagerPortal
L04215,cert-enterprise-ai-safety,M045,approved,2026-04-30,ManagerPortal
L04216,cert-enterprise-ai-safety,M070,pending,,ManagerPortal
L04217,cert-enterprise-ai-safety,M050,pending,,ManagerPortal
L04218,cert-enterprise-ai-safety,M051,approved,2026-05-10,ManagerPortal
L04219,cert-enterprise-ai-safety,M058,approved,2026-05-04,ManagerPortal
L04220,cert-enterprise-ai-safety,M050,approved,2026-05-10,ManagerPortal
L04221,cert-enterprise-ai-safety,M021,approved,2026-05-01,ManagerPortal
L04222,cert-enterprise-ai-safety,M013,approved,2026-05-17,ManagerPortal
L04223,cert-enterprise-ai-safety,M030,approved,2026-05-15,ManagerPortal
L04224,cert-enterprise-ai-safety,M057,approved,2026-04-27,ManagerPortal
L04225,cert-enterprise-ai-safety,M080,approved,2026-05-12,ManagerPortal
L04226,cert-enterprise-ai-safety,M047,pending,,ManagerPortal
L04227,cert-enterprise-ai-safety,M071,approved,2026-04-30,ManagerPortal
L04228,cert-enterprise-ai-safety,M039,approved,2026-05-10,ManagerPortal
L04229,cert-enterprise-ai-safety,M059,approved,2026-05-10,ManagerPortal
L04230,cert-enterprise-ai-safety,M001,pending,,ManagerPortal
L04231,cert-enterprise-ai-safety,M009,pending,,ManagerPortal
L04232,cert-enterprise-ai-safety,M046,pending,,ManagerPortal
L04233,cert-enterprise-ai-safety,M014,pending,,ManagerPortal
L04234,cert-enterprise-ai-safety,M027,pending,,ManagerPortal
L04235,cert-enterprise-ai-safety,M011,approved,2026-05-14,ManagerPortal
L04236,cert-enterprise-ai-safety,M054,approved,2026-05-03,ManagerPortal
L04237,cert-enterprise-ai-safety,M032,approved,2026-04-24,ManagerPortal
L04238,cert-enterprise-ai-safety,M003,approved,2026-05-01,ManagerPortal
L04239,cert-enterprise-ai-safety,M012,approved,2026-05-13,ManagerPortal
L04240,cert-enterprise-ai-safety,M032,pending,,ManagerPortal
L04241,cert-enterprise-ai-safety,M051,pending,,ManagerPortal
L04242,cert-enterprise-ai-safety,M032,approved,2026-05-05,ManagerPortal
L04243,cert-enterprise-ai-safety,M007,approved,2026-05-30,ManagerPortal
L04244,cert-enterprise-ai-safety,M024,approved,2026-05-01,ManagerPortal
L04245,cert-enterprise-ai-safety,M024,approved,2026-05-04,ManagerPortal
L04246,cert-enterprise-ai-safety,M077,pending,,ManagerPortal
L04247,cert-enterprise-ai-safety,M020,approved,2026-05-18,ManagerPortal
L04248,cert-enterprise-ai-safety,M057,pending,,ManagerPortal
L04249,cert-enterprise-ai-safety,M068,approved,2026-05-23,ManagerPortal
L04250,cert-enterprise-ai-safety,M065,approved,2026-05-25,ManagerPortal
L04251,cert-enterprise-ai-safety,M076,approved,2026-05-13,ManagerPortal
L04252,cert-enterprise-ai-safety,M007,pending,,ManagerPortal
L04253,cert-enterprise-ai-safety,M033,approved,2026-05-11,ManagerPortal
L04254,cert-enterprise-ai-safety,M029,approved,2026-04-29,ManagerPortal
L04255,cert-enterprise-ai-safety,M035,approved,2026-04-23,ManagerPortal
L04256,cert-enterprise-ai-safety,M035,approved,2026-05-13,ManagerPortal
L04257,cert-enterprise-ai-safety,M024,approved,2026-05-20,ManagerPortal
L04258,cert-enterprise-ai-safety,M017,pending,,ManagerPortal
L04259,cert-enterprise-ai-safety,M053,approved,2026-05-05,ManagerPortal
L04260,cert-enterprise-ai-safety,M006,approved,2026-05-05,ManagerPortal
L04261,cert-enterprise-ai-safety,M020,approved,2026-05-14,ManagerPortal
L04262,cert-enterprise-ai-safety,M074,approved,2026-05-19,ManagerPortal
L04263,cert-enterprise-ai-safety,M077,approved,2026-05-28,ManagerPortal
L04264,cert-enterprise-ai-safety,M039,approved,2026-05-11,ManagerPortal
L04265,cert-enterprise-ai-safety,M006,pending,,ManagerPortal
L04266,cert-enterprise-ai-safety,M001,pending,,ManagerPortal
L04267,cert-enterprise-ai-safety,M034,approved,2026-05-29,ManagerPortal
L04268,cert-enterprise-ai-safety,M018,pending,,ManagerPortal
L04269,cert-enterprise-ai-safety,M075,approved,2026-05-12,ManagerPortal
L04270,cert-enterprise-ai-safety,M041,approved,2026-06-06,ManagerPortal
L04271,cert-enterprise-ai-safety,M055,approved,2026-05-31,ManagerPortal
L04272,cert-enterprise-ai-safety,M026,approved,2026-05-11,ManagerPortal
L04273,cert-enterprise-ai-safety,M006,approved,2026-05-08,ManagerPortal
L04274,cert-enterprise-ai-safety,M034,approved,2026-06-01,ManagerPortal
L04275,cert-enterprise-ai-safety,M002,approved,2026-04-28,ManagerPortal
L04276,cert-enterprise-ai-safety,M047,approved,2026-04-26,ManagerPortal
L04277,cert-enterprise-ai-safety,M016,approved,2026-06-04,ManagerPortal
L04278,cert-enterprise-ai-safety,M059,approved,2026-04-23,ManagerPortal
L04279,cert-enterprise-ai-safety,M055,pending,,ManagerPortal
L04280,cert-enterprise-ai-safety,M066,approved,2026-06-02,ManagerPortal
L04281,cert-enterprise-ai-safety,M050,approved,2026-05-30,ManagerPortal
L04282,cert-enterprise-ai-safety,M070,approved,2026-04-29,ManagerPortal
L04283,cert-enterprise-ai-safety,M058,pending,,ManagerPortal
L04284,cert-enterprise-ai-safety,M019,approved,2026-05-24,ManagerPortal
L04285,cert-enterprise-ai-safety,M049,approved,2026-05-17,ManagerPortal
L04286,cert-enterprise-ai-safety,M068,approved,2026-05-30,ManagerPortal
L04287,cert-enterprise-ai-safety,M004,approved,2026-05-27,ManagerPortal
L04288,cert-enterprise-ai-safety,M070,approved,2026-05-10,ManagerPortal
L04289,cert-enterprise-ai-safety,M077,approved,2026-06-02,ManagerPortal
L04290,cert-enterprise-ai-safety,M057,approved,2026-04-29,ManagerPortal
L04291,cert-enterprise-ai-safety,M063,approved,2026-04-23,ManagerPortal
L04292,cert-enterprise-ai-safety,M013,pending,,ManagerPortal
L04293,cert-enterprise-ai-safety,M066,approved,2026-05-09,ManagerPortal
L04294,cert-enterprise-ai-safety,M046,approved,2026-06-01,ManagerPortal
L04295,cert-enterprise-ai-safety,M024,pending,,ManagerPortal
L04296,cert-enterprise-ai-safety,M065,approved,2026-05-31,ManagerPortal
L04297,cert-enterprise-ai-safety,M019,approved,2026-05-31,ManagerPortal
L04298,cert-enterprise-ai-safety,M039,pending,,ManagerPortal
L04299,cert-enterprise-ai-safety,M061,pending,,ManagerPortal
L04300,cert-enterprise-ai-safety,M040,pending,,ManagerPortal
L04301,cert-enterprise-ai-safety,M057,pending,,ManagerPortal
L04302,cert-enterprise-ai-safety,M062,approved,2026-05-19,ManagerPortal
L04303,cert-enterprise-ai-safety,M016,approved,2026-05-08,ManagerPortal
L04304,cert-enterprise-ai-safety,M056,pending,,ManagerPortal
L04305,cert-enterprise-ai-safety,M032,approved,2026-06-03,ManagerPortal
L04306,cert-enterprise-ai-safety,M022,approved,2026-05-09,ManagerPortal
L04307,cert-enterprise-ai-safety,M034,approved,2026-06-03,ManagerPortal
L04308,cert-enterprise-ai-safety,M020,approved,2026-05-29,ManagerPortal
L04309,cert-enterprise-ai-safety,M012,pending,,ManagerPortal
L04310,cert-enterprise-ai-safety,M039,approved,2026-06-02,ManagerPortal
L04311,cert-enterprise-ai-safety,M063,approved,2026-05-15,ManagerPortal
L04312,cert-enterprise-ai-safety,M047,approved,2026-05-24,ManagerPortal
L04313,cert-enterprise-ai-safety,M079,approved,2026-05-20,ManagerPortal
L04314,cert-enterprise-ai-safety,M079,pending,,ManagerPortal
L04315,cert-enterprise-ai-safety,M002,approved,2026-04-23,ManagerPortal
L04316,cert-enterprise-ai-safety,M050,approved,2026-05-20,ManagerPortal
L04317,cert-enterprise-ai-safety,M060,approved,2026-05-08,ManagerPortal
L04318,cert-enterprise-ai-safety,M055,approved,2026-05-04,ManagerPortal
L04319,cert-enterprise-ai-safety,M021,approved,2026-04-26,ManagerPortal
L04320,cert-enterprise-ai-safety,M066,approved,2026-04-25,ManagerPortal
L04321,cert-enterprise-ai-safety,M065,approved,2026-05-25,ManagerPortal
L04322,cert-enterprise-ai-safety,M057,approved,2026-06-02,ManagerPortal
L04323,cert-enterprise-ai-safety,M074,pending,,ManagerPortal
L04324,cert-enterprise-ai-safety,M009,approved,2026-05-24,ManagerPortal
L04325,cert-enterprise-ai-safety,M063,approved,2026-04-30,ManagerPortal
L04326,cert-enterprise-ai-safety,M074,approved,2026-05-22,ManagerPortal
L04327,cert-enterprise-ai-safety,M019,approved,2026-05-19,ManagerPortal
L04328,cert-enterprise-ai-safety,M017,approved,2026-04-29,ManagerPortal
L04329,cert-enterprise-ai-safety,M019,approved,2026-05-14,ManagerPortal
L04330,cert-enterprise-ai-safety,M043,approved,2026-05-10,ManagerPortal
L04331,cert-enterprise-ai-safety,M043,approved,2026-05-21,ManagerPortal
L04332,cert-enterprise-ai-safety,M069,pending,,ManagerPortal
L04333,cert-enterprise-ai-safety,M014,approved,2026-06-02,ManagerPortal
L04334,cert-enterprise-ai-safety,M060,pending,,ManagerPortal
L04335,cert-enterprise-ai-safety,M008,approved,2026-05-17,ManagerPortal
L04336,cert-enterprise-ai-safety,M041,pending,,ManagerPortal
L04337,cert-enterprise-ai-safety,M041,approved,2026-06-05,ManagerPortal
L04338,cert-enterprise-ai-safety,M050,pending,,ManagerPortal
L04339,cert-enterprise-ai-safety,M059,approved,2026-06-03,ManagerPortal
L04340,cert-enterprise-ai-safety,M027,approved,2026-06-06,ManagerPortal
L04341,cert-enterprise-ai-safety,M015,approved,2026-05-28,ManagerPortal
L04342,cert-enterprise-ai-safety,M015,approved,2026-05-03,ManagerPortal
L04343,cert-enterprise-ai-safety,M004,pending,,ManagerPortal
L04344,cert-enterprise-ai-safety,M072,approved,2026-04-26,ManagerPortal
L04345,cert-enterprise-ai-safety,M012,approved,2026-05-16,ManagerPortal
L04346,cert-enterprise-ai-safety,M013,approved,2026-05-19,ManagerPortal
L04347,cert-enterprise-ai-safety,M028,pending,,ManagerPortal
L04348,cert-enterprise-ai-safety,M006,approved,2026-05-26,ManagerPortal
L04349,cert-enterprise-ai-safety,M017,pending,,ManagerPortal
L04350,cert-enterprise-ai-safety,M049,approved,2026-05-30,ManagerPortal
L04351,cert-enterprise-ai-safety,M064,approved,2026-05-07,ManagerPortal
L04352,cert-enterprise-ai-safety,M018,approved,2026-05-05,ManagerPortal
L04353,cert-enterprise-ai-safety,M077,approved,2026-05-03,ManagerPortal
L04354,cert-enterprise-ai-safety,M069,pending,,ManagerPortal
L04355,cert-enterprise-ai-safety,M033,pending,,ManagerPortal
L04356,cert-enterprise-ai-safety,M076,approved,2026-05-10,ManagerPortal
L04357,cert-enterprise-ai-safety,M073,approved,2026-04-29,ManagerPortal
L04358,cert-enterprise-ai-safety,M002,approved,2026-05-04,ManagerPortal
L04359,cert-enterprise-ai-safety,M046,pending,,ManagerPortal
L04360,cert-enterprise-ai-safety,M052,pending,,ManagerPortal
L04361,cert-enterprise-ai-safety,M061,approved,2026-05-12,ManagerPortal
L04362,cert-enterprise-ai-safety,M013,approved,2026-05-24,ManagerPortal
L04363,cert-enterprise-ai-safety,M077,approved,2026-05-08,ManagerPortal
L04364,cert-enterprise-ai-safety,M071,approved,2026-05-01,ManagerPortal
L04365,cert-enterprise-ai-safety,M078,approved,2026-04-27,ManagerPortal
L04366,cert-enterprise-ai-safety,M016,approved,2026-05-12,ManagerPortal
L04367,cert-enterprise-ai-safety,M077,approved,2026-05-09,ManagerPortal
L04368,cert-enterprise-ai-safety,M034,approved,2026-05-03,ManagerPortal
L04369,cert-enterprise-ai-safety,M035,approved,2026-05-15,ManagerPortal
L04370,cert-enterprise-ai-safety,M028,approved,2026-04-28,ManagerPortal
L04371,cert-enterprise-ai-safety,M059,pending,,ManagerPortal
L04372,cert-enterprise-ai-safety,M076,pending,,ManagerPortal
L04373,cert-enterprise-ai-safety,M058,pending,,ManagerPortal
L04374,cert-enterprise-ai-safety,M017,approved,2026-05-05,ManagerPortal
L04375,cert-enterprise-ai-safety,M066,approved,2026-05-18,ManagerPortal
L04376,cert-enterprise-ai-safety,M007,pending,,ManagerPortal
L04377,cert-enterprise-ai-safety,M040,pending,,ManagerPortal
L04378,cert-enterprise-ai-safety,M072,approved,2026-05-11,ManagerPortal
L04379,cert-enterprise-ai-safety,M065,approved,2026-05-24,ManagerPortal
L04380,cert-enterprise-ai-safety,M062,approved,2026-05-15,ManagerPortal
L04381,cert-enterprise-ai-safety,M004,approved,2026-05-19,ManagerPortal
L04382,cert-enterprise-ai-safety,M007,approved,2026-06-06,ManagerPortal
L04383,cert-enterprise-ai-safety,M004,approved,2026-05-04,ManagerPortal
L04384,cert-enterprise-ai-safety,M056,pending,,ManagerPortal
L04385,cert-enterprise-ai-safety,M047,approved,2026-05-09,ManagerPortal
L04386,cert-enterprise-ai-safety,M068,approved,2026-05-08,ManagerPortal
L04387,cert-enterprise-ai-safety,M001,approved,2026-04-29,ManagerPortal
L04388,cert-enterprise-ai-safety,M015,pending,,ManagerPortal
L04389,cert-enterprise-ai-safety,M023,approved,2026-04-27,ManagerPortal
L04390,cert-enterprise-ai-safety,M006,approved,2026-05-24,ManagerPortal
L04391,cert-enterprise-ai-safety,M043,approved,2026-04-25,ManagerPortal
L04392,cert-enterprise-ai-safety,M031,pending,,ManagerPortal
L04393,cert-enterprise-ai-safety,M009,approved,2026-04-24,ManagerPortal
L04394,cert-enterprise-ai-safety,M050,approved,2026-05-30,ManagerPortal
L04395,cert-enterprise-ai-safety,M059,approved,2026-05-16,ManagerPortal
L04396,cert-enterprise-ai-safety,M043,approved,2026-05-21,ManagerPortal
L04397,cert-enterprise-ai-safety,M020,approved,2026-05-17,ManagerPortal
L04398,cert-enterprise-ai-safety,M048,approved,2026-05-22,ManagerPortal
L04399,cert-enterprise-ai-safety,M017,pending,,ManagerPortal
L04400,cert-enterprise-ai-safety,M048,approved,2026-04-24,ManagerPortal
L04401,cert-enterprise-ai-safety,M031,pending,,ManagerPortal
L04402,cert-enterprise-ai-safety,M013,approved,2026-05-21,ManagerPortal
L04403,cert-enterprise-ai-safety,M058,approved,2026-05-24,ManagerPortal
L04404,cert-enterprise-ai-safety,M059,pending,,ManagerPortal
L04405,cert-enterprise-ai-safety,M042,approved,2026-05-20,ManagerPortal
L04406,cert-enterprise-ai-safety,M064,pending,,ManagerPortal
L04407,cert-enterprise-ai-safety,M041,approved,2026-05-15,ManagerPortal
L04408,cert-enterprise-ai-safety,M051,approved,2026-06-02,ManagerPortal
L04409,cert-enterprise-ai-safety,M059,approved,2026-05-31,ManagerPortal
L04410,cert-enterprise-ai-safety,M055,approved,2026-05-19,ManagerPortal
L04411,cert-enterprise-ai-safety,M074,approved,2026-05-23,ManagerPortal
L04412,cert-enterprise-ai-safety,M029,pending,,ManagerPortal
L04413,cert-enterprise-ai-safety,M006,approved,2026-05-24,ManagerPortal
L04414,cert-enterprise-ai-safety,M055,pending,,ManagerPortal
L04415,cert-enterprise-ai-safety,M034,approved,2026-05-03,ManagerPortal
L04416,cert-enterprise-ai-safety,M010,approved,2026-05-28,ManagerPortal
L04417,cert-enterprise-ai-safety,M080,pending,,ManagerPortal
L04418,cert-enterprise-ai-safety,M008,approved,2026-06-04,ManagerPortal
L04419,cert-enterprise-ai-safety,M065,approved,2026-05-14,ManagerPortal
L04420,cert-enterprise-ai-safety,M014,approved,2026-04-24,ManagerPortal
L04421,cert-enterprise-ai-safety,M040,approved,2026-05-19,ManagerPortal
L04422,cert-enterprise-ai-safety,M012,pending,,ManagerPortal
L04423,cert-enterprise-ai-safety,M057,pending,,ManagerPortal
L04424,cert-enterprise-ai-safety,M031,approved,2026-05-20,ManagerPortal
L04425,cert-enterprise-ai-safety,M064,approved,2026-05-15,ManagerPortal
L04426,cert-enterprise-ai-safety,M072,approved,2026-05-28,ManagerPortal
L04427,cert-enterprise-ai-safety,M072,approved,2026-05-11,ManagerPortal
L04428,cert-enterprise-ai-safety,M032,approved,2026-05-02,ManagerPortal
L04429,cert-enterprise-ai-safety,M046,pending,,ManagerPortal
L04430,cert-enterprise-ai-safety,M023,approved,2026-05-26,ManagerPortal
L04431,cert-enterprise-ai-safety,M018,approved,2026-05-09,ManagerPortal
L04432,cert-enterprise-ai-safety,M009,pending,,ManagerPortal
L04433,cert-enterprise-ai-safety,M001,approved,2026-04-24,ManagerPortal
L04434,cert-enterprise-ai-safety,M078,approved,2026-05-10,ManagerPortal
L04435,cert-enterprise-ai-safety,M068,pending,,ManagerPortal
L04436,cert-enterprise-ai-safety,M067,approved,2026-05-29,ManagerPortal
L04437,cert-enterprise-ai-safety,M063,pending,,ManagerPortal
L04438,cert-enterprise-ai-safety,M011,approved,2026-05-29,ManagerPortal
L04439,cert-enterprise-ai-safety,M063,approved,2026-05-24,ManagerPortal
L04440,cert-enterprise-ai-safety,M067,approved,2026-05-13,ManagerPortal
L04441,cert-enterprise-ai-safety,M066,pending,,ManagerPortal
L04442,cert-enterprise-ai-safety,M054,approved,2026-05-14,ManagerPortal
L04443,cert-enterprise-ai-safety,M023,approved,2026-06-05,ManagerPortal
L04444,cert-enterprise-ai-safety,M072,pending,,ManagerPortal
L04445,cert-enterprise-ai-safety,M024,approved,2026-05-22,ManagerPortal
L04446,cert-enterprise-ai-safety,M034,approved,2026-04-28,ManagerPortal
L04447,cert-enterprise-ai-safety,M004,approved,2026-05-20,ManagerPortal
L04448,cert-enterprise-ai-safety,M051,approved,2026-05-11,ManagerPortal
L04449,cert-enterprise-ai-safety,M051,approved,2026-05-09,ManagerPortal
L04450,cert-enterprise-ai-safety,M057,approved,2026-04-28,ManagerPortal
L04451,cert-enterprise-ai-safety,M046,approved,2026-06-04,ManagerPortal
L04452,cert-enterprise-ai-safety,M067,approved,2026-05-01,ManagerPortal
L04453,cert-enterprise-ai-safety,M055,approved,2026-04-29,ManagerPortal
L04454,cert-enterprise-ai-safety,M020,approved,2026-05-27,ManagerPortal
L04455,cert-enterprise-ai-safety,M075,pending,,ManagerPortal
L04456,cert-enterprise-ai-safety,M044,approved,2026-05-09,ManagerPortal
L04457,cert-enterprise-ai-safety,M032,approved,2026-05-22,ManagerPortal
L04458,cert-enterprise-ai-safety,M068,approved,2026-05-11,ManagerPortal
L04459,cert-enterprise-ai-safety,M064,approved,2026-05-22,ManagerPortal
L04460,cert-enterprise-ai-safety,M069,pending,,ManagerPortal
L04461,cert-enterprise-ai-safety,M059,approved,2026-04-28,ManagerPortal
L04462,cert-enterprise-ai-safety,M079,approved,2026-05-31,ManagerPortal
L04463,cert-enterprise-ai-safety,M056,pending,,ManagerPortal
L04464,cert-enterprise-ai-safety,M045,approved,2026-04-30,ManagerPortal
L04465,cert-enterprise-ai-safety,M061,approved,2026-06-04,ManagerPortal
L04466,cert-enterprise-ai-safety,M035,approved,2026-05-28,ManagerPortal
L04467,cert-enterprise-ai-safety,M052,approved,2026-05-20,ManagerPortal
L04468,cert-enterprise-ai-safety,M022,pending,,ManagerPortal
L04469,cert-enterprise-ai-safety,M074,pending,,ManagerPortal
L04470,cert-enterprise-ai-safety,M072,approved,2026-05-03,ManagerPortal
L04471,cert-enterprise-ai-safety,M069,approved,2026-04-28,ManagerPortal
L04472,cert-enterprise-ai-safety,M072,pending,,ManagerPortal
L04473,cert-enterprise-ai-safety,M055,pending,,ManagerPortal
L04474,cert-enterprise-ai-safety,M050,approved,2026-06-01,ManagerPortal
L04475,cert-enterprise-ai-safety,M056,approved,2026-05-27,ManagerPortal
L04476,cert-enterprise-ai-safety,M019,approved,2026-05-02,ManagerPortal
L04477,cert-enterprise-ai-safety,M023,approved,2026-06-02,ManagerPortal
L04478,cert-enterprise-ai-safety,M029,approved,2026-05-30,ManagerPortal
L04479,cert-enterprise-ai-safety,M011,approved,2026-06-03,ManagerPortal
L04480,cert-enterprise-ai-safety,M039,pending,,ManagerPortal
L04481,cert-enterprise-ai-safety,M010,approved,2026-06-03,ManagerPortal
L04482,cert-enterprise-ai-safety,M009,approved,2026-05-06,ManagerPortal
L04483,cert-enterprise-ai-safety,M051,pending,,ManagerPortal
L04484,cert-enterprise-ai-safety,M072,approved,2026-05-25,ManagerPortal
L04485,cert-enterprise-ai-safety,M062,approved,2026-05-27,ManagerPortal
L04486,cert-enterprise-ai-safety,M023,approved,2026-05-29,ManagerPortal
L04487,cert-enterprise-ai-safety,M065,approved,2026-05-22,ManagerPortal
L04488,cert-enterprise-ai-safety,M065,approved,2026-04-26,ManagerPortal
L04489,cert-enterprise-ai-safety,M026,approved,2026-05-27,ManagerPortal
L04490,cert-enterprise-ai-safety,M071,pending,,ManagerPortal
L04491,cert-enterprise-ai-safety,M026,approved,2026-05-11,ManagerPortal
L04492,cert-enterprise-ai-safety,M067,approved,2026-05-07,ManagerPortal
L04493,cert-enterprise-ai-safety,M011,approved,2026-05-09,ManagerPortal
L04494,cert-enterprise-ai-safety,M043,approved,2026-05-06,ManagerPortal
L04495,cert-enterprise-ai-safety,M052,approved,2026-05-10,ManagerPortal
L04496,cert-enterprise-ai-safety,M070,approved,2026-05-11,ManagerPortal
L04497,cert-enterprise-ai-safety,M014,approved,2026-05-01,ManagerPortal
L04498,cert-enterprise-ai-safety,M072,approved,2026-05-25,ManagerPortal
L04499,cert-enterprise-ai-safety,M013,approved,2026-05-03,ManagerPortal
L04500,cert-enterprise-ai-safety,M032,pending,,ManagerPortal
L04501,cert-enterprise-ai-safety,M061,approved,2026-05-26,ManagerPortal
L04502,cert-enterprise-ai-safety,M080,approved,2026-05-27,ManagerPortal
L04503,cert-enterprise-ai-safety,M040,approved,2026-05-22,ManagerPortal
L04504,cert-enterprise-ai-safety,M018,approved,2026-05-17,ManagerPortal
L04505,cert-enterprise-ai-safety,M022,pending,,ManagerPortal
L04506,cert-enterprise-ai-safety,M016,approved,2026-06-02,ManagerPortal
L04507,cert-enterprise-ai-safety,M056,approved,2026-05-30,ManagerPortal
L04508,cert-enterprise-ai-safety,M061,approved,2026-04-25,ManagerPortal
L04509,cert-enterprise-ai-safety,M072,approved,2026-04-24,ManagerPortal
L04510,cert-enterprise-ai-safety,M013,pending,,ManagerPortal
L04511,cert-enterprise-ai-safety,M067,approved,2026-05-31,ManagerPortal
L04512,cert-enterprise-ai-safety,M030,approved,2026-06-06,ManagerPortal
L04513,cert-enterprise-ai-safety,M075,approved,2026-04-25,ManagerPortal
L04514,cert-enterprise-ai-safety,M077,pending,,ManagerPortal
L04515,cert-enterprise-ai-safety,M041,approved,2026-05-22,ManagerPortal
L04516,cert-enterprise-ai-safety,M047,approved,2026-05-28,ManagerPortal
L04517,cert-enterprise-ai-safety,M034,approved,2026-04-27,ManagerPortal
L04518,cert-enterprise-ai-safety,M042,pending,,ManagerPortal
L04519,cert-enterprise-ai-safety,M026,approved,2026-05-05,ManagerPortal
L04520,cert-enterprise-ai-safety,M045,approved,2026-05-10,ManagerPortal
L04521,cert-enterprise-ai-safety,M010,approved,2026-06-01,ManagerPortal
L04522,cert-enterprise-ai-safety,M044,approved,2026-05-07,ManagerPortal
L04523,cert-enterprise-ai-safety,M057,approved,2026-05-28,ManagerPortal
L04524,cert-enterprise-ai-safety,M056,approved,2026-05-01,ManagerPortal
L04525,cert-enterprise-ai-safety,M069,approved,2026-04-25,ManagerPortal
L04526,cert-enterprise-ai-safety,M039,approved,2026-06-02,ManagerPortal
L04527,cert-enterprise-ai-safety,M062,approved,2026-05-06,ManagerPortal
L04528,cert-enterprise-ai-safety,M004,pending,,ManagerPortal
L04529,cert-enterprise-ai-safety,M046,approved,2026-05-30,ManagerPortal
L04530,cert-enterprise-ai-safety,M022,approved,2026-05-25,ManagerPortal
L04531,cert-enterprise-ai-safety,M006,approved,2026-05-18,ManagerPortal
L04532,cert-enterprise-ai-safety,M022,approved,2026-06-03,ManagerPortal
L04533,cert-enterprise-ai-safety,M073,approved,2026-05-20,ManagerPortal
L04534,cert-enterprise-ai-safety,M041,approved,2026-05-29,ManagerPortal
L04535,cert-enterprise-ai-safety,M066,approved,2026-06-02,ManagerPortal
L04536,cert-enterprise-ai-safety,M065,pending,,ManagerPortal
L04537,cert-enterprise-ai-safety,M028,pending,,ManagerPortal
L04538,cert-enterprise-ai-safety,M010,approved,2026-05-23,ManagerPortal
L04539,cert-enterprise-ai-safety,M051,approved,2026-05-18,ManagerPortal
L04540,cert-enterprise-ai-safety,M009,approved,2026-05-23,ManagerPortal
L04541,cert-enterprise-ai-safety,M015,approved,2026-05-11,ManagerPortal
L04542,cert-enterprise-ai-safety,M068,pending,,ManagerPortal
L04543,cert-enterprise-ai-safety,M079,approved,2026-04-23,ManagerPortal
L04544,cert-enterprise-ai-safety,M050,approved,2026-05-19,ManagerPortal
L04545,cert-enterprise-ai-safety,M071,pending,,ManagerPortal
L04546,cert-enterprise-ai-safety,M059,pending,,ManagerPortal
L04547,cert-enterprise-ai-safety,M068,approved,2026-05-02,ManagerPortal
L04548,cert-enterprise-ai-safety,M027,pending,,ManagerPortal
L04549,cert-enterprise-ai-safety,M027,pending,,ManagerPortal
L04550,cert-enterprise-ai-safety,M033,approved,2026-05-23,ManagerPortal
L04551,cert-enterprise-ai-safety,M052,approved,2026-05-11,ManagerPortal
L04552,cert-enterprise-ai-safety,M017,approved,2026-05-26,ManagerPortal
L04553,cert-enterprise-ai-safety,M043,approved,2026-06-02,ManagerPortal
L04554,cert-enterprise-ai-safety,M078,pending,,ManagerPortal
L04555,cert-enterprise-ai-safety,M063,approved,2026-05-01,ManagerPortal
L04556,cert-enterprise-ai-safety,M030,approved,2026-06-01,ManagerPortal
L04557,cert-enterprise-ai-safety,M031,approved,2026-06-01,ManagerPortal
L04558,cert-enterprise-ai-safety,M030,pending,,ManagerPortal
L04559,cert-enterprise-ai-safety,M007,pending,,ManagerPortal
L04560,cert-enterprise-ai-safety,M065,pending,,ManagerPortal
L04561,cert-enterprise-ai-safety,M067,approved,2026-05-10,ManagerPortal
L04562,cert-enterprise-ai-safety,M069,approved,2026-05-24,ManagerPortal
L04563,cert-enterprise-ai-safety,M058,approved,2026-05-01,ManagerPortal
L04564,cert-enterprise-ai-safety,M039,approved,2026-05-24,ManagerPortal
L04565,cert-enterprise-ai-safety,M077,approved,2026-04-27,ManagerPortal
L04566,cert-enterprise-ai-safety,M049,approved,2026-05-09,ManagerPortal
L04567,cert-enterprise-ai-safety,M046,pending,,ManagerPortal
L04568,cert-enterprise-ai-safety,M056,approved,2026-05-25,ManagerPortal
L04569,cert-enterprise-ai-safety,M026,pending,,ManagerPortal
L04570,cert-enterprise-ai-safety,M024,approved,2026-06-05,ManagerPortal
L04571,cert-enterprise-ai-safety,M072,pending,,ManagerPortal
L04572,cert-enterprise-ai-safety,M004,pending,,ManagerPortal
L04573,cert-enterprise-ai-safety,M022,approved,2026-05-31,ManagerPortal
L04574,cert-enterprise-ai-safety,M036,approved,2026-05-31,ManagerPortal
L04575,cert-enterprise-ai-safety,M076,approved,2026-05-20,ManagerPortal
L04576,cert-enterprise-ai-safety,M003,approved,2026-05-15,ManagerPortal
L04577,cert-enterprise-ai-safety,M058,approved,2026-04-25,ManagerPortal
L04578,cert-enterprise-ai-safety,M020,approved,2026-04-27,ManagerPortal
L04579,cert-enterprise-ai-safety,M049,pending,,ManagerPortal
L04580,cert-enterprise-ai-safety,M042,pending,,ManagerPortal
L04581,cert-enterprise-ai-safety,M070,approved,2026-05-03,ManagerPortal
L04582,cert-enterprise-ai-safety,M044,approved,2026-05-20,ManagerPortal
L04583,cert-enterprise-ai-safety,M080,approved,2026-06-05,ManagerPortal
L04584,cert-enterprise-ai-safety,M020,pending,,ManagerPortal
L04585,cert-enterprise-ai-safety,M064,approved,2026-04-26,ManagerPortal
L04586,cert-enterprise-ai-safety,M006,approved,2026-05-02,ManagerPortal
L04587,cert-enterprise-ai-safety,M040,approved,2026-05-31,ManagerPortal
L04588,cert-enterprise-ai-safety,M049,approved,2026-04-23,ManagerPortal
L04589,cert-enterprise-ai-safety,M042,approved,2026-05-18,ManagerPortal
L04590,cert-enterprise-ai-safety,M059,approved,2026-04-25,ManagerPortal
L04591,cert-enterprise-ai-safety,M065,approved,2026-04-25,ManagerPortal
L04592,cert-enterprise-ai-safety,M074,pending,,ManagerPortal
L04593,cert-enterprise-ai-safety,M065,pending,,ManagerPortal
L04594,cert-enterprise-ai-safety,M012,approved,2026-05-10,ManagerPortal
L04595,cert-enterprise-ai-safety,M006,approved,2026-05-01,ManagerPortal
L04596,cert-enterprise-ai-safety,M001,pending,,ManagerPortal
L04597,cert-enterprise-ai-safety,M064,approved,2026-05-09,ManagerPortal
L04598,cert-enterprise-ai-safety,M016,approved,2026-05-16,ManagerPortal
L04599,cert-enterprise-ai-safety,M021,pending,,ManagerPortal
L04600,cert-enterprise-ai-safety,M025,approved,2026-04-29,ManagerPortal
L04601,cert-enterprise-ai-safety,M064,pending,,ManagerPortal
L04602,cert-enterprise-ai-safety,M074,approved,2026-05-25,ManagerPortal
L04603,cert-enterprise-ai-safety,M022,approved,2026-05-01,ManagerPortal
L04604,cert-enterprise-ai-safety,M053,approved,2026-06-03,ManagerPortal
L04605,cert-enterprise-ai-safety,M018,approved,2026-05-14,ManagerPortal
L04606,cert-enterprise-ai-safety,M055,approved,2026-05-13,ManagerPortal
L04607,cert-enterprise-ai-safety,M031,approved,2026-05-18,ManagerPortal
L04608,cert-enterprise-ai-safety,M046,approved,2026-06-02,ManagerPortal
L04609,cert-enterprise-ai-safety,M066,approved,2026-05-28,ManagerPortal
L04610,cert-enterprise-ai-safety,M014,pending,,ManagerPortal
L04611,cert-enterprise-ai-safety,M038,approved,2026-06-03,ManagerPortal
L04612,cert-enterprise-ai-safety,M080,pending,,ManagerPortal
L04613,cert-enterprise-ai-safety,M051,pending,,ManagerPortal
L04614,cert-enterprise-ai-safety,M055,approved,2026-05-06,ManagerPortal
L04615,cert-enterprise-ai-safety,M043,approved,2026-04-29,ManagerPortal
L04616,cert-enterprise-ai-safety,M028,pending,,ManagerPortal
L04617,cert-enterprise-ai-safety,M009,pending,,ManagerPortal
L04618,cert-enterprise-ai-safety,M021,approved,2026-05-07,ManagerPortal
L04619,cert-enterprise-ai-safety,M074,approved,2026-05-22,ManagerPortal
L04620,cert-enterprise-ai-safety,M047,approved,2026-05-02,ManagerPortal
L04621,cert-enterprise-ai-safety,M042,approved,2026-06-02,ManagerPortal
L04622,cert-enterprise-ai-safety,M023,approved,2026-05-20,ManagerPortal
L04623,cert-enterprise-ai-safety,M007,pending,,ManagerPortal
L04624,cert-enterprise-ai-safety,M056,pending,,ManagerPortal
L04625,cert-enterprise-ai-safety,M001,approved,2026-05-24,ManagerPortal
L04626,cert-enterprise-ai-safety,M009,approved,2026-05-22,ManagerPortal
L04627,cert-enterprise-ai-safety,M045,approved,2026-05-08,ManagerPortal
L04628,cert-enterprise-ai-safety,M042,approved,2026-05-17,ManagerPortal
L04629,cert-enterprise-ai-safety,M062,pending,,ManagerPortal
L04630,cert-enterprise-ai-safety,M023,approved,2026-05-07,ManagerPortal
L04631,cert-enterprise-ai-safety,M078,pending,,ManagerPortal
L04632,cert-enterprise-ai-safety,M008,approved,2026-05-18,ManagerPortal
L04633,cert-enterprise-ai-safety,M064,approved,2026-04-28,ManagerPortal
L04634,cert-enterprise-ai-safety,M073,approved,2026-05-25,ManagerPortal
L04635,cert-enterprise-ai-safety,M051,approved,2026-04-23,ManagerPortal
L04636,cert-enterprise-ai-safety,M015,approved,2026-06-03,ManagerPortal
L04637,cert-enterprise-ai-safety,M017,approved,2026-06-02,ManagerPortal
L04638,cert-enterprise-ai-safety,M044,approved,2026-05-24,ManagerPortal
L04639,cert-enterprise-ai-safety,M002,approved,2026-06-03,ManagerPortal
L04640,cert-enterprise-ai-safety,M050,approved,2026-05-07,ManagerPortal
L04641,cert-enterprise-ai-safety,M009,approved,2026-05-03,ManagerPortal
L04642,cert-enterprise-ai-safety,M076,approved,2026-04-26,ManagerPortal
L04643,cert-enterprise-ai-safety,M025,pending,,ManagerPortal
L04644,cert-enterprise-ai-safety,M034,approved,2026-04-30,ManagerPortal
L04645,cert-enterprise-ai-safety,M039,pending,,ManagerPortal
L04646,cert-enterprise-ai-safety,M022,approved,2026-05-14,ManagerPortal
L04647,cert-enterprise-ai-safety,M020,approved,2026-04-29,ManagerPortal
L04648,cert-enterprise-ai-safety,M048,approved,2026-05-13,ManagerPortal
L04649,cert-enterprise-ai-safety,M021,approved,2026-05-08,ManagerPortal
L04650,cert-enterprise-ai-safety,M026,approved,2026-04-27,ManagerPortal
L04651,cert-enterprise-ai-safety,M075,pending,,ManagerPortal
L04652,cert-enterprise-ai-safety,M074,approved,2026-05-06,ManagerPortal
L04653,cert-enterprise-ai-safety,M005,approved,2026-05-09,ManagerPortal
L04654,cert-enterprise-ai-safety,M002,approved,2026-05-20,ManagerPortal
L04655,cert-enterprise-ai-safety,M030,approved,2026-05-26,ManagerPortal
L04656,cert-enterprise-ai-safety,M076,approved,2026-05-26,ManagerPortal
L04657,cert-enterprise-ai-safety,M055,approved,2026-05-12,ManagerPortal
L04658,cert-enterprise-ai-safety,M060,pending,,ManagerPortal
L04659,cert-enterprise-ai-safety,M003,approved,2026-05-02,ManagerPortal
L04660,cert-enterprise-ai-safety,M010,pending,,ManagerPortal
L04661,cert-enterprise-ai-safety,M071,approved,2026-05-22,ManagerPortal
L04662,cert-enterprise-ai-safety,M043,pending,,ManagerPortal
L04663,cert-enterprise-ai-safety,M022,approved,2026-06-03,ManagerPortal
L04664,cert-enterprise-ai-safety,M021,approved,2026-05-07,ManagerPortal
L04665,cert-enterprise-ai-safety,M044,pending,,ManagerPortal
L04666,cert-enterprise-ai-safety,M055,pending,,ManagerPortal
L04667,cert-enterprise-ai-safety,M045,approved,2026-04-24,ManagerPortal
L04668,cert-enterprise-ai-safety,M007,approved,2026-05-20,ManagerPortal
L04669,cert-enterprise-ai-safety,M021,approved,2026-05-30,ManagerPortal
L04670,cert-enterprise-ai-safety,M068,pending,,ManagerPortal
L04671,cert-enterprise-ai-safety,M061,approved,2026-05-17,ManagerPortal
L04672,cert-enterprise-ai-safety,M056,approved,2026-05-07,ManagerPortal
L04673,cert-enterprise-ai-safety,M060,approved,2026-05-19,ManagerPortal
L04674,cert-enterprise-ai-safety,M026,approved,2026-05-06,ManagerPortal
L04675,cert-enterprise-ai-safety,M012,pending,,ManagerPortal
L04676,cert-enterprise-ai-safety,M049,pending,,ManagerPortal
L04677,cert-enterprise-ai-safety,M012,approved,2026-05-15,ManagerPortal
L04678,cert-enterprise-ai-safety,M001,pending,,ManagerPortal
L04679,cert-enterprise-ai-safety,M004,pending,,ManagerPortal
L04680,cert-enterprise-ai-safety,M016,pending,,ManagerPortal
L04681,cert-enterprise-ai-safety,M035,approved,2026-05-12,ManagerPortal
L04682,cert-enterprise-ai-safety,M073,approved,2026-05-07,ManagerPortal
L04683,cert-enterprise-ai-safety,M066,approved,2026-04-27,ManagerPortal
L04684,cert-enterprise-ai-safety,M012,approved,2026-05-28,ManagerPortal
L04685,cert-enterprise-ai-safety,M014,approved,2026-05-13,ManagerPortal
L04686,cert-enterprise-ai-safety,M072,approved,2026-05-05,ManagerPortal
L04687,cert-enterprise-ai-safety,M066,approved,2026-05-27,ManagerPortal
L04688,cert-enterprise-ai-safety,M066,approved,2026-05-21,ManagerPortal
L04689,cert-enterprise-ai-safety,M040,pending,,ManagerPortal
L04690,cert-enterprise-ai-safety,M035,approved,2026-06-05,ManagerPortal
L04691,cert-enterprise-ai-safety,M003,approved,2026-05-21,ManagerPortal
L04692,cert-enterprise-ai-safety,M054,approved,2026-04-28,ManagerPortal
L04693,cert-enterprise-ai-safety,M023,pending,,ManagerPortal
L04694,cert-enterprise-ai-safety,M043,approved,2026-05-19,ManagerPortal
L04695,cert-enterprise-ai-safety,M003,approved,2026-05-12,ManagerPortal
L04696,cert-enterprise-ai-safety,M035,approved,2026-05-16,ManagerPortal
L04697,cert-enterprise-ai-safety,M070,approved,2026-05-15,ManagerPortal
L04698,cert-enterprise-ai-safety,M041,approved,2026-05-16,ManagerPortal
L04699,cert-enterprise-ai-safety,M059,approved,2026-05-28,ManagerPortal
L04700,cert-enterprise-ai-safety,M039,approved,2026-04-29,ManagerPortal
L04701,cert-enterprise-ai-safety,M047,approved,2026-06-03,ManagerPortal
L04702,cert-enterprise-ai-safety,M049,approved,2026-04-23,ManagerPortal
L04703,cert-enterprise-ai-safety,M024,approved,2026-05-17,ManagerPortal
L04704,cert-enterprise-ai-safety,M002,approved,2026-05-25,ManagerPortal
L04705,cert-enterprise-ai-safety,M049,approved,2026-05-27,ManagerPortal
L04706,cert-enterprise-ai-safety,M061,pending,,ManagerPortal
L04707,cert-enterprise-ai-safety,M065,pending,,ManagerPortal
L04708,cert-enterprise-ai-safety,M024,approved,2026-05-08,ManagerPortal
L04709,cert-enterprise-ai-safety,M065,approved,2026-04-24,ManagerPortal
L04710,cert-enterprise-ai-safety,M023,pending,,ManagerPortal
L04711,cert-enterprise-ai-safety,M031,approved,2026-05-22,ManagerPortal
L04712,cert-enterprise-ai-safety,M073,approved,2026-04-25,ManagerPortal
L04713,cert-enterprise-ai-safety,M077,approved,2026-05-23,ManagerPortal
L04714,cert-enterprise-ai-safety,M011,pending,,ManagerPortal
L04715,cert-enterprise-ai-safety,M044,approved,2026-05-26,ManagerPortal
L04716,cert-enterprise-ai-safety,M017,pending,,ManagerPortal
L04717,cert-enterprise-ai-safety,M080,pending,,ManagerPortal
L04718,cert-enterprise-ai-safety,M068,approved,2026-05-15,ManagerPortal
L04719,cert-enterprise-ai-safety,M079,approved,2026-05-11,ManagerPortal
L04720,cert-enterprise-ai-safety,M051,approved,2026-05-05,ManagerPortal
L04721,cert-enterprise-ai-safety,M077,approved,2026-06-02,ManagerPortal
L04722,cert-enterprise-ai-safety,M080,approved,2026-05-27,ManagerPortal
L04723,cert-enterprise-ai-safety,M076,approved,2026-06-04,ManagerPortal
L04724,cert-enterprise-ai-safety,M038,approved,2026-05-07,ManagerPortal
L04725,cert-enterprise-ai-safety,M036,approved,2026-05-08,ManagerPortal
L04726,cert-enterprise-ai-safety,M022,pending,,ManagerPortal
L04727,cert-enterprise-ai-safety,M053,approved,2026-04-26,ManagerPortal
L04728,cert-enterprise-ai-safety,M059,approved,2026-05-12,ManagerPortal
L04729,cert-enterprise-ai-safety,M039,pending,,ManagerPortal
L04730,cert-enterprise-ai-safety,M022,approved,2026-05-06,ManagerPortal
L04731,cert-enterprise-ai-safety,M031,approved,2026-05-27,ManagerPortal
L04732,cert-enterprise-ai-safety,M053,approved,2026-05-02,ManagerPortal
L04733,cert-enterprise-ai-safety,M033,approved,2026-06-03,ManagerPortal
L04734,cert-enterprise-ai-safety,M056,approved,2026-06-02,ManagerPortal
L04735,cert-enterprise-ai-safety,M059,approved,2026-04-25,ManagerPortal
L04736,cert-enterprise-ai-safety,M013,pending,,ManagerPortal
L04737,cert-enterprise-ai-safety,M076,approved,2026-05-29,ManagerPortal
L04738,cert-enterprise-ai-safety,M012,pending,,ManagerPortal
L04739,cert-enterprise-ai-safety,M071,approved,2026-04-23,ManagerPortal
L04740,cert-enterprise-ai-safety,M079,approved,2026-05-08,ManagerPortal
L04741,cert-enterprise-ai-safety,M048,approved,2026-05-09,ManagerPortal
L04742,cert-enterprise-ai-safety,M030,pending,,ManagerPortal
L04743,cert-enterprise-ai-safety,M060,pending,,ManagerPortal
L04744,cert-enterprise-ai-safety,M025,approved,2026-05-14,ManagerPortal
L04745,cert-enterprise-ai-safety,M024,pending,,ManagerPortal
L04746,cert-enterprise-ai-safety,M042,approved,2026-05-24,ManagerPortal
L04747,cert-enterprise-ai-safety,M037,approved,2026-04-29,ManagerPortal
L04748,cert-enterprise-ai-safety,M017,approved,2026-05-30,ManagerPortal
L04749,cert-enterprise-ai-safety,M043,approved,2026-04-23,ManagerPortal
L04750,cert-enterprise-ai-safety,M008,approved,2026-05-02,ManagerPortal
L04751,cert-enterprise-ai-safety,M030,approved,2026-05-23,ManagerPortal
L04752,cert-enterprise-ai-safety,M060,pending,,ManagerPortal
L04753,cert-enterprise-ai-safety,M021,approved,2026-05-11,ManagerPortal
L04754,cert-enterprise-ai-safety,M001,approved,2026-05-28,ManagerPortal
L04755,cert-enterprise-ai-safety,M061,approved,2026-05-07,ManagerPortal
L04756,cert-enterprise-ai-safety,M044,approved,2026-05-19,ManagerPortal
L04757,cert-enterprise-ai-safety,M039,approved,2026-05-30,ManagerPortal
L04758,cert-enterprise-ai-safety,M014,pending,,ManagerPortal
L04759,cert-enterprise-ai-safety,M074,approved,2026-05-06,ManagerPortal
L04760,cert-enterprise-ai-safety,M038,approved,2026-04-30,ManagerPortal
L04761,cert-enterprise-ai-safety,M045,approved,2026-05-19,ManagerPortal
L04762,cert-enterprise-ai-safety,M041,pending,,ManagerPortal
L04763,cert-enterprise-ai-safety,M032,pending,,ManagerPortal
L04764,cert-enterprise-ai-safety,M075,pending,,ManagerPortal
L04765,cert-enterprise-ai-safety,M020,approved,2026-06-04,ManagerPortal
L04766,cert-enterprise-ai-safety,M052,pending,,ManagerPortal
L04767,cert-enterprise-ai-safety,M031,approved,2026-05-16,ManagerPortal
L04768,cert-enterprise-ai-safety,M074,approved,2026-06-05,ManagerPortal
L04769,cert-enterprise-ai-safety,M077,approved,2026-04-28,ManagerPortal
L04770,cert-enterprise-ai-safety,M035,approved,2026-04-23,ManagerPortal
L04771,cert-enterprise-ai-safety,M024,pending,,ManagerPortal
L04772,cert-enterprise-ai-safety,M059,approved,2026-05-05,ManagerPortal
L04773,cert-enterprise-ai-safety,M073,approved,2026-05-07,ManagerPortal
L04774,cert-enterprise-ai-safety,M030,approved,2026-05-17,ManagerPortal
L04775,cert-enterprise-ai-safety,M059,pending,,ManagerPortal
L04776,cert-enterprise-ai-safety,M008,pending,,ManagerPortal
L04777,cert-enterprise-ai-safety,M023,approved,2026-05-21,ManagerPortal
L04778,cert-enterprise-ai-safety,M075,approved,2026-06-04,ManagerPortal
L04779,cert-enterprise-ai-safety,M008,approved,2026-05-25,ManagerPortal
L04780,cert-enterprise-ai-safety,M043,approved,2026-05-18,ManagerPortal
L04781,cert-enterprise-ai-safety,M018,approved,2026-05-02,ManagerPortal
L04782,cert-enterprise-ai-safety,M066,approved,2026-05-09,ManagerPortal
L04783,cert-enterprise-ai-safety,M060,approved,2026-06-01,ManagerPortal
L04784,cert-enterprise-ai-safety,M019,approved,2026-05-05,ManagerPortal
L04785,cert-enterprise-ai-safety,M023,approved,2026-05-24,ManagerPortal
L04786,cert-enterprise-ai-safety,M028,pending,,ManagerPortal
L04787,cert-enterprise-ai-safety,M013,approved,2026-05-05,ManagerPortal
L04788,cert-enterprise-ai-safety,M043,approved,2026-05-12,ManagerPortal
L04789,cert-enterprise-ai-safety,M037,approved,2026-05-07,ManagerPortal
L04790,cert-enterprise-ai-safety,M036,pending,,ManagerPortal
L04791,cert-enterprise-ai-safety,M038,approved,2026-05-29,ManagerPortal
L04792,cert-enterprise-ai-safety,M041,pending,,ManagerPortal
L04793,cert-enterprise-ai-safety,M012,approved,2026-05-23,ManagerPortal
L04794,cert-enterprise-ai-safety,M016,approved,2026-04-26,ManagerPortal
L04795,cert-enterprise-ai-safety,M007,approved,2026-05-14,ManagerPortal
L04796,cert-enterprise-ai-safety,M070,approved,2026-06-03,ManagerPortal
L04797,cert-enterprise-ai-safety,M067,pending,,ManagerPortal
L04798,cert-enterprise-ai-safety,M038,pending,,ManagerPortal
L04799,cert-enterprise-ai-safety,M010,approved,2026-04-30,ManagerPortal
L04800,cert-enterprise-ai-safety,M034,pending,,ManagerPortal
L04801,cert-enterprise-ai-safety,M027,approved,2026-05-16,ManagerPortal
L04802,cert-enterprise-ai-safety,M004,pending,,ManagerPortal
L04803,cert-enterprise-ai-safety,M022,approved,2026-05-12,ManagerPortal
L04804,cert-enterprise-ai-safety,M023,pending,,ManagerPortal
L04805,cert-enterprise-ai-safety,M037,approved,2026-05-30,ManagerPortal
L04806,cert-enterprise-ai-safety,M040,pending,,ManagerPortal
L04807,cert-enterprise-ai-safety,M012,pending,,ManagerPortal
L04808,cert-enterprise-ai-safety,M053,approved,2026-05-22,ManagerPortal
L04809,cert-enterprise-ai-safety,M077,approved,2026-05-17,ManagerPortal
L04810,cert-enterprise-ai-safety,M009,approved,2026-05-13,ManagerPortal
L04811,cert-enterprise-ai-safety,M020,approved,2026-04-30,ManagerPortal
L04812,cert-enterprise-ai-safety,M041,approved,2026-05-28,ManagerPortal
L04813,cert-enterprise-ai-safety,M047,approved,2026-05-09,ManagerPortal
L04814,cert-enterprise-ai-safety,M037,approved,2026-06-02,ManagerPortal
L04815,cert-enterprise-ai-safety,M033,approved,2026-04-28,ManagerPortal
L04816,cert-enterprise-ai-safety,M044,pending,,ManagerPortal
L04817,cert-enterprise-ai-safety,M030,approved,2026-05-18,ManagerPortal
L04818,cert-enterprise-ai-safety,M037,approved,2026-05-21,ManagerPortal
L04819,cert-enterprise-ai-safety,M009,approved,2026-06-06,ManagerPortal
L04820,cert-enterprise-ai-safety,M026,approved,2026-05-07,ManagerPortal
L04821,cert-enterprise-ai-safety,M057,approved,2026-05-02,ManagerPortal
L04822,cert-enterprise-ai-safety,M043,approved,2026-05-27,ManagerPortal
L04823,cert-enterprise-ai-safety,M080,approved,2026-04-23,ManagerPortal
L04824,cert-enterprise-ai-safety,M011,approved,2026-04-25,ManagerPortal
L04825,cert-enterprise-ai-safety,M042,approved,2026-05-09,ManagerPortal
L04826,cert-enterprise-ai-safety,M060,approved,2026-04-28,ManagerPortal
L04827,cert-enterprise-ai-safety,M079,approved,2026-05-05,ManagerPortal
L04828,cert-enterprise-ai-safety,M051,pending,,ManagerPortal
L04829,cert-enterprise-ai-safety,M005,approved,2026-06-02,ManagerPortal
L04830,cert-enterprise-ai-safety,M025,approved,2026-05-01,ManagerPortal
L04831,cert-enterprise-ai-safety,M024,approved,2026-05-19,ManagerPortal
L04832,cert-enterprise-ai-safety,M028,approved,2026-04-23,ManagerPortal
L04833,cert-enterprise-ai-safety,M070,approved,2026-05-26,ManagerPortal
L04834,cert-enterprise-ai-safety,M052,pending,,ManagerPortal
L04835,cert-enterprise-ai-safety,M079,approved,2026-06-06,ManagerPortal
L04836,cert-enterprise-ai-safety,M053,approved,2026-05-04,ManagerPortal
L04837,cert-enterprise-ai-safety,M074,approved,2026-04-26,ManagerPortal
L04838,cert-enterprise-ai-safety,M055,approved,2026-04-24,ManagerPortal
L04839,cert-enterprise-ai-safety,M046,approved,2026-04-30,ManagerPortal
L04840,cert-enterprise-ai-safety,M056,approved,2026-05-12,ManagerPortal
L04841,cert-enterprise-ai-safety,M004,approved,2026-06-05,ManagerPortal
L04842,cert-enterprise-ai-safety,M078,approved,2026-05-26,ManagerPortal
L04843,cert-enterprise-ai-safety,M072,approved,2026-04-26,ManagerPortal
L04844,cert-enterprise-ai-safety,M045,pending,,ManagerPortal
L04845,cert-enterprise-ai-safety,M027,approved,2026-05-20,ManagerPortal
L04846,cert-enterprise-ai-safety,M035,approved,2026-05-23,ManagerPortal
L04847,cert-enterprise-ai-safety,M010,approved,2026-05-25,ManagerPortal
L04848,cert-enterprise-ai-safety,M040,approved,2026-04-30,ManagerPortal
L04849,cert-enterprise-ai-safety,M005,approved,2026-04-25,ManagerPortal
L04850,cert-enterprise-ai-safety,M040,approved,2026-06-05,ManagerPortal
L04851,cert-enterprise-ai-safety,M023,approved,2026-05-26,ManagerPortal
L04852,cert-enterprise-ai-safety,M013,approved,2026-04-26,ManagerPortal
L04853,cert-enterprise-ai-safety,M053,approved,2026-05-29,ManagerPortal
L04854,cert-enterprise-ai-safety,M055,approved,2026-06-05,ManagerPortal
L04855,cert-enterprise-ai-safety,M061,pending,,ManagerPortal
L04856,cert-enterprise-ai-safety,M031,approved,2026-05-02,ManagerPortal
L04857,cert-enterprise-ai-safety,M070,approved,2026-05-01,ManagerPortal
L04858,cert-enterprise-ai-safety,M021,pending,,ManagerPortal
L04859,cert-enterprise-ai-safety,M002,pending,,ManagerPortal
L04860,cert-enterprise-ai-safety,M070,approved,2026-05-13,ManagerPortal
L04861,cert-enterprise-ai-safety,M066,pending,,ManagerPortal
L04862,cert-enterprise-ai-safety,M039,approved,2026-05-17,ManagerPortal
L04863,cert-enterprise-ai-safety,M064,pending,,ManagerPortal
L04864,cert-enterprise-ai-safety,M073,pending,,ManagerPortal
L04865,cert-enterprise-ai-safety,M058,approved,2026-05-16,ManagerPortal
L04866,cert-enterprise-ai-safety,M075,approved,2026-04-26,ManagerPortal
L04867,cert-enterprise-ai-safety,M024,approved,2026-04-25,ManagerPortal
L04868,cert-enterprise-ai-safety,M051,approved,2026-05-03,ManagerPortal
L04869,cert-enterprise-ai-safety,M058,approved,2026-05-08,ManagerPortal
L04870,cert-enterprise-ai-safety,M017,approved,2026-04-30,ManagerPortal
L04871,cert-enterprise-ai-safety,M054,approved,2026-05-15,ManagerPortal
L04872,cert-enterprise-ai-safety,M012,approved,2026-05-30,ManagerPortal
L04873,cert-enterprise-ai-safety,M058,approved,2026-05-09,ManagerPortal
L04874,cert-enterprise-ai-safety,M049,approved,2026-06-01,ManagerPortal
L04875,cert-enterprise-ai-safety,M004,approved,2026-05-12,ManagerPortal
L04876,cert-enterprise-ai-safety,M040,pending,,ManagerPortal
L04877,cert-enterprise-ai-safety,M059,approved,2026-05-25,ManagerPortal
L04878,cert-enterprise-ai-safety,M075,pending,,ManagerPortal
L04879,cert-enterprise-ai-safety,M048,approved,2026-04-30,ManagerPortal
L04880,cert-enterprise-ai-safety,M006,pending,,ManagerPortal
L04881,cert-enterprise-ai-safety,M041,pending,,ManagerPortal
L04882,cert-enterprise-ai-safety,M040,approved,2026-05-26,ManagerPortal
L04883,cert-enterprise-ai-safety,M001,approved,2026-05-16,ManagerPortal
L04884,cert-enterprise-ai-safety,M026,pending,,ManagerPortal
L04885,cert-enterprise-ai-safety,M009,pending,,ManagerPortal
L04886,cert-enterprise-ai-safety,M023,approved,2026-05-12,ManagerPortal
L04887,cert-enterprise-ai-safety,M062,approved,2026-05-08,ManagerPortal
L04888,cert-enterprise-ai-safety,M062,approved,2026-05-12,ManagerPortal
L04889,cert-enterprise-ai-safety,M056,approved,2026-05-25,ManagerPortal
L04890,cert-enterprise-ai-safety,M073,approved,2026-04-30,ManagerPortal
L04891,cert-enterprise-ai-safety,M002,pending,,ManagerPortal
L04892,cert-enterprise-ai-safety,M050,pending,,ManagerPortal
L04893,cert-enterprise-ai-safety,M072,approved,2026-05-03,ManagerPortal
L04894,cert-enterprise-ai-safety,M022,approved,2026-05-17,ManagerPortal
L04895,cert-enterprise-ai-safety,M007,approved,2026-05-06,ManagerPortal
L04896,cert-enterprise-ai-safety,M008,approved,2026-05-16,ManagerPortal
L04897,cert-enterprise-ai-safety,M059,approved,2026-04-24,ManagerPortal
L04898,cert-enterprise-ai-safety,M039,pending,,ManagerPortal
L04899,cert-enterprise-ai-safety,M039,approved,2026-05-26,ManagerPortal
L04900,cert-enterprise-ai-safety,M064,pending,,ManagerPortal
L04901,cert-enterprise-ai-safety,M027,approved,2026-06-06,ManagerPortal
L04902,cert-enterprise-ai-safety,M079,pending,,ManagerPortal
L04903,cert-enterprise-ai-safety,M021,approved,2026-04-30,ManagerPortal
L04904,cert-enterprise-ai-safety,M002,approved,2026-05-23,ManagerPortal
L04905,cert-enterprise-ai-safety,M005,approved,2026-06-06,ManagerPortal
L04906,cert-enterprise-ai-safety,M075,approved,2026-05-06,ManagerPortal
L04907,cert-enterprise-ai-safety,M040,approved,2026-05-01,ManagerPortal
L04908,cert-enterprise-ai-safety,M014,approved,2026-05-04,ManagerPortal
L04909,cert-enterprise-ai-safety,M021,approved,2026-05-29,ManagerPortal
L04910,cert-enterprise-ai-safety,M060,pending,,ManagerPortal
L04911,cert-enterprise-ai-safety,M065,approved,2026-04-27,ManagerPortal
L04912,cert-enterprise-ai-safety,M027,pending,,ManagerPortal
L04913,cert-enterprise-ai-safety,M045,pending,,ManagerPortal
L04914,cert-enterprise-ai-safety,M065,pending,,ManagerPortal
L04915,cert-enterprise-ai-safety,M059,approved,2026-04-27,ManagerPortal
L04916,cert-enterprise-ai-safety,M043,pending,,ManagerPortal
L04917,cert-enterprise-ai-safety,M008,pending,,ManagerPortal
L04918,cert-enterprise-ai-safety,M032,approved,2026-05-02,ManagerPortal
L04919,cert-enterprise-ai-safety,M023,approved,2026-05-10,ManagerPortal
L04920,cert-enterprise-ai-safety,M002,pending,,ManagerPortal
L04921,cert-enterprise-ai-safety,M074,approved,2026-05-26,ManagerPortal
L04922,cert-enterprise-ai-safety,M051,approved,2026-05-13,ManagerPortal
L04923,cert-enterprise-ai-safety,M060,approved,2026-05-06,ManagerPortal
L04924,cert-enterprise-ai-safety,M066,approved,2026-06-04,ManagerPortal
L04925,cert-enterprise-ai-safety,M065,approved,2026-05-12,ManagerPortal
L04926,cert-enterprise-ai-safety,M005,approved,2026-05-05,ManagerPortal
L04927,cert-enterprise-ai-safety,M059,approved,2026-05-08,ManagerPortal
L04928,cert-enterprise-ai-safety,M023,approved,2026-05-05,ManagerPortal
L04929,cert-enterprise-ai-safety,M079,pending,,ManagerPortal
L04930,cert-enterprise-ai-safety,M037,approved,2026-04-26,ManagerPortal
L04931,cert-enterprise-ai-safety,M078,approved,2026-05-14,ManagerPortal
L04932,cert-enterprise-ai-safety,M075,approved,2026-05-21,ManagerPortal
L04933,cert-enterprise-ai-safety,M077,pending,,ManagerPortal
L04934,cert-enterprise-ai-safety,M010,approved,2026-05-08,ManagerPortal
L04935,cert-enterprise-ai-safety,M007,approved,2026-06-06,ManagerPortal
L04936,cert-enterprise-ai-safety,M035,pending,,ManagerPortal
L04937,cert-enterprise-ai-safety,M079,pending,,ManagerPortal
L04938,cert-enterprise-ai-safety,M023,approved,2026-04-24,ManagerPortal
L04939,cert-enterprise-ai-safety,M075,approved,2026-05-07,ManagerPortal
L04940,cert-enterprise-ai-safety,M034,approved,2026-05-01,ManagerPortal
L04941,cert-enterprise-ai-safety,M052,pending,,ManagerPortal
L04942,cert-enterprise-ai-safety,M047,approved,2026-05-22,ManagerPortal
L04943,cert-enterprise-ai-safety,M060,approved,2026-04-29,ManagerPortal
L04944,cert-enterprise-ai-safety,M074,approved,2026-05-17,ManagerPortal
L04945,cert-enterprise-ai-safety,M059,approved,2026-04-27,ManagerPortal
L04946,cert-enterprise-ai-safety,M016,approved,2026-05-05,ManagerPortal
L04947,cert-enterprise-ai-safety,M019,approved,2026-05-21,ManagerPortal
L04948,cert-enterprise-ai-safety,M019,approved,2026-05-15,ManagerPortal
L04949,cert-enterprise-ai-safety,M006,pending,,ManagerPortal
L04950,cert-enterprise-ai-safety,M074,pending,,ManagerPortal
L04951,cert-enterprise-ai-safety,M030,approved,2026-05-02,ManagerPortal
L04952,cert-enterprise-ai-safety,M038,approved,2026-05-31,ManagerPortal
L04953,cert-enterprise-ai-safety,M068,approved,2026-05-11,ManagerPortal
L04954,cert-enterprise-ai-safety,M012,approved,2026-05-27,ManagerPortal
L04955,cert-enterprise-ai-safety,M003,approved,2026-05-26,ManagerPortal
L04956,cert-enterprise-ai-safety,M023,approved,2026-05-25,ManagerPortal
L04957,cert-enterprise-ai-safety,M074,approved,2026-06-01,ManagerPortal
L04958,cert-enterprise-ai-safety,M053,approved,2026-04-29,ManagerPortal
L04959,cert-enterprise-ai-safety,M009,pending,,ManagerPortal
L04960,cert-enterprise-ai-safety,M011,approved,2026-06-01,ManagerPortal
L04961,cert-enterprise-ai-safety,M023,approved,2026-05-22,ManagerPortal
L04962,cert-enterprise-ai-safety,M030,approved,2026-04-26,ManagerPortal
L04963,cert-enterprise-ai-safety,M054,approved,2026-05-29,ManagerPortal
L04964,cert-enterprise-ai-safety,M039,pending,,ManagerPortal
L04965,cert-enterprise-ai-safety,M026,approved,2026-05-16,ManagerPortal
L04966,cert-enterprise-ai-safety,M069,approved,2026-05-26,ManagerPortal
L04967,cert-enterprise-ai-safety,M073,approved,2026-06-01,ManagerPortal
L04968,cert-enterprise-ai-safety,M054,pending,,ManagerPortal
L04969,cert-enterprise-ai-safety,M037,approved,2026-05-11,ManagerPortal
L04970,cert-enterprise-ai-safety,M012,approved,2026-05-06,ManagerPortal
L04971,cert-enterprise-ai-safety,M013,approved,2026-05-05,ManagerPortal
L04972,cert-enterprise-ai-safety,M017,approved,2026-05-21,ManagerPortal
L04973,cert-enterprise-ai-safety,M005,pending,,ManagerPortal
L04974,cert-enterprise-ai-safety,M046,approved,2026-05-06,ManagerPortal
L04975,cert-enterprise-ai-safety,M063,approved,2026-05-10,ManagerPortal
L04976,cert-enterprise-ai-safety,M024,approved,2026-05-01,ManagerPortal
L04977,cert-enterprise-ai-safety,M011,approved,2026-06-01,ManagerPortal
L04978,cert-enterprise-ai-safety,M034,approved,2026-05-09,ManagerPortal
L04979,cert-enterprise-ai-safety,M059,approved,2026-05-09,ManagerPortal
L04980,cert-enterprise-ai-safety,M072,approved,2026-05-27,ManagerPortal
L04981,cert-enterprise-ai-safety,M057,pending,,ManagerPortal
L04982,cert-enterprise-ai-safety,M022,pending,,ManagerPortal
L04983,cert-enterprise-ai-safety,M028,approved,2026-05-22,ManagerPortal
L04984,cert-enterprise-ai-safety,M071,pending,,ManagerPortal
L04985,cert-enterprise-ai-safety,M029,pending,,ManagerPortal
L04986,cert-enterprise-ai-safety,M045,pending,,ManagerPortal
L04987,cert-enterprise-ai-safety,M045,pending,,ManagerPortal
L04988,cert-enterprise-ai-safety,M019,approved,2026-06-04,ManagerPortal
L04989,cert-enterprise-ai-safety,M073,approved,2026-05-14,ManagerPortal
L04990,cert-enterprise-ai-safety,M020,approved,2026-05-17,ManagerPortal
L04991,cert-enterprise-ai-safety,M053,approved,2026-05-19,ManagerPortal
L04992,cert-enterprise-ai-safety,M055,approved,2026-06-01,ManagerPortal
L04993,cert-enterprise-ai-safety,M039,pending,,ManagerPortal
L04994,cert-enterprise-ai-safety,M035,approved,2026-04-25,ManagerPortal
L04995,cert-enterprise-ai-safety,M076,pending,,ManagerPortal
L04996,cert-enterprise-ai-safety,M032,approved,2026-04-30,ManagerPortal
L04997,cert-enterprise-ai-safety,M028,pending,,ManagerPortal
L04998,cert-enterprise-ai-safety,M043,approved,2026-05-09,ManagerPortal
L04999,cert-enterprise-ai-safety,M027,approved,2026-05-24,ManagerPortal
L05000,cert-enterprise-ai-safety,M055,approved,2026-04-28,ManagerPortal
L05001,cert-enterprise-ai-safety,M027,approved,2026-05-14,ManagerPortal
L05002,cert-enterprise-ai-safety,M061,pending,,ManagerPortal
L05003,cert-enterprise-ai-safety,M004,approved,2026-06-04,ManagerPortal
L05004,cert-enterprise-ai-safety,M062,approved,2026-06-05,ManagerPortal
L05005,cert-enterprise-ai-safety,M004,approved,2026-05-02,ManagerPortal
L05006,cert-enterprise-ai-safety,M062,approved,2026-05-02,ManagerPortal
L05007,cert-enterprise-ai-safety,M046,approved,2026-05-09,ManagerPortal
L05008,cert-enterprise-ai-safety,M048,approved,2026-04-30,ManagerPortal
L05009,cert-enterprise-ai-safety,M032,approved,2026-06-02,ManagerPortal
L05010,cert-enterprise-ai-safety,M067,approved,2026-05-06,ManagerPortal
L05011,cert-enterprise-ai-safety,M049,approved,2026-05-13,ManagerPortal
L05012,cert-enterprise-ai-safety,M025,approved,2026-05-14,ManagerPortal
L05013,cert-enterprise-ai-safety,M049,approved,2026-05-05,ManagerPortal
L05014,cert-enterprise-ai-safety,M040,approved,2026-05-07,ManagerPortal
L05015,cert-enterprise-ai-safety,M030,pending,,ManagerPortal
L05016,cert-enterprise-ai-safety,M032,pending,,ManagerPortal
L05017,cert-enterprise-ai-safety,M048,approved,2026-05-14,ManagerPortal
L05018,cert-enterprise-ai-safety,M042,approved,2026-05-23,ManagerPortal
L05019,cert-enterprise-ai-safety,M029,approved,2026-05-15,ManagerPortal
L05020,cert-enterprise-ai-safety,M048,approved,2026-05-14,ManagerPortal
L05021,cert-enterprise-ai-safety,M052,pending,,ManagerPortal
L05022,cert-enterprise-ai-safety,M063,approved,2026-05-20,ManagerPortal
L05023,cert-enterprise-ai-safety,M029,approved,2026-05-14,ManagerPortal
L05024,cert-enterprise-ai-safety,M080,approved,2026-05-23,ManagerPortal
L05025,cert-enterprise-ai-safety,M008,approved,2026-05-25,ManagerPortal
L05026,cert-enterprise-ai-safety,M075,approved,2026-05-07,ManagerPortal
L05027,cert-enterprise-ai-safety,M071,approved,2026-05-26,ManagerPortal
L05028,cert-enterprise-ai-safety,M059,approved,2026-06-01,ManagerPortal
L05029,cert-enterprise-ai-safety,M035,approved,2026-05-21,ManagerPortal
L05030,cert-enterprise-ai-safety,M047,approved,2026-05-27,ManagerPortal
L05031,cert-enterprise-ai-safety,M066,approved,2026-06-04,ManagerPortal
L05032,cert-enterprise-ai-safety,M032,approved,2026-05-30,ManagerPortal
L05033,cert-enterprise-ai-safety,M024,pending,,ManagerPortal
L05034,cert-enterprise-ai-safety,M030,approved,2026-05-05,ManagerPortal
L05035,cert-enterprise-ai-safety,M055,approved,2026-05-09,ManagerPortal
L05036,cert-enterprise-ai-safety,M012,approved,2026-05-24,ManagerPortal
L05037,cert-enterprise-ai-safety,M037,approved,2026-04-28,ManagerPortal
L05038,cert-enterprise-ai-safety,M057,pending,,ManagerPortal
L05039,cert-enterprise-ai-safety,M025,approved,2026-05-16,ManagerPortal
L05040,cert-enterprise-ai-safety,M015,approved,2026-05-11,ManagerPortal
L05041,cert-enterprise-ai-safety,M002,approved,2026-05-01,ManagerPortal
L05042,cert-enterprise-ai-safety,M063,approved,2026-04-26,ManagerPortal
L05043,cert-enterprise-ai-safety,M036,approved,2026-05-30,ManagerPortal
L05044,cert-enterprise-ai-safety,M008,approved,2026-05-26,ManagerPortal
L05045,cert-enterprise-ai-safety,M048,approved,2026-04-27,ManagerPortal
L05046,cert-enterprise-ai-safety,M065,pending,,ManagerPortal
L05047,cert-enterprise-ai-safety,M059,approved,2026-05-03,ManagerPortal
L05048,cert-enterprise-ai-safety,M004,approved,2026-05-23,ManagerPortal
L05049,cert-enterprise-ai-safety,M038,approved,2026-04-29,ManagerPortal
L05050,cert-enterprise-ai-safety,M040,pending,,ManagerPortal
L05051,cert-enterprise-ai-safety,M044,approved,2026-04-28,ManagerPortal
L05052,cert-enterprise-ai-safety,M021,approved,2026-05-06,ManagerPortal
L05053,cert-enterprise-ai-safety,M041,approved,2026-05-06,ManagerPortal
L05054,cert-enterprise-ai-safety,M079,approved,2026-06-05,ManagerPortal
L05055,cert-enterprise-ai-safety,M059,approved,2026-05-02,ManagerPortal
L05056,cert-enterprise-ai-safety,M063,approved,2026-05-11,ManagerPortal
L05057,cert-enterprise-ai-safety,M032,approved,2026-05-29,ManagerPortal
L05058,cert-enterprise-ai-safety,M035,approved,2026-05-12,ManagerPortal
L05059,cert-enterprise-ai-safety,M043,approved,2026-05-25,ManagerPortal
L05060,cert-enterprise-ai-safety,M025,approved,2026-05-27,ManagerPortal
L05061,cert-enterprise-ai-safety,M007,approved,2026-05-21,ManagerPortal
L05062,cert-enterprise-ai-safety,M035,approved,2026-05-31,ManagerPortal
L05063,cert-enterprise-ai-safety,M043,approved,2026-05-18,ManagerPortal
L05064,cert-enterprise-ai-safety,M072,approved,2026-04-23,ManagerPortal
L05065,cert-enterprise-ai-safety,M012,approved,2026-06-05,ManagerPortal
L05066,cert-enterprise-ai-safety,M058,approved,2026-05-26,ManagerPortal
L05067,cert-enterprise-ai-safety,M033,approved,2026-05-21,ManagerPortal
L05068,cert-enterprise-ai-safety,M079,approved,2026-05-28,ManagerPortal
L05069,cert-enterprise-ai-safety,M025,approved,2026-05-15,ManagerPortal
L05070,cert-enterprise-ai-safety,M028,approved,2026-06-01,ManagerPortal
L05071,cert-enterprise-ai-safety,M018,approved,2026-05-16,ManagerPortal
L05072,cert-enterprise-ai-safety,M056,approved,2026-05-25,ManagerPortal
L05073,cert-enterprise-ai-safety,M020,approved,2026-05-18,ManagerPortal
L05074,cert-enterprise-ai-safety,M063,approved,2026-05-25,ManagerPortal
L05075,cert-enterprise-ai-safety,M041,pending,,ManagerPortal
L05076,cert-enterprise-ai-safety,M020,approved,2026-06-04,ManagerPortal
L05077,cert-enterprise-ai-safety,M025,approved,2026-05-14,ManagerPortal
L05078,cert-enterprise-ai-safety,M044,approved,2026-04-30,ManagerPortal
L05079,cert-enterprise-ai-safety,M026,approved,2026-05-16,ManagerPortal
L05080,cert-enterprise-ai-safety,M067,pending,,ManagerPortal
L05081,cert-enterprise-ai-safety,M055,approved,2026-04-29,ManagerPortal
L05082,cert-enterprise-ai-safety,M063,approved,2026-05-16,ManagerPortal
L05083,cert-enterprise-ai-safety,M029,approved,2026-05-21,ManagerPortal
L05084,cert-enterprise-ai-safety,M034,pending,,ManagerPortal
L05085,cert-enterprise-ai-safety,M016,approved,2026-05-07,ManagerPortal
L05086,cert-enterprise-ai-safety,M031,approved,2026-05-10,ManagerPortal
L05087,cert-enterprise-ai-safety,M004,approved,2026-05-29,ManagerPortal
L05088,cert-enterprise-ai-safety,M045,approved,2026-04-25,ManagerPortal
L05089,cert-enterprise-ai-safety,M031,approved,2026-05-26,ManagerPortal
L05090,cert-enterprise-ai-safety,M067,approved,2026-05-24,ManagerPortal
L05091,cert-enterprise-ai-safety,M029,pending,,ManagerPortal
L05092,cert-enterprise-ai-safety,M033,approved,2026-05-30,ManagerPortal
L05093,cert-enterprise-ai-safety,M059,pending,,ManagerPortal
L05094,cert-enterprise-ai-safety,M036,approved,2026-06-04,ManagerPortal
L05095,cert-enterprise-ai-safety,M024,approved,2026-05-24,ManagerPortal
L05096,cert-enterprise-ai-safety,M068,pending,,ManagerPortal
L05097,cert-enterprise-ai-safety,M036,approved,2026-05-04,ManagerPortal
L05098,cert-enterprise-ai-safety,M055,pending,,ManagerPortal
L05099,cert-enterprise-ai-safety,M010,approved,2026-05-11,ManagerPortal
L05100,cert-enterprise-ai-safety,M037,approved,2026-05-19,ManagerPortal
L05101,cert-enterprise-ai-safety,M077,approved,2026-05-02,ManagerPortal
L05102,cert-enterprise-ai-safety,M019,pending,,ManagerPortal
L05103,cert-enterprise-ai-safety,M047,approved,2026-05-17,ManagerPortal
L05104,cert-enterprise-ai-safety,M034,approved,2026-05-01,ManagerPortal
L05105,cert-enterprise-ai-safety,M066,approved,2026-05-06,ManagerPortal
L05106,cert-enterprise-ai-safety,M064,pending,,ManagerPortal
L05107,cert-enterprise-ai-safety,M007,pending,,ManagerPortal
L05108,cert-enterprise-ai-safety,M002,pending,,ManagerPortal
L05109,cert-enterprise-ai-safety,M006,approved,2026-05-16,ManagerPortal
L05110,cert-enterprise-ai-safety,M001,approved,2026-04-25,ManagerPortal
L05111,cert-enterprise-ai-safety,M058,approved,2026-06-03,ManagerPortal
L05112,cert-enterprise-ai-safety,M005,approved,2026-05-02,ManagerPortal
L05113,cert-enterprise-ai-safety,M076,approved,2026-05-30,ManagerPortal
L05114,cert-enterprise-ai-safety,M045,approved,2026-05-01,ManagerPortal
L05115,cert-enterprise-ai-safety,M078,approved,2026-06-05,ManagerPortal
L05116,cert-enterprise-ai-safety,M012,approved,2026-05-20,ManagerPortal
L05117,cert-enterprise-ai-safety,M080,approved,2026-05-30,ManagerPortal
L05118,cert-enterprise-ai-safety,M019,approved,2026-04-23,ManagerPortal
L05119,cert-enterprise-ai-safety,M005,approved,2026-05-13,ManagerPortal
L05120,cert-enterprise-ai-safety,M007,pending,,ManagerPortal
L05121,cert-enterprise-ai-safety,M079,approved,2026-05-06,ManagerPortal
L05122,cert-enterprise-ai-safety,M044,approved,2026-04-30,ManagerPortal
L05123,cert-enterprise-ai-safety,M018,approved,2026-06-05,ManagerPortal
L05124,cert-enterprise-ai-safety,M022,approved,2026-05-20,ManagerPortal
L05125,cert-enterprise-ai-safety,M062,approved,2026-06-02,ManagerPortal
L05126,cert-enterprise-ai-safety,M070,approved,2026-06-02,ManagerPortal
L05127,cert-enterprise-ai-safety,M061,approved,2026-06-04,ManagerPortal
L05128,cert-enterprise-ai-safety,M058,approved,2026-04-25,ManagerPortal
L05129,cert-enterprise-ai-safety,M064,approved,2026-05-20,ManagerPortal
L05130,cert-enterprise-ai-safety,M051,approved,2026-05-29,ManagerPortal
L05131,cert-enterprise-ai-safety,M024,approved,2026-05-30,ManagerPortal
L05132,cert-enterprise-ai-safety,M041,pending,,ManagerPortal
L05133,cert-enterprise-ai-safety,M049,approved,2026-05-21,ManagerPortal
L05134,cert-enterprise-ai-safety,M067,approved,2026-05-15,ManagerPortal
L05135,cert-enterprise-ai-safety,M048,approved,2026-04-29,ManagerPortal
L05136,cert-enterprise-ai-safety,M060,approved,2026-05-12,ManagerPortal
L05137,cert-enterprise-ai-safety,M025,pending,,ManagerPortal
L05138,cert-enterprise-ai-safety,M015,approved,2026-05-24,ManagerPortal
L05139,cert-enterprise-ai-safety,M063,approved,2026-04-28,ManagerPortal
L05140,cert-enterprise-ai-safety,M011,pending,,ManagerPortal
L05141,cert-enterprise-ai-safety,M001,pending,,ManagerPortal
L05142,cert-enterprise-ai-safety,M061,pending,,ManagerPortal
L05143,cert-enterprise-ai-safety,M002,approved,2026-05-17,ManagerPortal
L05144,cert-enterprise-ai-safety,M004,approved,2026-05-05,ManagerPortal
L05145,cert-enterprise-ai-safety,M027,pending,,ManagerPortal
L05146,cert-enterprise-ai-safety,M004,approved,2026-04-28,ManagerPortal
L05147,cert-enterprise-ai-safety,M049,pending,,ManagerPortal
L05148,cert-enterprise-ai-safety,M029,approved,2026-05-07,ManagerPortal
L05149,cert-enterprise-ai-safety,M037,pending,,ManagerPortal
L05150,cert-enterprise-ai-safety,M047,pending,,ManagerPortal
L05151,cert-enterprise-ai-safety,M053,approved,2026-06-06,ManagerPortal
L05152,cert-enterprise-ai-safety,M080,approved,2026-05-13,ManagerPortal
L05153,cert-enterprise-ai-safety,M032,approved,2026-05-08,ManagerPortal
L05154,cert-enterprise-ai-safety,M017,approved,2026-04-24,ManagerPortal
L05155,cert-enterprise-ai-safety,M028,approved,2026-05-09,ManagerPortal
L05156,cert-enterprise-ai-safety,M057,approved,2026-04-30,ManagerPortal
L05157,cert-enterprise-ai-safety,M076,approved,2026-05-21,ManagerPortal
L05158,cert-enterprise-ai-safety,M015,approved,2026-05-25,ManagerPortal
L05159,cert-enterprise-ai-safety,M002,approved,2026-05-21,ManagerPortal
L05160,cert-enterprise-ai-safety,M063,approved,2026-05-11,ManagerPortal
L05161,cert-enterprise-ai-safety,M050,approved,2026-04-30,ManagerPortal
L05162,cert-enterprise-ai-safety,M050,approved,2026-05-18,ManagerPortal
L05163,cert-enterprise-ai-safety,M026,approved,2026-05-24,ManagerPortal
L05164,cert-enterprise-ai-safety,M048,approved,2026-04-26,ManagerPortal
L05165,cert-enterprise-ai-safety,M060,approved,2026-05-13,ManagerPortal
L05166,cert-enterprise-ai-safety,M059,pending,,ManagerPortal
L05167,cert-enterprise-ai-safety,M017,approved,2026-04-24,ManagerPortal
L05168,cert-enterprise-ai-safety,M044,pending,,ManagerPortal
L05169,cert-enterprise-ai-safety,M034,approved,2026-04-24,ManagerPortal
L05170,cert-enterprise-ai-safety,M067,approved,2026-05-10,ManagerPortal
L05171,cert-enterprise-ai-safety,M015,approved,2026-05-02,ManagerPortal
L05172,cert-enterprise-ai-safety,M029,approved,2026-05-15,ManagerPortal
L05173,cert-enterprise-ai-safety,M040,pending,,ManagerPortal
L05174,cert-enterprise-ai-safety,M010,approved,2026-05-13,ManagerPortal
L05175,cert-enterprise-ai-safety,M075,pending,,ManagerPortal
L05176,cert-enterprise-ai-safety,M038,approved,2026-05-07,ManagerPortal
L05177,cert-enterprise-ai-safety,M021,approved,2026-06-05,ManagerPortal
L05178,cert-enterprise-ai-safety,M063,approved,2026-05-03,ManagerPortal
L05179,cert-enterprise-ai-safety,M070,approved,2026-05-31,ManagerPortal
L05180,cert-enterprise-ai-safety,M030,approved,2026-05-29,ManagerPortal
L05181,cert-enterprise-ai-safety,M050,approved,2026-05-15,ManagerPortal
L05182,cert-enterprise-ai-safety,M077,approved,2026-05-06,ManagerPortal
L05183,cert-enterprise-ai-safety,M043,approved,2026-05-21,ManagerPortal
L05184,cert-enterprise-ai-safety,M003,approved,2026-05-10,ManagerPortal
L05185,cert-enterprise-ai-safety,M034,pending,,ManagerPortal
L05186,cert-enterprise-ai-safety,M063,pending,,ManagerPortal
L05187,cert-enterprise-ai-safety,M066,approved,2026-05-18,ManagerPortal
L05188,cert-enterprise-ai-safety,M052,approved,2026-05-13,ManagerPortal
L05189,cert-enterprise-ai-safety,M038,approved,2026-05-05,ManagerPortal
L05190,cert-enterprise-ai-safety,M060,approved,2026-05-18,ManagerPortal
L05191,cert-enterprise-ai-safety,M063,approved,2026-06-06,ManagerPortal
L05192,cert-enterprise-ai-safety,M070,pending,,ManagerPortal
L05193,cert-enterprise-ai-safety,M035,approved,2026-05-04,ManagerPortal
L05194,cert-enterprise-ai-safety,M071,approved,2026-05-19,ManagerPortal
L05195,cert-enterprise-ai-safety,M024,approved,2026-04-24,ManagerPortal
L05196,cert-enterprise-ai-safety,M023,pending,,ManagerPortal
L05197,cert-enterprise-ai-safety,M041,pending,,ManagerPortal
L05198,cert-enterprise-ai-safety,M059,pending,,ManagerPortal
L05199,cert-enterprise-ai-safety,M063,approved,2026-05-15,ManagerPortal
L05200,cert-enterprise-ai-safety,M028,approved,2026-05-25,ManagerPortal
L05201,cert-enterprise-ai-safety,M006,pending,,ManagerPortal
L05202,cert-enterprise-ai-safety,M051,approved,2026-06-03,ManagerPortal
L05203,cert-enterprise-ai-safety,M069,approved,2026-05-16,ManagerPortal
L05204,cert-enterprise-ai-safety,M023,pending,,ManagerPortal
L05205,cert-enterprise-ai-safety,M042,approved,2026-05-24,ManagerPortal
L05206,cert-enterprise-ai-safety,M023,pending,,ManagerPortal
L05207,cert-enterprise-ai-safety,M001,pending,,ManagerPortal
L05208,cert-enterprise-ai-safety,M016,pending,,ManagerPortal
L05209,cert-enterprise-ai-safety,M035,approved,2026-05-09,ManagerPortal
L05210,cert-enterprise-ai-safety,M010,approved,2026-05-28,ManagerPortal
L05211,cert-enterprise-ai-safety,M002,approved,2026-05-26,ManagerPortal
L05212,cert-enterprise-ai-safety,M023,approved,2026-05-26,ManagerPortal
L05213,cert-enterprise-ai-safety,M019,approved,2026-05-08,ManagerPortal
L05214,cert-enterprise-ai-safety,M027,approved,2026-05-11,ManagerPortal
L05215,cert-enterprise-ai-safety,M018,pending,,ManagerPortal
L05216,cert-enterprise-ai-safety,M063,approved,2026-05-20,ManagerPortal
L05217,cert-enterprise-ai-safety,M031,approved,2026-06-01,ManagerPortal
L05218,cert-enterprise-ai-safety,M034,approved,2026-06-03,ManagerPortal
L05219,cert-enterprise-ai-safety,M035,approved,2026-05-30,ManagerPortal
L05220,cert-enterprise-ai-safety,M042,approved,2026-06-04,ManagerPortal
L05221,cert-enterprise-ai-safety,M071,approved,2026-05-08,ManagerPortal
L05222,cert-enterprise-ai-safety,M052,approved,2026-05-20,ManagerPortal
L05223,cert-enterprise-ai-safety,M061,approved,2026-05-24,ManagerPortal
L05224,cert-enterprise-ai-safety,M079,approved,2026-05-04,ManagerPortal
L05225,cert-enterprise-ai-safety,M001,approved,2026-05-12,ManagerPortal
L05226,cert-enterprise-ai-safety,M077,approved,2026-05-19,ManagerPortal
L05227,cert-enterprise-ai-safety,M058,approved,2026-05-05,ManagerPortal
L05228,cert-enterprise-ai-safety,M033,approved,2026-05-21,ManagerPortal
L05229,cert-enterprise-ai-safety,M038,approved,2026-04-30,ManagerPortal
L05230,cert-enterprise-ai-safety,M066,pending,,ManagerPortal
L05231,cert-enterprise-ai-safety,M048,approved,2026-06-03,ManagerPortal
L05232,cert-enterprise-ai-safety,M021,approved,2026-04-29,ManagerPortal
L05233,cert-enterprise-ai-safety,M027,approved,2026-05-13,ManagerPortal
L05234,cert-enterprise-ai-safety,M064,pending,,ManagerPortal
L05235,cert-enterprise-ai-safety,M005,approved,2026-05-17,ManagerPortal
L05236,cert-enterprise-ai-safety,M052,pending,,ManagerPortal
L05237,cert-enterprise-ai-safety,M007,pending,,ManagerPortal
L05238,cert-enterprise-ai-safety,M070,approved,2026-06-04,ManagerPortal
L05239,cert-enterprise-ai-safety,M072,pending,,ManagerPortal
L05240,cert-enterprise-ai-safety,M061,approved,2026-06-03,ManagerPortal
L05241,cert-enterprise-ai-safety,M032,approved,2026-05-19,ManagerPortal
L05242,cert-enterprise-ai-safety,M037,approved,2026-04-28,ManagerPortal
L05243,cert-enterprise-ai-safety,M053,pending,,ManagerPortal
L05244,cert-enterprise-ai-safety,M029,approved,2026-05-06,ManagerPortal
L05245,cert-enterprise-ai-safety,M075,approved,2026-05-24,ManagerPortal
L05246,cert-enterprise-ai-safety,M052,approved,2026-05-08,ManagerPortal
L05247,cert-enterprise-ai-safety,M035,approved,2026-05-02,ManagerPortal
L05248,cert-enterprise-ai-safety,M061,approved,2026-04-27,ManagerPortal
L05249,cert-enterprise-ai-safety,M038,approved,2026-05-19,ManagerPortal
L05250,cert-enterprise-ai-safety,M039,approved,2026-05-24,ManagerPortal
L05251,cert-enterprise-ai-safety,M014,pending,,ManagerPortal
L05252,cert-enterprise-ai-safety,M061,approved,2026-05-24,ManagerPortal
L05253,cert-enterprise-ai-safety,M065,approved,2026-05-10,ManagerPortal
L05254,cert-enterprise-ai-safety,M028,approved,2026-05-26,ManagerPortal
L05255,cert-enterprise-ai-safety,M062,approved,2026-05-28,ManagerPortal
L05256,cert-enterprise-ai-safety,M047,approved,2026-06-02,ManagerPortal
L05257,cert-enterprise-ai-safety,M037,approved,2026-05-22,ManagerPortal
L05258,cert-enterprise-ai-safety,M032,approved,2026-06-01,ManagerPortal
L05259,cert-enterprise-ai-safety,M056,pending,,ManagerPortal
L05260,cert-enterprise-ai-safety,M071,pending,,ManagerPortal
L05261,cert-enterprise-ai-safety,M046,pending,,ManagerPortal
L05262,cert-enterprise-ai-safety,M035,pending,,ManagerPortal
L05263,cert-enterprise-ai-safety,M010,approved,2026-04-30,ManagerPortal
L05264,cert-enterprise-ai-safety,M070,approved,2026-04-25,ManagerPortal
L05265,cert-enterprise-ai-safety,M032,approved,2026-05-09,ManagerPortal
L05266,cert-enterprise-ai-safety,M041,approved,2026-05-12,ManagerPortal
L05267,cert-enterprise-ai-safety,M079,approved,2026-06-03,ManagerPortal
L05268,cert-enterprise-ai-safety,M015,pending,,ManagerPortal
L05269,cert-enterprise-ai-safety,M070,approved,2026-05-08,ManagerPortal
L05270,cert-enterprise-ai-safety,M058,approved,2026-06-02,ManagerPortal
L05271,cert-enterprise-ai-safety,M069,approved,2026-05-06,ManagerPortal
L05272,cert-enterprise-ai-safety,M009,pending,,ManagerPortal
L05273,cert-enterprise-ai-safety,M001,approved,2026-05-28,ManagerPortal
L05274,cert-enterprise-ai-safety,M020,approved,2026-05-16,ManagerPortal
L05275,cert-enterprise-ai-safety,M062,approved,2026-05-26,ManagerPortal
L05276,cert-enterprise-ai-safety,M046,pending,,ManagerPortal
L05277,cert-enterprise-ai-safety,M036,pending,,ManagerPortal
L05278,cert-enterprise-ai-safety,M012,approved,2026-05-29,ManagerPortal
L05279,cert-enterprise-ai-safety,M012,approved,2026-05-25,ManagerPortal
L05280,cert-enterprise-ai-safety,M052,pending,,ManagerPortal
L05281,cert-enterprise-ai-safety,M053,approved,2026-06-05,ManagerPortal
L05282,cert-enterprise-ai-safety,M067,pending,,ManagerPortal
L05283,cert-enterprise-ai-safety,M064,approved,2026-05-13,ManagerPortal
L05284,cert-enterprise-ai-safety,M008,approved,2026-04-27,ManagerPortal
L05285,cert-enterprise-ai-safety,M040,pending,,ManagerPortal
L05286,cert-enterprise-ai-safety,M074,pending,,ManagerPortal
L05287,cert-enterprise-ai-safety,M007,pending,,ManagerPortal
L05288,cert-enterprise-ai-safety,M063,approved,2026-05-22,ManagerPortal
L05289,cert-enterprise-ai-safety,M015,pending,,ManagerPortal
L05290,cert-enterprise-ai-safety,M001,approved,2026-06-03,ManagerPortal
L05291,cert-enterprise-ai-safety,M005,approved,2026-05-03,ManagerPortal
L05292,cert-enterprise-ai-safety,M039,pending,,ManagerPortal
L05293,cert-enterprise-ai-safety,M034,approved,2026-05-10,ManagerPortal
L05294,cert-enterprise-ai-safety,M069,pending,,ManagerPortal
L05295,cert-enterprise-ai-safety,M079,approved,2026-05-09,ManagerPortal
L05296,cert-enterprise-ai-safety,M063,approved,2026-05-03,ManagerPortal
L05297,cert-enterprise-ai-safety,M012,pending,,ManagerPortal
L05298,cert-enterprise-ai-safety,M020,pending,,ManagerPortal
L05299,cert-enterprise-ai-safety,M057,pending,,ManagerPortal
L05300,cert-enterprise-ai-safety,M036,approved,2026-05-17,ManagerPortal
L05301,cert-enterprise-ai-safety,M003,approved,2026-06-02,ManagerPortal
L05302,cert-enterprise-ai-safety,M075,approved,2026-05-29,ManagerPortal
L05303,cert-enterprise-ai-safety,M050,approved,2026-06-04,ManagerPortal
L05304,cert-enterprise-ai-safety,M034,approved,2026-05-07,ManagerPortal
L05305,cert-enterprise-ai-safety,M066,approved,2026-05-31,ManagerPortal
L05306,cert-enterprise-ai-safety,M004,approved,2026-05-01,ManagerPortal
L05307,cert-enterprise-ai-safety,M050,approved,2026-05-04,ManagerPortal
L05308,cert-enterprise-ai-safety,M067,approved,2026-05-11,ManagerPortal
L05309,cert-enterprise-ai-safety,M070,approved,2026-06-04,ManagerPortal
L05310,cert-enterprise-ai-safety,M055,pending,,ManagerPortal
L05311,cert-enterprise-ai-safety,M024,approved,2026-04-30,ManagerPortal
L05312,cert-enterprise-ai-safety,M051,pending,,ManagerPortal
L05313,cert-enterprise-ai-safety,M053,pending,,ManagerPortal
L05314,cert-enterprise-ai-safety,M024,approved,2026-05-18,ManagerPortal
L05315,cert-enterprise-ai-safety,M055,pending,,ManagerPortal
L05316,cert-enterprise-ai-safety,M033,approved,2026-05-08,ManagerPortal
L05317,cert-enterprise-ai-safety,M080,approved,2026-05-25,ManagerPortal
L05318,cert-enterprise-ai-safety,M014,approved,2026-04-26,ManagerPortal
L05319,cert-enterprise-ai-safety,M029,pending,,ManagerPortal
L05320,cert-enterprise-ai-safety,M009,approved,2026-04-23,ManagerPortal
L05321,cert-enterprise-ai-safety,M069,approved,2026-04-28,ManagerPortal
L05322,cert-enterprise-ai-safety,M027,approved,2026-06-02,ManagerPortal
L05323,cert-enterprise-ai-safety,M046,approved,2026-05-08,ManagerPortal
L05324,cert-enterprise-ai-safety,M012,approved,2026-05-02,ManagerPortal
L05325,cert-enterprise-ai-safety,M017,approved,2026-05-11,ManagerPortal
L05326,cert-enterprise-ai-safety,M037,approved,2026-05-05,ManagerPortal
L05327,cert-enterprise-ai-safety,M048,approved,2026-05-09,ManagerPortal
L05328,cert-enterprise-ai-safety,M054,pending,,ManagerPortal
L05329,cert-enterprise-ai-safety,M062,pending,,ManagerPortal
L05330,cert-enterprise-ai-safety,M005,approved,2026-05-21,ManagerPortal
L05331,cert-enterprise-ai-safety,M029,pending,,ManagerPortal
L05332,cert-enterprise-ai-safety,M025,pending,,ManagerPortal
L05333,cert-enterprise-ai-safety,M055,approved,2026-05-08,ManagerPortal
L05334,cert-enterprise-ai-safety,M043,pending,,ManagerPortal
L05335,cert-enterprise-ai-safety,M067,approved,2026-05-01,ManagerPortal
L05336,cert-enterprise-ai-safety,M064,approved,2026-04-28,ManagerPortal
L05337,cert-enterprise-ai-safety,M047,pending,,ManagerPortal
L05338,cert-enterprise-ai-safety,M030,approved,2026-05-05,ManagerPortal
L05339,cert-enterprise-ai-safety,M013,approved,2026-06-05,ManagerPortal
L05340,cert-enterprise-ai-safety,M067,approved,2026-05-16,ManagerPortal
L05341,cert-enterprise-ai-safety,M040,pending,,ManagerPortal
L05342,cert-enterprise-ai-safety,M004,approved,2026-05-11,ManagerPortal
L05343,cert-enterprise-ai-safety,M041,pending,,ManagerPortal
L05344,cert-enterprise-ai-safety,M004,approved,2026-05-29,ManagerPortal
L05345,cert-enterprise-ai-safety,M063,approved,2026-05-30,ManagerPortal
L05346,cert-enterprise-ai-safety,M049,approved,2026-05-27,ManagerPortal
L05347,cert-enterprise-ai-safety,M053,approved,2026-06-04,ManagerPortal
L05348,cert-enterprise-ai-safety,M032,pending,,ManagerPortal
L05349,cert-enterprise-ai-safety,M018,pending,,ManagerPortal
L05350,cert-enterprise-ai-safety,M008,approved,2026-04-23,ManagerPortal
L05351,cert-enterprise-ai-safety,M044,pending,,ManagerPortal
L05352,cert-enterprise-ai-safety,M046,pending,,ManagerPortal
L05353,cert-enterprise-ai-safety,M005,approved,2026-05-03,ManagerPortal
L05354,cert-enterprise-ai-safety,M049,approved,2026-05-31,ManagerPortal
L05355,cert-enterprise-ai-safety,M048,approved,2026-05-29,ManagerPortal
L05356,cert-enterprise-ai-safety,M050,approved,2026-05-04,ManagerPortal
L05357,cert-enterprise-ai-safety,M041,approved,2026-05-05,ManagerPortal
L05358,cert-enterprise-ai-safety,M036,approved,2026-06-03,ManagerPortal
L05359,cert-enterprise-ai-safety,M024,approved,2026-06-02,ManagerPortal
L05360,cert-enterprise-ai-safety,M007,approved,2026-05-13,ManagerPortal
L05361,cert-enterprise-ai-safety,M069,approved,2026-05-19,ManagerPortal
L05362,cert-enterprise-ai-safety,M040,approved,2026-05-12,ManagerPortal
L05363,cert-enterprise-ai-safety,M020,approved,2026-04-30,ManagerPortal
L05364,cert-enterprise-ai-safety,M035,approved,2026-05-01,ManagerPortal
L05365,cert-enterprise-ai-safety,M072,pending,,ManagerPortal
L05366,cert-enterprise-ai-safety,M038,pending,,ManagerPortal
L05367,cert-enterprise-ai-safety,M066,approved,2026-05-25,ManagerPortal
L05368,cert-enterprise-ai-safety,M078,pending,,ManagerPortal
L05369,cert-enterprise-ai-safety,M026,approved,2026-05-10,ManagerPortal
L05370,cert-enterprise-ai-safety,M027,approved,2026-06-06,ManagerPortal
L05371,cert-enterprise-ai-safety,M028,approved,2026-04-28,ManagerPortal
L05372,cert-enterprise-ai-safety,M078,pending,,ManagerPortal
L05373,cert-enterprise-ai-safety,M032,approved,2026-05-29,ManagerPortal
L05374,cert-enterprise-ai-safety,M028,approved,2026-05-31,ManagerPortal
L05375,cert-enterprise-ai-safety,M010,approved,2026-06-01,ManagerPortal
L05376,cert-enterprise-ai-safety,M029,pending,,ManagerPortal
L05377,cert-enterprise-ai-safety,M046,approved,2026-04-24,ManagerPortal
L05378,cert-enterprise-ai-safety,M052,approved,2026-05-31,ManagerPortal
L05379,cert-enterprise-ai-safety,M040,approved,2026-06-05,ManagerPortal
L05380,cert-enterprise-ai-safety,M011,pending,,ManagerPortal
L05381,cert-enterprise-ai-safety,M012,pending,,ManagerPortal
L05382,cert-enterprise-ai-safety,M075,approved,2026-05-22,ManagerPortal
L05383,cert-enterprise-ai-safety,M054,pending,,ManagerPortal
L05384,cert-enterprise-ai-safety,M002,approved,2026-05-19,ManagerPortal
L05385,cert-enterprise-ai-safety,M022,approved,2026-05-13,ManagerPortal
L05386,cert-enterprise-ai-safety,M007,pending,,ManagerPortal
L05387,cert-enterprise-ai-safety,M038,pending,,ManagerPortal
L05388,cert-enterprise-ai-safety,M016,approved,2026-05-23,ManagerPortal
L05389,cert-enterprise-ai-safety,M072,pending,,ManagerPortal
L05390,cert-enterprise-ai-safety,M074,approved,2026-04-24,ManagerPortal
L05391,cert-enterprise-ai-safety,M007,approved,2026-04-30,ManagerPortal
L05392,cert-enterprise-ai-safety,M049,pending,,ManagerPortal
L05393,cert-enterprise-ai-safety,M044,approved,2026-04-28,ManagerPortal
L05394,cert-enterprise-ai-safety,M049,approved,2026-04-24,ManagerPortal
L05395,cert-enterprise-ai-safety,M036,approved,2026-05-01,ManagerPortal
L05396,cert-enterprise-ai-safety,M022,pending,,ManagerPortal
L05397,cert-enterprise-ai-safety,M061,approved,2026-05-15,ManagerPortal
L05398,cert-enterprise-ai-safety,M043,approved,2026-04-27,ManagerPortal
L05399,cert-enterprise-ai-safety,M079,approved,2026-05-31,ManagerPortal
L05400,cert-enterprise-ai-safety,M029,pending,,ManagerPortal
L05401,cert-enterprise-ai-safety,M050,pending,,ManagerPortal
L05402,cert-enterprise-ai-safety,M072,approved,2026-05-04,ManagerPortal
L05403,cert-enterprise-ai-safety,M010,approved,2026-04-30,ManagerPortal
L05404,cert-enterprise-ai-safety,M043,approved,2026-05-07,ManagerPortal
L05405,cert-enterprise-ai-safety,M045,approved,2026-05-14,ManagerPortal
L05406,cert-enterprise-ai-safety,M018,approved,2026-04-24,ManagerPortal
L05407,cert-enterprise-ai-safety,M080,pending,,ManagerPortal
L05408,cert-enterprise-ai-safety,M032,approved,2026-06-03,ManagerPortal
L05409,cert-enterprise-ai-safety,M046,approved,2026-05-07,ManagerPortal
L05410,cert-enterprise-ai-safety,M056,pending,,ManagerPortal
L05411,cert-enterprise-ai-safety,M052,approved,2026-06-03,ManagerPortal
L05412,cert-enterprise-ai-safety,M077,approved,2026-05-06,ManagerPortal
L05413,cert-enterprise-ai-safety,M048,pending,,ManagerPortal
L05414,cert-enterprise-ai-safety,M058,pending,,ManagerPortal
L05415,cert-enterprise-ai-safety,M003,approved,2026-05-30,ManagerPortal
L05416,cert-enterprise-ai-safety,M019,approved,2026-04-24,ManagerPortal
L05417,cert-enterprise-ai-safety,M028,approved,2026-06-02,ManagerPortal
L05418,cert-enterprise-ai-safety,M027,pending,,ManagerPortal
L05419,cert-enterprise-ai-safety,M046,approved,2026-05-08,ManagerPortal
L05420,cert-enterprise-ai-safety,M022,pending,,ManagerPortal
L05421,cert-enterprise-ai-safety,M076,approved,2026-04-24,ManagerPortal
L05422,cert-enterprise-ai-safety,M044,pending,,ManagerPortal
L05423,cert-enterprise-ai-safety,M020,pending,,ManagerPortal
L05424,cert-enterprise-ai-safety,M072,approved,2026-05-08,ManagerPortal
L05425,cert-enterprise-ai-safety,M048,pending,,ManagerPortal
L05426,cert-enterprise-ai-safety,M037,approved,2026-05-12,ManagerPortal
L05427,cert-enterprise-ai-safety,M067,pending,,ManagerPortal
L05428,cert-enterprise-ai-safety,M016,approved,2026-05-19,ManagerPortal
L05429,cert-enterprise-ai-safety,M035,approved,2026-04-25,ManagerPortal
L05430,cert-enterprise-ai-safety,M028,approved,2026-05-30,ManagerPortal
L05431,cert-enterprise-ai-safety,M079,approved,2026-05-13,ManagerPortal
L05432,cert-enterprise-ai-safety,M077,approved,2026-05-23,ManagerPortal
L05433,cert-enterprise-ai-safety,M026,approved,2026-04-28,ManagerPortal
L05434,cert-enterprise-ai-safety,M074,pending,,ManagerPortal
L05435,cert-enterprise-ai-safety,M053,approved,2026-05-30,ManagerPortal
L05436,cert-enterprise-ai-safety,M038,approved,2026-05-16,ManagerPortal
L05437,cert-enterprise-ai-safety,M046,approved,2026-05-27,ManagerPortal
L05438,cert-enterprise-ai-safety,M074,approved,2026-05-07,ManagerPortal
L05439,cert-enterprise-ai-safety,M076,pending,,ManagerPortal
L05440,cert-enterprise-ai-safety,M004,approved,2026-05-25,ManagerPortal
L05441,cert-enterprise-ai-safety,M027,approved,2026-06-05,ManagerPortal
L05442,cert-enterprise-ai-safety,M016,pending,,ManagerPortal
L05443,cert-enterprise-ai-safety,M044,approved,2026-06-05,ManagerPortal
L05444,cert-enterprise-ai-safety,M079,approved,2026-05-18,ManagerPortal
L05445,cert-enterprise-ai-safety,M042,approved,2026-05-10,ManagerPortal
L05446,cert-enterprise-ai-safety,M017,approved,2026-05-25,ManagerPortal
L05447,cert-enterprise-ai-safety,M067,pending,,ManagerPortal
L05448,cert-enterprise-ai-safety,M015,approved,2026-05-04,ManagerPortal
L05449,cert-enterprise-ai-safety,M010,approved,2026-05-18,ManagerPortal
L05450,cert-enterprise-ai-safety,M044,approved,2026-05-23,ManagerPortal
L05451,cert-enterprise-ai-safety,M010,approved,2026-05-27,ManagerPortal
L05452,cert-enterprise-ai-safety,M045,pending,,ManagerPortal
L05453,cert-enterprise-ai-safety,M078,approved,2026-05-05,ManagerPortal
L05454,cert-enterprise-ai-safety,M011,approved,2026-05-27,ManagerPortal
L05455,cert-enterprise-ai-safety,M046,approved,2026-04-23,ManagerPortal
L05456,cert-enterprise-ai-safety,M057,approved,2026-06-04,ManagerPortal
L05457,cert-enterprise-ai-safety,M048,approved,2026-06-06,ManagerPortal
L05458,cert-enterprise-ai-safety,M020,approved,2026-05-07,ManagerPortal
L05459,cert-enterprise-ai-safety,M054,pending,,ManagerPortal
L05460,cert-enterprise-ai-safety,M011,approved,2026-05-13,ManagerPortal
L05461,cert-enterprise-ai-safety,M068,approved,2026-05-06,ManagerPortal
L05462,cert-enterprise-ai-safety,M020,approved,2026-05-11,ManagerPortal
L05463,cert-enterprise-ai-safety,M044,approved,2026-06-01,ManagerPortal
L05464,cert-enterprise-ai-safety,M044,approved,2026-05-30,ManagerPortal
L05465,cert-enterprise-ai-safety,M064,approved,2026-04-24,ManagerPortal
L05466,cert-enterprise-ai-safety,M080,pending,,ManagerPortal
L05467,cert-enterprise-ai-safety,M013,approved,2026-05-27,ManagerPortal
L05468,cert-enterprise-ai-safety,M025,pending,,ManagerPortal
L05469,cert-enterprise-ai-safety,M070,approved,2026-06-05,ManagerPortal
L05470,cert-enterprise-ai-safety,M065,pending,,ManagerPortal
L05471,cert-enterprise-ai-safety,M006,approved,2026-05-02,ManagerPortal
L05472,cert-enterprise-ai-safety,M005,pending,,ManagerPortal
L05473,cert-enterprise-ai-safety,M002,approved,2026-05-01,ManagerPortal
L05474,cert-enterprise-ai-safety,M024,approved,2026-05-28,ManagerPortal
L05475,cert-enterprise-ai-safety,M074,approved,2026-05-08,ManagerPortal
L05476,cert-enterprise-ai-safety,M027,approved,2026-05-14,ManagerPortal
L05477,cert-enterprise-ai-safety,M051,approved,2026-04-28,ManagerPortal
L05478,cert-enterprise-ai-safety,M031,pending,,ManagerPortal
L05479,cert-enterprise-ai-safety,M076,pending,,ManagerPortal
L05480,cert-enterprise-ai-safety,M051,approved,2026-05-26,ManagerPortal
L05481,cert-enterprise-ai-safety,M016,approved,2026-05-25,ManagerPortal
L05482,cert-enterprise-ai-safety,M078,approved,2026-06-01,ManagerPortal
L05483,cert-enterprise-ai-safety,M002,approved,2026-05-05,ManagerPortal
L05484,cert-enterprise-ai-safety,M022,pending,,ManagerPortal
L05485,cert-enterprise-ai-safety,M001,pending,,ManagerPortal
L05486,cert-enterprise-ai-safety,M016,pending,,ManagerPortal
L05487,cert-enterprise-ai-safety,M025,approved,2026-05-29,ManagerPortal
L05488,cert-enterprise-ai-safety,M057,approved,2026-06-04,ManagerPortal
L05489,cert-enterprise-ai-safety,M035,approved,2026-06-04,ManagerPortal
L05490,cert-enterprise-ai-safety,M023,approved,2026-06-06,ManagerPortal
L05491,cert-enterprise-ai-safety,M001,approved,2026-05-14,ManagerPortal
L05492,cert-enterprise-ai-safety,M030,approved,2026-05-08,ManagerPortal
L05493,cert-enterprise-ai-safety,M053,approved,2026-05-01,ManagerPortal
L05494,cert-enterprise-ai-safety,M071,approved,2026-05-31,ManagerPortal
L05495,cert-enterprise-ai-safety,M042,approved,2026-05-15,ManagerPortal
L05496,cert-enterprise-ai-safety,M025,pending,,ManagerPortal
L05497,cert-enterprise-ai-safety,M008,pending,,ManagerPortal
L05498,cert-enterprise-ai-safety,M032,pending,,ManagerPortal
L05499,cert-enterprise-ai-safety,M023,pending,,ManagerPortal
L05500,cert-enterprise-ai-safety,M042,approved,2026-06-01,ManagerPortal
L05501,cert-enterprise-ai-safety,M022,approved,2026-05-15,ManagerPortal
L05502,cert-enterprise-ai-safety,M008,approved,2026-05-31,ManagerPortal
L05503,cert-enterprise-ai-safety,M067,approved,2026-05-04,ManagerPortal
L05504,cert-enterprise-ai-safety,M002,approved,2026-05-24,ManagerPortal
L05505,cert-enterprise-ai-safety,M044,pending,,ManagerPortal
L05506,cert-enterprise-ai-safety,M006,pending,,ManagerPortal
L05507,cert-enterprise-ai-safety,M049,pending,,ManagerPortal
L05508,cert-enterprise-ai-safety,M079,approved,2026-04-27,ManagerPortal
L05509,cert-enterprise-ai-safety,M030,approved,2026-05-27,ManagerPortal
L05510,cert-enterprise-ai-safety,M016,pending,,ManagerPortal
L05511,cert-enterprise-ai-safety,M004,approved,2026-05-30,ManagerPortal
L05512,cert-enterprise-ai-safety,M047,approved,2026-04-24,ManagerPortal
L05513,cert-enterprise-ai-safety,M013,approved,2026-05-26,ManagerPortal
L05514,cert-enterprise-ai-safety,M071,pending,,ManagerPortal
L05515,cert-enterprise-ai-safety,M069,approved,2026-05-27,ManagerPortal
L05516,cert-enterprise-ai-safety,M078,pending,,ManagerPortal
L05517,cert-enterprise-ai-safety,M071,pending,,ManagerPortal
L05518,cert-enterprise-ai-safety,M019,pending,,ManagerPortal
L05519,cert-enterprise-ai-safety,M066,pending,,ManagerPortal
L05520,cert-enterprise-ai-safety,M049,pending,,ManagerPortal
L05521,cert-enterprise-ai-safety,M020,pending,,ManagerPortal
L05522,cert-enterprise-ai-safety,M027,approved,2026-05-21,ManagerPortal
L05523,cert-enterprise-ai-safety,M022,approved,2026-05-07,ManagerPortal
L05524,cert-enterprise-ai-safety,M002,approved,2026-05-01,ManagerPortal
L05525,cert-enterprise-ai-safety,M019,approved,2026-04-25,ManagerPortal
L05526,cert-enterprise-ai-safety,M067,pending,,ManagerPortal
L05527,cert-enterprise-ai-safety,M040,approved,2026-05-15,ManagerPortal
L05528,cert-enterprise-ai-safety,M080,approved,2026-04-30,ManagerPortal
L05529,cert-enterprise-ai-safety,M074,approved,2026-05-01,ManagerPortal
L05530,cert-enterprise-ai-safety,M070,approved,2026-04-27,ManagerPortal
L05531,cert-enterprise-ai-safety,M022,approved,2026-04-23,ManagerPortal
L05532,cert-enterprise-ai-safety,M004,approved,2026-04-27,ManagerPortal
L05533,cert-enterprise-ai-safety,M007,approved,2026-05-11,ManagerPortal
L05534,cert-enterprise-ai-safety,M019,pending,,ManagerPortal
L05535,cert-enterprise-ai-safety,M015,approved,2026-05-21,ManagerPortal
L05536,cert-enterprise-ai-safety,M074,approved,2026-05-06,ManagerPortal
L05537,cert-enterprise-ai-safety,M056,approved,2026-04-28,ManagerPortal
L05538,cert-enterprise-ai-safety,M069,approved,2026-05-07,ManagerPortal
L05539,cert-enterprise-ai-safety,M050,approved,2026-05-31,ManagerPortal
L05540,cert-enterprise-ai-safety,M006,approved,2026-05-26,ManagerPortal
L05541,cert-enterprise-ai-safety,M007,approved,2026-05-13,ManagerPortal
L05542,cert-enterprise-ai-safety,M012,approved,2026-05-21,ManagerPortal
L05543,cert-enterprise-ai-safety,M001,pending,,ManagerPortal
L05544,cert-enterprise-ai-safety,M037,pending,,ManagerPortal
L05545,cert-enterprise-ai-safety,M038,pending,,ManagerPortal
L05546,cert-enterprise-ai-safety,M012,approved,2026-05-17,ManagerPortal
L05547,cert-enterprise-ai-safety,M025,approved,2026-05-26,ManagerPortal
L05548,cert-enterprise-ai-safety,M061,approved,2026-05-15,ManagerPortal
L05549,cert-enterprise-ai-safety,M039,pending,,ManagerPortal
L05550,cert-enterprise-ai-safety,M055,pending,,ManagerPortal
L05551,cert-enterprise-ai-safety,M030,approved,2026-05-16,ManagerPortal
L05552,cert-enterprise-ai-safety,M006,approved,2026-05-16,ManagerPortal
L05553,cert-enterprise-ai-safety,M022,approved,2026-05-31,ManagerPortal
L05554,cert-enterprise-ai-safety,M021,approved,2026-05-16,ManagerPortal
L05555,cert-enterprise-ai-safety,M054,approved,2026-05-22,ManagerPortal
L05556,cert-enterprise-ai-safety,M021,approved,2026-04-25,ManagerPortal
L05557,cert-enterprise-ai-safety,M045,approved,2026-05-26,ManagerPortal
L05558,cert-enterprise-ai-safety,M029,approved,2026-05-10,ManagerPortal
L05559,cert-enterprise-ai-safety,M060,pending,,ManagerPortal
L05560,cert-enterprise-ai-safety,M072,pending,,ManagerPortal
L05561,cert-enterprise-ai-safety,M067,approved,2026-04-27,ManagerPortal
L05562,cert-enterprise-ai-safety,M055,approved,2026-06-05,ManagerPortal
L05563,cert-enterprise-ai-safety,M054,approved,2026-06-02,ManagerPortal
L05564,cert-enterprise-ai-safety,M026,approved,2026-06-06,ManagerPortal
L05565,cert-enterprise-ai-safety,M005,pending,,ManagerPortal
L05566,cert-enterprise-ai-safety,M034,approved,2026-05-10,ManagerPortal
L05567,cert-enterprise-ai-safety,M080,approved,2026-06-01,ManagerPortal
L05568,cert-enterprise-ai-safety,M037,approved,2026-05-12,ManagerPortal
L05569,cert-enterprise-ai-safety,M053,pending,,ManagerPortal
L05570,cert-enterprise-ai-safety,M078,pending,,ManagerPortal
L05571,cert-enterprise-ai-safety,M038,approved,2026-05-15,ManagerPortal
L05572,cert-enterprise-ai-safety,M013,approved,2026-05-11,ManagerPortal
L05573,cert-enterprise-ai-safety,M020,pending,,ManagerPortal
L05574,cert-enterprise-ai-safety,M051,approved,2026-05-24,ManagerPortal
L05575,cert-enterprise-ai-safety,M016,approved,2026-05-12,ManagerPortal
L05576,cert-enterprise-ai-safety,M001,approved,2026-05-05,ManagerPortal
L05577,cert-enterprise-ai-safety,M044,approved,2026-04-24,ManagerPortal
L05578,cert-enterprise-ai-safety,M028,pending,,ManagerPortal
L05579,cert-enterprise-ai-safety,M039,approved,2026-05-06,ManagerPortal
L05580,cert-enterprise-ai-safety,M048,pending,,ManagerPortal
L05581,cert-enterprise-ai-safety,M046,approved,2026-05-26,ManagerPortal
L05582,cert-enterprise-ai-safety,M049,approved,2026-04-24,ManagerPortal
L05583,cert-enterprise-ai-safety,M077,approved,2026-05-25,ManagerPortal
L05584,cert-enterprise-ai-safety,M017,approved,2026-05-05,ManagerPortal
L05585,cert-enterprise-ai-safety,M078,approved,2026-05-17,ManagerPortal
L05586,cert-enterprise-ai-safety,M038,pending,,ManagerPortal
L05587,cert-enterprise-ai-safety,M038,pending,,ManagerPortal
L05588,cert-enterprise-ai-safety,M024,approved,2026-05-23,ManagerPortal
L05589,cert-enterprise-ai-safety,M004,approved,2026-05-03,ManagerPortal
L05590,cert-enterprise-ai-safety,M020,approved,2026-05-03,ManagerPortal
L05591,cert-enterprise-ai-safety,M027,approved,2026-05-22,ManagerPortal
L05592,cert-enterprise-ai-safety,M015,approved,2026-06-06,ManagerPortal
L05593,cert-enterprise-ai-safety,M004,approved,2026-05-18,ManagerPortal
L05594,cert-enterprise-ai-safety,M020,pending,,ManagerPortal
L05595,cert-enterprise-ai-safety,M064,approved,2026-05-13,ManagerPortal
L05596,cert-enterprise-ai-safety,M063,approved,2026-05-28,ManagerPortal
L05597,cert-enterprise-ai-safety,M003,approved,2026-05-22,ManagerPortal
L05598,cert-enterprise-ai-safety,M067,pending,,ManagerPortal
L05599,cert-enterprise-ai-safety,M070,approved,2026-05-13,ManagerPortal
L05600,cert-enterprise-ai-safety,M038,approved,2026-05-17,ManagerPortal
L05601,cert-enterprise-ai-safety,M056,approved,2026-05-29,ManagerPortal
L05602,cert-enterprise-ai-safety,M070,approved,2026-05-08,ManagerPortal
L05603,cert-enterprise-ai-safety,M037,approved,2026-05-03,ManagerPortal
L05604,cert-enterprise-ai-safety,M063,pending,,ManagerPortal
L05605,cert-enterprise-ai-safety,M035,approved,2026-05-01,ManagerPortal
L05606,cert-enterprise-ai-safety,M058,pending,,ManagerPortal
L05607,cert-enterprise-ai-safety,M007,pending,,ManagerPortal
L05608,cert-enterprise-ai-safety,M031,approved,2026-05-04,ManagerPortal
L05609,cert-enterprise-ai-safety,M078,approved,2026-05-03,ManagerPortal
L05610,cert-enterprise-ai-safety,M001,pending,,ManagerPortal
L05611,cert-enterprise-ai-safety,M051,approved,2026-04-25,ManagerPortal
L05612,cert-enterprise-ai-safety,M073,pending,,ManagerPortal
L05613,cert-enterprise-ai-safety,M007,approved,2026-05-09,ManagerPortal
L05614,cert-enterprise-ai-safety,M050,approved,2026-05-13,ManagerPortal
L05615,cert-enterprise-ai-safety,M023,approved,2026-05-25,ManagerPortal
L05616,cert-enterprise-ai-safety,M036,pending,,ManagerPortal
L05617,cert-enterprise-ai-safety,M054,approved,2026-05-19,ManagerPortal
L05618,cert-enterprise-ai-safety,M004,pending,,ManagerPortal
L05619,cert-enterprise-ai-safety,M060,approved,2026-05-24,ManagerPortal
L05620,cert-enterprise-ai-safety,M063,approved,2026-05-15,ManagerPortal
L05621,cert-enterprise-ai-safety,M034,pending,,ManagerPortal
L05622,cert-enterprise-ai-safety,M073,approved,2026-05-22,ManagerPortal
L05623,cert-enterprise-ai-safety,M056,approved,2026-04-25,ManagerPortal
L05624,cert-enterprise-ai-safety,M054,approved,2026-05-29,ManagerPortal
L05625,cert-enterprise-ai-safety,M024,approved,2026-05-11,ManagerPortal
L05626,cert-enterprise-ai-safety,M068,pending,,ManagerPortal
L05627,cert-enterprise-ai-safety,M043,pending,,ManagerPortal
L05628,cert-enterprise-ai-safety,M004,approved,2026-05-29,ManagerPortal
L05629,cert-enterprise-ai-safety,M074,approved,2026-06-05,ManagerPortal
L05630,cert-enterprise-ai-safety,M012,approved,2026-04-25,ManagerPortal
L05631,cert-enterprise-ai-safety,M055,approved,2026-06-01,ManagerPortal
L05632,cert-enterprise-ai-safety,M001,approved,2026-05-01,ManagerPortal
L05633,cert-enterprise-ai-safety,M076,approved,2026-05-25,ManagerPortal
L05634,cert-enterprise-ai-safety,M080,approved,2026-05-09,ManagerPortal
L05635,cert-enterprise-ai-safety,M012,approved,2026-05-27,ManagerPortal
L05636,cert-enterprise-ai-safety,M027,pending,,ManagerPortal
L05637,cert-enterprise-ai-safety,M010,approved,2026-05-07,ManagerPortal
L05638,cert-enterprise-ai-safety,M007,pending,,ManagerPortal
L05639,cert-enterprise-ai-safety,M044,approved,2026-04-25,ManagerPortal
L05640,cert-enterprise-ai-safety,M025,pending,,ManagerPortal
L05641,cert-enterprise-ai-safety,M019,approved,2026-04-26,ManagerPortal
L05642,cert-enterprise-ai-safety,M036,approved,2026-04-25,ManagerPortal
L05643,cert-enterprise-ai-safety,M013,approved,2026-04-27,ManagerPortal
L05644,cert-enterprise-ai-safety,M057,approved,2026-06-06,ManagerPortal
L05645,cert-enterprise-ai-safety,M006,pending,,ManagerPortal
L05646,cert-enterprise-ai-safety,M047,approved,2026-04-29,ManagerPortal
L05647,cert-enterprise-ai-safety,M020,approved,2026-05-21,ManagerPortal
L05648,cert-enterprise-ai-safety,M018,approved,2026-05-24,ManagerPortal
L05649,cert-enterprise-ai-safety,M065,pending,,ManagerPortal
L05650,cert-enterprise-ai-safety,M012,pending,,ManagerPortal
L05651,cert-enterprise-ai-safety,M029,pending,,ManagerPortal
L05652,cert-enterprise-ai-safety,M074,approved,2026-05-05,ManagerPortal
L05653,cert-enterprise-ai-safety,M033,pending,,ManagerPortal
L05654,cert-enterprise-ai-safety,M007,pending,,ManagerPortal
L05655,cert-enterprise-ai-safety,M005,pending,,ManagerPortal
L05656,cert-enterprise-ai-safety,M053,approved,2026-05-05,ManagerPortal
L05657,cert-enterprise-ai-safety,M044,approved,2026-04-24,ManagerPortal
L05658,cert-enterprise-ai-safety,M025,approved,2026-04-25,ManagerPortal
L05659,cert-enterprise-ai-safety,M047,approved,2026-05-12,ManagerPortal
L05660,cert-enterprise-ai-safety,M027,approved,2026-06-01,ManagerPortal
L05661,cert-enterprise-ai-safety,M023,approved,2026-05-11,ManagerPortal
L05662,cert-enterprise-ai-safety,M017,pending,,ManagerPortal
L05663,cert-enterprise-ai-safety,M062,pending,,ManagerPortal
L05664,cert-enterprise-ai-safety,M025,approved,2026-05-15,ManagerPortal
L05665,cert-enterprise-ai-safety,M007,approved,2026-05-01,ManagerPortal
L05666,cert-enterprise-ai-safety,M035,approved,2026-05-28,ManagerPortal
L05667,cert-enterprise-ai-safety,M043,approved,2026-05-05,ManagerPortal
L05668,cert-enterprise-ai-safety,M029,pending,,ManagerPortal
L05669,cert-enterprise-ai-safety,M011,approved,2026-05-08,ManagerPortal
L05670,cert-enterprise-ai-safety,M029,approved,2026-05-31,ManagerPortal
L05671,cert-enterprise-ai-safety,M001,approved,2026-05-02,ManagerPortal
L05672,cert-enterprise-ai-safety,M078,approved,2026-05-24,ManagerPortal
L05673,cert-enterprise-ai-safety,M051,approved,2026-05-24,ManagerPortal
L05674,cert-enterprise-ai-safety,M016,approved,2026-06-02,ManagerPortal
L05675,cert-enterprise-ai-safety,M067,approved,2026-05-02,ManagerPortal
L05676,cert-enterprise-ai-safety,M024,approved,2026-05-03,ManagerPortal
L05677,cert-enterprise-ai-safety,M061,approved,2026-06-05,ManagerPortal
L05678,cert-enterprise-ai-safety,M013,approved,2026-04-23,ManagerPortal
L05679,cert-enterprise-ai-safety,M072,approved,2026-05-12,ManagerPortal
L05680,cert-enterprise-ai-safety,M057,approved,2026-05-28,ManagerPortal
L05681,cert-enterprise-ai-safety,M063,pending,,ManagerPortal
L05682,cert-enterprise-ai-safety,M059,pending,,ManagerPortal
L05683,cert-enterprise-ai-safety,M063,approved,2026-05-23,ManagerPortal
L05684,cert-enterprise-ai-safety,M015,pending,,ManagerPortal
L05685,cert-enterprise-ai-safety,M078,approved,2026-06-01,ManagerPortal
L05686,cert-enterprise-ai-safety,M029,approved,2026-05-08,ManagerPortal
L05687,cert-enterprise-ai-safety,M050,approved,2026-06-03,ManagerPortal
L05688,cert-enterprise-ai-safety,M040,pending,,ManagerPortal
L05689,cert-enterprise-ai-safety,M021,approved,2026-05-28,ManagerPortal
L05690,cert-enterprise-ai-safety,M029,approved,2026-05-21,ManagerPortal
L05691,cert-enterprise-ai-safety,M014,approved,2026-05-16,ManagerPortal
L05692,cert-enterprise-ai-safety,M029,approved,2026-05-18,ManagerPortal
L05693,cert-enterprise-ai-safety,M061,approved,2026-05-14,ManagerPortal
L05694,cert-enterprise-ai-safety,M043,approved,2026-05-14,ManagerPortal
L05695,cert-enterprise-ai-safety,M023,approved,2026-04-26,ManagerPortal
L05696,cert-enterprise-ai-safety,M005,approved,2026-05-28,ManagerPortal
L05697,cert-enterprise-ai-safety,M027,approved,2026-06-02,ManagerPortal
L05698,cert-enterprise-ai-safety,M068,approved,2026-05-08,ManagerPortal
L05699,cert-enterprise-ai-safety,M025,approved,2026-05-08,ManagerPortal
L05700,cert-enterprise-ai-safety,M074,approved,2026-05-26,ManagerPortal
L05701,cert-enterprise-ai-safety,M027,approved,2026-06-04,ManagerPortal
L05702,cert-enterprise-ai-safety,M016,approved,2026-05-14,ManagerPortal
L05703,cert-enterprise-ai-safety,M066,pending,,ManagerPortal
L05704,cert-enterprise-ai-safety,M015,approved,2026-05-13,ManagerPortal
L05705,cert-enterprise-ai-safety,M049,approved,2026-05-20,ManagerPortal
L05706,cert-enterprise-ai-safety,M074,pending,,ManagerPortal
L05707,cert-enterprise-ai-safety,M068,approved,2026-04-24,ManagerPortal
L05708,cert-enterprise-ai-safety,M063,pending,,ManagerPortal
L05709,cert-enterprise-ai-safety,M053,pending,,ManagerPortal
L05710,cert-enterprise-ai-safety,M034,pending,,ManagerPortal
L05711,cert-enterprise-ai-safety,M079,approved,2026-05-31,ManagerPortal
L05712,cert-enterprise-ai-safety,M005,approved,2026-05-23,ManagerPortal
L05713,cert-enterprise-ai-safety,M002,pending,,ManagerPortal
L05714,cert-enterprise-ai-safety,M027,pending,,ManagerPortal
L05715,cert-enterprise-ai-safety,M003,pending,,ManagerPortal
L05716,cert-enterprise-ai-safety,M035,approved,2026-04-23,ManagerPortal
L05717,cert-enterprise-ai-safety,M020,approved,2026-05-03,ManagerPortal
L05718,cert-enterprise-ai-safety,M060,approved,2026-06-01,ManagerPortal
L05719,cert-enterprise-ai-safety,M013,approved,2026-05-06,ManagerPortal
L05720,cert-enterprise-ai-safety,M063,approved,2026-05-15,ManagerPortal
L05721,cert-enterprise-ai-safety,M064,approved,2026-05-20,ManagerPortal
L05722,cert-enterprise-ai-safety,M053,pending,,ManagerPortal
L05723,cert-enterprise-ai-safety,M058,pending,,ManagerPortal
L05724,cert-enterprise-ai-safety,M057,approved,2026-06-02,ManagerPortal
L05725,cert-enterprise-ai-safety,M067,approved,2026-04-24,ManagerPortal
L05726,cert-enterprise-ai-safety,M006,approved,2026-05-29,ManagerPortal
L05727,cert-enterprise-ai-safety,M068,approved,2026-05-18,ManagerPortal
L05728,cert-enterprise-ai-safety,M055,approved,2026-05-07,ManagerPortal
L05729,cert-enterprise-ai-safety,M074,approved,2026-05-28,ManagerPortal
L05730,cert-enterprise-ai-safety,M025,pending,,ManagerPortal
L05731,cert-enterprise-ai-safety,M043,approved,2026-05-15,ManagerPortal
L05732,cert-enterprise-ai-safety,M028,approved,2026-05-26,ManagerPortal
L05733,cert-enterprise-ai-safety,M057,approved,2026-05-06,ManagerPortal
L05734,cert-enterprise-ai-safety,M015,approved,2026-05-30,ManagerPortal
L05735,cert-enterprise-ai-safety,M010,approved,2026-05-14,ManagerPortal
L05736,cert-enterprise-ai-safety,M026,approved,2026-06-06,ManagerPortal
L05737,cert-enterprise-ai-safety,M054,approved,2026-05-14,ManagerPortal
L05738,cert-enterprise-ai-safety,M077,approved,2026-04-27,ManagerPortal
L05739,cert-enterprise-ai-safety,M038,approved,2026-05-19,ManagerPortal
L05740,cert-enterprise-ai-safety,M031,pending,,ManagerPortal
L05741,cert-enterprise-ai-safety,M071,approved,2026-06-02,ManagerPortal
L05742,cert-enterprise-ai-safety,M037,pending,,ManagerPortal
L05743,cert-enterprise-ai-safety,M073,approved,2026-05-15,ManagerPortal
L05744,cert-enterprise-ai-safety,M060,pending,,ManagerPortal
L05745,cert-enterprise-ai-safety,M061,approved,2026-04-24,ManagerPortal
L05746,cert-enterprise-ai-safety,M058,approved,2026-04-24,ManagerPortal
L05747,cert-enterprise-ai-safety,M079,approved,2026-05-28,ManagerPortal
L05748,cert-enterprise-ai-safety,M076,pending,,ManagerPortal
L05749,cert-enterprise-ai-safety,M040,approved,2026-06-03,ManagerPortal
L05750,cert-enterprise-ai-safety,M011,approved,2026-05-23,ManagerPortal
L05751,cert-enterprise-ai-safety,M065,pending,,ManagerPortal
L05752,cert-enterprise-ai-safety,M063,approved,2026-05-02,ManagerPortal
L05753,cert-enterprise-ai-safety,M071,approved,2026-05-21,ManagerPortal
L05754,cert-enterprise-ai-safety,M016,approved,2026-05-07,ManagerPortal
L05755,cert-enterprise-ai-safety,M009,approved,2026-05-26,ManagerPortal
L05756,cert-enterprise-ai-safety,M030,pending,,ManagerPortal
L05757,cert-enterprise-ai-safety,M033,approved,2026-05-12,ManagerPortal
L05758,cert-enterprise-ai-safety,M052,approved,2026-06-04,ManagerPortal
L05759,cert-enterprise-ai-safety,M073,approved,2026-05-13,ManagerPortal
L05760,cert-enterprise-ai-safety,M043,approved,2026-06-03,ManagerPortal
L05761,cert-enterprise-ai-safety,M074,approved,2026-04-24,ManagerPortal
L05762,cert-enterprise-ai-safety,M077,approved,2026-05-26,ManagerPortal
L05763,cert-enterprise-ai-safety,M024,approved,2026-05-19,ManagerPortal
L05764,cert-enterprise-ai-safety,M010,approved,2026-05-07,ManagerPortal
L05765,cert-enterprise-ai-safety,M025,approved,2026-05-06,ManagerPortal
L05766,cert-enterprise-ai-safety,M077,approved,2026-05-26,ManagerPortal
L05767,cert-enterprise-ai-safety,M001,approved,2026-05-09,ManagerPortal
L05768,cert-enterprise-ai-safety,M045,pending,,ManagerPortal
L05769,cert-enterprise-ai-safety,M012,approved,2026-05-29,ManagerPortal
L05770,cert-enterprise-ai-safety,M008,approved,2026-05-24,ManagerPortal
L05771,cert-enterprise-ai-safety,M031,approved,2026-06-02,ManagerPortal
L05772,cert-enterprise-ai-safety,M056,approved,2026-05-04,ManagerPortal
L05773,cert-enterprise-ai-safety,M076,approved,2026-05-02,ManagerPortal
L05774,cert-enterprise-ai-safety,M029,pending,,ManagerPortal
L05775,cert-enterprise-ai-safety,M041,approved,2026-05-14,ManagerPortal
L05776,cert-enterprise-ai-safety,M005,approved,2026-05-30,ManagerPortal
L05777,cert-enterprise-ai-safety,M075,approved,2026-05-11,ManagerPortal
L05778,cert-enterprise-ai-safety,M010,approved,2026-04-27,ManagerPortal
L05779,cert-enterprise-ai-safety,M027,approved,2026-05-30,ManagerPortal
L05780,cert-enterprise-ai-safety,M070,approved,2026-05-04,ManagerPortal
L05781,cert-enterprise-ai-safety,M048,approved,2026-04-24,ManagerPortal
L05782,cert-enterprise-ai-safety,M028,approved,2026-04-28,ManagerPortal
L05783,cert-enterprise-ai-safety,M074,approved,2026-06-05,ManagerPortal
L05784,cert-enterprise-ai-safety,M050,approved,2026-05-19,ManagerPortal
L05785,cert-enterprise-ai-safety,M060,pending,,ManagerPortal
L05786,cert-enterprise-ai-safety,M013,approved,2026-05-20,ManagerPortal
L05787,cert-enterprise-ai-safety,M022,approved,2026-05-14,ManagerPortal
L05788,cert-enterprise-ai-safety,M015,approved,2026-05-31,ManagerPortal
L05789,cert-enterprise-ai-safety,M079,approved,2026-04-26,ManagerPortal
L05790,cert-enterprise-ai-safety,M046,approved,2026-05-20,ManagerPortal
L05791,cert-enterprise-ai-safety,M030,approved,2026-05-07,ManagerPortal
L05792,cert-enterprise-ai-safety,M049,pending,,ManagerPortal
L05793,cert-enterprise-ai-safety,M008,approved,2026-05-26,ManagerPortal
L05794,cert-enterprise-ai-safety,M034,approved,2026-05-30,ManagerPortal
L05795,cert-enterprise-ai-safety,M014,approved,2026-04-28,ManagerPortal
L05796,cert-enterprise-ai-safety,M033,pending,,ManagerPortal
L05797,cert-enterprise-ai-safety,M008,approved,2026-05-03,ManagerPortal
L05798,cert-enterprise-ai-safety,M051,approved,2026-05-20,ManagerPortal
L05799,cert-enterprise-ai-safety,M040,pending,,ManagerPortal
L05800,cert-enterprise-ai-safety,M008,pending,,ManagerPortal
L05801,cert-enterprise-ai-safety,M038,approved,2026-05-29,ManagerPortal
L05802,cert-enterprise-ai-safety,M015,approved,2026-05-30,ManagerPortal
L05803,cert-enterprise-ai-safety,M080,approved,2026-05-16,ManagerPortal
L05804,cert-enterprise-ai-safety,M004,pending,,ManagerPortal
L05805,cert-enterprise-ai-safety,M001,pending,,ManagerPortal
L05806,cert-enterprise-ai-safety,M064,approved,2026-06-03,ManagerPortal
L05807,cert-enterprise-ai-safety,M029,approved,2026-05-23,ManagerPortal
L05808,cert-enterprise-ai-safety,M072,pending,,ManagerPortal
L05809,cert-enterprise-ai-safety,M037,approved,2026-05-31,ManagerPortal
L05810,cert-enterprise-ai-safety,M038,approved,2026-06-02,ManagerPortal
L05811,cert-enterprise-ai-safety,M027,pending,,ManagerPortal
L05812,cert-enterprise-ai-safety,M073,pending,,ManagerPortal
L05813,cert-enterprise-ai-safety,M012,approved,2026-06-06,ManagerPortal
L05814,cert-enterprise-ai-safety,M079,approved,2026-05-20,ManagerPortal
L05815,cert-enterprise-ai-safety,M059,pending,,ManagerPortal
L05816,cert-enterprise-ai-safety,M048,approved,2026-05-08,ManagerPortal
L05817,cert-enterprise-ai-safety,M055,approved,2026-05-25,ManagerPortal
L05818,cert-enterprise-ai-safety,M039,pending,,ManagerPortal
L05819,cert-enterprise-ai-safety,M032,approved,2026-05-03,ManagerPortal
L05820,cert-enterprise-ai-safety,M040,approved,2026-05-06,ManagerPortal
L05821,cert-enterprise-ai-safety,M022,approved,2026-05-06,ManagerPortal
L05822,cert-enterprise-ai-safety,M062,pending,,ManagerPortal
L05823,cert-enterprise-ai-safety,M066,approved,2026-05-03,ManagerPortal
L05824,cert-enterprise-ai-safety,M073,pending,,ManagerPortal
L05825,cert-enterprise-ai-safety,M041,approved,2026-06-06,ManagerPortal
L05826,cert-enterprise-ai-safety,M052,approved,2026-05-17,ManagerPortal
L05827,cert-enterprise-ai-safety,M014,approved,2026-05-02,ManagerPortal
L05828,cert-enterprise-ai-safety,M007,approved,2026-05-25,ManagerPortal
L05829,cert-enterprise-ai-safety,M030,pending,,ManagerPortal
L05830,cert-enterprise-ai-safety,M071,approved,2026-05-24,ManagerPortal
L05831,cert-enterprise-ai-safety,M005,approved,2026-05-09,ManagerPortal
L05832,cert-enterprise-ai-safety,M001,pending,,ManagerPortal
L05833,cert-enterprise-ai-safety,M006,approved,2026-04-26,ManagerPortal
L05834,cert-enterprise-ai-safety,M064,approved,2026-05-09,ManagerPortal
L05835,cert-enterprise-ai-safety,M063,approved,2026-05-31,ManagerPortal
L05836,cert-enterprise-ai-safety,M016,approved,2026-04-28,ManagerPortal
L05837,cert-enterprise-ai-safety,M045,approved,2026-05-29,ManagerPortal
L05838,cert-enterprise-ai-safety,M063,approved,2026-04-24,ManagerPortal
L05839,cert-enterprise-ai-safety,M004,approved,2026-05-27,ManagerPortal
L05840,cert-enterprise-ai-safety,M002,pending,,ManagerPortal
L05841,cert-enterprise-ai-safety,M004,approved,2026-04-23,ManagerPortal
L05842,cert-enterprise-ai-safety,M021,approved,2026-04-26,ManagerPortal
L05843,cert-enterprise-ai-safety,M049,approved,2026-06-05,ManagerPortal
L05844,cert-enterprise-ai-safety,M018,approved,2026-05-08,ManagerPortal
L05845,cert-enterprise-ai-safety,M018,approved,2026-05-21,ManagerPortal
L05846,cert-enterprise-ai-safety,M055,approved,2026-05-30,ManagerPortal
L05847,cert-enterprise-ai-safety,M061,approved,2026-06-01,ManagerPortal
L05848,cert-enterprise-ai-safety,M051,approved,2026-05-19,ManagerPortal
L05849,cert-enterprise-ai-safety,M056,approved,2026-05-14,ManagerPortal
L05850,cert-enterprise-ai-safety,M069,pending,,ManagerPortal
L05851,cert-enterprise-ai-safety,M055,pending,,ManagerPortal
L05852,cert-enterprise-ai-safety,M075,approved,2026-05-03,ManagerPortal
L05853,cert-enterprise-ai-safety,M045,approved,2026-05-26,ManagerPortal
L05854,cert-enterprise-ai-safety,M058,approved,2026-05-26,ManagerPortal
L05855,cert-enterprise-ai-safety,M018,approved,2026-06-06,ManagerPortal
L05856,cert-enterprise-ai-safety,M071,approved,2026-05-18,ManagerPortal
L05857,cert-enterprise-ai-safety,M015,pending,,ManagerPortal
L05858,cert-enterprise-ai-safety,M057,approved,2026-05-13,ManagerPortal
L05859,cert-enterprise-ai-safety,M049,approved,2026-05-14,ManagerPortal
L05860,cert-enterprise-ai-safety,M044,pending,,ManagerPortal
L05861,cert-enterprise-ai-safety,M052,approved,2026-05-08,ManagerPortal
L05862,cert-enterprise-ai-safety,M049,pending,,ManagerPortal
L05863,cert-enterprise-ai-safety,M025,approved,2026-06-02,ManagerPortal
L05864,cert-enterprise-ai-safety,M050,approved,2026-04-24,ManagerPortal
L05865,cert-enterprise-ai-safety,M012,approved,2026-04-30,ManagerPortal
L05866,cert-enterprise-ai-safety,M077,approved,2026-05-08,ManagerPortal
L05867,cert-enterprise-ai-safety,M078,approved,2026-05-12,ManagerPortal
L05868,cert-enterprise-ai-safety,M005,approved,2026-05-02,ManagerPortal
L05869,cert-enterprise-ai-safety,M007,approved,2026-05-27,ManagerPortal
L05870,cert-enterprise-ai-safety,M078,pending,,ManagerPortal
L05871,cert-enterprise-ai-safety,M057,pending,,ManagerPortal
L05872,cert-enterprise-ai-safety,M038,pending,,ManagerPortal
L05873,cert-enterprise-ai-safety,M057,approved,2026-04-23,ManagerPortal
L05874,cert-enterprise-ai-safety,M074,approved,2026-05-26,ManagerPortal
L05875,cert-enterprise-ai-safety,M062,approved,2026-05-17,ManagerPortal
L05876,cert-enterprise-ai-safety,M045,pending,,ManagerPortal
L05877,cert-enterprise-ai-safety,M037,approved,2026-06-06,ManagerPortal
L05878,cert-enterprise-ai-safety,M031,approved,2026-05-24,ManagerPortal
L05879,cert-enterprise-ai-safety,M061,pending,,ManagerPortal
L05880,cert-enterprise-ai-safety,M067,pending,,ManagerPortal
L05881,cert-enterprise-ai-safety,M075,approved,2026-05-03,ManagerPortal
L05882,cert-enterprise-ai-safety,M052,approved,2026-05-03,ManagerPortal
L05883,cert-enterprise-ai-safety,M032,pending,,ManagerPortal
L05884,cert-enterprise-ai-safety,M055,approved,2026-06-03,ManagerPortal
L05885,cert-enterprise-ai-safety,M035,approved,2026-05-17,ManagerPortal
L05886,cert-enterprise-ai-safety,M054,approved,2026-05-06,ManagerPortal
L05887,cert-enterprise-ai-safety,M035,pending,,ManagerPortal
L05888,cert-enterprise-ai-safety,M001,approved,2026-04-28,ManagerPortal
L05889,cert-enterprise-ai-safety,M041,approved,2026-05-03,ManagerPortal
L05890,cert-enterprise-ai-safety,M057,approved,2026-05-30,ManagerPortal
L05891,cert-enterprise-ai-safety,M017,approved,2026-05-04,ManagerPortal
L05892,cert-enterprise-ai-safety,M020,approved,2026-06-02,ManagerPortal
L05893,cert-enterprise-ai-safety,M062,approved,2026-05-07,ManagerPortal
L05894,cert-enterprise-ai-safety,M051,approved,2026-05-11,ManagerPortal
L05895,cert-enterprise-ai-safety,M024,approved,2026-05-04,ManagerPortal
L05896,cert-enterprise-ai-safety,M080,approved,2026-05-13,ManagerPortal
L05897,cert-enterprise-ai-safety,M070,approved,2026-05-20,ManagerPortal
L05898,cert-enterprise-ai-safety,M070,approved,2026-05-27,ManagerPortal
L05899,cert-enterprise-ai-safety,M010,approved,2026-04-27,ManagerPortal
L05900,cert-enterprise-ai-safety,M002,approved,2026-05-06,ManagerPortal
L05901,cert-enterprise-ai-safety,M004,approved,2026-04-28,ManagerPortal
L05902,cert-enterprise-ai-safety,M042,pending,,ManagerPortal
L05903,cert-enterprise-ai-safety,M030,approved,2026-05-05,ManagerPortal
L05904,cert-enterprise-ai-safety,M041,approved,2026-05-09,ManagerPortal
L05905,cert-enterprise-ai-safety,M052,approved,2026-05-07,ManagerPortal
L05906,cert-enterprise-ai-safety,M053,approved,2026-05-19,ManagerPortal
L05907,cert-enterprise-ai-safety,M028,pending,,ManagerPortal
L05908,cert-enterprise-ai-safety,M016,approved,2026-06-01,ManagerPortal
L05909,cert-enterprise-ai-safety,M004,approved,2026-06-01,ManagerPortal
L05910,cert-enterprise-ai-safety,M021,approved,2026-06-02,ManagerPortal
L05911,cert-enterprise-ai-safety,M045,pending,,ManagerPortal
L05912,cert-enterprise-ai-safety,M049,pending,,ManagerPortal
L05913,cert-enterprise-ai-safety,M034,pending,,ManagerPortal
L05914,cert-enterprise-ai-safety,M006,pending,,ManagerPortal
L05915,cert-enterprise-ai-safety,M066,approved,2026-05-03,ManagerPortal
L05916,cert-enterprise-ai-safety,M006,approved,2026-05-17,ManagerPortal
L05917,cert-enterprise-ai-safety,M040,pending,,ManagerPortal
L05918,cert-enterprise-ai-safety,M071,pending,,ManagerPortal
L05919,cert-enterprise-ai-safety,M046,approved,2026-05-07,ManagerPortal
L05920,cert-enterprise-ai-safety,M020,approved,2026-04-30,ManagerPortal
L05921,cert-enterprise-ai-safety,M024,approved,2026-05-22,ManagerPortal
L05922,cert-enterprise-ai-safety,M023,pending,,ManagerPortal
L05923,cert-enterprise-ai-safety,M013,approved,2026-06-06,ManagerPortal
L05924,cert-enterprise-ai-safety,M007,pending,,ManagerPortal
L05925,cert-enterprise-ai-safety,M061,approved,2026-04-30,ManagerPortal
L05926,cert-enterprise-ai-safety,M048,approved,2026-06-06,ManagerPortal
L05927,cert-enterprise-ai-safety,M028,approved,2026-05-19,ManagerPortal
L05928,cert-enterprise-ai-safety,M053,approved,2026-04-26,ManagerPortal
L05929,cert-enterprise-ai-safety,M041,pending,,ManagerPortal
L05930,cert-enterprise-ai-safety,M036,approved,2026-05-28,ManagerPortal
L05931,cert-enterprise-ai-safety,M017,approved,2026-05-16,ManagerPortal
L05932,cert-enterprise-ai-safety,M053,approved,2026-05-08,ManagerPortal
L05933,cert-enterprise-ai-safety,M077,approved,2026-05-10,ManagerPortal
L05934,cert-enterprise-ai-safety,M011,approved,2026-06-03,ManagerPortal
L05935,cert-enterprise-ai-safety,M034,approved,2026-05-30,ManagerPortal
L05936,cert-enterprise-ai-safety,M068,approved,2026-05-10,ManagerPortal
L05937,cert-enterprise-ai-safety,M019,approved,2026-05-23,ManagerPortal
L05938,cert-enterprise-ai-safety,M070,pending,,ManagerPortal
L05939,cert-enterprise-ai-safety,M006,approved,2026-05-14,ManagerPortal
L05940,cert-enterprise-ai-safety,M005,pending,,ManagerPortal
L05941,cert-enterprise-ai-safety,M043,pending,,ManagerPortal
L05942,cert-enterprise-ai-safety,M004,pending,,ManagerPortal
L05943,cert-enterprise-ai-safety,M032,approved,2026-04-27,ManagerPortal
L05944,cert-enterprise-ai-safety,M036,approved,2026-05-28,ManagerPortal
L05945,cert-enterprise-ai-safety,M076,approved,2026-05-21,ManagerPortal
L05946,cert-enterprise-ai-safety,M073,pending,,ManagerPortal
L05947,cert-enterprise-ai-safety,M077,pending,,ManagerPortal
L05948,cert-enterprise-ai-safety,M033,approved,2026-05-18,ManagerPortal
L05949,cert-enterprise-ai-safety,M007,pending,,ManagerPortal
L05950,cert-enterprise-ai-safety,M014,pending,,ManagerPortal
L05951,cert-enterprise-ai-safety,M052,approved,2026-05-04,ManagerPortal
L05952,cert-enterprise-ai-safety,M054,approved,2026-05-30,ManagerPortal
L05953,cert-enterprise-ai-safety,M030,approved,2026-06-06,ManagerPortal
L05954,cert-enterprise-ai-safety,M029,approved,2026-05-15,ManagerPortal
L05955,cert-enterprise-ai-safety,M041,approved,2026-05-10,ManagerPortal
L05956,cert-enterprise-ai-safety,M030,pending,,ManagerPortal
L05957,cert-enterprise-ai-safety,M059,approved,2026-05-16,ManagerPortal
L05958,cert-enterprise-ai-safety,M074,approved,2026-05-18,ManagerPortal
L05959,cert-enterprise-ai-safety,M018,pending,,ManagerPortal
L05960,cert-enterprise-ai-safety,M029,pending,,ManagerPortal
L05961,cert-enterprise-ai-safety,M015,pending,,ManagerPortal
L05962,cert-enterprise-ai-safety,M021,pending,,ManagerPortal
L05963,cert-enterprise-ai-safety,M016,pending,,ManagerPortal
L05964,cert-enterprise-ai-safety,M033,approved,2026-04-30,ManagerPortal
L05965,cert-enterprise-ai-safety,M076,approved,2026-05-02,ManagerPortal
L05966,cert-enterprise-ai-safety,M051,approved,2026-05-25,ManagerPortal
L05967,cert-enterprise-ai-safety,M070,approved,2026-05-10,ManagerPortal
L05968,cert-enterprise-ai-safety,M014,approved,2026-05-28,ManagerPortal
L05969,cert-enterprise-ai-safety,M056,approved,2026-05-30,ManagerPortal
L05970,cert-enterprise-ai-safety,M066,pending,,ManagerPortal
L05971,cert-enterprise-ai-safety,M024,approved,2026-06-03,ManagerPortal
L05972,cert-enterprise-ai-safety,M059,approved,2026-05-18,ManagerPortal
L05973,cert-enterprise-ai-safety,M076,approved,2026-06-06,ManagerPortal
L05974,cert-enterprise-ai-safety,M019,approved,2026-05-08,ManagerPortal
L05975,cert-enterprise-ai-safety,M038,approved,2026-04-28,ManagerPortal
L05976,cert-enterprise-ai-safety,M042,approved,2026-05-11,ManagerPortal
L05977,cert-enterprise-ai-safety,M034,approved,2026-05-01,ManagerPortal
L05978,cert-enterprise-ai-safety,M003,approved,2026-05-18,ManagerPortal
L05979,cert-enterprise-ai-safety,M036,approved,2026-05-02,ManagerPortal
L05980,cert-enterprise-ai-safety,M038,approved,2026-04-23,ManagerPortal
L05981,cert-enterprise-ai-safety,M039,pending,,ManagerPortal
L05982,cert-enterprise-ai-safety,M066,approved,2026-05-23,ManagerPortal
L05983,cert-enterprise-ai-safety,M071,approved,2026-05-22,ManagerPortal
L05984,cert-enterprise-ai-safety,M055,approved,2026-05-16,ManagerPortal
L05985,cert-enterprise-ai-safety,M020,approved,2026-05-12,ManagerPortal
L05986,cert-enterprise-ai-safety,M058,approved,2026-05-03,ManagerPortal
L05987,cert-enterprise-ai-safety,M054,pending,,ManagerPortal
L05988,cert-enterprise-ai-safety,M041,approved,2026-04-23,ManagerPortal
L05989,cert-enterprise-ai-safety,M032,pending,,ManagerPortal
L05990,cert-enterprise-ai-safety,M014,pending,,ManagerPortal
L05991,cert-enterprise-ai-safety,M020,approved,2026-05-29,ManagerPortal
L05992,cert-enterprise-ai-safety,M035,approved,2026-05-12,ManagerPortal
L05993,cert-enterprise-ai-safety,M023,approved,2026-06-03,ManagerPortal
L05994,cert-enterprise-ai-safety,M038,pending,,ManagerPortal
L05995,cert-enterprise-ai-safety,M001,approved,2026-04-26,ManagerPortal
L05996,cert-enterprise-ai-safety,M036,approved,2026-05-29,ManagerPortal
L05997,cert-enterprise-ai-safety,M040,approved,2026-05-03,ManagerPortal
L05998,cert-enterprise-ai-safety,M004,approved,2026-05-04,ManagerPortal
L05999,cert-enterprise-ai-safety,M046,approved,2026-06-03,ManagerPortal
L06000,cert-enterprise-ai-safety,M076,approved,2026-05-31,ManagerPortal
L06001,cert-enterprise-ai-safety,M073,approved,2026-05-09,ManagerPortal
L06002,cert-enterprise-ai-safety,M038,pending,,ManagerPortal
L06003,cert-enterprise-ai-safety,M061,pending,,ManagerPortal
L06004,cert-enterprise-ai-safety,M073,approved,2026-05-01,ManagerPortal
L06005,cert-enterprise-ai-safety,M016,approved,2026-05-04,ManagerPortal
L06006,cert-enterprise-ai-safety,M026,pending,,ManagerPortal
L06007,cert-enterprise-ai-safety,M049,pending,,ManagerPortal
L06008,cert-enterprise-ai-safety,M071,pending,,ManagerPortal
L06009,cert-enterprise-ai-safety,M049,approved,2026-04-29,ManagerPortal
L06010,cert-enterprise-ai-safety,M034,approved,2026-06-04,ManagerPortal
L06011,cert-enterprise-ai-safety,M012,approved,2026-06-03,ManagerPortal
L06012,cert-enterprise-ai-safety,M006,approved,2026-05-09,ManagerPortal
L06013,cert-enterprise-ai-safety,M051,pending,,ManagerPortal
L06014,cert-enterprise-ai-safety,M015,approved,2026-06-04,ManagerPortal
L06015,cert-enterprise-ai-safety,M076,approved,2026-05-03,ManagerPortal
L06016,cert-enterprise-ai-safety,M005,approved,2026-04-24,ManagerPortal
L06017,cert-enterprise-ai-safety,M026,approved,2026-05-02,ManagerPortal
L06018,cert-enterprise-ai-safety,M031,approved,2026-04-25,ManagerPortal
L06019,cert-enterprise-ai-safety,M014,approved,2026-05-01,ManagerPortal
L06020,cert-enterprise-ai-safety,M021,approved,2026-05-02,ManagerPortal
L06021,cert-enterprise-ai-safety,M004,pending,,ManagerPortal
L06022,cert-enterprise-ai-safety,M057,pending,,ManagerPortal
L06023,cert-enterprise-ai-safety,M020,approved,2026-06-06,ManagerPortal
L06024,cert-enterprise-ai-safety,M080,pending,,ManagerPortal
L06025,cert-enterprise-ai-safety,M018,approved,2026-05-10,ManagerPortal
L06026,cert-enterprise-ai-safety,M047,pending,,ManagerPortal
L06027,cert-enterprise-ai-safety,M069,approved,2026-06-05,ManagerPortal
L06028,cert-enterprise-ai-safety,M021,approved,2026-05-20,ManagerPortal
L06029,cert-enterprise-ai-safety,M078,approved,2026-05-20,ManagerPortal
L06030,cert-enterprise-ai-safety,M042,approved,2026-06-05,ManagerPortal
L06031,cert-enterprise-ai-safety,M017,approved,2026-04-26,ManagerPortal
L06032,cert-enterprise-ai-safety,M006,pending,,ManagerPortal
L06033,cert-enterprise-ai-safety,M048,approved,2026-05-21,ManagerPortal
L06034,cert-enterprise-ai-safety,M065,approved,2026-04-26,ManagerPortal
L06035,cert-enterprise-ai-safety,M070,approved,2026-05-24,ManagerPortal
L06036,cert-enterprise-ai-safety,M044,pending,,ManagerPortal
L06037,cert-enterprise-ai-safety,M010,pending,,ManagerPortal
L06038,cert-enterprise-ai-safety,M063,approved,2026-05-22,ManagerPortal
L06039,cert-enterprise-ai-safety,M035,pending,,ManagerPortal
L06040,cert-enterprise-ai-safety,M062,approved,2026-05-27,ManagerPortal
L06041,cert-enterprise-ai-safety,M020,approved,2026-04-24,ManagerPortal
L06042,cert-enterprise-ai-safety,M043,pending,,ManagerPortal
L06043,cert-enterprise-ai-safety,M008,approved,2026-05-24,ManagerPortal
L06044,cert-enterprise-ai-safety,M060,approved,2026-04-26,ManagerPortal
L06045,cert-enterprise-ai-safety,M072,approved,2026-06-01,ManagerPortal
L06046,cert-enterprise-ai-safety,M037,approved,2026-04-29,ManagerPortal
L06047,cert-enterprise-ai-safety,M021,approved,2026-05-07,ManagerPortal
L06048,cert-enterprise-ai-safety,M036,approved,2026-05-13,ManagerPortal
L06049,cert-enterprise-ai-safety,M023,approved,2026-05-25,ManagerPortal
L06050,cert-enterprise-ai-safety,M047,approved,2026-06-05,ManagerPortal
L06051,cert-enterprise-ai-safety,M009,approved,2026-04-30,ManagerPortal
L06052,cert-enterprise-ai-safety,M071,approved,2026-04-24,ManagerPortal
L06053,cert-enterprise-ai-safety,M017,approved,2026-05-04,ManagerPortal
L06054,cert-enterprise-ai-safety,M034,pending,,ManagerPortal
L06055,cert-enterprise-ai-safety,M053,pending,,ManagerPortal
L06056,cert-enterprise-ai-safety,M030,pending,,ManagerPortal
L06057,cert-enterprise-ai-safety,M043,approved,2026-05-11,ManagerPortal
L06058,cert-enterprise-ai-safety,M080,approved,2026-05-04,ManagerPortal
L06059,cert-enterprise-ai-safety,M067,pending,,ManagerPortal
L06060,cert-enterprise-ai-safety,M057,pending,,ManagerPortal
L06061,cert-enterprise-ai-safety,M029,approved,2026-05-01,ManagerPortal
L06062,cert-enterprise-ai-safety,M050,pending,,ManagerPortal
L06063,cert-enterprise-ai-safety,M010,approved,2026-04-26,ManagerPortal
L06064,cert-enterprise-ai-safety,M024,approved,2026-05-28,ManagerPortal
L06065,cert-enterprise-ai-safety,M061,approved,2026-06-02,ManagerPortal
L06066,cert-enterprise-ai-safety,M028,approved,2026-05-09,ManagerPortal
L06067,cert-enterprise-ai-safety,M045,approved,2026-05-22,ManagerPortal
L06068,cert-enterprise-ai-safety,M027,approved,2026-05-31,ManagerPortal
L06069,cert-enterprise-ai-safety,M051,approved,2026-04-27,ManagerPortal
L06070,cert-enterprise-ai-safety,M055,approved,2026-05-28,ManagerPortal
L06071,cert-enterprise-ai-safety,M059,pending,,ManagerPortal
L06072,cert-enterprise-ai-safety,M040,approved,2026-05-26,ManagerPortal
L06073,cert-enterprise-ai-safety,M050,approved,2026-06-01,ManagerPortal
L06074,cert-enterprise-ai-safety,M063,approved,2026-04-27,ManagerPortal
L06075,cert-enterprise-ai-safety,M080,approved,2026-05-31,ManagerPortal
L06076,cert-enterprise-ai-safety,M030,approved,2026-05-11,ManagerPortal
L06077,cert-enterprise-ai-safety,M063,pending,,ManagerPortal
L06078,cert-enterprise-ai-safety,M061,approved,2026-05-20,ManagerPortal
L06079,cert-enterprise-ai-safety,M039,pending,,ManagerPortal
L06080,cert-enterprise-ai-safety,M014,approved,2026-05-17,ManagerPortal
L06081,cert-enterprise-ai-safety,M026,pending,,ManagerPortal
L06082,cert-enterprise-ai-safety,M080,approved,2026-04-30,ManagerPortal
L06083,cert-enterprise-ai-safety,M025,approved,2026-05-09,ManagerPortal
L06084,cert-enterprise-ai-safety,M060,approved,2026-05-11,ManagerPortal
L06085,cert-enterprise-ai-safety,M038,approved,2026-05-22,ManagerPortal
L06086,cert-enterprise-ai-safety,M004,approved,2026-05-14,ManagerPortal
L06087,cert-enterprise-ai-safety,M054,pending,,ManagerPortal
L06088,cert-enterprise-ai-safety,M014,approved,2026-05-28,ManagerPortal
L06089,cert-enterprise-ai-safety,M027,approved,2026-04-27,ManagerPortal
L06090,cert-enterprise-ai-safety,M041,approved,2026-06-05,ManagerPortal
L06091,cert-enterprise-ai-safety,M018,approved,2026-05-25,ManagerPortal
L06092,cert-enterprise-ai-safety,M015,approved,2026-05-31,ManagerPortal
L06093,cert-enterprise-ai-safety,M030,approved,2026-05-26,ManagerPortal
L06094,cert-enterprise-ai-safety,M027,pending,,ManagerPortal
L06095,cert-enterprise-ai-safety,M038,approved,2026-05-16,ManagerPortal
L06096,cert-enterprise-ai-safety,M054,pending,,ManagerPortal
L06097,cert-enterprise-ai-safety,M032,pending,,ManagerPortal
L06098,cert-enterprise-ai-safety,M025,pending,,ManagerPortal
L06099,cert-enterprise-ai-safety,M013,approved,2026-05-30,ManagerPortal
L06100,cert-enterprise-ai-safety,M074,approved,2026-04-30,ManagerPortal
L06101,cert-enterprise-ai-safety,M076,approved,2026-04-29,ManagerPortal
L06102,cert-enterprise-ai-safety,M018,approved,2026-05-25,ManagerPortal
L06103,cert-enterprise-ai-safety,M041,pending,,ManagerPortal
L06104,cert-enterprise-ai-safety,M074,pending,,ManagerPortal
L06105,cert-enterprise-ai-safety,M040,approved,2026-05-14,ManagerPortal
L06106,cert-enterprise-ai-safety,M059,approved,2026-05-28,ManagerPortal
L06107,cert-enterprise-ai-safety,M025,pending,,ManagerPortal
L06108,cert-enterprise-ai-safety,M058,approved,2026-05-14,ManagerPortal
L06109,cert-enterprise-ai-safety,M010,approved,2026-05-14,ManagerPortal
L06110,cert-enterprise-ai-safety,M078,pending,,ManagerPortal
L06111,cert-enterprise-ai-safety,M076,approved,2026-05-14,ManagerPortal
L06112,cert-enterprise-ai-safety,M078,pending,,ManagerPortal
L06113,cert-enterprise-ai-safety,M018,approved,2026-05-18,ManagerPortal
L06114,cert-enterprise-ai-safety,M004,approved,2026-05-12,ManagerPortal
L06115,cert-enterprise-ai-safety,M014,approved,2026-05-25,ManagerPortal
L06116,cert-enterprise-ai-safety,M031,approved,2026-04-23,ManagerPortal
L06117,cert-enterprise-ai-safety,M022,pending,,ManagerPortal
L06118,cert-enterprise-ai-safety,M021,approved,2026-06-01,ManagerPortal
L06119,cert-enterprise-ai-safety,M072,approved,2026-04-29,ManagerPortal
L06120,cert-enterprise-ai-safety,M022,approved,2026-06-04,ManagerPortal
L06121,cert-enterprise-ai-safety,M045,pending,,ManagerPortal
L06122,cert-enterprise-ai-safety,M067,approved,2026-06-06,ManagerPortal
L06123,cert-enterprise-ai-safety,M001,approved,2026-04-23,ManagerPortal
L06124,cert-enterprise-ai-safety,M041,approved,2026-05-15,ManagerPortal
L06125,cert-enterprise-ai-safety,M001,approved,2026-05-09,ManagerPortal
L06126,cert-enterprise-ai-safety,M010,approved,2026-04-26,ManagerPortal
L06127,cert-enterprise-ai-safety,M026,approved,2026-05-25,ManagerPortal
L06128,cert-enterprise-ai-safety,M017,approved,2026-05-17,ManagerPortal
L06129,cert-enterprise-ai-safety,M035,approved,2026-05-26,ManagerPortal
L06130,cert-enterprise-ai-safety,M077,approved,2026-04-25,ManagerPortal
L06131,cert-enterprise-ai-safety,M053,approved,2026-05-11,ManagerPortal
L06132,cert-enterprise-ai-safety,M019,approved,2026-05-11,ManagerPortal
L06133,cert-enterprise-ai-safety,M038,approved,2026-06-01,ManagerPortal
L06134,cert-enterprise-ai-safety,M071,approved,2026-05-30,ManagerPortal
L06135,cert-enterprise-ai-safety,M066,approved,2026-05-05,ManagerPortal
L06136,cert-enterprise-ai-safety,M066,approved,2026-04-30,ManagerPortal
L06137,cert-enterprise-ai-safety,M051,approved,2026-05-20,ManagerPortal
L06138,cert-enterprise-ai-safety,M025,approved,2026-06-03,ManagerPortal
L06139,cert-enterprise-ai-safety,M063,approved,2026-05-15,ManagerPortal
L06140,cert-enterprise-ai-safety,M080,pending,,ManagerPortal
L06141,cert-enterprise-ai-safety,M029,approved,2026-05-07,ManagerPortal
L06142,cert-enterprise-ai-safety,M042,approved,2026-06-01,ManagerPortal
L06143,cert-enterprise-ai-safety,M066,approved,2026-06-04,ManagerPortal
L06144,cert-enterprise-ai-safety,M057,pending,,ManagerPortal
L06145,cert-enterprise-ai-safety,M056,pending,,ManagerPortal
L06146,cert-enterprise-ai-safety,M013,approved,2026-05-21,ManagerPortal
L06147,cert-enterprise-ai-safety,M001,pending,,ManagerPortal
L06148,cert-enterprise-ai-safety,M055,approved,2026-04-26,ManagerPortal
L06149,cert-enterprise-ai-safety,M060,approved,2026-05-27,ManagerPortal
L06150,cert-enterprise-ai-safety,M071,approved,2026-05-11,ManagerPortal
L06151,cert-enterprise-ai-safety,M021,approved,2026-05-23,ManagerPortal
L06152,cert-enterprise-ai-safety,M012,approved,2026-04-23,ManagerPortal
L06153,cert-enterprise-ai-safety,M068,approved,2026-04-23,ManagerPortal
L06154,cert-enterprise-ai-safety,M061,pending,,ManagerPortal
L06155,cert-enterprise-ai-safety,M072,approved,2026-05-16,ManagerPortal
L06156,cert-enterprise-ai-safety,M079,approved,2026-05-07,ManagerPortal
L06157,cert-enterprise-ai-safety,M018,approved,2026-05-19,ManagerPortal
L06158,cert-enterprise-ai-safety,M010,pending,,ManagerPortal
L06159,cert-enterprise-ai-safety,M027,pending,,ManagerPortal
L06160,cert-enterprise-ai-safety,M063,approved,2026-05-26,ManagerPortal
L06161,cert-enterprise-ai-safety,M058,approved,2026-05-26,ManagerPortal
L06162,cert-enterprise-ai-safety,M029,pending,,ManagerPortal
L06163,cert-enterprise-ai-safety,M057,approved,2026-05-31,ManagerPortal
L06164,cert-enterprise-ai-safety,M002,pending,,ManagerPortal
L06165,cert-enterprise-ai-safety,M051,approved,2026-05-25,ManagerPortal
L06166,cert-enterprise-ai-safety,M035,approved,2026-06-05,ManagerPortal
L06167,cert-enterprise-ai-safety,M008,pending,,ManagerPortal
L06168,cert-enterprise-ai-safety,M024,approved,2026-05-04,ManagerPortal
L06169,cert-enterprise-ai-safety,M017,approved,2026-04-25,ManagerPortal
L06170,cert-enterprise-ai-safety,M016,approved,2026-04-26,ManagerPortal
L06171,cert-enterprise-ai-safety,M017,approved,2026-05-13,ManagerPortal
L06172,cert-enterprise-ai-safety,M045,pending,,ManagerPortal
L06173,cert-enterprise-ai-safety,M079,approved,2026-05-28,ManagerPortal
L06174,cert-enterprise-ai-safety,M047,pending,,ManagerPortal
L06175,cert-enterprise-ai-safety,M042,approved,2026-05-01,ManagerPortal
L06176,cert-enterprise-ai-safety,M075,pending,,ManagerPortal
L06177,cert-enterprise-ai-safety,M029,approved,2026-05-11,ManagerPortal
L06178,cert-enterprise-ai-safety,M004,approved,2026-04-25,ManagerPortal
L06179,cert-enterprise-ai-safety,M006,approved,2026-04-26,ManagerPortal
L06180,cert-enterprise-ai-safety,M035,pending,,ManagerPortal
L06181,cert-enterprise-ai-safety,M059,approved,2026-05-07,ManagerPortal
L06182,cert-enterprise-ai-safety,M013,approved,2026-05-22,ManagerPortal
L06183,cert-enterprise-ai-safety,M063,approved,2026-04-23,ManagerPortal
L06184,cert-enterprise-ai-safety,M067,approved,2026-04-24,ManagerPortal
L06185,cert-enterprise-ai-safety,M054,approved,2026-05-28,ManagerPortal
L06186,cert-enterprise-ai-safety,M053,approved,2026-05-02,ManagerPortal
L06187,cert-enterprise-ai-safety,M014,approved,2026-05-23,ManagerPortal
L06188,cert-enterprise-ai-safety,M018,approved,2026-05-16,ManagerPortal
L06189,cert-enterprise-ai-safety,M027,pending,,ManagerPortal
L06190,cert-enterprise-ai-safety,M044,pending,,ManagerPortal
L06191,cert-enterprise-ai-safety,M031,pending,,ManagerPortal
L06192,cert-enterprise-ai-safety,M002,pending,,ManagerPortal
L06193,cert-enterprise-ai-safety,M010,approved,2026-05-22,ManagerPortal
L06194,cert-enterprise-ai-safety,M074,approved,2026-05-27,ManagerPortal
L06195,cert-enterprise-ai-safety,M020,approved,2026-06-01,ManagerPortal
L06196,cert-enterprise-ai-safety,M079,approved,2026-05-10,ManagerPortal
L06197,cert-enterprise-ai-safety,M013,approved,2026-04-27,ManagerPortal
L06198,cert-enterprise-ai-safety,M039,pending,,ManagerPortal
L06199,cert-enterprise-ai-safety,M053,approved,2026-05-09,ManagerPortal
L06200,cert-enterprise-ai-safety,M029,approved,2026-05-28,ManagerPortal
L06201,cert-enterprise-ai-safety,M060,approved,2026-05-03,ManagerPortal
L06202,cert-enterprise-ai-safety,M058,approved,2026-04-29,ManagerPortal
L06203,cert-enterprise-ai-safety,M071,approved,2026-04-26,ManagerPortal
L06204,cert-enterprise-ai-safety,M075,approved,2026-05-07,ManagerPortal
L06205,cert-enterprise-ai-safety,M078,approved,2026-05-24,ManagerPortal
L06206,cert-enterprise-ai-safety,M010,approved,2026-06-05,ManagerPortal
L06207,cert-enterprise-ai-safety,M061,approved,2026-05-24,ManagerPortal
L06208,cert-enterprise-ai-safety,M048,approved,2026-05-25,ManagerPortal
L06209,cert-enterprise-ai-safety,M031,approved,2026-05-06,ManagerPortal
L06210,cert-enterprise-ai-safety,M072,approved,2026-05-29,ManagerPortal
L06211,cert-enterprise-ai-safety,M056,approved,2026-04-29,ManagerPortal
L06212,cert-enterprise-ai-safety,M046,approved,2026-06-01,ManagerPortal
L06213,cert-enterprise-ai-safety,M022,approved,2026-05-29,ManagerPortal
L06214,cert-enterprise-ai-safety,M014,pending,,ManagerPortal
L06215,cert-enterprise-ai-safety,M016,pending,,ManagerPortal
L06216,cert-enterprise-ai-safety,M075,approved,2026-06-04,ManagerPortal
L06217,cert-enterprise-ai-safety,M036,approved,2026-04-27,ManagerPortal
L06218,cert-enterprise-ai-safety,M001,approved,2026-05-07,ManagerPortal
L06219,cert-enterprise-ai-safety,M032,approved,2026-06-02,ManagerPortal
L06220,cert-enterprise-ai-safety,M031,pending,,ManagerPortal
L06221,cert-enterprise-ai-safety,M053,approved,2026-05-16,ManagerPortal
L06222,cert-enterprise-ai-safety,M060,approved,2026-05-13,ManagerPortal
L06223,cert-enterprise-ai-safety,M020,approved,2026-05-06,ManagerPortal
L06224,cert-enterprise-ai-safety,M063,approved,2026-05-09,ManagerPortal
L06225,cert-enterprise-ai-safety,M015,approved,2026-05-02,ManagerPortal
L06226,cert-enterprise-ai-safety,M043,approved,2026-04-23,ManagerPortal
L06227,cert-enterprise-ai-safety,M079,approved,2026-05-19,ManagerPortal
L06228,cert-enterprise-ai-safety,M073,approved,2026-04-30,ManagerPortal
L06229,cert-enterprise-ai-safety,M069,approved,2026-05-23,ManagerPortal
L06230,cert-enterprise-ai-safety,M006,approved,2026-05-09,ManagerPortal
L06231,cert-enterprise-ai-safety,M048,approved,2026-05-22,ManagerPortal
L06232,cert-enterprise-ai-safety,M075,approved,2026-05-22,ManagerPortal
L06233,cert-enterprise-ai-safety,M038,pending,,ManagerPortal
L06234,cert-enterprise-ai-safety,M051,pending,,ManagerPortal
L06235,cert-enterprise-ai-safety,M026,approved,2026-05-20,ManagerPortal
L06236,cert-enterprise-ai-safety,M052,approved,2026-05-29,ManagerPortal
L06237,cert-enterprise-ai-safety,M027,approved,2026-05-18,ManagerPortal
L06238,cert-enterprise-ai-safety,M018,approved,2026-04-26,ManagerPortal
L06239,cert-enterprise-ai-safety,M070,approved,2026-05-07,ManagerPortal
L06240,cert-enterprise-ai-safety,M077,approved,2026-05-17,ManagerPortal
L06241,cert-enterprise-ai-safety,M079,pending,,ManagerPortal
L06242,cert-enterprise-ai-safety,M016,approved,2026-05-05,ManagerPortal
L06243,cert-enterprise-ai-safety,M016,pending,,ManagerPortal
L06244,cert-enterprise-ai-safety,M029,approved,2026-05-16,ManagerPortal
L06245,cert-enterprise-ai-safety,M021,approved,2026-06-06,ManagerPortal
L06246,cert-enterprise-ai-safety,M044,pending,,ManagerPortal
L06247,cert-enterprise-ai-safety,M030,pending,,ManagerPortal
L06248,cert-enterprise-ai-safety,M003,pending,,ManagerPortal
L06249,cert-enterprise-ai-safety,M071,approved,2026-04-24,ManagerPortal
L06250,cert-enterprise-ai-safety,M032,approved,2026-05-18,ManagerPortal
L06251,cert-enterprise-ai-safety,M042,approved,2026-05-01,ManagerPortal
L06252,cert-enterprise-ai-safety,M067,approved,2026-04-29,ManagerPortal
L06253,cert-enterprise-ai-safety,M063,approved,2026-05-08,ManagerPortal
L06254,cert-enterprise-ai-safety,M015,approved,2026-05-28,ManagerPortal
L06255,cert-enterprise-ai-safety,M002,approved,2026-05-14,ManagerPortal
L06256,cert-enterprise-ai-safety,M068,pending,,ManagerPortal
L06257,cert-enterprise-ai-safety,M011,pending,,ManagerPortal
L06258,cert-enterprise-ai-safety,M071,approved,2026-05-06,ManagerPortal
L06259,cert-enterprise-ai-safety,M067,approved,2026-05-08,ManagerPortal
L06260,cert-enterprise-ai-safety,M036,approved,2026-05-27,ManagerPortal
L06261,cert-enterprise-ai-safety,M051,approved,2026-06-06,ManagerPortal
L06262,cert-enterprise-ai-safety,M042,approved,2026-05-13,ManagerPortal
L06263,cert-enterprise-ai-safety,M080,pending,,ManagerPortal
L06264,cert-enterprise-ai-safety,M010,approved,2026-05-16,ManagerPortal
L06265,cert-enterprise-ai-safety,M076,approved,2026-05-10,ManagerPortal
L06266,cert-enterprise-ai-safety,M026,approved,2026-05-13,ManagerPortal
L06267,cert-enterprise-ai-safety,M035,pending,,ManagerPortal
L06268,cert-enterprise-ai-safety,M052,approved,2026-05-25,ManagerPortal
L06269,cert-enterprise-ai-safety,M025,approved,2026-05-10,ManagerPortal
L06270,cert-enterprise-ai-safety,M068,approved,2026-05-12,ManagerPortal
L06271,cert-enterprise-ai-safety,M075,approved,2026-05-13,ManagerPortal
L06272,cert-enterprise-ai-safety,M038,approved,2026-05-07,ManagerPortal
L06273,cert-enterprise-ai-safety,M004,approved,2026-04-27,ManagerPortal
L06274,cert-enterprise-ai-safety,M074,pending,,ManagerPortal
L06275,cert-enterprise-ai-safety,M029,approved,2026-05-20,ManagerPortal
L06276,cert-enterprise-ai-safety,M049,approved,2026-05-31,ManagerPortal
L06277,cert-enterprise-ai-safety,M053,approved,2026-05-29,ManagerPortal
L06278,cert-enterprise-ai-safety,M033,pending,,ManagerPortal
L06279,cert-enterprise-ai-safety,M003,approved,2026-05-17,ManagerPortal
L06280,cert-enterprise-ai-safety,M048,approved,2026-04-24,ManagerPortal
L06281,cert-enterprise-ai-safety,M070,approved,2026-05-14,ManagerPortal
L06282,cert-enterprise-ai-safety,M040,approved,2026-04-30,ManagerPortal
L06283,cert-enterprise-ai-safety,M069,approved,2026-04-23,ManagerPortal
L06284,cert-enterprise-ai-safety,M042,pending,,ManagerPortal
L06285,cert-enterprise-ai-safety,M077,pending,,ManagerPortal
L06286,cert-enterprise-ai-safety,M067,approved,2026-04-23,ManagerPortal
L06287,cert-enterprise-ai-safety,M020,approved,2026-05-27,ManagerPortal
L06288,cert-enterprise-ai-safety,M021,approved,2026-05-26,ManagerPortal
L06289,cert-enterprise-ai-safety,M014,approved,2026-04-26,ManagerPortal
L06290,cert-enterprise-ai-safety,M033,approved,2026-04-28,ManagerPortal
L06291,cert-enterprise-ai-safety,M021,approved,2026-06-06,ManagerPortal
L06292,cert-enterprise-ai-safety,M074,pending,,ManagerPortal
L06293,cert-enterprise-ai-safety,M027,approved,2026-05-18,ManagerPortal
L06294,cert-enterprise-ai-safety,M057,pending,,ManagerPortal
L06295,cert-enterprise-ai-safety,M064,approved,2026-05-21,ManagerPortal
L06296,cert-enterprise-ai-safety,M028,pending,,ManagerPortal
L06297,cert-enterprise-ai-safety,M044,approved,2026-06-03,ManagerPortal
L06298,cert-enterprise-ai-safety,M001,approved,2026-05-02,ManagerPortal
L06299,cert-enterprise-ai-safety,M023,pending,,ManagerPortal
L06300,cert-enterprise-ai-safety,M008,approved,2026-05-17,ManagerPortal
L06301,cert-enterprise-ai-safety,M076,pending,,ManagerPortal
L06302,cert-enterprise-ai-safety,M057,approved,2026-05-06,ManagerPortal
L06303,cert-enterprise-ai-safety,M023,approved,2026-05-26,ManagerPortal
L06304,cert-enterprise-ai-safety,M071,approved,2026-05-09,ManagerPortal
L06305,cert-enterprise-ai-safety,M034,pending,,ManagerPortal
L06306,cert-enterprise-ai-safety,M011,pending,,ManagerPortal
L06307,cert-enterprise-ai-safety,M003,approved,2026-04-28,ManagerPortal
L06308,cert-enterprise-ai-safety,M053,approved,2026-06-06,ManagerPortal
L06309,cert-enterprise-ai-safety,M034,approved,2026-06-06,ManagerPortal
L06310,cert-enterprise-ai-safety,M009,approved,2026-05-11,ManagerPortal
L06311,cert-enterprise-ai-safety,M010,pending,,ManagerPortal
L06312,cert-enterprise-ai-safety,M010,approved,2026-05-15,ManagerPortal
L06313,cert-enterprise-ai-safety,M060,approved,2026-05-27,ManagerPortal
L06314,cert-enterprise-ai-safety,M003,pending,,ManagerPortal
L06315,cert-enterprise-ai-safety,M034,approved,2026-05-10,ManagerPortal
L06316,cert-enterprise-ai-safety,M021,approved,2026-06-03,ManagerPortal
L06317,cert-enterprise-ai-safety,M023,approved,2026-04-24,ManagerPortal
L06318,cert-enterprise-ai-safety,M044,approved,2026-05-19,ManagerPortal
L06319,cert-enterprise-ai-safety,M059,approved,2026-05-14,ManagerPortal
L06320,cert-enterprise-ai-safety,M013,approved,2026-05-04,ManagerPortal
L06321,cert-enterprise-ai-safety,M020,pending,,ManagerPortal
L06322,cert-enterprise-ai-safety,M069,approved,2026-05-06,ManagerPortal
L06323,cert-enterprise-ai-safety,M012,approved,2026-05-03,ManagerPortal
L06324,cert-enterprise-ai-safety,M063,approved,2026-05-26,ManagerPortal
L06325,cert-enterprise-ai-safety,M009,approved,2026-05-22,ManagerPortal
L06326,cert-enterprise-ai-safety,M048,approved,2026-05-09,ManagerPortal
L06327,cert-enterprise-ai-safety,M053,pending,,ManagerPortal
L06328,cert-enterprise-ai-safety,M033,pending,,ManagerPortal
L06329,cert-enterprise-ai-safety,M068,approved,2026-04-27,ManagerPortal
L06330,cert-enterprise-ai-safety,M074,pending,,ManagerPortal
L06331,cert-enterprise-ai-safety,M059,pending,,ManagerPortal
L06332,cert-enterprise-ai-safety,M077,approved,2026-05-27,ManagerPortal
L06333,cert-enterprise-ai-safety,M011,pending,,ManagerPortal
L06334,cert-enterprise-ai-safety,M013,approved,2026-04-29,ManagerPortal
L06335,cert-enterprise-ai-safety,M044,pending,,ManagerPortal
L06336,cert-enterprise-ai-safety,M062,approved,2026-05-04,ManagerPortal
L06337,cert-enterprise-ai-safety,M024,approved,2026-06-06,ManagerPortal
L06338,cert-enterprise-ai-safety,M061,approved,2026-04-25,ManagerPortal
L06339,cert-enterprise-ai-safety,M030,pending,,ManagerPortal
L06340,cert-enterprise-ai-safety,M071,pending,,ManagerPortal
L06341,cert-enterprise-ai-safety,M078,pending,,ManagerPortal
L06342,cert-enterprise-ai-safety,M018,approved,2026-05-17,ManagerPortal
L06343,cert-enterprise-ai-safety,M021,approved,2026-05-11,ManagerPortal
L06344,cert-enterprise-ai-safety,M026,approved,2026-04-26,ManagerPortal
L06345,cert-enterprise-ai-safety,M047,approved,2026-05-21,ManagerPortal
L06346,cert-enterprise-ai-safety,M011,pending,,ManagerPortal
L06347,cert-enterprise-ai-safety,M010,approved,2026-06-05,ManagerPortal
L06348,cert-enterprise-ai-safety,M063,approved,2026-05-21,ManagerPortal
L06349,cert-enterprise-ai-safety,M003,approved,2026-05-15,ManagerPortal
L06350,cert-enterprise-ai-safety,M055,pending,,ManagerPortal
L06351,cert-enterprise-ai-safety,M072,pending,,ManagerPortal
L06352,cert-enterprise-ai-safety,M032,pending,,ManagerPortal
L06353,cert-enterprise-ai-safety,M042,approved,2026-05-11,ManagerPortal
L06354,cert-enterprise-ai-safety,M059,approved,2026-04-29,ManagerPortal
L06355,cert-enterprise-ai-safety,M025,approved,2026-05-07,ManagerPortal
L06356,cert-enterprise-ai-safety,M062,pending,,ManagerPortal
L06357,cert-enterprise-ai-safety,M061,approved,2026-05-07,ManagerPortal
L06358,cert-enterprise-ai-safety,M050,approved,2026-05-13,ManagerPortal
L06359,cert-enterprise-ai-safety,M046,approved,2026-05-30,ManagerPortal
L06360,cert-enterprise-ai-safety,M078,pending,,ManagerPortal
L06361,cert-enterprise-ai-safety,M026,approved,2026-04-28,ManagerPortal
L06362,cert-enterprise-ai-safety,M035,pending,,ManagerPortal
L06363,cert-enterprise-ai-safety,M051,approved,2026-05-21,ManagerPortal
L06364,cert-enterprise-ai-safety,M047,approved,2026-05-13,ManagerPortal
L06365,cert-enterprise-ai-safety,M037,pending,,ManagerPortal
L06366,cert-enterprise-ai-safety,M051,approved,2026-05-05,ManagerPortal
L06367,cert-enterprise-ai-safety,M071,approved,2026-05-03,ManagerPortal
L06368,cert-enterprise-ai-safety,M020,approved,2026-04-28,ManagerPortal
L06369,cert-enterprise-ai-safety,M066,approved,2026-05-16,ManagerPortal
L06370,cert-enterprise-ai-safety,M062,approved,2026-05-05,ManagerPortal
L06371,cert-enterprise-ai-safety,M036,approved,2026-05-10,ManagerPortal
L06372,cert-enterprise-ai-safety,M009,approved,2026-05-18,ManagerPortal
L06373,cert-enterprise-ai-safety,M005,approved,2026-05-05,ManagerPortal
L06374,cert-enterprise-ai-safety,M020,approved,2026-05-02,ManagerPortal
L06375,cert-enterprise-ai-safety,M036,pending,,ManagerPortal
L06376,cert-enterprise-ai-safety,M026,pending,,ManagerPortal
L06377,cert-enterprise-ai-safety,M040,pending,,ManagerPortal
L06378,cert-enterprise-ai-safety,M047,approved,2026-05-27,ManagerPortal
L06379,cert-enterprise-ai-safety,M057,approved,2026-05-16,ManagerPortal
L06380,cert-enterprise-ai-safety,M021,approved,2026-05-01,ManagerPortal
L06381,cert-enterprise-ai-safety,M033,approved,2026-05-17,ManagerPortal
L06382,cert-enterprise-ai-safety,M035,approved,2026-05-04,ManagerPortal
L06383,cert-enterprise-ai-safety,M020,approved,2026-04-26,ManagerPortal
L06384,cert-enterprise-ai-safety,M053,approved,2026-05-25,ManagerPortal
L06385,cert-enterprise-ai-safety,M041,pending,,ManagerPortal
L06386,cert-enterprise-ai-safety,M039,approved,2026-06-01,ManagerPortal
L06387,cert-enterprise-ai-safety,M028,approved,2026-06-01,ManagerPortal
L06388,cert-enterprise-ai-safety,M007,approved,2026-05-24,ManagerPortal
L06389,cert-enterprise-ai-safety,M079,approved,2026-05-05,ManagerPortal
L06390,cert-enterprise-ai-safety,M052,approved,2026-04-25,ManagerPortal
L06391,cert-enterprise-ai-safety,M073,approved,2026-05-13,ManagerPortal
L06392,cert-enterprise-ai-safety,M071,approved,2026-04-26,ManagerPortal
L06393,cert-enterprise-ai-safety,M031,approved,2026-05-21,ManagerPortal
L06394,cert-enterprise-ai-safety,M065,pending,,ManagerPortal
L06395,cert-enterprise-ai-safety,M032,approved,2026-04-24,ManagerPortal
L06396,cert-enterprise-ai-safety,M050,approved,2026-05-12,ManagerPortal
L06397,cert-enterprise-ai-safety,M002,approved,2026-05-18,ManagerPortal
L06398,cert-enterprise-ai-safety,M034,approved,2026-06-02,ManagerPortal
L06399,cert-enterprise-ai-safety,M023,approved,2026-05-02,ManagerPortal
L06400,cert-enterprise-ai-safety,M070,approved,2026-05-11,ManagerPortal
L06401,cert-enterprise-ai-safety,M075,approved,2026-05-25,ManagerPortal
L06402,cert-enterprise-ai-safety,M050,approved,2026-05-31,ManagerPortal
L06403,cert-enterprise-ai-safety,M012,approved,2026-05-26,ManagerPortal
L06404,cert-enterprise-ai-safety,M003,pending,,ManagerPortal
L06405,cert-enterprise-ai-safety,M053,approved,2026-05-06,ManagerPortal
L06406,cert-enterprise-ai-safety,M052,approved,2026-05-25,ManagerPortal
L06407,cert-enterprise-ai-safety,M004,approved,2026-05-04,ManagerPortal
L06408,cert-enterprise-ai-safety,M019,pending,,ManagerPortal
L06409,cert-enterprise-ai-safety,M019,pending,,ManagerPortal
L06410,cert-enterprise-ai-safety,M057,pending,,ManagerPortal
L06411,cert-enterprise-ai-safety,M057,pending,,ManagerPortal
L06412,cert-enterprise-ai-safety,M069,pending,,ManagerPortal
L06413,cert-enterprise-ai-safety,M063,approved,2026-05-05,ManagerPortal
L06414,cert-enterprise-ai-safety,M003,approved,2026-05-25,ManagerPortal
L06415,cert-enterprise-ai-safety,M064,approved,2026-04-23,ManagerPortal
L06416,cert-enterprise-ai-safety,M064,approved,2026-05-13,ManagerPortal
L06417,cert-enterprise-ai-safety,M072,approved,2026-05-19,ManagerPortal
L06418,cert-enterprise-ai-safety,M042,approved,2026-05-16,ManagerPortal
L06419,cert-enterprise-ai-safety,M015,pending,,ManagerPortal
L06420,cert-enterprise-ai-safety,M054,pending,,ManagerPortal
L06421,cert-enterprise-ai-safety,M016,approved,2026-06-03,ManagerPortal
L06422,cert-enterprise-ai-safety,M050,approved,2026-05-27,ManagerPortal
L06423,cert-enterprise-ai-safety,M004,approved,2026-04-28,ManagerPortal
L06424,cert-enterprise-ai-safety,M023,approved,2026-05-06,ManagerPortal
L06425,cert-enterprise-ai-safety,M005,pending,,ManagerPortal
L06426,cert-enterprise-ai-safety,M069,pending,,ManagerPortal
L06427,cert-enterprise-ai-safety,M020,approved,2026-04-25,ManagerPortal
L06428,cert-enterprise-ai-safety,M066,approved,2026-05-20,ManagerPortal
L06429,cert-enterprise-ai-safety,M068,approved,2026-06-05,ManagerPortal
L06430,cert-enterprise-ai-safety,M049,approved,2026-05-28,ManagerPortal
L06431,cert-enterprise-ai-safety,M007,approved,2026-04-28,ManagerPortal
L06432,cert-enterprise-ai-safety,M074,approved,2026-05-20,ManagerPortal
L06433,cert-enterprise-ai-safety,M006,pending,,ManagerPortal
L06434,cert-enterprise-ai-safety,M001,approved,2026-05-11,ManagerPortal
L06435,cert-enterprise-ai-safety,M029,approved,2026-04-27,ManagerPortal
L06436,cert-enterprise-ai-safety,M033,approved,2026-05-23,ManagerPortal
L06437,cert-enterprise-ai-safety,M005,approved,2026-05-29,ManagerPortal
L06438,cert-enterprise-ai-safety,M058,approved,2026-05-02,ManagerPortal
L06439,cert-enterprise-ai-safety,M042,approved,2026-04-29,ManagerPortal
L06440,cert-enterprise-ai-safety,M039,approved,2026-04-29,ManagerPortal
L06441,cert-enterprise-ai-safety,M044,approved,2026-05-13,ManagerPortal
L06442,cert-enterprise-ai-safety,M042,approved,2026-05-25,ManagerPortal
L06443,cert-enterprise-ai-safety,M037,approved,2026-05-30,ManagerPortal
L06444,cert-enterprise-ai-safety,M004,approved,2026-05-01,ManagerPortal
L06445,cert-enterprise-ai-safety,M060,approved,2026-04-26,ManagerPortal
L06446,cert-enterprise-ai-safety,M067,approved,2026-04-24,ManagerPortal
L06447,cert-enterprise-ai-safety,M013,pending,,ManagerPortal
L06448,cert-enterprise-ai-safety,M027,approved,2026-04-28,ManagerPortal
L06449,cert-enterprise-ai-safety,M035,approved,2026-04-24,ManagerPortal
L06450,cert-enterprise-ai-safety,M053,approved,2026-06-02,ManagerPortal
L06451,cert-enterprise-ai-safety,M008,approved,2026-06-01,ManagerPortal
L06452,cert-enterprise-ai-safety,M042,approved,2026-04-27,ManagerPortal
L06453,cert-enterprise-ai-safety,M024,approved,2026-05-25,ManagerPortal
L06454,cert-enterprise-ai-safety,M069,approved,2026-05-02,ManagerPortal
L06455,cert-enterprise-ai-safety,M055,approved,2026-05-26,ManagerPortal
L06456,cert-enterprise-ai-safety,M011,approved,2026-04-28,ManagerPortal
L06457,cert-enterprise-ai-safety,M034,pending,,ManagerPortal
L06458,cert-enterprise-ai-safety,M040,pending,,ManagerPortal
L06459,cert-enterprise-ai-safety,M059,approved,2026-05-16,ManagerPortal
L06460,cert-enterprise-ai-safety,M047,approved,2026-05-11,ManagerPortal
L06461,cert-enterprise-ai-safety,M018,approved,2026-05-01,ManagerPortal
L06462,cert-enterprise-ai-safety,M061,approved,2026-04-26,ManagerPortal
L06463,cert-enterprise-ai-safety,M047,approved,2026-04-30,ManagerPortal
L06464,cert-enterprise-ai-safety,M012,approved,2026-05-26,ManagerPortal
L06465,cert-enterprise-ai-safety,M037,approved,2026-05-29,ManagerPortal
L06466,cert-enterprise-ai-safety,M048,pending,,ManagerPortal
L06467,cert-enterprise-ai-safety,M060,approved,2026-05-25,ManagerPortal
L06468,cert-enterprise-ai-safety,M073,approved,2026-05-27,ManagerPortal
L06469,cert-enterprise-ai-safety,M070,approved,2026-06-01,ManagerPortal
L06470,cert-enterprise-ai-safety,M033,pending,,ManagerPortal
L06471,cert-enterprise-ai-safety,M032,approved,2026-05-22,ManagerPortal
L06472,cert-enterprise-ai-safety,M049,pending,,ManagerPortal
L06473,cert-enterprise-ai-safety,M050,approved,2026-05-18,ManagerPortal
L06474,cert-enterprise-ai-safety,M064,pending,,ManagerPortal
L06475,cert-enterprise-ai-safety,M037,pending,,ManagerPortal
L06476,cert-enterprise-ai-safety,M056,approved,2026-05-31,ManagerPortal
L06477,cert-enterprise-ai-safety,M068,approved,2026-04-25,ManagerPortal
L06478,cert-enterprise-ai-safety,M005,pending,,ManagerPortal
L06479,cert-enterprise-ai-safety,M038,approved,2026-04-25,ManagerPortal
L06480,cert-enterprise-ai-safety,M080,approved,2026-06-01,ManagerPortal
L06481,cert-enterprise-ai-safety,M004,approved,2026-05-31,ManagerPortal
L06482,cert-enterprise-ai-safety,M064,approved,2026-05-18,ManagerPortal
L06483,cert-enterprise-ai-safety,M052,approved,2026-05-06,ManagerPortal
L06484,cert-enterprise-ai-safety,M054,approved,2026-04-30,ManagerPortal
L06485,cert-enterprise-ai-safety,M023,approved,2026-04-26,ManagerPortal
L06486,cert-enterprise-ai-safety,M075,approved,2026-04-23,ManagerPortal
L06487,cert-enterprise-ai-safety,M047,pending,,ManagerPortal
L06488,cert-enterprise-ai-safety,M075,approved,2026-05-20,ManagerPortal
L06489,cert-enterprise-ai-safety,M003,approved,2026-05-28,ManagerPortal
L06490,cert-enterprise-ai-safety,M036,approved,2026-05-21,ManagerPortal
L06491,cert-enterprise-ai-safety,M065,approved,2026-05-15,ManagerPortal
L06492,cert-enterprise-ai-safety,M072,pending,,ManagerPortal
L06493,cert-enterprise-ai-safety,M008,approved,2026-04-30,ManagerPortal
L06494,cert-enterprise-ai-safety,M054,approved,2026-05-13,ManagerPortal
L06495,cert-enterprise-ai-safety,M053,approved,2026-05-23,ManagerPortal
L06496,cert-enterprise-ai-safety,M016,approved,2026-05-12,ManagerPortal
L06497,cert-enterprise-ai-safety,M046,pending,,ManagerPortal
L06498,cert-enterprise-ai-safety,M037,approved,2026-05-19,ManagerPortal
L06499,cert-enterprise-ai-safety,M001,approved,2026-06-01,ManagerPortal
L06500,cert-enterprise-ai-safety,M019,pending,,ManagerPortal
L06501,cert-enterprise-ai-safety,M073,pending,,ManagerPortal
L06502,cert-enterprise-ai-safety,M020,pending,,ManagerPortal
L06503,cert-enterprise-ai-safety,M049,approved,2026-05-24,ManagerPortal
L06504,cert-enterprise-ai-safety,M079,pending,,ManagerPortal
L06505,cert-enterprise-ai-safety,M031,pending,,ManagerPortal
L06506,cert-enterprise-ai-safety,M035,approved,2026-06-02,ManagerPortal
L06507,cert-enterprise-ai-safety,M020,approved,2026-05-25,ManagerPortal
L06508,cert-enterprise-ai-safety,M074,approved,2026-05-17,ManagerPortal
L06509,cert-enterprise-ai-safety,M007,approved,2026-05-15,ManagerPortal
L06510,cert-enterprise-ai-safety,M068,approved,2026-05-13,ManagerPortal
L06511,cert-enterprise-ai-safety,M048,approved,2026-05-27,ManagerPortal
L06512,cert-enterprise-ai-safety,M012,approved,2026-04-25,ManagerPortal
L06513,cert-enterprise-ai-safety,M020,approved,2026-05-07,ManagerPortal
L06514,cert-enterprise-ai-safety,M047,approved,2026-04-28,ManagerPortal
L06515,cert-enterprise-ai-safety,M073,approved,2026-04-29,ManagerPortal
L06516,cert-enterprise-ai-safety,M024,approved,2026-04-27,ManagerPortal
L06517,cert-enterprise-ai-safety,M073,approved,2026-05-05,ManagerPortal
L06518,cert-enterprise-ai-safety,M023,pending,,ManagerPortal
L06519,cert-enterprise-ai-safety,M052,approved,2026-05-10,ManagerPortal
L06520,cert-enterprise-ai-safety,M051,approved,2026-04-30,ManagerPortal
L06521,cert-enterprise-ai-safety,M063,approved,2026-05-09,ManagerPortal
L06522,cert-enterprise-ai-safety,M005,pending,,ManagerPortal
L06523,cert-enterprise-ai-safety,M079,pending,,ManagerPortal
L06524,cert-enterprise-ai-safety,M033,pending,,ManagerPortal
L06525,cert-enterprise-ai-safety,M038,approved,2026-05-09,ManagerPortal
L06526,cert-enterprise-ai-safety,M001,pending,,ManagerPortal
L06527,cert-enterprise-ai-safety,M080,pending,,ManagerPortal
L06528,cert-enterprise-ai-safety,M077,approved,2026-05-05,ManagerPortal
L06529,cert-enterprise-ai-safety,M001,approved,2026-05-10,ManagerPortal
L06530,cert-enterprise-ai-safety,M024,approved,2026-05-12,ManagerPortal
L06531,cert-enterprise-ai-safety,M061,approved,2026-05-01,ManagerPortal
L06532,cert-enterprise-ai-safety,M051,approved,2026-04-27,ManagerPortal
L06533,cert-enterprise-ai-safety,M050,approved,2026-06-01,ManagerPortal
L06534,cert-enterprise-ai-safety,M079,pending,,ManagerPortal
L06535,cert-enterprise-ai-safety,M049,pending,,ManagerPortal
L06536,cert-enterprise-ai-safety,M066,approved,2026-05-14,ManagerPortal
L06537,cert-enterprise-ai-safety,M068,approved,2026-05-12,ManagerPortal
L06538,cert-enterprise-ai-safety,M028,approved,2026-05-02,ManagerPortal
L06539,cert-enterprise-ai-safety,M052,approved,2026-05-04,ManagerPortal
L06540,cert-enterprise-ai-safety,M064,approved,2026-05-01,ManagerPortal
L06541,cert-enterprise-ai-safety,M049,pending,,ManagerPortal
L06542,cert-enterprise-ai-safety,M013,approved,2026-05-28,ManagerPortal
L06543,cert-enterprise-ai-safety,M047,pending,,ManagerPortal
L06544,cert-enterprise-ai-safety,M023,approved,2026-05-23,ManagerPortal
L06545,cert-enterprise-ai-safety,M002,approved,2026-05-04,ManagerPortal
L06546,cert-enterprise-ai-safety,M012,approved,2026-05-30,ManagerPortal
L06547,cert-enterprise-ai-safety,M018,approved,2026-06-02,ManagerPortal
L06548,cert-enterprise-ai-safety,M013,pending,,ManagerPortal
L06549,cert-enterprise-ai-safety,M028,approved,2026-06-04,ManagerPortal
L06550,cert-enterprise-ai-safety,M047,approved,2026-05-23,ManagerPortal
L06551,cert-enterprise-ai-safety,M051,approved,2026-05-28,ManagerPortal
L06552,cert-enterprise-ai-safety,M017,approved,2026-05-21,ManagerPortal
L06553,cert-enterprise-ai-safety,M065,approved,2026-06-02,ManagerPortal
L06554,cert-enterprise-ai-safety,M003,approved,2026-04-28,ManagerPortal
L06555,cert-enterprise-ai-safety,M070,pending,,ManagerPortal
L06556,cert-enterprise-ai-safety,M013,approved,2026-05-31,ManagerPortal
L06557,cert-enterprise-ai-safety,M006,approved,2026-05-29,ManagerPortal
L06558,cert-enterprise-ai-safety,M009,approved,2026-05-08,ManagerPortal
L06559,cert-enterprise-ai-safety,M034,approved,2026-05-02,ManagerPortal
L06560,cert-enterprise-ai-safety,M034,approved,2026-05-02,ManagerPortal
L06561,cert-enterprise-ai-safety,M034,pending,,ManagerPortal
L06562,cert-enterprise-ai-safety,M017,approved,2026-05-18,ManagerPortal
L06563,cert-enterprise-ai-safety,M027,approved,2026-06-03,ManagerPortal
L06564,cert-enterprise-ai-safety,M071,approved,2026-05-04,ManagerPortal
L06565,cert-enterprise-ai-safety,M021,pending,,ManagerPortal
L06566,cert-enterprise-ai-safety,M070,approved,2026-05-23,ManagerPortal
L06567,cert-enterprise-ai-safety,M020,approved,2026-04-30,ManagerPortal
L06568,cert-enterprise-ai-safety,M061,approved,2026-05-23,ManagerPortal
L06569,cert-enterprise-ai-safety,M035,approved,2026-05-06,ManagerPortal
L06570,cert-enterprise-ai-safety,M020,approved,2026-05-11,ManagerPortal
L06571,cert-enterprise-ai-safety,M069,approved,2026-05-20,ManagerPortal
L06572,cert-enterprise-ai-safety,M044,approved,2026-05-07,ManagerPortal
L06573,cert-enterprise-ai-safety,M070,approved,2026-04-29,ManagerPortal
L06574,cert-enterprise-ai-safety,M013,pending,,ManagerPortal
L06575,cert-enterprise-ai-safety,M026,pending,,ManagerPortal
L06576,cert-enterprise-ai-safety,M016,pending,,ManagerPortal
L06577,cert-enterprise-ai-safety,M033,approved,2026-05-21,ManagerPortal
L06578,cert-enterprise-ai-safety,M014,pending,,ManagerPortal
L06579,cert-enterprise-ai-safety,M046,approved,2026-05-30,ManagerPortal
L06580,cert-enterprise-ai-safety,M014,approved,2026-05-17,ManagerPortal
L06581,cert-enterprise-ai-safety,M024,pending,,ManagerPortal
L06582,cert-enterprise-ai-safety,M027,approved,2026-04-27,ManagerPortal
L06583,cert-enterprise-ai-safety,M062,approved,2026-06-02,ManagerPortal
L06584,cert-enterprise-ai-safety,M046,approved,2026-05-23,ManagerPortal
L06585,cert-enterprise-ai-safety,M032,pending,,ManagerPortal
L06586,cert-enterprise-ai-safety,M018,approved,2026-05-23,ManagerPortal
L06587,cert-enterprise-ai-safety,M020,approved,2026-06-03,ManagerPortal
L06588,cert-enterprise-ai-safety,M001,approved,2026-05-22,ManagerPortal
L06589,cert-enterprise-ai-safety,M070,approved,2026-05-27,ManagerPortal
L06590,cert-enterprise-ai-safety,M028,approved,2026-05-13,ManagerPortal
L06591,cert-enterprise-ai-safety,M039,approved,2026-04-28,ManagerPortal
L06592,cert-enterprise-ai-safety,M042,pending,,ManagerPortal
L06593,cert-enterprise-ai-safety,M035,approved,2026-05-09,ManagerPortal
L06594,cert-enterprise-ai-safety,M023,approved,2026-05-22,ManagerPortal
L06595,cert-enterprise-ai-safety,M074,pending,,ManagerPortal
L06596,cert-enterprise-ai-safety,M040,pending,,ManagerPortal
L06597,cert-enterprise-ai-safety,M061,approved,2026-06-04,ManagerPortal
L06598,cert-enterprise-ai-safety,M064,approved,2026-06-01,ManagerPortal
L06599,cert-enterprise-ai-safety,M041,approved,2026-05-17,ManagerPortal
L06600,cert-enterprise-ai-safety,M040,approved,2026-05-29,ManagerPortal
L06601,cert-enterprise-ai-safety,M044,approved,2026-05-19,ManagerPortal
L06602,cert-enterprise-ai-safety,M067,approved,2026-05-07,ManagerPortal
L06603,cert-enterprise-ai-safety,M025,approved,2026-05-28,ManagerPortal
L06604,cert-enterprise-ai-safety,M038,pending,,ManagerPortal
L06605,cert-enterprise-ai-safety,M018,approved,2026-05-10,ManagerPortal
L06606,cert-enterprise-ai-safety,M012,pending,,ManagerPortal
L06607,cert-enterprise-ai-safety,M035,approved,2026-05-24,ManagerPortal
L06608,cert-enterprise-ai-safety,M013,approved,2026-05-17,ManagerPortal
L06609,cert-enterprise-ai-safety,M060,approved,2026-05-07,ManagerPortal
L06610,cert-enterprise-ai-safety,M023,approved,2026-05-12,ManagerPortal
L06611,cert-enterprise-ai-safety,M020,approved,2026-05-16,ManagerPortal
L06612,cert-enterprise-ai-safety,M070,approved,2026-05-23,ManagerPortal
L06613,cert-enterprise-ai-safety,M051,approved,2026-05-06,ManagerPortal
L06614,cert-enterprise-ai-safety,M032,approved,2026-05-01,ManagerPortal
L06615,cert-enterprise-ai-safety,M015,pending,,ManagerPortal
L06616,cert-enterprise-ai-safety,M042,approved,2026-05-17,ManagerPortal
L06617,cert-enterprise-ai-safety,M064,pending,,ManagerPortal
L06618,cert-enterprise-ai-safety,M027,approved,2026-05-26,ManagerPortal
L06619,cert-enterprise-ai-safety,M052,approved,2026-04-27,ManagerPortal
L06620,cert-enterprise-ai-safety,M060,approved,2026-05-18,ManagerPortal
L06621,cert-enterprise-ai-safety,M010,approved,2026-05-09,ManagerPortal
L06622,cert-enterprise-ai-safety,M076,approved,2026-05-23,ManagerPortal
L06623,cert-enterprise-ai-safety,M038,pending,,ManagerPortal
L06624,cert-enterprise-ai-safety,M024,approved,2026-05-16,ManagerPortal
L06625,cert-enterprise-ai-safety,M001,approved,2026-06-02,ManagerPortal
L06626,cert-enterprise-ai-safety,M059,approved,2026-05-23,ManagerPortal
L06627,cert-enterprise-ai-safety,M011,pending,,ManagerPortal
L06628,cert-enterprise-ai-safety,M048,approved,2026-05-06,ManagerPortal
L06629,cert-enterprise-ai-safety,M060,pending,,ManagerPortal
L06630,cert-enterprise-ai-safety,M068,approved,2026-05-05,ManagerPortal
L06631,cert-enterprise-ai-safety,M043,pending,,ManagerPortal
L06632,cert-enterprise-ai-safety,M045,approved,2026-06-06,ManagerPortal
L06633,cert-enterprise-ai-safety,M044,pending,,ManagerPortal
L06634,cert-enterprise-ai-safety,M035,approved,2026-06-04,ManagerPortal
L06635,cert-enterprise-ai-safety,M011,approved,2026-05-18,ManagerPortal
L06636,cert-enterprise-ai-safety,M003,pending,,ManagerPortal
L06637,cert-enterprise-ai-safety,M008,pending,,ManagerPortal
L06638,cert-enterprise-ai-safety,M077,pending,,ManagerPortal
L06639,cert-enterprise-ai-safety,M026,approved,2026-05-28,ManagerPortal
L06640,cert-enterprise-ai-safety,M070,approved,2026-05-11,ManagerPortal
L06641,cert-enterprise-ai-safety,M076,pending,,ManagerPortal
L06642,cert-enterprise-ai-safety,M031,pending,,ManagerPortal
L06643,cert-enterprise-ai-safety,M056,approved,2026-05-07,ManagerPortal
L06644,cert-enterprise-ai-safety,M049,pending,,ManagerPortal
L06645,cert-enterprise-ai-safety,M078,approved,2026-05-08,ManagerPortal
L06646,cert-enterprise-ai-safety,M076,pending,,ManagerPortal
L06647,cert-enterprise-ai-safety,M054,pending,,ManagerPortal
L06648,cert-enterprise-ai-safety,M008,approved,2026-05-11,ManagerPortal
L06649,cert-enterprise-ai-safety,M017,approved,2026-05-02,ManagerPortal
L06650,cert-enterprise-ai-safety,M059,approved,2026-05-05,ManagerPortal
L06651,cert-enterprise-ai-safety,M078,approved,2026-05-17,ManagerPortal
L06652,cert-enterprise-ai-safety,M040,approved,2026-05-17,ManagerPortal
L06653,cert-enterprise-ai-safety,M057,approved,2026-05-27,ManagerPortal
L06654,cert-enterprise-ai-safety,M073,approved,2026-05-28,ManagerPortal
L06655,cert-enterprise-ai-safety,M058,approved,2026-05-03,ManagerPortal
L06656,cert-enterprise-ai-safety,M028,approved,2026-05-22,ManagerPortal
L06657,cert-enterprise-ai-safety,M034,approved,2026-05-08,ManagerPortal
L06658,cert-enterprise-ai-safety,M006,approved,2026-05-06,ManagerPortal
L06659,cert-enterprise-ai-safety,M005,approved,2026-06-04,ManagerPortal
L06660,cert-enterprise-ai-safety,M045,approved,2026-05-12,ManagerPortal
L06661,cert-enterprise-ai-safety,M025,pending,,ManagerPortal
L06662,cert-enterprise-ai-safety,M055,pending,,ManagerPortal
L06663,cert-enterprise-ai-safety,M005,approved,2026-05-26,ManagerPortal
L06664,cert-enterprise-ai-safety,M052,pending,,ManagerPortal
L06665,cert-enterprise-ai-safety,M041,approved,2026-05-06,ManagerPortal
L06666,cert-enterprise-ai-safety,M014,approved,2026-06-03,ManagerPortal
L06667,cert-enterprise-ai-safety,M039,pending,,ManagerPortal
L06668,cert-enterprise-ai-safety,M071,approved,2026-05-20,ManagerPortal
L06669,cert-enterprise-ai-safety,M073,pending,,ManagerPortal
L06670,cert-enterprise-ai-safety,M062,approved,2026-05-18,ManagerPortal
L06671,cert-enterprise-ai-safety,M029,pending,,ManagerPortal
L06672,cert-enterprise-ai-safety,M050,approved,2026-05-09,ManagerPortal
L06673,cert-enterprise-ai-safety,M076,approved,2026-05-04,ManagerPortal
L06674,cert-enterprise-ai-safety,M041,approved,2026-05-23,ManagerPortal
L06675,cert-enterprise-ai-safety,M056,approved,2026-05-12,ManagerPortal
L06676,cert-enterprise-ai-safety,M009,pending,,ManagerPortal
L06677,cert-enterprise-ai-safety,M058,approved,2026-04-29,ManagerPortal
L06678,cert-enterprise-ai-safety,M008,approved,2026-05-20,ManagerPortal
L06679,cert-enterprise-ai-safety,M009,pending,,ManagerPortal
L06680,cert-enterprise-ai-safety,M041,pending,,ManagerPortal
L06681,cert-enterprise-ai-safety,M031,approved,2026-05-27,ManagerPortal
L06682,cert-enterprise-ai-safety,M080,approved,2026-04-30,ManagerPortal
L06683,cert-enterprise-ai-safety,M067,approved,2026-05-30,ManagerPortal
L06684,cert-enterprise-ai-safety,M027,approved,2026-04-29,ManagerPortal
L06685,cert-enterprise-ai-safety,M035,approved,2026-05-21,ManagerPortal
L06686,cert-enterprise-ai-safety,M068,pending,,ManagerPortal
L06687,cert-enterprise-ai-safety,M020,pending,,ManagerPortal
L06688,cert-enterprise-ai-safety,M006,approved,2026-05-24,ManagerPortal
L06689,cert-enterprise-ai-safety,M017,approved,2026-06-06,ManagerPortal
L06690,cert-enterprise-ai-safety,M039,approved,2026-04-24,ManagerPortal
L06691,cert-enterprise-ai-safety,M076,pending,,ManagerPortal
L06692,cert-enterprise-ai-safety,M071,approved,2026-05-27,ManagerPortal
L06693,cert-enterprise-ai-safety,M035,approved,2026-05-07,ManagerPortal
L06694,cert-enterprise-ai-safety,M020,approved,2026-05-08,ManagerPortal
L06695,cert-enterprise-ai-safety,M054,pending,,ManagerPortal
L06696,cert-enterprise-ai-safety,M064,approved,2026-05-05,ManagerPortal
L06697,cert-enterprise-ai-safety,M058,approved,2026-05-12,ManagerPortal
L06698,cert-enterprise-ai-safety,M019,approved,2026-05-15,ManagerPortal
L06699,cert-enterprise-ai-safety,M001,pending,,ManagerPortal
L06700,cert-enterprise-ai-safety,M069,pending,,ManagerPortal
L06701,cert-enterprise-ai-safety,M076,approved,2026-04-29,ManagerPortal
L06702,cert-enterprise-ai-safety,M017,pending,,ManagerPortal
L06703,cert-enterprise-ai-safety,M052,pending,,ManagerPortal
L06704,cert-enterprise-ai-safety,M042,pending,,ManagerPortal
L06705,cert-enterprise-ai-safety,M017,pending,,ManagerPortal
L06706,cert-enterprise-ai-safety,M062,pending,,ManagerPortal
L06707,cert-enterprise-ai-safety,M003,approved,2026-05-13,ManagerPortal
L06708,cert-enterprise-ai-safety,M026,approved,2026-06-03,ManagerPortal
L06709,cert-enterprise-ai-safety,M079,approved,2026-05-20,ManagerPortal
L06710,cert-enterprise-ai-safety,M063,approved,2026-04-27,ManagerPortal
L06711,cert-enterprise-ai-safety,M042,approved,2026-04-23,ManagerPortal
L06712,cert-enterprise-ai-safety,M044,approved,2026-05-27,ManagerPortal
L06713,cert-enterprise-ai-safety,M002,pending,,ManagerPortal
L06714,cert-enterprise-ai-safety,M033,approved,2026-05-07,ManagerPortal
L06715,cert-enterprise-ai-safety,M074,approved,2026-04-30,ManagerPortal
L06716,cert-enterprise-ai-safety,M048,approved,2026-04-26,ManagerPortal
L06717,cert-enterprise-ai-safety,M044,approved,2026-04-28,ManagerPortal
L06718,cert-enterprise-ai-safety,M030,pending,,ManagerPortal
L06719,cert-enterprise-ai-safety,M072,approved,2026-05-01,ManagerPortal
L06720,cert-enterprise-ai-safety,M059,approved,2026-05-05,ManagerPortal
L06721,cert-enterprise-ai-safety,M031,approved,2026-05-27,ManagerPortal
L06722,cert-enterprise-ai-safety,M026,approved,2026-05-13,ManagerPortal
L06723,cert-enterprise-ai-safety,M049,approved,2026-05-18,ManagerPortal
L06724,cert-enterprise-ai-safety,M015,approved,2026-05-27,ManagerPortal
L06725,cert-enterprise-ai-safety,M033,approved,2026-04-27,ManagerPortal
L06726,cert-enterprise-ai-safety,M073,approved,2026-05-11,ManagerPortal
L06727,cert-enterprise-ai-safety,M020,approved,2026-05-08,ManagerPortal
L06728,cert-enterprise-ai-safety,M013,pending,,ManagerPortal
L06729,cert-enterprise-ai-safety,M062,pending,,ManagerPortal
L06730,cert-enterprise-ai-safety,M036,approved,2026-04-25,ManagerPortal
L06731,cert-enterprise-ai-safety,M070,approved,2026-05-31,ManagerPortal
L06732,cert-enterprise-ai-safety,M008,pending,,ManagerPortal
L06733,cert-enterprise-ai-safety,M009,approved,2026-05-22,ManagerPortal
L06734,cert-enterprise-ai-safety,M008,approved,2026-05-13,ManagerPortal
L06735,cert-enterprise-ai-safety,M005,approved,2026-04-26,ManagerPortal
L06736,cert-enterprise-ai-safety,M013,approved,2026-04-29,ManagerPortal
L06737,cert-enterprise-ai-safety,M048,approved,2026-05-19,ManagerPortal
L06738,cert-enterprise-ai-safety,M065,approved,2026-05-05,ManagerPortal
L06739,cert-enterprise-ai-safety,M044,pending,,ManagerPortal
L06740,cert-enterprise-ai-safety,M014,approved,2026-05-12,ManagerPortal
L06741,cert-enterprise-ai-safety,M041,approved,2026-05-01,ManagerPortal
L06742,cert-enterprise-ai-safety,M048,approved,2026-05-02,ManagerPortal
L06743,cert-enterprise-ai-safety,M029,approved,2026-05-30,ManagerPortal
L06744,cert-enterprise-ai-safety,M040,pending,,ManagerPortal
L06745,cert-enterprise-ai-safety,M069,pending,,ManagerPortal
L06746,cert-enterprise-ai-safety,M051,approved,2026-05-08,ManagerPortal
L06747,cert-enterprise-ai-safety,M054,approved,2026-05-12,ManagerPortal
L06748,cert-enterprise-ai-safety,M028,approved,2026-05-19,ManagerPortal
L06749,cert-enterprise-ai-safety,M021,approved,2026-05-10,ManagerPortal
L06750,cert-enterprise-ai-safety,M041,approved,2026-05-26,ManagerPortal
L06751,cert-enterprise-ai-safety,M069,pending,,ManagerPortal
L06752,cert-enterprise-ai-safety,M058,approved,2026-04-30,ManagerPortal
L06753,cert-enterprise-ai-safety,M020,approved,2026-05-06,ManagerPortal
L06754,cert-enterprise-ai-safety,M036,pending,,ManagerPortal
L06755,cert-enterprise-ai-safety,M028,approved,2026-05-17,ManagerPortal
L06756,cert-enterprise-ai-safety,M077,approved,2026-05-25,ManagerPortal
L06757,cert-enterprise-ai-safety,M077,approved,2026-05-17,ManagerPortal
L06758,cert-enterprise-ai-safety,M006,approved,2026-05-25,ManagerPortal
L06759,cert-enterprise-ai-safety,M024,approved,2026-06-02,ManagerPortal
L06760,cert-enterprise-ai-safety,M010,pending,,ManagerPortal
L06761,cert-enterprise-ai-safety,M067,approved,2026-05-08,ManagerPortal
L06762,cert-enterprise-ai-safety,M076,pending,,ManagerPortal
L06763,cert-enterprise-ai-safety,M077,pending,,ManagerPortal
L06764,cert-enterprise-ai-safety,M059,approved,2026-05-22,ManagerPortal
L06765,cert-enterprise-ai-safety,M080,approved,2026-06-02,ManagerPortal
L06766,cert-enterprise-ai-safety,M007,approved,2026-05-16,ManagerPortal
L06767,cert-enterprise-ai-safety,M044,approved,2026-05-19,ManagerPortal
L06768,cert-enterprise-ai-safety,M002,approved,2026-05-17,ManagerPortal
L06769,cert-enterprise-ai-safety,M074,pending,,ManagerPortal
L06770,cert-enterprise-ai-safety,M026,approved,2026-05-15,ManagerPortal
L06771,cert-enterprise-ai-safety,M078,pending,,ManagerPortal
L06772,cert-enterprise-ai-safety,M027,approved,2026-05-24,ManagerPortal
L06773,cert-enterprise-ai-safety,M043,pending,,ManagerPortal
L06774,cert-enterprise-ai-safety,M006,approved,2026-04-24,ManagerPortal
L06775,cert-enterprise-ai-safety,M048,pending,,ManagerPortal
L06776,cert-enterprise-ai-safety,M054,pending,,ManagerPortal
L06777,cert-enterprise-ai-safety,M038,approved,2026-05-18,ManagerPortal
L06778,cert-enterprise-ai-safety,M068,approved,2026-05-29,ManagerPortal
L06779,cert-enterprise-ai-safety,M070,pending,,ManagerPortal
L06780,cert-enterprise-ai-safety,M068,approved,2026-05-17,ManagerPortal
L06781,cert-enterprise-ai-safety,M076,approved,2026-05-05,ManagerPortal
L06782,cert-enterprise-ai-safety,M035,approved,2026-05-25,ManagerPortal
L06783,cert-enterprise-ai-safety,M020,pending,,ManagerPortal
L06784,cert-enterprise-ai-safety,M002,approved,2026-04-27,ManagerPortal
L06785,cert-enterprise-ai-safety,M010,approved,2026-05-25,ManagerPortal
L06786,cert-enterprise-ai-safety,M013,approved,2026-05-26,ManagerPortal
L06787,cert-enterprise-ai-safety,M076,pending,,ManagerPortal
L06788,cert-enterprise-ai-safety,M040,approved,2026-04-26,ManagerPortal
L06789,cert-enterprise-ai-safety,M012,approved,2026-06-05,ManagerPortal
L06790,cert-enterprise-ai-safety,M055,pending,,ManagerPortal
L06791,cert-enterprise-ai-safety,M015,pending,,ManagerPortal
L06792,cert-enterprise-ai-safety,M022,approved,2026-04-24,ManagerPortal
L06793,cert-enterprise-ai-safety,M034,approved,2026-05-26,ManagerPortal
L06794,cert-enterprise-ai-safety,M024,approved,2026-04-29,ManagerPortal
L06795,cert-enterprise-ai-safety,M047,approved,2026-05-18,ManagerPortal
L06796,cert-enterprise-ai-safety,M040,approved,2026-06-06,ManagerPortal
L06797,cert-enterprise-ai-safety,M021,pending,,ManagerPortal
L06798,cert-enterprise-ai-safety,M039,approved,2026-05-28,ManagerPortal
L06799,cert-enterprise-ai-safety,M062,approved,2026-05-15,ManagerPortal
L06800,cert-enterprise-ai-safety,M041,approved,2026-04-29,ManagerPortal
L06801,cert-enterprise-ai-safety,M008,approved,2026-04-27,ManagerPortal
L06802,cert-enterprise-ai-safety,M026,pending,,ManagerPortal
L06803,cert-enterprise-ai-safety,M040,approved,2026-04-29,ManagerPortal
L06804,cert-enterprise-ai-safety,M066,approved,2026-04-26,ManagerPortal
L06805,cert-enterprise-ai-safety,M013,approved,2026-04-28,ManagerPortal
L06806,cert-enterprise-ai-safety,M052,pending,,ManagerPortal
L06807,cert-enterprise-ai-safety,M068,pending,,ManagerPortal
L06808,cert-enterprise-ai-safety,M069,approved,2026-05-27,ManagerPortal
L06809,cert-enterprise-ai-safety,M011,approved,2026-05-13,ManagerPortal
L06810,cert-enterprise-ai-safety,M079,approved,2026-04-23,ManagerPortal
L06811,cert-enterprise-ai-safety,M028,approved,2026-06-06,ManagerPortal
L06812,cert-enterprise-ai-safety,M015,pending,,ManagerPortal
L06813,cert-enterprise-ai-safety,M051,pending,,ManagerPortal
L06814,cert-enterprise-ai-safety,M003,approved,2026-05-25,ManagerPortal
L06815,cert-enterprise-ai-safety,M039,approved,2026-05-31,ManagerPortal
L06816,cert-enterprise-ai-safety,M065,approved,2026-04-25,ManagerPortal
L06817,cert-enterprise-ai-safety,M070,pending,,ManagerPortal
L06818,cert-enterprise-ai-safety,M002,approved,2026-05-05,ManagerPortal
L06819,cert-enterprise-ai-safety,M043,pending,,ManagerPortal
L06820,cert-enterprise-ai-safety,M070,pending,,ManagerPortal
L06821,cert-enterprise-ai-safety,M023,approved,2026-05-10,ManagerPortal
L06822,cert-enterprise-ai-safety,M061,approved,2026-05-14,ManagerPortal
L06823,cert-enterprise-ai-safety,M050,approved,2026-06-06,ManagerPortal
L06824,cert-enterprise-ai-safety,M022,pending,,ManagerPortal
L06825,cert-enterprise-ai-safety,M042,pending,,ManagerPortal
L06826,cert-enterprise-ai-safety,M038,approved,2026-04-25,ManagerPortal
L06827,cert-enterprise-ai-safety,M034,pending,,ManagerPortal
L06828,cert-enterprise-ai-safety,M043,approved,2026-05-26,ManagerPortal
L06829,cert-enterprise-ai-safety,M068,pending,,ManagerPortal
L06830,cert-enterprise-ai-safety,M032,approved,2026-05-30,ManagerPortal
L06831,cert-enterprise-ai-safety,M064,approved,2026-05-26,ManagerPortal
L06832,cert-enterprise-ai-safety,M077,pending,,ManagerPortal
L06833,cert-enterprise-ai-safety,M077,approved,2026-05-11,ManagerPortal
L06834,cert-enterprise-ai-safety,M011,approved,2026-05-06,ManagerPortal
L06835,cert-enterprise-ai-safety,M043,approved,2026-05-21,ManagerPortal
L06836,cert-enterprise-ai-safety,M030,pending,,ManagerPortal
L06837,cert-enterprise-ai-safety,M023,approved,2026-05-13,ManagerPortal
L06838,cert-enterprise-ai-safety,M053,pending,,ManagerPortal
L06839,cert-enterprise-ai-safety,M019,approved,2026-05-09,ManagerPortal
L06840,cert-enterprise-ai-safety,M012,approved,2026-05-04,ManagerPortal
L06841,cert-enterprise-ai-safety,M019,approved,2026-05-18,ManagerPortal
L06842,cert-enterprise-ai-safety,M067,pending,,ManagerPortal
L06843,cert-enterprise-ai-safety,M051,approved,2026-04-24,ManagerPortal
L06844,cert-enterprise-ai-safety,M062,pending,,ManagerPortal
L06845,cert-enterprise-ai-safety,M025,pending,,ManagerPortal
L06846,cert-enterprise-ai-safety,M031,approved,2026-05-27,ManagerPortal
L06847,cert-enterprise-ai-safety,M044,approved,2026-05-16,ManagerPortal
L06848,cert-enterprise-ai-safety,M033,approved,2026-06-03,ManagerPortal
L06849,cert-enterprise-ai-safety,M031,approved,2026-05-02,ManagerPortal
L06850,cert-enterprise-ai-safety,M064,approved,2026-04-27,ManagerPortal
L06851,cert-enterprise-ai-safety,M023,approved,2026-04-24,ManagerPortal
L06852,cert-enterprise-ai-safety,M021,approved,2026-05-10,ManagerPortal
L06853,cert-enterprise-ai-safety,M024,approved,2026-04-25,ManagerPortal
L06854,cert-enterprise-ai-safety,M078,pending,,ManagerPortal
L06855,cert-enterprise-ai-safety,M063,approved,2026-05-27,ManagerPortal
L06856,cert-enterprise-ai-safety,M032,approved,2026-04-30,ManagerPortal
L06857,cert-enterprise-ai-safety,M058,approved,2026-04-23,ManagerPortal
L06858,cert-enterprise-ai-safety,M070,approved,2026-05-26,ManagerPortal
L06859,cert-enterprise-ai-safety,M047,approved,2026-04-28,ManagerPortal
L06860,cert-enterprise-ai-safety,M042,approved,2026-05-07,ManagerPortal
L06861,cert-enterprise-ai-safety,M030,approved,2026-05-22,ManagerPortal
L06862,cert-enterprise-ai-safety,M068,pending,,ManagerPortal
L06863,cert-enterprise-ai-safety,M039,approved,2026-04-29,ManagerPortal
L06864,cert-enterprise-ai-safety,M076,approved,2026-05-09,ManagerPortal
L06865,cert-enterprise-ai-safety,M027,approved,2026-06-05,ManagerPortal
L06866,cert-enterprise-ai-safety,M053,approved,2026-06-02,ManagerPortal
L06867,cert-enterprise-ai-safety,M045,approved,2026-06-02,ManagerPortal
L06868,cert-enterprise-ai-safety,M055,approved,2026-05-07,ManagerPortal
L06869,cert-enterprise-ai-safety,M036,approved,2026-05-16,ManagerPortal
L06870,cert-enterprise-ai-safety,M028,pending,,ManagerPortal
L06871,cert-enterprise-ai-safety,M070,approved,2026-05-29,ManagerPortal
L06872,cert-enterprise-ai-safety,M064,approved,2026-05-19,ManagerPortal
L06873,cert-enterprise-ai-safety,M036,approved,2026-05-18,ManagerPortal
L06874,cert-enterprise-ai-safety,M070,approved,2026-05-22,ManagerPortal
L06875,cert-enterprise-ai-safety,M076,approved,2026-04-23,ManagerPortal
L06876,cert-enterprise-ai-safety,M058,pending,,ManagerPortal
L06877,cert-enterprise-ai-safety,M038,approved,2026-06-02,ManagerPortal
L06878,cert-enterprise-ai-safety,M015,approved,2026-05-07,ManagerPortal
L06879,cert-enterprise-ai-safety,M003,approved,2026-05-20,ManagerPortal
L06880,cert-enterprise-ai-safety,M077,approved,2026-04-23,ManagerPortal
L06881,cert-enterprise-ai-safety,M059,approved,2026-05-14,ManagerPortal
L06882,cert-enterprise-ai-safety,M019,approved,2026-05-30,ManagerPortal
L06883,cert-enterprise-ai-safety,M064,approved,2026-05-30,ManagerPortal
L06884,cert-enterprise-ai-safety,M062,pending,,ManagerPortal
L06885,cert-enterprise-ai-safety,M076,approved,2026-05-02,ManagerPortal
L06886,cert-enterprise-ai-safety,M030,approved,2026-05-07,ManagerPortal
L06887,cert-enterprise-ai-safety,M043,approved,2026-05-31,ManagerPortal
L06888,cert-enterprise-ai-safety,M051,approved,2026-05-30,ManagerPortal
L06889,cert-enterprise-ai-safety,M011,approved,2026-05-03,ManagerPortal
L06890,cert-enterprise-ai-safety,M003,approved,2026-05-23,ManagerPortal
L06891,cert-enterprise-ai-safety,M036,pending,,ManagerPortal
L06892,cert-enterprise-ai-safety,M059,pending,,ManagerPortal
L06893,cert-enterprise-ai-safety,M078,approved,2026-05-06,ManagerPortal
L06894,cert-enterprise-ai-safety,M049,pending,,ManagerPortal
L06895,cert-enterprise-ai-safety,M006,approved,2026-05-07,ManagerPortal
L06896,cert-enterprise-ai-safety,M056,approved,2026-05-05,ManagerPortal
L06897,cert-enterprise-ai-safety,M042,approved,2026-05-28,ManagerPortal
L06898,cert-enterprise-ai-safety,M006,approved,2026-04-30,ManagerPortal
L06899,cert-enterprise-ai-safety,M020,approved,2026-05-02,ManagerPortal
L06900,cert-enterprise-ai-safety,M007,approved,2026-06-03,ManagerPortal
L06901,cert-enterprise-ai-safety,M030,approved,2026-05-04,ManagerPortal
L06902,cert-enterprise-ai-safety,M058,approved,2026-05-26,ManagerPortal
L06903,cert-enterprise-ai-safety,M022,approved,2026-05-05,ManagerPortal
L06904,cert-enterprise-ai-safety,M067,approved,2026-06-06,ManagerPortal
L06905,cert-enterprise-ai-safety,M045,approved,2026-05-29,ManagerPortal
L06906,cert-enterprise-ai-safety,M009,pending,,ManagerPortal
L06907,cert-enterprise-ai-safety,M048,approved,2026-04-24,ManagerPortal
L06908,cert-enterprise-ai-safety,M052,approved,2026-04-28,ManagerPortal
L06909,cert-enterprise-ai-safety,M078,pending,,ManagerPortal
L06910,cert-enterprise-ai-safety,M031,approved,2026-05-06,ManagerPortal
L06911,cert-enterprise-ai-safety,M044,approved,2026-05-07,ManagerPortal
L06912,cert-enterprise-ai-safety,M071,pending,,ManagerPortal
L06913,cert-enterprise-ai-safety,M005,approved,2026-05-21,ManagerPortal
L06914,cert-enterprise-ai-safety,M059,pending,,ManagerPortal
L06915,cert-enterprise-ai-safety,M053,approved,2026-05-26,ManagerPortal
L06916,cert-enterprise-ai-safety,M013,approved,2026-05-09,ManagerPortal
L06917,cert-enterprise-ai-safety,M044,approved,2026-05-24,ManagerPortal
L06918,cert-enterprise-ai-safety,M078,approved,2026-05-19,ManagerPortal
L06919,cert-enterprise-ai-safety,M077,approved,2026-05-11,ManagerPortal
L06920,cert-enterprise-ai-safety,M069,approved,2026-05-16,ManagerPortal
L06921,cert-enterprise-ai-safety,M016,pending,,ManagerPortal
L06922,cert-enterprise-ai-safety,M002,approved,2026-05-22,ManagerPortal
L06923,cert-enterprise-ai-safety,M039,approved,2026-04-29,ManagerPortal
L06924,cert-enterprise-ai-safety,M042,approved,2026-04-27,ManagerPortal
L06925,cert-enterprise-ai-safety,M077,pending,,ManagerPortal
L06926,cert-enterprise-ai-safety,M026,pending,,ManagerPortal
L06927,cert-enterprise-ai-safety,M053,approved,2026-05-06,ManagerPortal
L06928,cert-enterprise-ai-safety,M038,approved,2026-06-05,ManagerPortal
L06929,cert-enterprise-ai-safety,M062,approved,2026-05-13,ManagerPortal
L06930,cert-enterprise-ai-safety,M061,approved,2026-05-27,ManagerPortal
L06931,cert-enterprise-ai-safety,M032,approved,2026-05-06,ManagerPortal
L06932,cert-enterprise-ai-safety,M005,approved,2026-05-18,ManagerPortal
L06933,cert-enterprise-ai-safety,M040,approved,2026-05-01,ManagerPortal
L06934,cert-enterprise-ai-safety,M066,approved,2026-05-12,ManagerPortal
L06935,cert-enterprise-ai-safety,M009,pending,,ManagerPortal
L06936,cert-enterprise-ai-safety,M067,pending,,ManagerPortal
L06937,cert-enterprise-ai-safety,M021,approved,2026-04-28,ManagerPortal
L06938,cert-enterprise-ai-safety,M080,approved,2026-06-04,ManagerPortal
L06939,cert-enterprise-ai-safety,M043,approved,2026-06-02,ManagerPortal
L06940,cert-enterprise-ai-safety,M046,approved,2026-05-15,ManagerPortal
L06941,cert-enterprise-ai-safety,M049,approved,2026-04-30,ManagerPortal
L06942,cert-enterprise-ai-safety,M067,pending,,ManagerPortal
L06943,cert-enterprise-ai-safety,M078,pending,,ManagerPortal
L06944,cert-enterprise-ai-safety,M033,approved,2026-05-30,ManagerPortal
L06945,cert-enterprise-ai-safety,M052,approved,2026-04-23,ManagerPortal
L06946,cert-enterprise-ai-safety,M030,approved,2026-05-30,ManagerPortal
L06947,cert-enterprise-ai-safety,M037,pending,,ManagerPortal
L06948,cert-enterprise-ai-safety,M015,pending,,ManagerPortal
L06949,cert-enterprise-ai-safety,M061,approved,2026-05-29,ManagerPortal
L06950,cert-enterprise-ai-safety,M073,approved,2026-05-02,ManagerPortal
L06951,cert-enterprise-ai-safety,M048,pending,,ManagerPortal
L06952,cert-enterprise-ai-safety,M030,approved,2026-04-26,ManagerPortal
L06953,cert-enterprise-ai-safety,M030,approved,2026-05-18,ManagerPortal
L06954,cert-enterprise-ai-safety,M035,pending,,ManagerPortal
L06955,cert-enterprise-ai-safety,M055,approved,2026-05-21,ManagerPortal
L06956,cert-enterprise-ai-safety,M070,approved,2026-04-30,ManagerPortal
L06957,cert-enterprise-ai-safety,M012,approved,2026-05-15,ManagerPortal
L06958,cert-enterprise-ai-safety,M022,approved,2026-04-27,ManagerPortal
L06959,cert-enterprise-ai-safety,M011,approved,2026-05-03,ManagerPortal
L06960,cert-enterprise-ai-safety,M002,approved,2026-06-04,ManagerPortal
L06961,cert-enterprise-ai-safety,M079,approved,2026-06-05,ManagerPortal
L06962,cert-enterprise-ai-safety,M042,approved,2026-05-19,ManagerPortal
L06963,cert-enterprise-ai-safety,M071,approved,2026-06-01,ManagerPortal
L06964,cert-enterprise-ai-safety,M061,approved,2026-04-25,ManagerPortal
L06965,cert-enterprise-ai-safety,M018,approved,2026-05-07,ManagerPortal
L06966,cert-enterprise-ai-safety,M063,approved,2026-05-24,ManagerPortal
L06967,cert-enterprise-ai-safety,M072,approved,2026-05-05,ManagerPortal
L06968,cert-enterprise-ai-safety,M035,approved,2026-04-28,ManagerPortal
L06969,cert-enterprise-ai-safety,M056,approved,2026-05-19,ManagerPortal
L06970,cert-enterprise-ai-safety,M035,approved,2026-06-03,ManagerPortal
L06971,cert-enterprise-ai-safety,M059,approved,2026-05-22,ManagerPortal
L06972,cert-enterprise-ai-safety,M005,approved,2026-05-06,ManagerPortal
L06973,cert-enterprise-ai-safety,M042,approved,2026-04-28,ManagerPortal
L06974,cert-enterprise-ai-safety,M015,approved,2026-04-24,ManagerPortal
L06975,cert-enterprise-ai-safety,M057,approved,2026-05-21,ManagerPortal
L06976,cert-enterprise-ai-safety,M028,pending,,ManagerPortal
L06977,cert-enterprise-ai-safety,M063,approved,2026-05-11,ManagerPortal
L06978,cert-enterprise-ai-safety,M073,pending,,ManagerPortal
L06979,cert-enterprise-ai-safety,M072,approved,2026-05-24,ManagerPortal
L06980,cert-enterprise-ai-safety,M051,approved,2026-05-30,ManagerPortal
L06981,cert-enterprise-ai-safety,M009,approved,2026-05-24,ManagerPortal
L06982,cert-enterprise-ai-safety,M063,approved,2026-04-30,ManagerPortal
L06983,cert-enterprise-ai-safety,M078,pending,,ManagerPortal
L06984,cert-enterprise-ai-safety,M073,pending,,ManagerPortal
L06985,cert-enterprise-ai-safety,M080,approved,2026-06-04,ManagerPortal
L06986,cert-enterprise-ai-safety,M008,approved,2026-05-09,ManagerPortal
L06987,cert-enterprise-ai-safety,M049,approved,2026-05-03,ManagerPortal
L06988,cert-enterprise-ai-safety,M041,pending,,ManagerPortal
L06989,cert-enterprise-ai-safety,M042,approved,2026-04-23,ManagerPortal
L06990,cert-enterprise-ai-safety,M074,approved,2026-05-22,ManagerPortal
L06991,cert-enterprise-ai-safety,M044,pending,,ManagerPortal
L06992,cert-enterprise-ai-safety,M034,approved,2026-05-13,ManagerPortal
L06993,cert-enterprise-ai-safety,M077,pending,,ManagerPortal
L06994,cert-enterprise-ai-safety,M034,pending,,ManagerPortal
L06995,cert-enterprise-ai-safety,M018,approved,2026-05-28,ManagerPortal
L06996,cert-enterprise-ai-safety,M038,approved,2026-05-24,ManagerPortal
L06997,cert-enterprise-ai-safety,M005,approved,2026-04-28,ManagerPortal
L06998,cert-enterprise-ai-safety,M011,approved,2026-05-18,ManagerPortal
L06999,cert-enterprise-ai-safety,M040,approved,2026-05-26,ManagerPortal
L07000,cert-enterprise-ai-safety,M001,approved,2026-05-02,ManagerPortal
L07001,cert-enterprise-ai-safety,M076,approved,2026-06-06,ManagerPortal
L07002,cert-enterprise-ai-safety,M019,pending,,ManagerPortal
L07003,cert-enterprise-ai-safety,M026,approved,2026-05-04,ManagerPortal
L07004,cert-enterprise-ai-safety,M035,pending,,ManagerPortal
L07005,cert-enterprise-ai-safety,M068,approved,2026-06-06,ManagerPortal
L07006,cert-enterprise-ai-safety,M007,pending,,ManagerPortal
L07007,cert-enterprise-ai-safety,M047,pending,,ManagerPortal
L07008,cert-enterprise-ai-safety,M073,approved,2026-05-10,ManagerPortal
L07009,cert-enterprise-ai-safety,M078,pending,,ManagerPortal
L07010,cert-enterprise-ai-safety,M012,pending,,ManagerPortal
L07011,cert-enterprise-ai-safety,M029,approved,2026-05-04,ManagerPortal
L07012,cert-enterprise-ai-safety,M051,pending,,ManagerPortal
L07013,cert-enterprise-ai-safety,M005,approved,2026-05-17,ManagerPortal
L07014,cert-enterprise-ai-safety,M027,pending,,ManagerPortal
L07015,cert-enterprise-ai-safety,M005,approved,2026-05-05,ManagerPortal
L07016,cert-enterprise-ai-safety,M045,approved,2026-06-04,ManagerPortal
L07017,cert-enterprise-ai-safety,M042,approved,2026-04-23,ManagerPortal
L07018,cert-enterprise-ai-safety,M060,approved,2026-05-23,ManagerPortal
L07019,cert-enterprise-ai-safety,M044,approved,2026-04-28,ManagerPortal
L07020,cert-enterprise-ai-safety,M067,pending,,ManagerPortal
L07021,cert-enterprise-ai-safety,M036,approved,2026-04-23,ManagerPortal
L07022,cert-enterprise-ai-safety,M066,pending,,ManagerPortal
L07023,cert-enterprise-ai-safety,M046,approved,2026-04-28,ManagerPortal
L07024,cert-enterprise-ai-safety,M059,approved,2026-06-03,ManagerPortal
L07025,cert-enterprise-ai-safety,M004,approved,2026-05-29,ManagerPortal
L07026,cert-enterprise-ai-safety,M079,approved,2026-05-30,ManagerPortal
L07027,cert-enterprise-ai-safety,M001,approved,2026-05-26,ManagerPortal
L07028,cert-enterprise-ai-safety,M014,approved,2026-06-06,ManagerPortal
L07029,cert-enterprise-ai-safety,M075,approved,2026-05-18,ManagerPortal
L07030,cert-enterprise-ai-safety,M072,pending,,ManagerPortal
L07031,cert-enterprise-ai-safety,M037,approved,2026-05-16,ManagerPortal
L07032,cert-enterprise-ai-safety,M003,approved,2026-05-12,ManagerPortal
L07033,cert-enterprise-ai-safety,M076,approved,2026-04-28,ManagerPortal
L07034,cert-enterprise-ai-safety,M048,approved,2026-05-04,ManagerPortal
L07035,cert-enterprise-ai-safety,M064,approved,2026-05-20,ManagerPortal
L07036,cert-enterprise-ai-safety,M076,approved,2026-05-28,ManagerPortal
L07037,cert-enterprise-ai-safety,M007,approved,2026-04-26,ManagerPortal
L07038,cert-enterprise-ai-safety,M068,approved,2026-05-03,ManagerPortal
L07039,cert-enterprise-ai-safety,M016,approved,2026-04-27,ManagerPortal
L07040,cert-enterprise-ai-safety,M035,approved,2026-05-19,ManagerPortal
L07041,cert-enterprise-ai-safety,M063,approved,2026-06-02,ManagerPortal
L07042,cert-enterprise-ai-safety,M049,approved,2026-05-27,ManagerPortal
L07043,cert-enterprise-ai-safety,M062,pending,,ManagerPortal
L07044,cert-enterprise-ai-safety,M004,approved,2026-05-24,ManagerPortal
L07045,cert-enterprise-ai-safety,M047,approved,2026-04-30,ManagerPortal
L07046,cert-enterprise-ai-safety,M073,approved,2026-05-26,ManagerPortal
L07047,cert-enterprise-ai-safety,M080,approved,2026-04-30,ManagerPortal
L07048,cert-enterprise-ai-safety,M012,approved,2026-05-27,ManagerPortal
L07049,cert-enterprise-ai-safety,M071,approved,2026-04-23,ManagerPortal
L07050,cert-enterprise-ai-safety,M042,pending,,ManagerPortal
L07051,cert-enterprise-ai-safety,M059,pending,,ManagerPortal
L07052,cert-enterprise-ai-safety,M053,pending,,ManagerPortal
L07053,cert-enterprise-ai-safety,M027,approved,2026-05-22,ManagerPortal
L07054,cert-enterprise-ai-safety,M056,pending,,ManagerPortal
L07055,cert-enterprise-ai-safety,M015,approved,2026-05-24,ManagerPortal
L07056,cert-enterprise-ai-safety,M064,pending,,ManagerPortal
L07057,cert-enterprise-ai-safety,M064,pending,,ManagerPortal
L07058,cert-enterprise-ai-safety,M002,approved,2026-05-08,ManagerPortal
L07059,cert-enterprise-ai-safety,M074,approved,2026-05-05,ManagerPortal
L07060,cert-enterprise-ai-safety,M071,approved,2026-05-03,ManagerPortal
L07061,cert-enterprise-ai-safety,M054,approved,2026-06-05,ManagerPortal
L07062,cert-enterprise-ai-safety,M020,pending,,ManagerPortal
L07063,cert-enterprise-ai-safety,M030,pending,,ManagerPortal
L07064,cert-enterprise-ai-safety,M033,approved,2026-05-26,ManagerPortal
L07065,cert-enterprise-ai-safety,M058,approved,2026-05-23,ManagerPortal
L07066,cert-enterprise-ai-safety,M048,approved,2026-05-22,ManagerPortal
L07067,cert-enterprise-ai-safety,M016,approved,2026-05-30,ManagerPortal
L07068,cert-enterprise-ai-safety,M013,approved,2026-05-26,ManagerPortal
L07069,cert-enterprise-ai-safety,M016,approved,2026-05-07,ManagerPortal
L07070,cert-enterprise-ai-safety,M019,pending,,ManagerPortal
L07071,cert-enterprise-ai-safety,M039,pending,,ManagerPortal
L07072,cert-enterprise-ai-safety,M076,approved,2026-05-05,ManagerPortal
L07073,cert-enterprise-ai-safety,M044,pending,,ManagerPortal
L07074,cert-enterprise-ai-safety,M072,pending,,ManagerPortal
L07075,cert-enterprise-ai-safety,M058,approved,2026-05-21,ManagerPortal
L07076,cert-enterprise-ai-safety,M032,approved,2026-05-03,ManagerPortal
L07077,cert-enterprise-ai-safety,M031,approved,2026-05-17,ManagerPortal
L07078,cert-enterprise-ai-safety,M011,approved,2026-05-31,ManagerPortal
L07079,cert-enterprise-ai-safety,M021,approved,2026-06-05,ManagerPortal
L07080,cert-enterprise-ai-safety,M049,approved,2026-05-09,ManagerPortal
L07081,cert-enterprise-ai-safety,M057,approved,2026-04-30,ManagerPortal
L07082,cert-enterprise-ai-safety,M063,approved,2026-05-24,ManagerPortal
L07083,cert-enterprise-ai-safety,M036,pending,,ManagerPortal
L07084,cert-enterprise-ai-safety,M052,approved,2026-05-18,ManagerPortal
L07085,cert-enterprise-ai-safety,M013,pending,,ManagerPortal
L07086,cert-enterprise-ai-safety,M062,approved,2026-05-18,ManagerPortal
L07087,cert-enterprise-ai-safety,M058,approved,2026-04-27,ManagerPortal
L07088,cert-enterprise-ai-safety,M048,approved,2026-06-01,ManagerPortal
L07089,cert-enterprise-ai-safety,M028,approved,2026-05-01,ManagerPortal
L07090,cert-enterprise-ai-safety,M076,approved,2026-05-06,ManagerPortal
L07091,cert-enterprise-ai-safety,M063,approved,2026-06-05,ManagerPortal
L07092,cert-enterprise-ai-safety,M056,pending,,ManagerPortal
L07093,cert-enterprise-ai-safety,M029,approved,2026-05-08,ManagerPortal
L07094,cert-enterprise-ai-safety,M028,pending,,ManagerPortal
L07095,cert-enterprise-ai-safety,M076,pending,,ManagerPortal
L07096,cert-enterprise-ai-safety,M065,approved,2026-05-26,ManagerPortal
L07097,cert-enterprise-ai-safety,M002,approved,2026-04-26,ManagerPortal
L07098,cert-enterprise-ai-safety,M022,approved,2026-05-18,ManagerPortal
L07099,cert-enterprise-ai-safety,M056,pending,,ManagerPortal
L07100,cert-enterprise-ai-safety,M036,approved,2026-05-23,ManagerPortal
L07101,cert-enterprise-ai-safety,M046,approved,2026-04-26,ManagerPortal
L07102,cert-enterprise-ai-safety,M039,approved,2026-06-06,ManagerPortal
L07103,cert-enterprise-ai-safety,M050,pending,,ManagerPortal
L07104,cert-enterprise-ai-safety,M023,approved,2026-05-29,ManagerPortal
L07105,cert-enterprise-ai-safety,M070,approved,2026-05-06,ManagerPortal
L07106,cert-enterprise-ai-safety,M045,approved,2026-05-07,ManagerPortal
L07107,cert-enterprise-ai-safety,M051,approved,2026-05-23,ManagerPortal
L07108,cert-enterprise-ai-safety,M074,approved,2026-05-09,ManagerPortal
L07109,cert-enterprise-ai-safety,M055,approved,2026-06-05,ManagerPortal
L07110,cert-enterprise-ai-safety,M051,approved,2026-04-24,ManagerPortal
L07111,cert-enterprise-ai-safety,M070,approved,2026-05-22,ManagerPortal
L07112,cert-enterprise-ai-safety,M046,approved,2026-05-19,ManagerPortal
L07113,cert-enterprise-ai-safety,M011,approved,2026-05-05,ManagerPortal
L07114,cert-enterprise-ai-safety,M029,approved,2026-04-29,ManagerPortal
L07115,cert-enterprise-ai-safety,M006,approved,2026-04-26,ManagerPortal
L07116,cert-enterprise-ai-safety,M064,approved,2026-05-02,ManagerPortal
L07117,cert-enterprise-ai-safety,M078,approved,2026-04-29,ManagerPortal
L07118,cert-enterprise-ai-safety,M001,approved,2026-05-26,ManagerPortal
L07119,cert-enterprise-ai-safety,M029,approved,2026-05-12,ManagerPortal
L07120,cert-enterprise-ai-safety,M003,pending,,ManagerPortal
L07121,cert-enterprise-ai-safety,M060,approved,2026-06-02,ManagerPortal
L07122,cert-enterprise-ai-safety,M056,approved,2026-04-30,ManagerPortal
L07123,cert-enterprise-ai-safety,M009,approved,2026-04-30,ManagerPortal
L07124,cert-enterprise-ai-safety,M044,approved,2026-05-20,ManagerPortal
L07125,cert-enterprise-ai-safety,M059,approved,2026-06-06,ManagerPortal
L07126,cert-enterprise-ai-safety,M012,approved,2026-04-24,ManagerPortal
L07127,cert-enterprise-ai-safety,M075,pending,,ManagerPortal
L07128,cert-enterprise-ai-safety,M038,approved,2026-05-04,ManagerPortal
L07129,cert-enterprise-ai-safety,M047,pending,,ManagerPortal
L07130,cert-enterprise-ai-safety,M031,approved,2026-05-08,ManagerPortal
L07131,cert-enterprise-ai-safety,M017,approved,2026-05-14,ManagerPortal
L07132,cert-enterprise-ai-safety,M017,approved,2026-05-10,ManagerPortal
L07133,cert-enterprise-ai-safety,M068,approved,2026-05-23,ManagerPortal
L07134,cert-enterprise-ai-safety,M035,approved,2026-05-19,ManagerPortal
L07135,cert-enterprise-ai-safety,M029,approved,2026-06-01,ManagerPortal
L07136,cert-enterprise-ai-safety,M057,approved,2026-05-02,ManagerPortal
L07137,cert-enterprise-ai-safety,M057,pending,,ManagerPortal
L07138,cert-enterprise-ai-safety,M055,approved,2026-05-31,ManagerPortal
L07139,cert-enterprise-ai-safety,M001,approved,2026-05-23,ManagerPortal
L07140,cert-enterprise-ai-safety,M058,approved,2026-05-24,ManagerPortal
L07141,cert-enterprise-ai-safety,M003,pending,,ManagerPortal
L07142,cert-enterprise-ai-safety,M005,approved,2026-05-09,ManagerPortal
L07143,cert-enterprise-ai-safety,M021,pending,,ManagerPortal
L07144,cert-enterprise-ai-safety,M023,pending,,ManagerPortal
L07145,cert-enterprise-ai-safety,M027,pending,,ManagerPortal
L07146,cert-enterprise-ai-safety,M018,pending,,ManagerPortal
L07147,cert-enterprise-ai-safety,M018,approved,2026-05-10,ManagerPortal
L07148,cert-enterprise-ai-safety,M071,approved,2026-05-12,ManagerPortal
L07149,cert-enterprise-ai-safety,M034,approved,2026-06-01,ManagerPortal
L07150,cert-enterprise-ai-safety,M054,pending,,ManagerPortal
L07151,cert-enterprise-ai-safety,M015,approved,2026-06-02,ManagerPortal
L07152,cert-enterprise-ai-safety,M055,approved,2026-05-01,ManagerPortal
L07153,cert-enterprise-ai-safety,M059,approved,2026-05-28,ManagerPortal
L07154,cert-enterprise-ai-safety,M021,approved,2026-05-15,ManagerPortal
L07155,cert-enterprise-ai-safety,M017,approved,2026-05-10,ManagerPortal
L07156,cert-enterprise-ai-safety,M016,approved,2026-04-24,ManagerPortal
L07157,cert-enterprise-ai-safety,M079,pending,,ManagerPortal
L07158,cert-enterprise-ai-safety,M079,approved,2026-04-29,ManagerPortal
L07159,cert-enterprise-ai-safety,M054,pending,,ManagerPortal
L07160,cert-enterprise-ai-safety,M005,approved,2026-05-18,ManagerPortal
L07161,cert-enterprise-ai-safety,M071,approved,2026-04-25,ManagerPortal
L07162,cert-enterprise-ai-safety,M027,approved,2026-06-06,ManagerPortal
L07163,cert-enterprise-ai-safety,M037,approved,2026-05-30,ManagerPortal
L07164,cert-enterprise-ai-safety,M041,approved,2026-06-05,ManagerPortal
L07165,cert-enterprise-ai-safety,M040,approved,2026-04-23,ManagerPortal
L07166,cert-enterprise-ai-safety,M030,approved,2026-05-23,ManagerPortal
L07167,cert-enterprise-ai-safety,M034,pending,,ManagerPortal
L07168,cert-enterprise-ai-safety,M062,approved,2026-05-18,ManagerPortal
L07169,cert-enterprise-ai-safety,M069,pending,,ManagerPortal
L07170,cert-enterprise-ai-safety,M052,pending,,ManagerPortal
L07171,cert-enterprise-ai-safety,M006,approved,2026-05-07,ManagerPortal
L07172,cert-enterprise-ai-safety,M062,approved,2026-05-25,ManagerPortal
L07173,cert-enterprise-ai-safety,M023,approved,2026-05-08,ManagerPortal
L07174,cert-enterprise-ai-safety,M022,approved,2026-04-26,ManagerPortal
L07175,cert-enterprise-ai-safety,M070,approved,2026-05-10,ManagerPortal
L07176,cert-enterprise-ai-safety,M043,approved,2026-05-27,ManagerPortal
L07177,cert-enterprise-ai-safety,M007,approved,2026-05-20,ManagerPortal
L07178,cert-enterprise-ai-safety,M002,approved,2026-06-03,ManagerPortal
L07179,cert-enterprise-ai-safety,M036,approved,2026-06-05,ManagerPortal
L07180,cert-enterprise-ai-safety,M061,approved,2026-04-24,ManagerPortal
L07181,cert-enterprise-ai-safety,M008,approved,2026-05-31,ManagerPortal
L07182,cert-enterprise-ai-safety,M009,approved,2026-06-05,ManagerPortal
L07183,cert-enterprise-ai-safety,M017,approved,2026-05-17,ManagerPortal
L07184,cert-enterprise-ai-safety,M066,approved,2026-05-07,ManagerPortal
L07185,cert-enterprise-ai-safety,M014,approved,2026-05-20,ManagerPortal
L07186,cert-enterprise-ai-safety,M037,pending,,ManagerPortal
L07187,cert-enterprise-ai-safety,M035,approved,2026-06-05,ManagerPortal
L07188,cert-enterprise-ai-safety,M031,approved,2026-06-02,ManagerPortal
L07189,cert-enterprise-ai-safety,M076,approved,2026-04-30,ManagerPortal
L07190,cert-enterprise-ai-safety,M011,approved,2026-05-27,ManagerPortal
L07191,cert-enterprise-ai-safety,M045,approved,2026-04-25,ManagerPortal
L07192,cert-enterprise-ai-safety,M072,approved,2026-05-14,ManagerPortal
L07193,cert-enterprise-ai-safety,M053,approved,2026-06-05,ManagerPortal
L07194,cert-enterprise-ai-safety,M048,pending,,ManagerPortal
L07195,cert-enterprise-ai-safety,M067,approved,2026-06-05,ManagerPortal
L07196,cert-enterprise-ai-safety,M023,approved,2026-05-16,ManagerPortal
L07197,cert-enterprise-ai-safety,M059,approved,2026-05-07,ManagerPortal
L07198,cert-enterprise-ai-safety,M009,pending,,ManagerPortal
L07199,cert-enterprise-ai-safety,M037,pending,,ManagerPortal
L07200,cert-enterprise-ai-safety,M008,approved,2026-04-30,ManagerPortal
L07201,cert-enterprise-ai-safety,M041,approved,2026-05-03,ManagerPortal
L07202,cert-enterprise-ai-safety,M053,approved,2026-05-13,ManagerPortal
L07203,cert-enterprise-ai-safety,M023,approved,2026-04-30,ManagerPortal
L07204,cert-enterprise-ai-safety,M029,approved,2026-04-23,ManagerPortal
L07205,cert-enterprise-ai-safety,M061,approved,2026-05-05,ManagerPortal
L07206,cert-enterprise-ai-safety,M032,pending,,ManagerPortal
L07207,cert-enterprise-ai-safety,M006,pending,,ManagerPortal
L07208,cert-enterprise-ai-safety,M012,approved,2026-05-08,ManagerPortal
L07209,cert-enterprise-ai-safety,M014,approved,2026-05-17,ManagerPortal
L07210,cert-enterprise-ai-safety,M058,approved,2026-06-04,ManagerPortal
L07211,cert-enterprise-ai-safety,M021,pending,,ManagerPortal
L07212,cert-enterprise-ai-safety,M031,approved,2026-05-31,ManagerPortal
L07213,cert-enterprise-ai-safety,M063,approved,2026-05-02,ManagerPortal
L07214,cert-enterprise-ai-safety,M038,pending,,ManagerPortal
L07215,cert-enterprise-ai-safety,M068,approved,2026-05-19,ManagerPortal
L07216,cert-enterprise-ai-safety,M025,approved,2026-05-10,ManagerPortal
L07217,cert-enterprise-ai-safety,M026,approved,2026-05-26,ManagerPortal
L07218,cert-enterprise-ai-safety,M066,approved,2026-05-25,ManagerPortal
L07219,cert-enterprise-ai-safety,M003,pending,,ManagerPortal
L07220,cert-enterprise-ai-safety,M021,pending,,ManagerPortal
L07221,cert-enterprise-ai-safety,M072,pending,,ManagerPortal
L07222,cert-enterprise-ai-safety,M010,approved,2026-06-03,ManagerPortal
L07223,cert-enterprise-ai-safety,M067,approved,2026-05-05,ManagerPortal
L07224,cert-enterprise-ai-safety,M032,approved,2026-05-30,ManagerPortal
L07225,cert-enterprise-ai-safety,M063,approved,2026-06-06,ManagerPortal
L07226,cert-enterprise-ai-safety,M038,pending,,ManagerPortal
L07227,cert-enterprise-ai-safety,M048,pending,,ManagerPortal
L07228,cert-enterprise-ai-safety,M033,approved,2026-04-29,ManagerPortal
L07229,cert-enterprise-ai-safety,M067,approved,2026-04-30,ManagerPortal
L07230,cert-enterprise-ai-safety,M012,approved,2026-05-17,ManagerPortal
L07231,cert-enterprise-ai-safety,M074,approved,2026-05-23,ManagerPortal
L07232,cert-enterprise-ai-safety,M034,approved,2026-05-27,ManagerPortal
L07233,cert-enterprise-ai-safety,M044,approved,2026-05-12,ManagerPortal
L07234,cert-enterprise-ai-safety,M022,approved,2026-05-12,ManagerPortal
L07235,cert-enterprise-ai-safety,M054,approved,2026-04-25,ManagerPortal
L07236,cert-enterprise-ai-safety,M025,approved,2026-05-29,ManagerPortal
L07237,cert-enterprise-ai-safety,M003,approved,2026-05-17,ManagerPortal
L07238,cert-enterprise-ai-safety,M060,pending,,ManagerPortal
L07239,cert-enterprise-ai-safety,M079,approved,2026-06-06,ManagerPortal
L07240,cert-enterprise-ai-safety,M011,approved,2026-05-27,ManagerPortal
L07241,cert-enterprise-ai-safety,M001,approved,2026-05-22,ManagerPortal
L07242,cert-enterprise-ai-safety,M018,approved,2026-04-28,ManagerPortal
L07243,cert-enterprise-ai-safety,M044,approved,2026-05-03,ManagerPortal
L07244,cert-enterprise-ai-safety,M051,pending,,ManagerPortal
L07245,cert-enterprise-ai-safety,M073,pending,,ManagerPortal
L07246,cert-enterprise-ai-safety,M048,approved,2026-05-18,ManagerPortal
L07247,cert-enterprise-ai-safety,M055,approved,2026-05-03,ManagerPortal
L07248,cert-enterprise-ai-safety,M012,pending,,ManagerPortal
L07249,cert-enterprise-ai-safety,M074,pending,,ManagerPortal
L07250,cert-enterprise-ai-safety,M024,approved,2026-05-25,ManagerPortal
L07251,cert-enterprise-ai-safety,M030,approved,2026-05-11,ManagerPortal
L07252,cert-enterprise-ai-safety,M020,pending,,ManagerPortal
L07253,cert-enterprise-ai-safety,M016,approved,2026-05-17,ManagerPortal
L07254,cert-enterprise-ai-safety,M047,approved,2026-05-31,ManagerPortal
L07255,cert-enterprise-ai-safety,M049,approved,2026-05-03,ManagerPortal
L07256,cert-enterprise-ai-safety,M058,approved,2026-04-28,ManagerPortal
L07257,cert-enterprise-ai-safety,M025,approved,2026-04-24,ManagerPortal
L07258,cert-enterprise-ai-safety,M058,pending,,ManagerPortal
L07259,cert-enterprise-ai-safety,M029,pending,,ManagerPortal
L07260,cert-enterprise-ai-safety,M047,pending,,ManagerPortal
L07261,cert-enterprise-ai-safety,M055,approved,2026-05-01,ManagerPortal
L07262,cert-enterprise-ai-safety,M055,approved,2026-05-02,ManagerPortal
L07263,cert-enterprise-ai-safety,M045,approved,2026-05-22,ManagerPortal
L07264,cert-enterprise-ai-safety,M039,approved,2026-05-06,ManagerPortal
L07265,cert-enterprise-ai-safety,M038,approved,2026-05-23,ManagerPortal
L07266,cert-enterprise-ai-safety,M013,pending,,ManagerPortal
L07267,cert-enterprise-ai-safety,M044,approved,2026-05-08,ManagerPortal
L07268,cert-enterprise-ai-safety,M007,approved,2026-06-04,ManagerPortal
L07269,cert-enterprise-ai-safety,M017,approved,2026-05-12,ManagerPortal
L07270,cert-enterprise-ai-safety,M020,pending,,ManagerPortal
L07271,cert-enterprise-ai-safety,M019,approved,2026-04-27,ManagerPortal
L07272,cert-enterprise-ai-safety,M076,approved,2026-04-23,ManagerPortal
L07273,cert-enterprise-ai-safety,M027,pending,,ManagerPortal
L07274,cert-enterprise-ai-safety,M024,approved,2026-04-27,ManagerPortal
L07275,cert-enterprise-ai-safety,M038,approved,2026-05-11,ManagerPortal
L07276,cert-enterprise-ai-safety,M073,pending,,ManagerPortal
L07277,cert-enterprise-ai-safety,M020,approved,2026-05-02,ManagerPortal
L07278,cert-enterprise-ai-safety,M029,pending,,ManagerPortal
L07279,cert-enterprise-ai-safety,M035,approved,2026-05-16,ManagerPortal
L07280,cert-enterprise-ai-safety,M018,approved,2026-06-05,ManagerPortal
L07281,cert-enterprise-ai-safety,M025,approved,2026-05-11,ManagerPortal
L07282,cert-enterprise-ai-safety,M028,pending,,ManagerPortal
L07283,cert-enterprise-ai-safety,M054,approved,2026-04-30,ManagerPortal
L07284,cert-enterprise-ai-safety,M046,approved,2026-05-02,ManagerPortal
L07285,cert-enterprise-ai-safety,M059,approved,2026-05-31,ManagerPortal
L07286,cert-enterprise-ai-safety,M051,approved,2026-05-03,ManagerPortal
L07287,cert-enterprise-ai-safety,M026,approved,2026-04-29,ManagerPortal
L07288,cert-enterprise-ai-safety,M033,approved,2026-05-23,ManagerPortal
L07289,cert-enterprise-ai-safety,M020,pending,,ManagerPortal
L07290,cert-enterprise-ai-safety,M013,approved,2026-05-16,ManagerPortal
L07291,cert-enterprise-ai-safety,M040,pending,,ManagerPortal
L07292,cert-enterprise-ai-safety,M059,approved,2026-04-28,ManagerPortal
L07293,cert-enterprise-ai-safety,M018,approved,2026-04-26,ManagerPortal
L07294,cert-enterprise-ai-safety,M039,pending,,ManagerPortal
L07295,cert-enterprise-ai-safety,M005,pending,,ManagerPortal
L07296,cert-enterprise-ai-safety,M044,pending,,ManagerPortal
L07297,cert-enterprise-ai-safety,M055,approved,2026-05-16,ManagerPortal
L07298,cert-enterprise-ai-safety,M019,approved,2026-05-29,ManagerPortal
L07299,cert-enterprise-ai-safety,M054,pending,,ManagerPortal
L07300,cert-enterprise-ai-safety,M071,approved,2026-05-01,ManagerPortal
L07301,cert-enterprise-ai-safety,M047,pending,,ManagerPortal
L07302,cert-enterprise-ai-safety,M008,approved,2026-05-15,ManagerPortal
L07303,cert-enterprise-ai-safety,M018,approved,2026-05-11,ManagerPortal
L07304,cert-enterprise-ai-safety,M048,approved,2026-05-11,ManagerPortal
L07305,cert-enterprise-ai-safety,M080,approved,2026-05-03,ManagerPortal
L07306,cert-enterprise-ai-safety,M050,approved,2026-04-29,ManagerPortal
L07307,cert-enterprise-ai-safety,M008,pending,,ManagerPortal
L07308,cert-enterprise-ai-safety,M065,approved,2026-04-28,ManagerPortal
L07309,cert-enterprise-ai-safety,M031,approved,2026-05-06,ManagerPortal
L07310,cert-enterprise-ai-safety,M080,approved,2026-05-10,ManagerPortal
L07311,cert-enterprise-ai-safety,M061,pending,,ManagerPortal
L07312,cert-enterprise-ai-safety,M068,approved,2026-05-29,ManagerPortal
L07313,cert-enterprise-ai-safety,M064,approved,2026-05-16,ManagerPortal
L07314,cert-enterprise-ai-safety,M054,approved,2026-05-12,ManagerPortal
L07315,cert-enterprise-ai-safety,M036,approved,2026-05-08,ManagerPortal
L07316,cert-enterprise-ai-safety,M058,approved,2026-05-08,ManagerPortal
L07317,cert-enterprise-ai-safety,M035,approved,2026-05-14,ManagerPortal
L07318,cert-enterprise-ai-safety,M030,approved,2026-04-23,ManagerPortal
L07319,cert-enterprise-ai-safety,M049,approved,2026-05-18,ManagerPortal
L07320,cert-enterprise-ai-safety,M032,approved,2026-05-04,ManagerPortal
L07321,cert-enterprise-ai-safety,M078,approved,2026-05-05,ManagerPortal
L07322,cert-enterprise-ai-safety,M035,approved,2026-05-31,ManagerPortal
L07323,cert-enterprise-ai-safety,M067,approved,2026-05-22,ManagerPortal
L07324,cert-enterprise-ai-safety,M066,approved,2026-05-15,ManagerPortal
L07325,cert-enterprise-ai-safety,M041,approved,2026-05-18,ManagerPortal
L07326,cert-enterprise-ai-safety,M075,approved,2026-04-25,ManagerPortal
L07327,cert-enterprise-ai-safety,M073,approved,2026-04-24,ManagerPortal
L07328,cert-enterprise-ai-safety,M029,pending,,ManagerPortal
L07329,cert-enterprise-ai-safety,M006,approved,2026-06-01,ManagerPortal
L07330,cert-enterprise-ai-safety,M056,approved,2026-05-15,ManagerPortal
L07331,cert-enterprise-ai-safety,M050,pending,,ManagerPortal
L07332,cert-enterprise-ai-safety,M073,pending,,ManagerPortal
L07333,cert-enterprise-ai-safety,M052,pending,,ManagerPortal
L07334,cert-enterprise-ai-safety,M042,approved,2026-04-29,ManagerPortal
L07335,cert-enterprise-ai-safety,M077,approved,2026-05-11,ManagerPortal
L07336,cert-enterprise-ai-safety,M024,pending,,ManagerPortal
L07337,cert-enterprise-ai-safety,M048,pending,,ManagerPortal
L07338,cert-enterprise-ai-safety,M023,approved,2026-05-11,ManagerPortal
L07339,cert-enterprise-ai-safety,M076,approved,2026-04-29,ManagerPortal
L07340,cert-enterprise-ai-safety,M072,approved,2026-06-01,ManagerPortal
L07341,cert-enterprise-ai-safety,M029,approved,2026-04-27,ManagerPortal
L07342,cert-enterprise-ai-safety,M013,approved,2026-04-24,ManagerPortal
L07343,cert-enterprise-ai-safety,M078,pending,,ManagerPortal
L07344,cert-enterprise-ai-safety,M051,approved,2026-05-15,ManagerPortal
L07345,cert-enterprise-ai-safety,M058,approved,2026-05-03,ManagerPortal
L07346,cert-enterprise-ai-safety,M061,approved,2026-05-11,ManagerPortal
L07347,cert-enterprise-ai-safety,M017,approved,2026-04-23,ManagerPortal
L07348,cert-enterprise-ai-safety,M003,approved,2026-06-06,ManagerPortal
L07349,cert-enterprise-ai-safety,M037,approved,2026-05-16,ManagerPortal
L07350,cert-enterprise-ai-safety,M057,approved,2026-04-25,ManagerPortal
L07351,cert-enterprise-ai-safety,M001,approved,2026-05-23,ManagerPortal
L07352,cert-enterprise-ai-safety,M050,approved,2026-05-18,ManagerPortal
L07353,cert-enterprise-ai-safety,M053,approved,2026-05-09,ManagerPortal
L07354,cert-enterprise-ai-safety,M025,approved,2026-06-05,ManagerPortal
L07355,cert-enterprise-ai-safety,M051,pending,,ManagerPortal
L07356,cert-enterprise-ai-safety,M059,pending,,ManagerPortal
L07357,cert-enterprise-ai-safety,M070,approved,2026-05-24,ManagerPortal
L07358,cert-enterprise-ai-safety,M057,approved,2026-05-07,ManagerPortal
L07359,cert-enterprise-ai-safety,M019,approved,2026-05-15,ManagerPortal
L07360,cert-enterprise-ai-safety,M078,approved,2026-05-04,ManagerPortal
L07361,cert-enterprise-ai-safety,M064,approved,2026-04-28,ManagerPortal
L07362,cert-enterprise-ai-safety,M061,approved,2026-05-04,ManagerPortal
L07363,cert-enterprise-ai-safety,M050,approved,2026-05-29,ManagerPortal
L07364,cert-enterprise-ai-safety,M027,approved,2026-04-28,ManagerPortal
L07365,cert-enterprise-ai-safety,M054,approved,2026-05-28,ManagerPortal
L07366,cert-enterprise-ai-safety,M059,approved,2026-05-03,ManagerPortal
L07367,cert-enterprise-ai-safety,M063,pending,,ManagerPortal
L07368,cert-enterprise-ai-safety,M026,approved,2026-05-10,ManagerPortal
L07369,cert-enterprise-ai-safety,M062,approved,2026-04-30,ManagerPortal
L07370,cert-enterprise-ai-safety,M001,approved,2026-05-07,ManagerPortal
L07371,cert-enterprise-ai-safety,M051,approved,2026-04-23,ManagerPortal
L07372,cert-enterprise-ai-safety,M048,approved,2026-04-24,ManagerPortal
L07373,cert-enterprise-ai-safety,M064,approved,2026-05-12,ManagerPortal
L07374,cert-enterprise-ai-safety,M014,approved,2026-05-30,ManagerPortal
L07375,cert-enterprise-ai-safety,M067,approved,2026-04-23,ManagerPortal
L07376,cert-enterprise-ai-safety,M047,pending,,ManagerPortal
L07377,cert-enterprise-ai-safety,M069,pending,,ManagerPortal
L07378,cert-enterprise-ai-safety,M019,approved,2026-04-27,ManagerPortal
L07379,cert-enterprise-ai-safety,M060,pending,,ManagerPortal
L07380,cert-enterprise-ai-safety,M040,approved,2026-06-05,ManagerPortal
L07381,cert-enterprise-ai-safety,M028,approved,2026-04-25,ManagerPortal
L07382,cert-enterprise-ai-safety,M050,approved,2026-05-14,ManagerPortal
L07383,cert-enterprise-ai-safety,M056,approved,2026-04-25,ManagerPortal
L07384,cert-enterprise-ai-safety,M076,approved,2026-06-06,ManagerPortal
L07385,cert-enterprise-ai-safety,M026,approved,2026-05-12,ManagerPortal
L07386,cert-enterprise-ai-safety,M060,approved,2026-04-25,ManagerPortal
L07387,cert-enterprise-ai-safety,M064,approved,2026-05-30,ManagerPortal
L07388,cert-enterprise-ai-safety,M071,approved,2026-05-30,ManagerPortal
L07389,cert-enterprise-ai-safety,M023,approved,2026-05-10,ManagerPortal
L07390,cert-enterprise-ai-safety,M062,approved,2026-05-13,ManagerPortal
L07391,cert-enterprise-ai-safety,M065,approved,2026-05-23,ManagerPortal
L07392,cert-enterprise-ai-safety,M052,pending,,ManagerPortal
L07393,cert-enterprise-ai-safety,M067,pending,,ManagerPortal
L07394,cert-enterprise-ai-safety,M050,pending,,ManagerPortal
L07395,cert-enterprise-ai-safety,M039,pending,,ManagerPortal
L07396,cert-enterprise-ai-safety,M035,approved,2026-05-25,ManagerPortal
L07397,cert-enterprise-ai-safety,M021,approved,2026-05-08,ManagerPortal
L07398,cert-enterprise-ai-safety,M073,approved,2026-05-12,ManagerPortal
L07399,cert-enterprise-ai-safety,M061,pending,,ManagerPortal
L07400,cert-enterprise-ai-safety,M028,approved,2026-05-03,ManagerPortal
L07401,cert-enterprise-ai-safety,M011,approved,2026-05-16,ManagerPortal
L07402,cert-enterprise-ai-safety,M034,approved,2026-04-29,ManagerPortal
L07403,cert-enterprise-ai-safety,M008,approved,2026-06-04,ManagerPortal
L07404,cert-enterprise-ai-safety,M076,approved,2026-06-04,ManagerPortal
L07405,cert-enterprise-ai-safety,M012,pending,,ManagerPortal
L07406,cert-enterprise-ai-safety,M010,approved,2026-05-18,ManagerPortal
L07407,cert-enterprise-ai-safety,M014,approved,2026-05-27,ManagerPortal
L07408,cert-enterprise-ai-safety,M011,approved,2026-05-27,ManagerPortal
L07409,cert-enterprise-ai-safety,M013,pending,,ManagerPortal
L07410,cert-enterprise-ai-safety,M072,pending,,ManagerPortal
L07411,cert-enterprise-ai-safety,M010,approved,2026-05-16,ManagerPortal
L07412,cert-enterprise-ai-safety,M062,approved,2026-06-02,ManagerPortal
L07413,cert-enterprise-ai-safety,M026,approved,2026-04-27,ManagerPortal
L07414,cert-enterprise-ai-safety,M006,approved,2026-05-01,ManagerPortal
L07415,cert-enterprise-ai-safety,M069,approved,2026-04-26,ManagerPortal
L07416,cert-enterprise-ai-safety,M051,approved,2026-05-16,ManagerPortal
L07417,cert-enterprise-ai-safety,M010,approved,2026-05-29,ManagerPortal
L07418,cert-enterprise-ai-safety,M008,approved,2026-05-24,ManagerPortal
L07419,cert-enterprise-ai-safety,M033,approved,2026-05-20,ManagerPortal
L07420,cert-enterprise-ai-safety,M055,approved,2026-06-05,ManagerPortal
L07421,cert-enterprise-ai-safety,M002,approved,2026-05-28,ManagerPortal
L07422,cert-enterprise-ai-safety,M063,approved,2026-05-21,ManagerPortal
L07423,cert-enterprise-ai-safety,M054,approved,2026-05-13,ManagerPortal
L07424,cert-enterprise-ai-safety,M053,approved,2026-04-27,ManagerPortal
L07425,cert-enterprise-ai-safety,M061,pending,,ManagerPortal
L07426,cert-enterprise-ai-safety,M019,approved,2026-05-09,ManagerPortal
L07427,cert-enterprise-ai-safety,M044,approved,2026-05-10,ManagerPortal
L07428,cert-enterprise-ai-safety,M059,approved,2026-05-17,ManagerPortal
L07429,cert-enterprise-ai-safety,M019,pending,,ManagerPortal
L07430,cert-enterprise-ai-safety,M001,pending,,ManagerPortal
L07431,cert-enterprise-ai-safety,M074,approved,2026-04-28,ManagerPortal
L07432,cert-enterprise-ai-safety,M008,pending,,ManagerPortal
L07433,cert-enterprise-ai-safety,M034,approved,2026-05-12,ManagerPortal
L07434,cert-enterprise-ai-safety,M028,approved,2026-06-05,ManagerPortal
L07435,cert-enterprise-ai-safety,M047,approved,2026-06-06,ManagerPortal
L07436,cert-enterprise-ai-safety,M033,approved,2026-05-09,ManagerPortal
L07437,cert-enterprise-ai-safety,M018,approved,2026-05-14,ManagerPortal
L07438,cert-enterprise-ai-safety,M014,approved,2026-04-29,ManagerPortal
L07439,cert-enterprise-ai-safety,M024,approved,2026-05-02,ManagerPortal
L07440,cert-enterprise-ai-safety,M052,approved,2026-05-20,ManagerPortal
L07441,cert-enterprise-ai-safety,M045,pending,,ManagerPortal
L07442,cert-enterprise-ai-safety,M035,pending,,ManagerPortal
L07443,cert-enterprise-ai-safety,M028,approved,2026-06-04,ManagerPortal
L07444,cert-enterprise-ai-safety,M035,approved,2026-06-05,ManagerPortal
L07445,cert-enterprise-ai-safety,M062,approved,2026-05-28,ManagerPortal
L07446,cert-enterprise-ai-safety,M036,approved,2026-05-29,ManagerPortal
L07447,cert-enterprise-ai-safety,M007,pending,,ManagerPortal
L07448,cert-enterprise-ai-safety,M044,approved,2026-04-26,ManagerPortal
L07449,cert-enterprise-ai-safety,M020,approved,2026-05-06,ManagerPortal
L07450,cert-enterprise-ai-safety,M047,approved,2026-05-25,ManagerPortal
L07451,cert-enterprise-ai-safety,M052,pending,,ManagerPortal
L07452,cert-enterprise-ai-safety,M056,approved,2026-05-05,ManagerPortal
L07453,cert-enterprise-ai-safety,M048,approved,2026-05-10,ManagerPortal
L07454,cert-enterprise-ai-safety,M003,approved,2026-05-31,ManagerPortal
L07455,cert-enterprise-ai-safety,M045,pending,,ManagerPortal
L07456,cert-enterprise-ai-safety,M017,pending,,ManagerPortal
L07457,cert-enterprise-ai-safety,M054,pending,,ManagerPortal
L07458,cert-enterprise-ai-safety,M062,approved,2026-04-25,ManagerPortal
L07459,cert-enterprise-ai-safety,M068,pending,,ManagerPortal
L07460,cert-enterprise-ai-safety,M036,approved,2026-05-13,ManagerPortal
L07461,cert-enterprise-ai-safety,M025,approved,2026-05-24,ManagerPortal
L07462,cert-enterprise-ai-safety,M033,pending,,ManagerPortal
L07463,cert-enterprise-ai-safety,M004,approved,2026-05-30,ManagerPortal
L07464,cert-enterprise-ai-safety,M072,approved,2026-04-28,ManagerPortal
L07465,cert-enterprise-ai-safety,M051,approved,2026-05-31,ManagerPortal
L07466,cert-enterprise-ai-safety,M076,approved,2026-05-18,ManagerPortal
L07467,cert-enterprise-ai-safety,M055,approved,2026-05-31,ManagerPortal
L07468,cert-enterprise-ai-safety,M069,approved,2026-05-13,ManagerPortal
L07469,cert-enterprise-ai-safety,M018,approved,2026-05-08,ManagerPortal
L07470,cert-enterprise-ai-safety,M046,approved,2026-05-19,ManagerPortal
L07471,cert-enterprise-ai-safety,M072,approved,2026-05-11,ManagerPortal
L07472,cert-enterprise-ai-safety,M060,approved,2026-05-30,ManagerPortal
L07473,cert-enterprise-ai-safety,M042,approved,2026-05-19,ManagerPortal
L07474,cert-enterprise-ai-safety,M057,approved,2026-05-26,ManagerPortal
L07475,cert-enterprise-ai-safety,M059,approved,2026-05-28,ManagerPortal
L07476,cert-enterprise-ai-safety,M023,approved,2026-05-03,ManagerPortal
L07477,cert-enterprise-ai-safety,M063,approved,2026-05-27,ManagerPortal
L07478,cert-enterprise-ai-safety,M033,approved,2026-05-23,ManagerPortal
L07479,cert-enterprise-ai-safety,M078,approved,2026-05-16,ManagerPortal
L07480,cert-enterprise-ai-safety,M065,pending,,ManagerPortal
L07481,cert-enterprise-ai-safety,M077,approved,2026-05-27,ManagerPortal
L07482,cert-enterprise-ai-safety,M074,approved,2026-04-29,ManagerPortal
L07483,cert-enterprise-ai-safety,M019,approved,2026-04-26,ManagerPortal
L07484,cert-enterprise-ai-safety,M036,approved,2026-05-27,ManagerPortal
L07485,cert-enterprise-ai-safety,M011,approved,2026-05-10,ManagerPortal
L07486,cert-enterprise-ai-safety,M020,approved,2026-04-28,ManagerPortal
L07487,cert-enterprise-ai-safety,M072,pending,,ManagerPortal
L07488,cert-enterprise-ai-safety,M027,approved,2026-05-31,ManagerPortal
L07489,cert-enterprise-ai-safety,M075,approved,2026-05-12,ManagerPortal
L07490,cert-enterprise-ai-safety,M013,approved,2026-05-29,ManagerPortal
L07491,cert-enterprise-ai-safety,M057,pending,,ManagerPortal
L07492,cert-enterprise-ai-safety,M063,approved,2026-05-30,ManagerPortal
L07493,cert-enterprise-ai-safety,M080,approved,2026-05-10,ManagerPortal
L07494,cert-enterprise-ai-safety,M065,approved,2026-05-22,ManagerPortal
L07495,cert-enterprise-ai-safety,M062,approved,2026-06-04,ManagerPortal
L07496,cert-enterprise-ai-safety,M013,pending,,ManagerPortal
L07497,cert-enterprise-ai-safety,M070,approved,2026-05-07,ManagerPortal
L07498,cert-enterprise-ai-safety,M078,approved,2026-06-06,ManagerPortal
L07499,cert-enterprise-ai-safety,M047,approved,2026-05-27,ManagerPortal
L07500,cert-enterprise-ai-safety,M048,approved,2026-05-06,ManagerPortal
L07501,cert-enterprise-ai-safety,M059,approved,2026-05-01,ManagerPortal
L07502,cert-enterprise-ai-safety,M027,approved,2026-05-05,ManagerPortal
L07503,cert-enterprise-ai-safety,M046,pending,,ManagerPortal
L07504,cert-enterprise-ai-safety,M070,approved,2026-05-08,ManagerPortal
L07505,cert-enterprise-ai-safety,M022,approved,2026-04-29,ManagerPortal
L07506,cert-enterprise-ai-safety,M071,pending,,ManagerPortal
L07507,cert-enterprise-ai-safety,M017,approved,2026-05-10,ManagerPortal
L07508,cert-enterprise-ai-safety,M041,approved,2026-05-22,ManagerPortal
L07509,cert-enterprise-ai-safety,M036,approved,2026-06-02,ManagerPortal
L07510,cert-enterprise-ai-safety,M031,approved,2026-05-17,ManagerPortal
L07511,cert-enterprise-ai-safety,M007,pending,,ManagerPortal
L07512,cert-enterprise-ai-safety,M062,pending,,ManagerPortal
L07513,cert-enterprise-ai-safety,M061,approved,2026-05-01,ManagerPortal
L07514,cert-enterprise-ai-safety,M037,pending,,ManagerPortal
L07515,cert-enterprise-ai-safety,M057,approved,2026-05-29,ManagerPortal
L07516,cert-enterprise-ai-safety,M065,pending,,ManagerPortal
L07517,cert-enterprise-ai-safety,M046,pending,,ManagerPortal
L07518,cert-enterprise-ai-safety,M006,approved,2026-05-31,ManagerPortal
L07519,cert-enterprise-ai-safety,M079,approved,2026-05-15,ManagerPortal
L07520,cert-enterprise-ai-safety,M007,pending,,ManagerPortal
L07521,cert-enterprise-ai-safety,M038,approved,2026-05-06,ManagerPortal
L07522,cert-enterprise-ai-safety,M072,pending,,ManagerPortal
L07523,cert-enterprise-ai-safety,M008,pending,,ManagerPortal
L07524,cert-enterprise-ai-safety,M068,approved,2026-05-05,ManagerPortal
L07525,cert-enterprise-ai-safety,M030,approved,2026-04-30,ManagerPortal
L07526,cert-enterprise-ai-safety,M069,approved,2026-05-15,ManagerPortal
L07527,cert-enterprise-ai-safety,M066,approved,2026-05-30,ManagerPortal
L07528,cert-enterprise-ai-safety,M060,approved,2026-04-30,ManagerPortal
L07529,cert-enterprise-ai-safety,M055,approved,2026-05-28,ManagerPortal
L07530,cert-enterprise-ai-safety,M060,approved,2026-05-17,ManagerPortal
L07531,cert-enterprise-ai-safety,M076,approved,2026-05-18,ManagerPortal
L07532,cert-enterprise-ai-safety,M069,approved,2026-04-29,ManagerPortal
L07533,cert-enterprise-ai-safety,M060,approved,2026-06-06,ManagerPortal
L07534,cert-enterprise-ai-safety,M056,pending,,ManagerPortal
L07535,cert-enterprise-ai-safety,M001,approved,2026-05-31,ManagerPortal
L07536,cert-enterprise-ai-safety,M036,approved,2026-05-29,ManagerPortal
L07537,cert-enterprise-ai-safety,M044,approved,2026-04-24,ManagerPortal
L07538,cert-enterprise-ai-safety,M026,approved,2026-05-28,ManagerPortal
L07539,cert-enterprise-ai-safety,M019,approved,2026-06-02,ManagerPortal
L07540,cert-enterprise-ai-safety,M028,pending,,ManagerPortal
L07541,cert-enterprise-ai-safety,M013,approved,2026-05-10,ManagerPortal
L07542,cert-enterprise-ai-safety,M023,approved,2026-06-04,ManagerPortal
L07543,cert-enterprise-ai-safety,M050,approved,2026-05-06,ManagerPortal
L07544,cert-enterprise-ai-safety,M013,approved,2026-05-18,ManagerPortal
L07545,cert-enterprise-ai-safety,M026,approved,2026-04-27,ManagerPortal
L07546,cert-enterprise-ai-safety,M030,approved,2026-04-26,ManagerPortal
L07547,cert-enterprise-ai-safety,M029,approved,2026-05-21,ManagerPortal
L07548,cert-enterprise-ai-safety,M008,pending,,ManagerPortal
L07549,cert-enterprise-ai-safety,M060,approved,2026-05-29,ManagerPortal
L07550,cert-enterprise-ai-safety,M023,approved,2026-04-30,ManagerPortal
L07551,cert-enterprise-ai-safety,M062,approved,2026-05-16,ManagerPortal
L07552,cert-enterprise-ai-safety,M018,approved,2026-05-09,ManagerPortal
L07553,cert-enterprise-ai-safety,M050,approved,2026-06-01,ManagerPortal
L07554,cert-enterprise-ai-safety,M050,approved,2026-04-24,ManagerPortal
L07555,cert-enterprise-ai-safety,M024,approved,2026-04-26,ManagerPortal
L07556,cert-enterprise-ai-safety,M065,approved,2026-04-25,ManagerPortal
L07557,cert-enterprise-ai-safety,M060,approved,2026-05-20,ManagerPortal
L07558,cert-enterprise-ai-safety,M071,approved,2026-05-29,ManagerPortal
L07559,cert-enterprise-ai-safety,M004,approved,2026-05-12,ManagerPortal
L07560,cert-enterprise-ai-safety,M052,approved,2026-04-26,ManagerPortal
L07561,cert-enterprise-ai-safety,M042,pending,,ManagerPortal
L07562,cert-enterprise-ai-safety,M048,approved,2026-04-30,ManagerPortal
L07563,cert-enterprise-ai-safety,M049,approved,2026-05-09,ManagerPortal
L07564,cert-enterprise-ai-safety,M052,approved,2026-04-27,ManagerPortal
L07565,cert-enterprise-ai-safety,M018,approved,2026-05-05,ManagerPortal
L07566,cert-enterprise-ai-safety,M049,pending,,ManagerPortal
L07567,cert-enterprise-ai-safety,M003,pending,,ManagerPortal
L07568,cert-enterprise-ai-safety,M012,approved,2026-05-10,ManagerPortal
L07569,cert-enterprise-ai-safety,M036,pending,,ManagerPortal
L07570,cert-enterprise-ai-safety,M043,approved,2026-05-27,ManagerPortal
L07571,cert-enterprise-ai-safety,M004,approved,2026-05-11,ManagerPortal
L07572,cert-enterprise-ai-safety,M052,approved,2026-04-30,ManagerPortal
L07573,cert-enterprise-ai-safety,M065,approved,2026-05-03,ManagerPortal
L07574,cert-enterprise-ai-safety,M011,approved,2026-05-25,ManagerPortal
L07575,cert-enterprise-ai-safety,M065,approved,2026-06-01,ManagerPortal
L07576,cert-enterprise-ai-safety,M030,pending,,ManagerPortal
L07577,cert-enterprise-ai-safety,M018,approved,2026-04-30,ManagerPortal
L07578,cert-enterprise-ai-safety,M011,approved,2026-04-23,ManagerPortal
L07579,cert-enterprise-ai-safety,M008,approved,2026-05-09,ManagerPortal
L07580,cert-enterprise-ai-safety,M021,approved,2026-05-02,ManagerPortal
L07581,cert-enterprise-ai-safety,M061,approved,2026-05-21,ManagerPortal
L07582,cert-enterprise-ai-safety,M037,approved,2026-05-01,ManagerPortal
L07583,cert-enterprise-ai-safety,M064,approved,2026-04-29,ManagerPortal
L07584,cert-enterprise-ai-safety,M028,approved,2026-05-17,ManagerPortal
L07585,cert-enterprise-ai-safety,M060,approved,2026-04-25,ManagerPortal
L07586,cert-enterprise-ai-safety,M051,pending,,ManagerPortal
L07587,cert-enterprise-ai-safety,M027,pending,,ManagerPortal
L07588,cert-enterprise-ai-safety,M052,pending,,ManagerPortal
L07589,cert-enterprise-ai-safety,M048,approved,2026-05-03,ManagerPortal
L07590,cert-enterprise-ai-safety,M007,approved,2026-05-12,ManagerPortal
L07591,cert-enterprise-ai-safety,M042,approved,2026-04-28,ManagerPortal
L07592,cert-enterprise-ai-safety,M017,approved,2026-05-10,ManagerPortal
L07593,cert-enterprise-ai-safety,M054,approved,2026-05-22,ManagerPortal
L07594,cert-enterprise-ai-safety,M011,approved,2026-05-27,ManagerPortal
L07595,cert-enterprise-ai-safety,M022,approved,2026-05-17,ManagerPortal
L07596,cert-enterprise-ai-safety,M032,pending,,ManagerPortal
L07597,cert-enterprise-ai-safety,M069,approved,2026-05-09,ManagerPortal
L07598,cert-enterprise-ai-safety,M029,approved,2026-04-26,ManagerPortal
L07599,cert-enterprise-ai-safety,M021,approved,2026-05-27,ManagerPortal
L07600,cert-enterprise-ai-safety,M061,pending,,ManagerPortal
L07601,cert-enterprise-ai-safety,M049,pending,,ManagerPortal
L07602,cert-enterprise-ai-safety,M066,approved,2026-05-19,ManagerPortal
L07603,cert-enterprise-ai-safety,M013,pending,,ManagerPortal
L07604,cert-enterprise-ai-safety,M012,approved,2026-05-15,ManagerPortal
L07605,cert-enterprise-ai-safety,M039,approved,2026-05-23,ManagerPortal
L07606,cert-enterprise-ai-safety,M062,approved,2026-05-05,ManagerPortal
L07607,cert-enterprise-ai-safety,M075,pending,,ManagerPortal
L07608,cert-enterprise-ai-safety,M063,approved,2026-05-01,ManagerPortal
L07609,cert-enterprise-ai-safety,M052,approved,2026-04-28,ManagerPortal
L07610,cert-enterprise-ai-safety,M078,pending,,ManagerPortal
L07611,cert-enterprise-ai-safety,M001,approved,2026-05-15,ManagerPortal
L07612,cert-enterprise-ai-safety,M013,approved,2026-05-12,ManagerPortal
L07613,cert-enterprise-ai-safety,M034,approved,2026-04-24,ManagerPortal
L07614,cert-enterprise-ai-safety,M001,pending,,ManagerPortal
L07615,cert-enterprise-ai-safety,M017,approved,2026-05-25,ManagerPortal
L07616,cert-enterprise-ai-safety,M073,approved,2026-05-07,ManagerPortal
L07617,cert-enterprise-ai-safety,M069,pending,,ManagerPortal
L07618,cert-enterprise-ai-safety,M044,approved,2026-05-16,ManagerPortal
L07619,cert-enterprise-ai-safety,M001,pending,,ManagerPortal
L07620,cert-enterprise-ai-safety,M079,approved,2026-04-27,ManagerPortal
L07621,cert-enterprise-ai-safety,M064,approved,2026-04-24,ManagerPortal
L07622,cert-enterprise-ai-safety,M047,approved,2026-05-14,ManagerPortal
L07623,cert-enterprise-ai-safety,M065,approved,2026-05-24,ManagerPortal
L07624,cert-enterprise-ai-safety,M021,pending,,ManagerPortal
L07625,cert-enterprise-ai-safety,M028,approved,2026-04-29,ManagerPortal
L07626,cert-enterprise-ai-safety,M015,approved,2026-05-11,ManagerPortal
L07627,cert-enterprise-ai-safety,M003,pending,,ManagerPortal
L07628,cert-enterprise-ai-safety,M048,approved,2026-06-03,ManagerPortal
L07629,cert-enterprise-ai-safety,M042,approved,2026-04-27,ManagerPortal
L07630,cert-enterprise-ai-safety,M070,approved,2026-04-25,ManagerPortal
L07631,cert-enterprise-ai-safety,M073,approved,2026-05-26,ManagerPortal
L07632,cert-enterprise-ai-safety,M026,approved,2026-05-30,ManagerPortal
L07633,cert-enterprise-ai-safety,M023,approved,2026-05-09,ManagerPortal
L07634,cert-enterprise-ai-safety,M014,approved,2026-05-01,ManagerPortal
L07635,cert-enterprise-ai-safety,M003,approved,2026-05-31,ManagerPortal
L07636,cert-enterprise-ai-safety,M023,pending,,ManagerPortal
L07637,cert-enterprise-ai-safety,M057,approved,2026-05-06,ManagerPortal
L07638,cert-enterprise-ai-safety,M034,pending,,ManagerPortal
L07639,cert-enterprise-ai-safety,M014,pending,,ManagerPortal
L07640,cert-enterprise-ai-safety,M023,approved,2026-05-02,ManagerPortal
L07641,cert-enterprise-ai-safety,M036,approved,2026-05-13,ManagerPortal
L07642,cert-enterprise-ai-safety,M040,approved,2026-06-05,ManagerPortal
L07643,cert-enterprise-ai-safety,M050,approved,2026-04-23,ManagerPortal
L07644,cert-enterprise-ai-safety,M062,pending,,ManagerPortal
L07645,cert-enterprise-ai-safety,M049,approved,2026-05-30,ManagerPortal
L07646,cert-enterprise-ai-safety,M067,approved,2026-05-18,ManagerPortal
L07647,cert-enterprise-ai-safety,M079,approved,2026-04-23,ManagerPortal
L07648,cert-enterprise-ai-safety,M032,approved,2026-06-03,ManagerPortal
L07649,cert-enterprise-ai-safety,M071,approved,2026-04-23,ManagerPortal
L07650,cert-enterprise-ai-safety,M078,approved,2026-05-05,ManagerPortal
L07651,cert-enterprise-ai-safety,M080,approved,2026-05-30,ManagerPortal
L07652,cert-enterprise-ai-safety,M048,approved,2026-05-12,ManagerPortal
L07653,cert-enterprise-ai-safety,M019,approved,2026-05-09,ManagerPortal
L07654,cert-enterprise-ai-safety,M026,approved,2026-05-24,ManagerPortal
L07655,cert-enterprise-ai-safety,M064,pending,,ManagerPortal
L07656,cert-enterprise-ai-safety,M072,pending,,ManagerPortal
L07657,cert-enterprise-ai-safety,M069,pending,,ManagerPortal
L07658,cert-enterprise-ai-safety,M034,approved,2026-06-02,ManagerPortal
L07659,cert-enterprise-ai-safety,M009,approved,2026-05-13,ManagerPortal
L07660,cert-enterprise-ai-safety,M025,approved,2026-05-29,ManagerPortal
L07661,cert-enterprise-ai-safety,M058,approved,2026-05-19,ManagerPortal
L07662,cert-enterprise-ai-safety,M055,approved,2026-05-18,ManagerPortal
L07663,cert-enterprise-ai-safety,M009,approved,2026-04-26,ManagerPortal
L07664,cert-enterprise-ai-safety,M021,approved,2026-05-18,ManagerPortal
L07665,cert-enterprise-ai-safety,M072,approved,2026-05-28,ManagerPortal
L07666,cert-enterprise-ai-safety,M080,pending,,ManagerPortal
L07667,cert-enterprise-ai-safety,M069,pending,,ManagerPortal
L07668,cert-enterprise-ai-safety,M076,approved,2026-05-05,ManagerPortal
L07669,cert-enterprise-ai-safety,M074,approved,2026-06-03,ManagerPortal
L07670,cert-enterprise-ai-safety,M010,approved,2026-05-14,ManagerPortal
L07671,cert-enterprise-ai-safety,M028,approved,2026-05-07,ManagerPortal
L07672,cert-enterprise-ai-safety,M032,approved,2026-05-18,ManagerPortal
L07673,cert-enterprise-ai-safety,M069,approved,2026-05-03,ManagerPortal
L07674,cert-enterprise-ai-safety,M032,pending,,ManagerPortal
L07675,cert-enterprise-ai-safety,M075,approved,2026-05-07,ManagerPortal
L07676,cert-enterprise-ai-safety,M004,approved,2026-05-04,ManagerPortal
L07677,cert-enterprise-ai-safety,M043,approved,2026-04-26,ManagerPortal
L07678,cert-enterprise-ai-safety,M001,pending,,ManagerPortal
L07679,cert-enterprise-ai-safety,M070,approved,2026-05-02,ManagerPortal
L07680,cert-enterprise-ai-safety,M031,approved,2026-04-28,ManagerPortal
L07681,cert-enterprise-ai-safety,M053,approved,2026-05-30,ManagerPortal
L07682,cert-enterprise-ai-safety,M061,approved,2026-05-13,ManagerPortal
L07683,cert-enterprise-ai-safety,M034,approved,2026-06-06,ManagerPortal
L07684,cert-enterprise-ai-safety,M031,approved,2026-05-10,ManagerPortal
L07685,cert-enterprise-ai-safety,M010,approved,2026-05-08,ManagerPortal
L07686,cert-enterprise-ai-safety,M047,approved,2026-05-22,ManagerPortal
L07687,cert-enterprise-ai-safety,M002,approved,2026-05-03,ManagerPortal
L07688,cert-enterprise-ai-safety,M033,approved,2026-05-15,ManagerPortal
L07689,cert-enterprise-ai-safety,M015,approved,2026-04-29,ManagerPortal
L07690,cert-enterprise-ai-safety,M031,pending,,ManagerPortal
L07691,cert-enterprise-ai-safety,M076,approved,2026-05-22,ManagerPortal
L07692,cert-enterprise-ai-safety,M021,approved,2026-04-23,ManagerPortal
L07693,cert-enterprise-ai-safety,M008,approved,2026-05-26,ManagerPortal
L07694,cert-enterprise-ai-safety,M054,approved,2026-05-31,ManagerPortal
L07695,cert-enterprise-ai-safety,M033,approved,2026-05-22,ManagerPortal
L07696,cert-enterprise-ai-safety,M021,approved,2026-05-25,ManagerPortal
L07697,cert-enterprise-ai-safety,M027,pending,,ManagerPortal
L07698,cert-enterprise-ai-safety,M031,approved,2026-05-22,ManagerPortal
L07699,cert-enterprise-ai-safety,M056,pending,,ManagerPortal
L07700,cert-enterprise-ai-safety,M060,approved,2026-05-10,ManagerPortal
L07701,cert-enterprise-ai-safety,M067,pending,,ManagerPortal
L07702,cert-enterprise-ai-safety,M058,approved,2026-05-07,ManagerPortal
L07703,cert-enterprise-ai-safety,M027,approved,2026-05-14,ManagerPortal
L07704,cert-enterprise-ai-safety,M078,approved,2026-05-24,ManagerPortal
L07705,cert-enterprise-ai-safety,M017,approved,2026-05-19,ManagerPortal
L07706,cert-enterprise-ai-safety,M050,approved,2026-04-23,ManagerPortal
L07707,cert-enterprise-ai-safety,M080,approved,2026-05-07,ManagerPortal
L07708,cert-enterprise-ai-safety,M072,approved,2026-05-18,ManagerPortal
L07709,cert-enterprise-ai-safety,M034,pending,,ManagerPortal
L07710,cert-enterprise-ai-safety,M075,approved,2026-05-22,ManagerPortal
L07711,cert-enterprise-ai-safety,M013,approved,2026-05-07,ManagerPortal
L07712,cert-enterprise-ai-safety,M034,pending,,ManagerPortal
L07713,cert-enterprise-ai-safety,M010,pending,,ManagerPortal
L07714,cert-enterprise-ai-safety,M019,approved,2026-05-25,ManagerPortal
L07715,cert-enterprise-ai-safety,M047,approved,2026-06-03,ManagerPortal
L07716,cert-enterprise-ai-safety,M023,approved,2026-05-12,ManagerPortal
L07717,cert-enterprise-ai-safety,M020,pending,,ManagerPortal
L07718,cert-enterprise-ai-safety,M066,pending,,ManagerPortal
L07719,cert-enterprise-ai-safety,M015,approved,2026-05-23,ManagerPortal
L07720,cert-enterprise-ai-safety,M011,approved,2026-04-27,ManagerPortal
L07721,cert-enterprise-ai-safety,M042,approved,2026-05-29,ManagerPortal
L07722,cert-enterprise-ai-safety,M068,approved,2026-05-21,ManagerPortal
L07723,cert-enterprise-ai-safety,M070,approved,2026-05-23,ManagerPortal
L07724,cert-enterprise-ai-safety,M023,approved,2026-05-23,ManagerPortal
L07725,cert-enterprise-ai-safety,M058,pending,,ManagerPortal
L07726,cert-enterprise-ai-safety,M040,pending,,ManagerPortal
L07727,cert-enterprise-ai-safety,M020,pending,,ManagerPortal
L07728,cert-enterprise-ai-safety,M056,pending,,ManagerPortal
L07729,cert-enterprise-ai-safety,M061,approved,2026-05-28,ManagerPortal
L07730,cert-enterprise-ai-safety,M079,approved,2026-04-29,ManagerPortal
L07731,cert-enterprise-ai-safety,M033,pending,,ManagerPortal
L07732,cert-enterprise-ai-safety,M037,approved,2026-05-12,ManagerPortal
L07733,cert-enterprise-ai-safety,M024,approved,2026-05-31,ManagerPortal
L07734,cert-enterprise-ai-safety,M034,approved,2026-04-26,ManagerPortal
L07735,cert-enterprise-ai-safety,M042,approved,2026-06-02,ManagerPortal
L07736,cert-enterprise-ai-safety,M042,approved,2026-06-01,ManagerPortal
L07737,cert-enterprise-ai-safety,M045,approved,2026-05-08,ManagerPortal
L07738,cert-enterprise-ai-safety,M005,pending,,ManagerPortal
L07739,cert-enterprise-ai-safety,M005,approved,2026-05-28,ManagerPortal
L07740,cert-enterprise-ai-safety,M068,approved,2026-06-01,ManagerPortal
L07741,cert-enterprise-ai-safety,M074,approved,2026-06-06,ManagerPortal
L07742,cert-enterprise-ai-safety,M039,approved,2026-05-28,ManagerPortal
L07743,cert-enterprise-ai-safety,M074,approved,2026-05-29,ManagerPortal
L07744,cert-enterprise-ai-safety,M053,pending,,ManagerPortal
L07745,cert-enterprise-ai-safety,M024,approved,2026-05-30,ManagerPortal
L07746,cert-enterprise-ai-safety,M012,approved,2026-05-21,ManagerPortal
L07747,cert-enterprise-ai-safety,M059,pending,,ManagerPortal
L07748,cert-enterprise-ai-safety,M021,approved,2026-05-01,ManagerPortal
L07749,cert-enterprise-ai-safety,M017,pending,,ManagerPortal
L07750,cert-enterprise-ai-safety,M024,approved,2026-05-07,ManagerPortal
L07751,cert-enterprise-ai-safety,M049,pending,,ManagerPortal
L07752,cert-enterprise-ai-safety,M026,approved,2026-05-23,ManagerPortal
L07753,cert-enterprise-ai-safety,M003,pending,,ManagerPortal
L07754,cert-enterprise-ai-safety,M020,approved,2026-05-20,ManagerPortal
L07755,cert-enterprise-ai-safety,M049,approved,2026-04-25,ManagerPortal
L07756,cert-enterprise-ai-safety,M019,pending,,ManagerPortal
L07757,cert-enterprise-ai-safety,M028,approved,2026-05-05,ManagerPortal
L07758,cert-enterprise-ai-safety,M022,approved,2026-06-04,ManagerPortal
L07759,cert-enterprise-ai-safety,M065,approved,2026-05-26,ManagerPortal
L07760,cert-enterprise-ai-safety,M027,approved,2026-05-29,ManagerPortal
L07761,cert-enterprise-ai-safety,M061,approved,2026-05-02,ManagerPortal
L07762,cert-enterprise-ai-safety,M072,approved,2026-05-10,ManagerPortal
L07763,cert-enterprise-ai-safety,M053,approved,2026-05-17,ManagerPortal
L07764,cert-enterprise-ai-safety,M026,pending,,ManagerPortal
L07765,cert-enterprise-ai-safety,M024,approved,2026-05-20,ManagerPortal
L07766,cert-enterprise-ai-safety,M007,approved,2026-05-11,ManagerPortal
L07767,cert-enterprise-ai-safety,M067,approved,2026-06-05,ManagerPortal
L07768,cert-enterprise-ai-safety,M055,pending,,ManagerPortal
L07769,cert-enterprise-ai-safety,M028,pending,,ManagerPortal
L07770,cert-enterprise-ai-safety,M050,pending,,ManagerPortal
L07771,cert-enterprise-ai-safety,M073,approved,2026-06-05,ManagerPortal
L07772,cert-enterprise-ai-safety,M041,pending,,ManagerPortal
L07773,cert-enterprise-ai-safety,M046,approved,2026-05-30,ManagerPortal
L07774,cert-enterprise-ai-safety,M008,approved,2026-06-04,ManagerPortal
L07775,cert-enterprise-ai-safety,M072,approved,2026-05-21,ManagerPortal
L07776,cert-enterprise-ai-safety,M044,approved,2026-04-24,ManagerPortal
L07777,cert-enterprise-ai-safety,M060,approved,2026-05-13,ManagerPortal
L07778,cert-enterprise-ai-safety,M059,approved,2026-05-13,ManagerPortal
L07779,cert-enterprise-ai-safety,M022,approved,2026-05-14,ManagerPortal
L07780,cert-enterprise-ai-safety,M046,approved,2026-05-10,ManagerPortal
L07781,cert-enterprise-ai-safety,M056,approved,2026-05-23,ManagerPortal
L07782,cert-enterprise-ai-safety,M069,approved,2026-04-29,ManagerPortal
L07783,cert-enterprise-ai-safety,M069,pending,,ManagerPortal
L07784,cert-enterprise-ai-safety,M012,pending,,ManagerPortal
L07785,cert-enterprise-ai-safety,M063,pending,,ManagerPortal
L07786,cert-enterprise-ai-safety,M063,pending,,ManagerPortal
L07787,cert-enterprise-ai-safety,M061,approved,2026-04-28,ManagerPortal
L07788,cert-enterprise-ai-safety,M078,approved,2026-05-20,ManagerPortal
L07789,cert-enterprise-ai-safety,M037,approved,2026-04-30,ManagerPortal
L07790,cert-enterprise-ai-safety,M058,approved,2026-05-08,ManagerPortal
L07791,cert-enterprise-ai-safety,M027,approved,2026-05-27,ManagerPortal
L07792,cert-enterprise-ai-safety,M006,approved,2026-05-01,ManagerPortal
L07793,cert-enterprise-ai-safety,M022,pending,,ManagerPortal
L07794,cert-enterprise-ai-safety,M004,approved,2026-04-24,ManagerPortal
L07795,cert-enterprise-ai-safety,M036,pending,,ManagerPortal
L07796,cert-enterprise-ai-safety,M076,approved,2026-05-14,ManagerPortal
L07797,cert-enterprise-ai-safety,M072,approved,2026-05-11,ManagerPortal
L07798,cert-enterprise-ai-safety,M023,approved,2026-04-26,ManagerPortal
L07799,cert-enterprise-ai-safety,M078,pending,,ManagerPortal
L07800,cert-enterprise-ai-safety,M078,pending,,ManagerPortal
L07801,cert-enterprise-ai-safety,M002,pending,,ManagerPortal
L07802,cert-enterprise-ai-safety,M051,approved,2026-05-24,ManagerPortal
L07803,cert-enterprise-ai-safety,M068,approved,2026-05-03,ManagerPortal
L07804,cert-enterprise-ai-safety,M077,approved,2026-05-28,ManagerPortal
L07805,cert-enterprise-ai-safety,M074,approved,2026-05-14,ManagerPortal
L07806,cert-enterprise-ai-safety,M007,pending,,ManagerPortal
L07807,cert-enterprise-ai-safety,M060,approved,2026-04-26,ManagerPortal
L07808,cert-enterprise-ai-safety,M021,approved,2026-05-19,ManagerPortal
L07809,cert-enterprise-ai-safety,M030,pending,,ManagerPortal
L07810,cert-enterprise-ai-safety,M068,approved,2026-05-27,ManagerPortal
L07811,cert-enterprise-ai-safety,M046,approved,2026-06-06,ManagerPortal
L07812,cert-enterprise-ai-safety,M002,approved,2026-05-27,ManagerPortal
L07813,cert-enterprise-ai-safety,M079,approved,2026-05-03,ManagerPortal
L07814,cert-enterprise-ai-safety,M042,approved,2026-05-15,ManagerPortal
L07815,cert-enterprise-ai-safety,M006,approved,2026-06-04,ManagerPortal
L07816,cert-enterprise-ai-safety,M042,approved,2026-06-02,ManagerPortal
L07817,cert-enterprise-ai-safety,M043,approved,2026-06-06,ManagerPortal
L07818,cert-enterprise-ai-safety,M013,approved,2026-05-22,ManagerPortal
L07819,cert-enterprise-ai-safety,M076,approved,2026-05-21,ManagerPortal
L07820,cert-enterprise-ai-safety,M040,pending,,ManagerPortal
L07821,cert-enterprise-ai-safety,M077,pending,,ManagerPortal
L07822,cert-enterprise-ai-safety,M008,pending,,ManagerPortal
L07823,cert-enterprise-ai-safety,M066,approved,2026-04-26,ManagerPortal
L07824,cert-enterprise-ai-safety,M012,approved,2026-05-30,ManagerPortal
L07825,cert-enterprise-ai-safety,M023,approved,2026-05-16,ManagerPortal
L07826,cert-enterprise-ai-safety,M047,approved,2026-04-26,ManagerPortal
L07827,cert-enterprise-ai-safety,M013,approved,2026-05-11,ManagerPortal
L07828,cert-enterprise-ai-safety,M071,pending,,ManagerPortal
L07829,cert-enterprise-ai-safety,M047,approved,2026-05-07,ManagerPortal
L07830,cert-enterprise-ai-safety,M011,approved,2026-04-27,ManagerPortal
L07831,cert-enterprise-ai-safety,M070,approved,2026-05-24,ManagerPortal
L07832,cert-enterprise-ai-safety,M018,approved,2026-05-25,ManagerPortal
L07833,cert-enterprise-ai-safety,M065,approved,2026-04-25,ManagerPortal
L07834,cert-enterprise-ai-safety,M006,approved,2026-05-11,ManagerPortal
L07835,cert-enterprise-ai-safety,M007,approved,2026-05-01,ManagerPortal
L07836,cert-enterprise-ai-safety,M064,pending,,ManagerPortal
L07837,cert-enterprise-ai-safety,M071,approved,2026-05-31,ManagerPortal
L07838,cert-enterprise-ai-safety,M059,approved,2026-05-02,ManagerPortal
L07839,cert-enterprise-ai-safety,M020,approved,2026-05-06,ManagerPortal
L07840,cert-enterprise-ai-safety,M006,pending,,ManagerPortal
L07841,cert-enterprise-ai-safety,M034,pending,,ManagerPortal
L07842,cert-enterprise-ai-safety,M022,approved,2026-05-09,ManagerPortal
L07843,cert-enterprise-ai-safety,M029,pending,,ManagerPortal
L07844,cert-enterprise-ai-safety,M061,pending,,ManagerPortal
L07845,cert-enterprise-ai-safety,M005,approved,2026-05-19,ManagerPortal
L07846,cert-enterprise-ai-safety,M036,approved,2026-05-10,ManagerPortal
L07847,cert-enterprise-ai-safety,M012,pending,,ManagerPortal
L07848,cert-enterprise-ai-safety,M071,approved,2026-06-03,ManagerPortal
L07849,cert-enterprise-ai-safety,M030,approved,2026-05-24,ManagerPortal
L07850,cert-enterprise-ai-safety,M080,approved,2026-05-22,ManagerPortal
L07851,cert-enterprise-ai-safety,M050,approved,2026-05-27,ManagerPortal
L07852,cert-enterprise-ai-safety,M057,approved,2026-05-27,ManagerPortal
L07853,cert-enterprise-ai-safety,M051,approved,2026-05-12,ManagerPortal
L07854,cert-enterprise-ai-safety,M075,approved,2026-06-01,ManagerPortal
L07855,cert-enterprise-ai-safety,M073,approved,2026-05-27,ManagerPortal
L07856,cert-enterprise-ai-safety,M070,pending,,ManagerPortal
L07857,cert-enterprise-ai-safety,M050,approved,2026-05-31,ManagerPortal
L07858,cert-enterprise-ai-safety,M019,approved,2026-05-05,ManagerPortal
L07859,cert-enterprise-ai-safety,M067,pending,,ManagerPortal
L07860,cert-enterprise-ai-safety,M034,approved,2026-05-04,ManagerPortal
L07861,cert-enterprise-ai-safety,M065,pending,,ManagerPortal
L07862,cert-enterprise-ai-safety,M069,approved,2026-06-02,ManagerPortal
L07863,cert-enterprise-ai-safety,M057,approved,2026-05-10,ManagerPortal
L07864,cert-enterprise-ai-safety,M046,approved,2026-05-01,ManagerPortal
L07865,cert-enterprise-ai-safety,M022,approved,2026-05-03,ManagerPortal
L07866,cert-enterprise-ai-safety,M046,approved,2026-05-01,ManagerPortal
L07867,cert-enterprise-ai-safety,M060,approved,2026-05-13,ManagerPortal
L07868,cert-enterprise-ai-safety,M072,approved,2026-05-21,ManagerPortal
L07869,cert-enterprise-ai-safety,M043,pending,,ManagerPortal
L07870,cert-enterprise-ai-safety,M012,approved,2026-05-04,ManagerPortal
L07871,cert-enterprise-ai-safety,M053,approved,2026-05-28,ManagerPortal
L07872,cert-enterprise-ai-safety,M077,approved,2026-06-06,ManagerPortal
L07873,cert-enterprise-ai-safety,M035,approved,2026-05-21,ManagerPortal
L07874,cert-enterprise-ai-safety,M079,pending,,ManagerPortal
L07875,cert-enterprise-ai-safety,M039,approved,2026-05-27,ManagerPortal
L07876,cert-enterprise-ai-safety,M030,approved,2026-04-30,ManagerPortal
L07877,cert-enterprise-ai-safety,M041,approved,2026-04-26,ManagerPortal
L07878,cert-enterprise-ai-safety,M057,pending,,ManagerPortal
L07879,cert-enterprise-ai-safety,M043,approved,2026-05-09,ManagerPortal
L07880,cert-enterprise-ai-safety,M002,approved,2026-05-28,ManagerPortal
L07881,cert-enterprise-ai-safety,M016,approved,2026-05-27,ManagerPortal
L07882,cert-enterprise-ai-safety,M017,approved,2026-05-24,ManagerPortal
L07883,cert-enterprise-ai-safety,M004,pending,,ManagerPortal
L07884,cert-enterprise-ai-safety,M008,pending,,ManagerPortal
L07885,cert-enterprise-ai-safety,M026,pending,,ManagerPortal
L07886,cert-enterprise-ai-safety,M034,pending,,ManagerPortal
L07887,cert-enterprise-ai-safety,M052,approved,2026-05-25,ManagerPortal
L07888,cert-enterprise-ai-safety,M031,approved,2026-04-26,ManagerPortal
L07889,cert-enterprise-ai-safety,M039,approved,2026-05-20,ManagerPortal
L07890,cert-enterprise-ai-safety,M062,approved,2026-05-08,ManagerPortal
L07891,cert-enterprise-ai-safety,M032,approved,2026-05-13,ManagerPortal
L07892,cert-enterprise-ai-safety,M067,pending,,ManagerPortal
L07893,cert-enterprise-ai-safety,M079,pending,,ManagerPortal
L07894,cert-enterprise-ai-safety,M046,approved,2026-05-26,ManagerPortal
L07895,cert-enterprise-ai-safety,M003,pending,,ManagerPortal
L07896,cert-enterprise-ai-safety,M067,approved,2026-05-10,ManagerPortal
L07897,cert-enterprise-ai-safety,M030,approved,2026-05-25,ManagerPortal
L07898,cert-enterprise-ai-safety,M043,pending,,ManagerPortal
L07899,cert-enterprise-ai-safety,M065,approved,2026-04-28,ManagerPortal
L07900,cert-enterprise-ai-safety,M032,approved,2026-05-08,ManagerPortal
L07901,cert-enterprise-ai-safety,M048,approved,2026-05-12,ManagerPortal
L07902,cert-enterprise-ai-safety,M004,approved,2026-05-08,ManagerPortal
L07903,cert-enterprise-ai-safety,M052,approved,2026-05-21,ManagerPortal
L07904,cert-enterprise-ai-safety,M003,pending,,ManagerPortal
L07905,cert-enterprise-ai-safety,M033,approved,2026-05-08,ManagerPortal
L07906,cert-enterprise-ai-safety,M064,approved,2026-05-14,ManagerPortal
L07907,cert-enterprise-ai-safety,M018,approved,2026-04-26,ManagerPortal
L07908,cert-enterprise-ai-safety,M025,approved,2026-06-02,ManagerPortal
L07909,cert-enterprise-ai-safety,M032,pending,,ManagerPortal
L07910,cert-enterprise-ai-safety,M048,approved,2026-05-25,ManagerPortal
L07911,cert-enterprise-ai-safety,M072,approved,2026-05-10,ManagerPortal
L07912,cert-enterprise-ai-safety,M047,approved,2026-05-30,ManagerPortal
L07913,cert-enterprise-ai-safety,M007,approved,2026-05-25,ManagerPortal
L07914,cert-enterprise-ai-safety,M026,approved,2026-06-04,ManagerPortal
L07915,cert-enterprise-ai-safety,M007,approved,2026-04-27,ManagerPortal
L07916,cert-enterprise-ai-safety,M011,approved,2026-05-14,ManagerPortal
L07917,cert-enterprise-ai-safety,M074,approved,2026-05-23,ManagerPortal
L07918,cert-enterprise-ai-safety,M011,approved,2026-05-01,ManagerPortal
L07919,cert-enterprise-ai-safety,M016,pending,,ManagerPortal
L07920,cert-enterprise-ai-safety,M051,approved,2026-06-01,ManagerPortal
L07921,cert-enterprise-ai-safety,M057,approved,2026-05-24,ManagerPortal
L07922,cert-enterprise-ai-safety,M006,pending,,ManagerPortal
L07923,cert-enterprise-ai-safety,M015,approved,2026-04-28,ManagerPortal
L07924,cert-enterprise-ai-safety,M053,approved,2026-06-05,ManagerPortal
L07925,cert-enterprise-ai-safety,M030,approved,2026-05-01,ManagerPortal
L07926,cert-enterprise-ai-safety,M027,approved,2026-05-16,ManagerPortal
L07927,cert-enterprise-ai-safety,M022,pending,,ManagerPortal
L07928,cert-enterprise-ai-safety,M022,approved,2026-04-26,ManagerPortal
L07929,cert-enterprise-ai-safety,M031,approved,2026-05-17,ManagerPortal
L07930,cert-enterprise-ai-safety,M038,approved,2026-04-28,ManagerPortal
L07931,cert-enterprise-ai-safety,M063,approved,2026-05-08,ManagerPortal
L07932,cert-enterprise-ai-safety,M057,approved,2026-05-27,ManagerPortal
L07933,cert-enterprise-ai-safety,M079,approved,2026-05-05,ManagerPortal
L07934,cert-enterprise-ai-safety,M054,approved,2026-05-08,ManagerPortal
L07935,cert-enterprise-ai-safety,M047,pending,,ManagerPortal
L07936,cert-enterprise-ai-safety,M006,pending,,ManagerPortal
L07937,cert-enterprise-ai-safety,M038,approved,2026-06-01,ManagerPortal
L07938,cert-enterprise-ai-safety,M008,approved,2026-04-28,ManagerPortal
L07939,cert-enterprise-ai-safety,M055,approved,2026-04-28,ManagerPortal
L07940,cert-enterprise-ai-safety,M056,pending,,ManagerPortal
L07941,cert-enterprise-ai-safety,M062,approved,2026-05-26,ManagerPortal
L07942,cert-enterprise-ai-safety,M068,approved,2026-05-29,ManagerPortal
L07943,cert-enterprise-ai-safety,M008,approved,2026-05-18,ManagerPortal
L07944,cert-enterprise-ai-safety,M074,pending,,ManagerPortal
L07945,cert-enterprise-ai-safety,M077,approved,2026-06-04,ManagerPortal
L07946,cert-enterprise-ai-safety,M018,pending,,ManagerPortal
L07947,cert-enterprise-ai-safety,M069,approved,2026-05-27,ManagerPortal
L07948,cert-enterprise-ai-safety,M055,approved,2026-06-04,ManagerPortal
L07949,cert-enterprise-ai-safety,M020,approved,2026-06-04,ManagerPortal
L07950,cert-enterprise-ai-safety,M052,approved,2026-05-08,ManagerPortal
L07951,cert-enterprise-ai-safety,M015,approved,2026-05-19,ManagerPortal
L07952,cert-enterprise-ai-safety,M061,pending,,ManagerPortal
L07953,cert-enterprise-ai-safety,M024,approved,2026-05-11,ManagerPortal
L07954,cert-enterprise-ai-safety,M061,approved,2026-05-08,ManagerPortal
L07955,cert-enterprise-ai-safety,M066,approved,2026-04-27,ManagerPortal
L07956,cert-enterprise-ai-safety,M036,pending,,ManagerPortal
L07957,cert-enterprise-ai-safety,M076,approved,2026-05-04,ManagerPortal
L07958,cert-enterprise-ai-safety,M073,pending,,ManagerPortal
L07959,cert-enterprise-ai-safety,M027,approved,2026-05-21,ManagerPortal
L07960,cert-enterprise-ai-safety,M073,approved,2026-05-19,ManagerPortal
L07961,cert-enterprise-ai-safety,M038,approved,2026-05-31,ManagerPortal
L07962,cert-enterprise-ai-safety,M039,approved,2026-05-31,ManagerPortal
L07963,cert-enterprise-ai-safety,M035,approved,2026-05-12,ManagerPortal
L07964,cert-enterprise-ai-safety,M058,pending,,ManagerPortal
L07965,cert-enterprise-ai-safety,M060,pending,,ManagerPortal
L07966,cert-enterprise-ai-safety,M024,approved,2026-05-19,ManagerPortal
L07967,cert-enterprise-ai-safety,M049,approved,2026-05-20,ManagerPortal
L07968,cert-enterprise-ai-safety,M032,approved,2026-05-28,ManagerPortal
L07969,cert-enterprise-ai-safety,M044,approved,2026-05-30,ManagerPortal
L07970,cert-enterprise-ai-safety,M001,pending,,ManagerPortal
L07971,cert-enterprise-ai-safety,M061,pending,,ManagerPortal
L07972,cert-enterprise-ai-safety,M008,approved,2026-06-02,ManagerPortal
L07973,cert-enterprise-ai-safety,M042,approved,2026-05-25,ManagerPortal
L07974,cert-enterprise-ai-safety,M036,approved,2026-05-18,ManagerPortal
L07975,cert-enterprise-ai-safety,M054,approved,2026-04-24,ManagerPortal
L07976,cert-enterprise-ai-safety,M008,approved,2026-06-03,ManagerPortal
L07977,cert-enterprise-ai-safety,M038,pending,,ManagerPortal
L07978,cert-enterprise-ai-safety,M017,pending,,ManagerPortal
L07979,cert-enterprise-ai-safety,M031,pending,,ManagerPortal
L07980,cert-enterprise-ai-safety,M005,approved,2026-05-29,ManagerPortal
L07981,cert-enterprise-ai-safety,M076,pending,,ManagerPortal
L07982,cert-enterprise-ai-safety,M041,pending,,ManagerPortal
L07983,cert-enterprise-ai-safety,M024,pending,,ManagerPortal
L07984,cert-enterprise-ai-safety,M055,approved,2026-05-22,ManagerPortal
L07985,cert-enterprise-ai-safety,M036,approved,2026-05-24,ManagerPortal
L07986,cert-enterprise-ai-safety,M058,approved,2026-05-31,ManagerPortal
L07987,cert-enterprise-ai-safety,M029,approved,2026-05-01,ManagerPortal
L07988,cert-enterprise-ai-safety,M008,approved,2026-05-06,ManagerPortal
L07989,cert-enterprise-ai-safety,M064,approved,2026-05-28,ManagerPortal
L07990,cert-enterprise-ai-safety,M063,approved,2026-05-03,ManagerPortal
L07991,cert-enterprise-ai-safety,M049,approved,2026-05-31,ManagerPortal
L07992,cert-enterprise-ai-safety,M038,approved,2026-04-28,ManagerPortal
L07993,cert-enterprise-ai-safety,M032,approved,2026-05-04,ManagerPortal
L07994,cert-enterprise-ai-safety,M004,pending,,ManagerPortal
L07995,cert-enterprise-ai-safety,M070,pending,,ManagerPortal
L07996,cert-enterprise-ai-safety,M006,approved,2026-06-05,ManagerPortal
L07997,cert-enterprise-ai-safety,M037,pending,,ManagerPortal
L07998,cert-enterprise-ai-safety,M003,approved,2026-04-28,ManagerPortal
L07999,cert-enterprise-ai-safety,M048,approved,2026-05-01,ManagerPortal
L08000,cert-enterprise-ai-safety,M057,approved,2026-06-02,ManagerPortal
L08001,cert-enterprise-ai-safety,M001,approved,2026-05-06,ManagerPortal
L08002,cert-enterprise-ai-safety,M002,approved,2026-05-03,ManagerPortal
L08003,cert-enterprise-ai-safety,M027,approved,2026-05-23,ManagerPortal
L08004,cert-enterprise-ai-safety,M023,pending,,ManagerPortal
L08005,cert-enterprise-ai-safety,M075,pending,,ManagerPortal
L08006,cert-enterprise-ai-safety,M066,approved,2026-05-02,ManagerPortal
L08007,cert-enterprise-ai-safety,M022,approved,2026-05-09,ManagerPortal
L08008,cert-enterprise-ai-safety,M041,approved,2026-05-06,ManagerPortal
L08009,cert-enterprise-ai-safety,M022,approved,2026-05-20,ManagerPortal
L08010,cert-enterprise-ai-safety,M070,approved,2026-06-02,ManagerPortal
L08011,cert-enterprise-ai-safety,M075,approved,2026-05-21,ManagerPortal
L08012,cert-enterprise-ai-safety,M023,approved,2026-05-15,ManagerPortal
L08013,cert-enterprise-ai-safety,M052,approved,2026-05-23,ManagerPortal
L08014,cert-enterprise-ai-safety,M026,approved,2026-05-30,ManagerPortal
L08015,cert-enterprise-ai-safety,M010,approved,2026-04-29,ManagerPortal
L08016,cert-enterprise-ai-safety,M014,approved,2026-06-01,ManagerPortal
L08017,cert-enterprise-ai-safety,M070,approved,2026-04-28,ManagerPortal
L08018,cert-enterprise-ai-safety,M052,approved,2026-05-31,ManagerPortal
L08019,cert-enterprise-ai-safety,M047,pending,,ManagerPortal
L08020,cert-enterprise-ai-safety,M046,approved,2026-05-21,ManagerPortal
L08021,cert-enterprise-ai-safety,M079,pending,,ManagerPortal
L08022,cert-enterprise-ai-safety,M017,approved,2026-06-01,ManagerPortal
L08023,cert-enterprise-ai-safety,M063,pending,,ManagerPortal
L08024,cert-enterprise-ai-safety,M077,approved,2026-05-11,ManagerPortal
L08025,cert-enterprise-ai-safety,M039,approved,2026-06-05,ManagerPortal
L08026,cert-enterprise-ai-safety,M071,approved,2026-05-11,ManagerPortal
L08027,cert-enterprise-ai-safety,M016,approved,2026-05-22,ManagerPortal
L08028,cert-enterprise-ai-safety,M076,pending,,ManagerPortal
L08029,cert-enterprise-ai-safety,M038,pending,,ManagerPortal
L08030,cert-enterprise-ai-safety,M025,approved,2026-04-23,ManagerPortal
L08031,cert-enterprise-ai-safety,M078,approved,2026-05-19,ManagerPortal
L08032,cert-enterprise-ai-safety,M049,approved,2026-05-18,ManagerPortal
L08033,cert-enterprise-ai-safety,M010,approved,2026-05-12,ManagerPortal
L08034,cert-enterprise-ai-safety,M012,approved,2026-05-15,ManagerPortal
L08035,cert-enterprise-ai-safety,M026,approved,2026-05-31,ManagerPortal
L08036,cert-enterprise-ai-safety,M016,approved,2026-05-05,ManagerPortal
L08037,cert-enterprise-ai-safety,M042,approved,2026-05-15,ManagerPortal
L08038,cert-enterprise-ai-safety,M041,approved,2026-04-24,ManagerPortal
L08039,cert-enterprise-ai-safety,M036,approved,2026-04-24,ManagerPortal
L08040,cert-enterprise-ai-safety,M012,approved,2026-04-28,ManagerPortal
L08041,cert-enterprise-ai-safety,M018,approved,2026-06-05,ManagerPortal
L08042,cert-enterprise-ai-safety,M033,approved,2026-06-04,ManagerPortal
L08043,cert-enterprise-ai-safety,M020,approved,2026-05-23,ManagerPortal
L08044,cert-enterprise-ai-safety,M058,pending,,ManagerPortal
L08045,cert-enterprise-ai-safety,M030,pending,,ManagerPortal
L08046,cert-enterprise-ai-safety,M077,approved,2026-04-24,ManagerPortal
L08047,cert-enterprise-ai-safety,M062,approved,2026-05-31,ManagerPortal
L08048,cert-enterprise-ai-safety,M044,approved,2026-04-29,ManagerPortal
L08049,cert-enterprise-ai-safety,M013,pending,,ManagerPortal
L08050,cert-enterprise-ai-safety,M001,approved,2026-05-23,ManagerPortal
L08051,cert-enterprise-ai-safety,M005,approved,2026-05-28,ManagerPortal
L08052,cert-enterprise-ai-safety,M035,approved,2026-05-08,ManagerPortal
L08053,cert-enterprise-ai-safety,M040,approved,2026-05-02,ManagerPortal
L08054,cert-enterprise-ai-safety,M070,pending,,ManagerPortal
L08055,cert-enterprise-ai-safety,M033,approved,2026-04-30,ManagerPortal
L08056,cert-enterprise-ai-safety,M047,approved,2026-05-31,ManagerPortal
L08057,cert-enterprise-ai-safety,M048,approved,2026-04-26,ManagerPortal
L08058,cert-enterprise-ai-safety,M056,pending,,ManagerPortal
L08059,cert-enterprise-ai-safety,M080,approved,2026-04-29,ManagerPortal
L08060,cert-enterprise-ai-safety,M044,approved,2026-05-02,ManagerPortal
L08061,cert-enterprise-ai-safety,M036,pending,,ManagerPortal
L08062,cert-enterprise-ai-safety,M059,approved,2026-05-18,ManagerPortal
L08063,cert-enterprise-ai-safety,M060,pending,,ManagerPortal
L08064,cert-enterprise-ai-safety,M078,approved,2026-06-04,ManagerPortal
L08065,cert-enterprise-ai-safety,M068,pending,,ManagerPortal
L08066,cert-enterprise-ai-safety,M059,approved,2026-05-20,ManagerPortal
L08067,cert-enterprise-ai-safety,M046,approved,2026-05-13,ManagerPortal
L08068,cert-enterprise-ai-safety,M052,approved,2026-05-29,ManagerPortal
L08069,cert-enterprise-ai-safety,M056,pending,,ManagerPortal
L08070,cert-enterprise-ai-safety,M020,approved,2026-05-16,ManagerPortal
L08071,cert-enterprise-ai-safety,M080,approved,2026-05-11,ManagerPortal
L08072,cert-enterprise-ai-safety,M039,approved,2026-05-23,ManagerPortal
L08073,cert-enterprise-ai-safety,M077,approved,2026-05-01,ManagerPortal
L08074,cert-enterprise-ai-safety,M053,approved,2026-05-05,ManagerPortal
L08075,cert-enterprise-ai-safety,M070,approved,2026-06-06,ManagerPortal
L08076,cert-enterprise-ai-safety,M003,approved,2026-05-26,ManagerPortal
L08077,cert-enterprise-ai-safety,M077,approved,2026-05-18,ManagerPortal
L08078,cert-enterprise-ai-safety,M057,approved,2026-05-09,ManagerPortal
L08079,cert-enterprise-ai-safety,M065,pending,,ManagerPortal
L08080,cert-enterprise-ai-safety,M047,pending,,ManagerPortal
L08081,cert-enterprise-ai-safety,M038,pending,,ManagerPortal
L08082,cert-enterprise-ai-safety,M028,approved,2026-05-16,ManagerPortal
L08083,cert-enterprise-ai-safety,M054,approved,2026-05-03,ManagerPortal
L08084,cert-enterprise-ai-safety,M008,pending,,ManagerPortal
L08085,cert-enterprise-ai-safety,M079,approved,2026-05-29,ManagerPortal
L08086,cert-enterprise-ai-safety,M024,approved,2026-05-25,ManagerPortal
L08087,cert-enterprise-ai-safety,M014,approved,2026-04-23,ManagerPortal
L08088,cert-enterprise-ai-safety,M019,pending,,ManagerPortal
L08089,cert-enterprise-ai-safety,M016,approved,2026-05-16,ManagerPortal
L08090,cert-enterprise-ai-safety,M024,approved,2026-05-07,ManagerPortal
L08091,cert-enterprise-ai-safety,M079,approved,2026-06-05,ManagerPortal
L08092,cert-enterprise-ai-safety,M059,pending,,ManagerPortal
L08093,cert-enterprise-ai-safety,M038,pending,,ManagerPortal
L08094,cert-enterprise-ai-safety,M030,approved,2026-04-25,ManagerPortal
L08095,cert-enterprise-ai-safety,M034,pending,,ManagerPortal
L08096,cert-enterprise-ai-safety,M066,pending,,ManagerPortal
L08097,cert-enterprise-ai-safety,M008,approved,2026-05-19,ManagerPortal
L08098,cert-enterprise-ai-safety,M072,pending,,ManagerPortal
L08099,cert-enterprise-ai-safety,M007,pending,,ManagerPortal
L08100,cert-enterprise-ai-safety,M007,approved,2026-06-06,ManagerPortal
L08101,cert-enterprise-ai-safety,M016,approved,2026-05-16,ManagerPortal
L08102,cert-enterprise-ai-safety,M047,pending,,ManagerPortal
L08103,cert-enterprise-ai-safety,M007,approved,2026-05-01,ManagerPortal
L08104,cert-enterprise-ai-safety,M028,approved,2026-04-23,ManagerPortal
L08105,cert-enterprise-ai-safety,M020,pending,,ManagerPortal
L08106,cert-enterprise-ai-safety,M045,approved,2026-04-28,ManagerPortal
L08107,cert-enterprise-ai-safety,M044,approved,2026-06-02,ManagerPortal
L08108,cert-enterprise-ai-safety,M017,pending,,ManagerPortal
L08109,cert-enterprise-ai-safety,M080,approved,2026-04-27,ManagerPortal
L08110,cert-enterprise-ai-safety,M055,approved,2026-05-07,ManagerPortal
L08111,cert-enterprise-ai-safety,M025,approved,2026-05-05,ManagerPortal
L08112,cert-enterprise-ai-safety,M037,approved,2026-04-30,ManagerPortal
L08113,cert-enterprise-ai-safety,M040,pending,,ManagerPortal
L08114,cert-enterprise-ai-safety,M064,approved,2026-05-03,ManagerPortal
L08115,cert-enterprise-ai-safety,M016,pending,,ManagerPortal
L08116,cert-enterprise-ai-safety,M028,approved,2026-05-23,ManagerPortal
L08117,cert-enterprise-ai-safety,M013,pending,,ManagerPortal
L08118,cert-enterprise-ai-safety,M022,pending,,ManagerPortal
L08119,cert-enterprise-ai-safety,M015,approved,2026-05-16,ManagerPortal
L08120,cert-enterprise-ai-safety,M042,approved,2026-06-01,ManagerPortal
L08121,cert-enterprise-ai-safety,M020,approved,2026-05-03,ManagerPortal
L08122,cert-enterprise-ai-safety,M003,approved,2026-05-24,ManagerPortal
L08123,cert-enterprise-ai-safety,M022,approved,2026-05-21,ManagerPortal
L08124,cert-enterprise-ai-safety,M030,approved,2026-06-04,ManagerPortal
L08125,cert-enterprise-ai-safety,M035,approved,2026-05-01,ManagerPortal
L08126,cert-enterprise-ai-safety,M073,approved,2026-05-04,ManagerPortal
L08127,cert-enterprise-ai-safety,M034,approved,2026-05-04,ManagerPortal
L08128,cert-enterprise-ai-safety,M009,pending,,ManagerPortal
L08129,cert-enterprise-ai-safety,M078,approved,2026-05-31,ManagerPortal
L08130,cert-enterprise-ai-safety,M029,approved,2026-04-30,ManagerPortal
L08131,cert-enterprise-ai-safety,M017,approved,2026-05-03,ManagerPortal
L08132,cert-enterprise-ai-safety,M018,approved,2026-05-15,ManagerPortal
L08133,cert-enterprise-ai-safety,M011,approved,2026-05-29,ManagerPortal
L08134,cert-enterprise-ai-safety,M017,approved,2026-05-22,ManagerPortal
L08135,cert-enterprise-ai-safety,M071,approved,2026-05-06,ManagerPortal
L08136,cert-enterprise-ai-safety,M047,pending,,ManagerPortal
L08137,cert-enterprise-ai-safety,M052,approved,2026-06-02,ManagerPortal
L08138,cert-enterprise-ai-safety,M014,approved,2026-04-23,ManagerPortal
L08139,cert-enterprise-ai-safety,M056,approved,2026-05-21,ManagerPortal
L08140,cert-enterprise-ai-safety,M034,approved,2026-05-07,ManagerPortal
L08141,cert-enterprise-ai-safety,M032,pending,,ManagerPortal
L08142,cert-enterprise-ai-safety,M059,approved,2026-06-01,ManagerPortal
L08143,cert-enterprise-ai-safety,M035,pending,,ManagerPortal
L08144,cert-enterprise-ai-safety,M002,approved,2026-06-03,ManagerPortal
L08145,cert-enterprise-ai-safety,M037,approved,2026-06-01,ManagerPortal
L08146,cert-enterprise-ai-safety,M030,approved,2026-06-03,ManagerPortal
L08147,cert-enterprise-ai-safety,M046,approved,2026-06-03,ManagerPortal
L08148,cert-enterprise-ai-safety,M019,approved,2026-06-03,ManagerPortal
L08149,cert-enterprise-ai-safety,M020,pending,,ManagerPortal
L08150,cert-enterprise-ai-safety,M051,approved,2026-06-04,ManagerPortal
L08151,cert-enterprise-ai-safety,M069,approved,2026-05-19,ManagerPortal
L08152,cert-enterprise-ai-safety,M040,pending,,ManagerPortal
L08153,cert-enterprise-ai-safety,M027,approved,2026-05-27,ManagerPortal
L08154,cert-enterprise-ai-safety,M012,approved,2026-04-26,ManagerPortal
L08155,cert-enterprise-ai-safety,M017,approved,2026-05-30,ManagerPortal
L08156,cert-enterprise-ai-safety,M005,approved,2026-06-01,ManagerPortal
L08157,cert-enterprise-ai-safety,M079,approved,2026-04-26,ManagerPortal
L08158,cert-enterprise-ai-safety,M041,approved,2026-04-25,ManagerPortal
L08159,cert-enterprise-ai-safety,M024,approved,2026-06-01,ManagerPortal
L08160,cert-enterprise-ai-safety,M077,approved,2026-05-25,ManagerPortal
L08161,cert-enterprise-ai-safety,M002,approved,2026-04-28,ManagerPortal
L08162,cert-enterprise-ai-safety,M037,approved,2026-05-09,ManagerPortal
L08163,cert-enterprise-ai-safety,M046,approved,2026-04-28,ManagerPortal
L08164,cert-enterprise-ai-safety,M033,approved,2026-05-12,ManagerPortal
L08165,cert-enterprise-ai-safety,M013,approved,2026-04-25,ManagerPortal
L08166,cert-enterprise-ai-safety,M040,approved,2026-05-11,ManagerPortal
L08167,cert-enterprise-ai-safety,M029,pending,,ManagerPortal
L08168,cert-enterprise-ai-safety,M053,pending,,ManagerPortal
L08169,cert-enterprise-ai-safety,M027,approved,2026-05-17,ManagerPortal
L08170,cert-enterprise-ai-safety,M030,approved,2026-06-06,ManagerPortal
L08171,cert-enterprise-ai-safety,M051,approved,2026-05-07,ManagerPortal
L08172,cert-enterprise-ai-safety,M034,pending,,ManagerPortal
L08173,cert-enterprise-ai-safety,M021,pending,,ManagerPortal
L08174,cert-enterprise-ai-safety,M072,pending,,ManagerPortal
L08175,cert-enterprise-ai-safety,M008,pending,,ManagerPortal
L08176,cert-enterprise-ai-safety,M040,approved,2026-06-01,ManagerPortal
L08177,cert-enterprise-ai-safety,M036,approved,2026-05-30,ManagerPortal
L08178,cert-enterprise-ai-safety,M031,approved,2026-05-12,ManagerPortal
L08179,cert-enterprise-ai-safety,M041,pending,,ManagerPortal
L08180,cert-enterprise-ai-safety,M054,approved,2026-05-22,ManagerPortal
L08181,cert-enterprise-ai-safety,M029,pending,,ManagerPortal
L08182,cert-enterprise-ai-safety,M037,approved,2026-05-04,ManagerPortal
L08183,cert-enterprise-ai-safety,M046,approved,2026-05-16,ManagerPortal
L08184,cert-enterprise-ai-safety,M021,approved,2026-05-08,ManagerPortal
L08185,cert-enterprise-ai-safety,M022,approved,2026-05-30,ManagerPortal
L08186,cert-enterprise-ai-safety,M079,approved,2026-05-25,ManagerPortal
L08187,cert-enterprise-ai-safety,M052,approved,2026-05-22,ManagerPortal
L08188,cert-enterprise-ai-safety,M071,pending,,ManagerPortal
L08189,cert-enterprise-ai-safety,M078,pending,,ManagerPortal
L08190,cert-enterprise-ai-safety,M022,approved,2026-04-29,ManagerPortal
L08191,cert-enterprise-ai-safety,M026,pending,,ManagerPortal
L08192,cert-enterprise-ai-safety,M076,approved,2026-06-04,ManagerPortal
L08193,cert-enterprise-ai-safety,M020,approved,2026-05-20,ManagerPortal
L08194,cert-enterprise-ai-safety,M019,approved,2026-05-09,ManagerPortal
L08195,cert-enterprise-ai-safety,M006,approved,2026-06-06,ManagerPortal
L08196,cert-enterprise-ai-safety,M016,approved,2026-05-24,ManagerPortal
L08197,cert-enterprise-ai-safety,M066,approved,2026-05-09,ManagerPortal
L08198,cert-enterprise-ai-safety,M032,approved,2026-05-12,ManagerPortal
L08199,cert-enterprise-ai-safety,M069,pending,,ManagerPortal
L08200,cert-enterprise-ai-safety,M020,pending,,ManagerPortal
L08201,cert-enterprise-ai-safety,M035,approved,2026-05-24,ManagerPortal
L08202,cert-enterprise-ai-safety,M029,pending,,ManagerPortal
L08203,cert-enterprise-ai-safety,M020,pending,,ManagerPortal
L08204,cert-enterprise-ai-safety,M003,pending,,ManagerPortal
L08205,cert-enterprise-ai-safety,M051,approved,2026-05-24,ManagerPortal
L08206,cert-enterprise-ai-safety,M040,pending,,ManagerPortal
L08207,cert-enterprise-ai-safety,M052,approved,2026-06-03,ManagerPortal
L08208,cert-enterprise-ai-safety,M008,approved,2026-05-21,ManagerPortal
L08209,cert-enterprise-ai-safety,M033,approved,2026-04-24,ManagerPortal
L08210,cert-enterprise-ai-safety,M036,pending,,ManagerPortal
L08211,cert-enterprise-ai-safety,M025,pending,,ManagerPortal
L08212,cert-enterprise-ai-safety,M056,pending,,ManagerPortal
L08213,cert-enterprise-ai-safety,M056,approved,2026-04-23,ManagerPortal
L08214,cert-enterprise-ai-safety,M062,pending,,ManagerPortal
L08215,cert-enterprise-ai-safety,M079,approved,2026-06-03,ManagerPortal
L08216,cert-enterprise-ai-safety,M070,pending,,ManagerPortal
L08217,cert-enterprise-ai-safety,M071,approved,2026-05-21,ManagerPortal
L08218,cert-enterprise-ai-safety,M004,pending,,ManagerPortal
L08219,cert-enterprise-ai-safety,M040,pending,,ManagerPortal
L08220,cert-enterprise-ai-safety,M051,approved,2026-05-18,ManagerPortal
L08221,cert-enterprise-ai-safety,M057,approved,2026-05-10,ManagerPortal
L08222,cert-enterprise-ai-safety,M029,approved,2026-05-24,ManagerPortal
L08223,cert-enterprise-ai-safety,M058,approved,2026-05-11,ManagerPortal
L08224,cert-enterprise-ai-safety,M068,approved,2026-05-14,ManagerPortal
L08225,cert-enterprise-ai-safety,M037,pending,,ManagerPortal
L08226,cert-enterprise-ai-safety,M014,approved,2026-05-25,ManagerPortal
L08227,cert-enterprise-ai-safety,M041,approved,2026-05-14,ManagerPortal
L08228,cert-enterprise-ai-safety,M025,approved,2026-05-30,ManagerPortal
L08229,cert-enterprise-ai-safety,M045,approved,2026-05-31,ManagerPortal
L08230,cert-enterprise-ai-safety,M060,approved,2026-05-15,ManagerPortal
L08231,cert-enterprise-ai-safety,M047,pending,,ManagerPortal
L08232,cert-enterprise-ai-safety,M055,pending,,ManagerPortal
L08233,cert-enterprise-ai-safety,M037,approved,2026-05-27,ManagerPortal
L08234,cert-enterprise-ai-safety,M062,approved,2026-05-15,ManagerPortal
L08235,cert-enterprise-ai-safety,M029,approved,2026-04-29,ManagerPortal
L08236,cert-enterprise-ai-safety,M055,approved,2026-06-03,ManagerPortal
L08237,cert-enterprise-ai-safety,M056,approved,2026-05-03,ManagerPortal
L08238,cert-enterprise-ai-safety,M019,approved,2026-04-26,ManagerPortal
L08239,cert-enterprise-ai-safety,M018,approved,2026-05-13,ManagerPortal
L08240,cert-enterprise-ai-safety,M016,approved,2026-05-16,ManagerPortal
L08241,cert-enterprise-ai-safety,M025,pending,,ManagerPortal
L08242,cert-enterprise-ai-safety,M041,approved,2026-06-04,ManagerPortal
L08243,cert-enterprise-ai-safety,M043,approved,2026-05-29,ManagerPortal
L08244,cert-enterprise-ai-safety,M076,approved,2026-05-23,ManagerPortal
L08245,cert-enterprise-ai-safety,M008,approved,2026-05-19,ManagerPortal
L08246,cert-enterprise-ai-safety,M004,approved,2026-04-24,ManagerPortal
L08247,cert-enterprise-ai-safety,M025,approved,2026-06-05,ManagerPortal
L08248,cert-enterprise-ai-safety,M010,approved,2026-05-01,ManagerPortal
L08249,cert-enterprise-ai-safety,M056,approved,2026-06-02,ManagerPortal
L08250,cert-enterprise-ai-safety,M032,approved,2026-04-24,ManagerPortal
L08251,cert-enterprise-ai-safety,M059,approved,2026-05-21,ManagerPortal
L08252,cert-enterprise-ai-safety,M074,approved,2026-05-29,ManagerPortal
L08253,cert-enterprise-ai-safety,M023,approved,2026-05-31,ManagerPortal
L08254,cert-enterprise-ai-safety,M073,approved,2026-06-01,ManagerPortal
L08255,cert-enterprise-ai-safety,M017,approved,2026-05-18,ManagerPortal
L08256,cert-enterprise-ai-safety,M008,approved,2026-04-29,ManagerPortal
L08257,cert-enterprise-ai-safety,M015,approved,2026-04-30,ManagerPortal
L08258,cert-enterprise-ai-safety,M006,approved,2026-05-24,ManagerPortal
L08259,cert-enterprise-ai-safety,M005,approved,2026-06-01,ManagerPortal
L08260,cert-enterprise-ai-safety,M018,approved,2026-04-26,ManagerPortal
L08261,cert-enterprise-ai-safety,M030,approved,2026-06-01,ManagerPortal
L08262,cert-enterprise-ai-safety,M039,approved,2026-05-12,ManagerPortal
L08263,cert-enterprise-ai-safety,M018,pending,,ManagerPortal
L08264,cert-enterprise-ai-safety,M067,approved,2026-04-23,ManagerPortal
L08265,cert-enterprise-ai-safety,M034,pending,,ManagerPortal
L08266,cert-enterprise-ai-safety,M074,approved,2026-05-17,ManagerPortal
L08267,cert-enterprise-ai-safety,M066,approved,2026-04-28,ManagerPortal
L08268,cert-enterprise-ai-safety,M013,approved,2026-04-25,ManagerPortal
L08269,cert-enterprise-ai-safety,M021,approved,2026-05-02,ManagerPortal
L08270,cert-enterprise-ai-safety,M063,approved,2026-06-02,ManagerPortal
L08271,cert-enterprise-ai-safety,M004,approved,2026-05-26,ManagerPortal
L08272,cert-enterprise-ai-safety,M039,approved,2026-05-27,ManagerPortal
L08273,cert-enterprise-ai-safety,M006,pending,,ManagerPortal
L08274,cert-enterprise-ai-safety,M009,pending,,ManagerPortal
L08275,cert-enterprise-ai-safety,M037,pending,,ManagerPortal
L08276,cert-enterprise-ai-safety,M052,approved,2026-05-05,ManagerPortal
L08277,cert-enterprise-ai-safety,M058,pending,,ManagerPortal
L08278,cert-enterprise-ai-safety,M010,approved,2026-04-27,ManagerPortal
L08279,cert-enterprise-ai-safety,M060,approved,2026-05-03,ManagerPortal
L08280,cert-enterprise-ai-safety,M071,approved,2026-05-18,ManagerPortal
L08281,cert-enterprise-ai-safety,M080,approved,2026-05-19,ManagerPortal
L08282,cert-enterprise-ai-safety,M068,approved,2026-04-28,ManagerPortal
L08283,cert-enterprise-ai-safety,M035,approved,2026-05-10,ManagerPortal
L08284,cert-enterprise-ai-safety,M066,pending,,ManagerPortal
L08285,cert-enterprise-ai-safety,M077,pending,,ManagerPortal
L08286,cert-enterprise-ai-safety,M009,pending,,ManagerPortal
L08287,cert-enterprise-ai-safety,M060,approved,2026-04-30,ManagerPortal
L08288,cert-enterprise-ai-safety,M073,pending,,ManagerPortal
L08289,cert-enterprise-ai-safety,M052,approved,2026-05-31,ManagerPortal
L08290,cert-enterprise-ai-safety,M005,approved,2026-05-07,ManagerPortal
L08291,cert-enterprise-ai-safety,M060,pending,,ManagerPortal
L08292,cert-enterprise-ai-safety,M021,approved,2026-04-27,ManagerPortal
L08293,cert-enterprise-ai-safety,M066,approved,2026-05-05,ManagerPortal
L08294,cert-enterprise-ai-safety,M033,approved,2026-04-26,ManagerPortal
L08295,cert-enterprise-ai-safety,M074,approved,2026-05-03,ManagerPortal
L08296,cert-enterprise-ai-safety,M029,approved,2026-05-24,ManagerPortal
L08297,cert-enterprise-ai-safety,M014,approved,2026-05-12,ManagerPortal
L08298,cert-enterprise-ai-safety,M039,approved,2026-06-04,ManagerPortal
L08299,cert-enterprise-ai-safety,M070,approved,2026-05-31,ManagerPortal
L08300,cert-enterprise-ai-safety,M044,approved,2026-05-27,ManagerPortal
L08301,cert-enterprise-ai-safety,M049,pending,,ManagerPortal
L08302,cert-enterprise-ai-safety,M043,pending,,ManagerPortal
L08303,cert-enterprise-ai-safety,M078,approved,2026-05-16,ManagerPortal
L08304,cert-enterprise-ai-safety,M057,pending,,ManagerPortal
L08305,cert-enterprise-ai-safety,M011,pending,,ManagerPortal
L08306,cert-enterprise-ai-safety,M034,approved,2026-06-03,ManagerPortal
L08307,cert-enterprise-ai-safety,M001,approved,2026-05-13,ManagerPortal
L08308,cert-enterprise-ai-safety,M066,approved,2026-05-20,ManagerPortal
L08309,cert-enterprise-ai-safety,M022,approved,2026-05-06,ManagerPortal
L08310,cert-enterprise-ai-safety,M070,approved,2026-05-30,ManagerPortal
L08311,cert-enterprise-ai-safety,M015,approved,2026-05-08,ManagerPortal
L08312,cert-enterprise-ai-safety,M024,pending,,ManagerPortal
L08313,cert-enterprise-ai-safety,M040,approved,2026-05-17,ManagerPortal
L08314,cert-enterprise-ai-safety,M032,approved,2026-06-03,ManagerPortal
L08315,cert-enterprise-ai-safety,M077,approved,2026-05-26,ManagerPortal
L08316,cert-enterprise-ai-safety,M022,approved,2026-05-03,ManagerPortal
L08317,cert-enterprise-ai-safety,M056,pending,,ManagerPortal
L08318,cert-enterprise-ai-safety,M040,approved,2026-04-25,ManagerPortal
L08319,cert-enterprise-ai-safety,M075,pending,,ManagerPortal
L08320,cert-enterprise-ai-safety,M034,approved,2026-06-02,ManagerPortal
L08321,cert-enterprise-ai-safety,M026,pending,,ManagerPortal
L08322,cert-enterprise-ai-safety,M028,pending,,ManagerPortal
L08323,cert-enterprise-ai-safety,M002,pending,,ManagerPortal
L08324,cert-enterprise-ai-safety,M066,approved,2026-05-11,ManagerPortal
L08325,cert-enterprise-ai-safety,M014,approved,2026-05-18,ManagerPortal
L08326,cert-enterprise-ai-safety,M073,approved,2026-06-02,ManagerPortal
L08327,cert-enterprise-ai-safety,M048,approved,2026-04-25,ManagerPortal
L08328,cert-enterprise-ai-safety,M059,approved,2026-05-08,ManagerPortal
L08329,cert-enterprise-ai-safety,M042,approved,2026-05-31,ManagerPortal
L08330,cert-enterprise-ai-safety,M063,approved,2026-05-26,ManagerPortal
L08331,cert-enterprise-ai-safety,M001,approved,2026-04-29,ManagerPortal
L08332,cert-enterprise-ai-safety,M029,pending,,ManagerPortal
L08333,cert-enterprise-ai-safety,M058,approved,2026-05-28,ManagerPortal
L08334,cert-enterprise-ai-safety,M038,approved,2026-05-04,ManagerPortal
L08335,cert-enterprise-ai-safety,M015,approved,2026-05-03,ManagerPortal
L08336,cert-enterprise-ai-safety,M077,approved,2026-05-17,ManagerPortal
L08337,cert-enterprise-ai-safety,M042,approved,2026-05-26,ManagerPortal
L08338,cert-enterprise-ai-safety,M076,pending,,ManagerPortal
L08339,cert-enterprise-ai-safety,M005,pending,,ManagerPortal
L08340,cert-enterprise-ai-safety,M027,approved,2026-05-20,ManagerPortal
L08341,cert-enterprise-ai-safety,M038,approved,2026-05-05,ManagerPortal
L08342,cert-enterprise-ai-safety,M054,approved,2026-05-13,ManagerPortal
L08343,cert-enterprise-ai-safety,M054,approved,2026-06-03,ManagerPortal
L08344,cert-enterprise-ai-safety,M038,pending,,ManagerPortal
L08345,cert-enterprise-ai-safety,M073,approved,2026-05-26,ManagerPortal
L08346,cert-enterprise-ai-safety,M012,pending,,ManagerPortal
L08347,cert-enterprise-ai-safety,M051,approved,2026-06-04,ManagerPortal
L08348,cert-enterprise-ai-safety,M051,approved,2026-06-01,ManagerPortal
L08349,cert-enterprise-ai-safety,M020,approved,2026-05-04,ManagerPortal
L08350,cert-enterprise-ai-safety,M032,pending,,ManagerPortal
L08351,cert-enterprise-ai-safety,M011,pending,,ManagerPortal
L08352,cert-enterprise-ai-safety,M006,approved,2026-05-28,ManagerPortal
L08353,cert-enterprise-ai-safety,M063,approved,2026-05-07,ManagerPortal
L08354,cert-enterprise-ai-safety,M061,approved,2026-05-12,ManagerPortal
L08355,cert-enterprise-ai-safety,M056,approved,2026-05-10,ManagerPortal
L08356,cert-enterprise-ai-safety,M051,approved,2026-05-16,ManagerPortal
L08357,cert-enterprise-ai-safety,M033,approved,2026-04-24,ManagerPortal
L08358,cert-enterprise-ai-safety,M040,approved,2026-04-30,ManagerPortal
L08359,cert-enterprise-ai-safety,M057,pending,,ManagerPortal
L08360,cert-enterprise-ai-safety,M074,approved,2026-05-11,ManagerPortal
L08361,cert-enterprise-ai-safety,M025,approved,2026-05-30,ManagerPortal
L08362,cert-enterprise-ai-safety,M066,pending,,ManagerPortal
L08363,cert-enterprise-ai-safety,M028,pending,,ManagerPortal
L08364,cert-enterprise-ai-safety,M023,approved,2026-05-04,ManagerPortal
L08365,cert-enterprise-ai-safety,M025,pending,,ManagerPortal
L08366,cert-enterprise-ai-safety,M072,approved,2026-05-10,ManagerPortal
L08367,cert-enterprise-ai-safety,M034,approved,2026-05-24,ManagerPortal
L08368,cert-enterprise-ai-safety,M027,approved,2026-04-24,ManagerPortal
L08369,cert-enterprise-ai-safety,M072,approved,2026-04-24,ManagerPortal
L08370,cert-enterprise-ai-safety,M077,approved,2026-04-23,ManagerPortal
L08371,cert-enterprise-ai-safety,M042,approved,2026-06-01,ManagerPortal
L08372,cert-enterprise-ai-safety,M039,pending,,ManagerPortal
L08373,cert-enterprise-ai-safety,M017,pending,,ManagerPortal
L08374,cert-enterprise-ai-safety,M035,approved,2026-06-06,ManagerPortal
L08375,cert-enterprise-ai-safety,M040,approved,2026-06-05,ManagerPortal
L08376,cert-enterprise-ai-safety,M055,approved,2026-04-23,ManagerPortal
L08377,cert-enterprise-ai-safety,M078,pending,,ManagerPortal
L08378,cert-enterprise-ai-safety,M003,approved,2026-05-10,ManagerPortal
L08379,cert-enterprise-ai-safety,M008,approved,2026-06-04,ManagerPortal
L08380,cert-enterprise-ai-safety,M077,approved,2026-05-15,ManagerPortal
L08381,cert-enterprise-ai-safety,M051,approved,2026-05-25,ManagerPortal
L08382,cert-enterprise-ai-safety,M038,approved,2026-05-08,ManagerPortal
L08383,cert-enterprise-ai-safety,M016,pending,,ManagerPortal
L08384,cert-enterprise-ai-safety,M019,pending,,ManagerPortal
L08385,cert-enterprise-ai-safety,M073,pending,,ManagerPortal
L08386,cert-enterprise-ai-safety,M012,pending,,ManagerPortal
L08387,cert-enterprise-ai-safety,M028,approved,2026-05-28,ManagerPortal
L08388,cert-enterprise-ai-safety,M074,pending,,ManagerPortal
L08389,cert-enterprise-ai-safety,M015,pending,,ManagerPortal
L08390,cert-enterprise-ai-safety,M036,approved,2026-05-03,ManagerPortal
L08391,cert-enterprise-ai-safety,M023,approved,2026-05-23,ManagerPortal
L08392,cert-enterprise-ai-safety,M047,approved,2026-05-17,ManagerPortal
L08393,cert-enterprise-ai-safety,M058,approved,2026-04-24,ManagerPortal
L08394,cert-enterprise-ai-safety,M009,pending,,ManagerPortal
L08395,cert-enterprise-ai-safety,M029,approved,2026-05-11,ManagerPortal
L08396,cert-enterprise-ai-safety,M032,pending,,ManagerPortal
L08397,cert-enterprise-ai-safety,M078,approved,2026-05-13,ManagerPortal
L08398,cert-enterprise-ai-safety,M067,approved,2026-05-22,ManagerPortal
L08399,cert-enterprise-ai-safety,M037,pending,,ManagerPortal
L08400,cert-enterprise-ai-safety,M038,pending,,ManagerPortal
L08401,cert-enterprise-ai-safety,M044,approved,2026-05-04,ManagerPortal
L08402,cert-enterprise-ai-safety,M080,approved,2026-04-28,ManagerPortal
L08403,cert-enterprise-ai-safety,M040,approved,2026-05-20,ManagerPortal
L08404,cert-enterprise-ai-safety,M016,approved,2026-04-23,ManagerPortal
L08405,cert-enterprise-ai-safety,M054,pending,,ManagerPortal
L08406,cert-enterprise-ai-safety,M056,pending,,ManagerPortal
L08407,cert-enterprise-ai-safety,M071,approved,2026-05-02,ManagerPortal
L08408,cert-enterprise-ai-safety,M074,pending,,ManagerPortal
L08409,cert-enterprise-ai-safety,M005,approved,2026-05-25,ManagerPortal
L08410,cert-enterprise-ai-safety,M057,pending,,ManagerPortal
L08411,cert-enterprise-ai-safety,M012,approved,2026-06-02,ManagerPortal
L08412,cert-enterprise-ai-safety,M023,approved,2026-05-30,ManagerPortal
L08413,cert-enterprise-ai-safety,M061,approved,2026-05-19,ManagerPortal
L08414,cert-enterprise-ai-safety,M030,pending,,ManagerPortal
L08415,cert-enterprise-ai-safety,M022,approved,2026-05-19,ManagerPortal
L08416,cert-enterprise-ai-safety,M009,approved,2026-05-13,ManagerPortal
L08417,cert-enterprise-ai-safety,M022,approved,2026-05-15,ManagerPortal
L08418,cert-enterprise-ai-safety,M029,approved,2026-05-09,ManagerPortal
L08419,cert-enterprise-ai-safety,M072,approved,2026-04-23,ManagerPortal
L08420,cert-enterprise-ai-safety,M039,approved,2026-05-07,ManagerPortal
L08421,cert-enterprise-ai-safety,M043,approved,2026-05-31,ManagerPortal
L08422,cert-enterprise-ai-safety,M037,approved,2026-05-20,ManagerPortal
L08423,cert-enterprise-ai-safety,M036,approved,2026-05-31,ManagerPortal
L08424,cert-enterprise-ai-safety,M009,approved,2026-05-24,ManagerPortal
L08425,cert-enterprise-ai-safety,M034,approved,2026-06-03,ManagerPortal
L08426,cert-enterprise-ai-safety,M069,pending,,ManagerPortal
L08427,cert-enterprise-ai-safety,M008,approved,2026-05-06,ManagerPortal
L08428,cert-enterprise-ai-safety,M015,pending,,ManagerPortal
L08429,cert-enterprise-ai-safety,M049,approved,2026-05-13,ManagerPortal
L08430,cert-enterprise-ai-safety,M053,approved,2026-05-23,ManagerPortal
L08431,cert-enterprise-ai-safety,M024,pending,,ManagerPortal
L08432,cert-enterprise-ai-safety,M022,approved,2026-04-24,ManagerPortal
L08433,cert-enterprise-ai-safety,M052,pending,,ManagerPortal
L08434,cert-enterprise-ai-safety,M008,approved,2026-05-12,ManagerPortal
L08435,cert-enterprise-ai-safety,M066,approved,2026-05-22,ManagerPortal
L08436,cert-enterprise-ai-safety,M072,approved,2026-06-03,ManagerPortal
L08437,cert-enterprise-ai-safety,M010,approved,2026-05-27,ManagerPortal
L08438,cert-enterprise-ai-safety,M007,approved,2026-05-06,ManagerPortal
L08439,cert-enterprise-ai-safety,M020,approved,2026-05-22,ManagerPortal
L08440,cert-enterprise-ai-safety,M069,approved,2026-05-23,ManagerPortal
L08441,cert-enterprise-ai-safety,M013,approved,2026-05-05,ManagerPortal
L08442,cert-enterprise-ai-safety,M025,approved,2026-05-13,ManagerPortal
L08443,cert-enterprise-ai-safety,M044,approved,2026-05-20,ManagerPortal
L08444,cert-enterprise-ai-safety,M032,pending,,ManagerPortal
L08445,cert-enterprise-ai-safety,M041,approved,2026-04-24,ManagerPortal
L08446,cert-enterprise-ai-safety,M011,approved,2026-05-06,ManagerPortal
L08447,cert-enterprise-ai-safety,M036,pending,,ManagerPortal
L08448,cert-enterprise-ai-safety,M063,pending,,ManagerPortal
L08449,cert-enterprise-ai-safety,M080,approved,2026-05-10,ManagerPortal
L08450,cert-enterprise-ai-safety,M007,approved,2026-05-03,ManagerPortal
L08451,cert-enterprise-ai-safety,M034,approved,2026-04-30,ManagerPortal
L08452,cert-enterprise-ai-safety,M039,approved,2026-05-06,ManagerPortal
L08453,cert-enterprise-ai-safety,M053,approved,2026-05-01,ManagerPortal
L08454,cert-enterprise-ai-safety,M010,approved,2026-05-27,ManagerPortal
L08455,cert-enterprise-ai-safety,M015,pending,,ManagerPortal
L08456,cert-enterprise-ai-safety,M019,approved,2026-05-28,ManagerPortal
L08457,cert-enterprise-ai-safety,M001,approved,2026-06-02,ManagerPortal
L08458,cert-enterprise-ai-safety,M075,pending,,ManagerPortal
L08459,cert-enterprise-ai-safety,M040,approved,2026-05-14,ManagerPortal
L08460,cert-enterprise-ai-safety,M018,approved,2026-05-25,ManagerPortal
L08461,cert-enterprise-ai-safety,M062,approved,2026-04-26,ManagerPortal
L08462,cert-enterprise-ai-safety,M055,pending,,ManagerPortal
L08463,cert-enterprise-ai-safety,M032,pending,,ManagerPortal
L08464,cert-enterprise-ai-safety,M078,approved,2026-04-28,ManagerPortal
L08465,cert-enterprise-ai-safety,M076,approved,2026-04-30,ManagerPortal
L08466,cert-enterprise-ai-safety,M051,approved,2026-05-24,ManagerPortal
L08467,cert-enterprise-ai-safety,M015,approved,2026-05-14,ManagerPortal
L08468,cert-enterprise-ai-safety,M032,pending,,ManagerPortal
L08469,cert-enterprise-ai-safety,M080,approved,2026-04-24,ManagerPortal
L08470,cert-enterprise-ai-safety,M022,approved,2026-05-31,ManagerPortal
L08471,cert-enterprise-ai-safety,M006,approved,2026-05-02,ManagerPortal
L08472,cert-enterprise-ai-safety,M042,approved,2026-05-19,ManagerPortal
L08473,cert-enterprise-ai-safety,M078,approved,2026-05-12,ManagerPortal
L08474,cert-enterprise-ai-safety,M063,pending,,ManagerPortal
L08475,cert-enterprise-ai-safety,M019,approved,2026-05-21,ManagerPortal
L08476,cert-enterprise-ai-safety,M007,approved,2026-05-06,ManagerPortal
L08477,cert-enterprise-ai-safety,M021,approved,2026-04-30,ManagerPortal
L08478,cert-enterprise-ai-safety,M057,approved,2026-06-06,ManagerPortal
L08479,cert-enterprise-ai-safety,M013,approved,2026-04-30,ManagerPortal
L08480,cert-enterprise-ai-safety,M026,approved,2026-05-14,ManagerPortal
L08481,cert-enterprise-ai-safety,M008,approved,2026-05-20,ManagerPortal
L08482,cert-enterprise-ai-safety,M053,pending,,ManagerPortal
L08483,cert-enterprise-ai-safety,M033,approved,2026-05-09,ManagerPortal
L08484,cert-enterprise-ai-safety,M055,approved,2026-05-17,ManagerPortal
L08485,cert-enterprise-ai-safety,M046,approved,2026-05-10,ManagerPortal
L08486,cert-enterprise-ai-safety,M005,approved,2026-06-01,ManagerPortal
L08487,cert-enterprise-ai-safety,M053,pending,,ManagerPortal
L08488,cert-enterprise-ai-safety,M052,pending,,ManagerPortal
L08489,cert-enterprise-ai-safety,M059,approved,2026-06-05,ManagerPortal
L08490,cert-enterprise-ai-safety,M016,pending,,ManagerPortal
L08491,cert-enterprise-ai-safety,M023,approved,2026-05-28,ManagerPortal
L08492,cert-enterprise-ai-safety,M007,pending,,ManagerPortal
L08493,cert-enterprise-ai-safety,M038,approved,2026-05-09,ManagerPortal
L08494,cert-enterprise-ai-safety,M023,approved,2026-05-24,ManagerPortal
L08495,cert-enterprise-ai-safety,M077,approved,2026-05-30,ManagerPortal
L08496,cert-enterprise-ai-safety,M021,approved,2026-05-28,ManagerPortal
L08497,cert-enterprise-ai-safety,M014,approved,2026-04-27,ManagerPortal
L08498,cert-enterprise-ai-safety,M071,approved,2026-04-24,ManagerPortal
L08499,cert-enterprise-ai-safety,M039,pending,,ManagerPortal
L08500,cert-enterprise-ai-safety,M080,approved,2026-06-03,ManagerPortal
L08501,cert-enterprise-ai-safety,M076,pending,,ManagerPortal
L08502,cert-enterprise-ai-safety,M031,pending,,ManagerPortal
L08503,cert-enterprise-ai-safety,M063,approved,2026-04-23,ManagerPortal
L08504,cert-enterprise-ai-safety,M047,pending,,ManagerPortal
L08505,cert-enterprise-ai-safety,M068,pending,,ManagerPortal
L08506,cert-enterprise-ai-safety,M016,approved,2026-04-30,ManagerPortal
L08507,cert-enterprise-ai-safety,M078,pending,,ManagerPortal
L08508,cert-enterprise-ai-safety,M013,approved,2026-05-09,ManagerPortal
L08509,cert-enterprise-ai-safety,M030,approved,2026-04-23,ManagerPortal
L08510,cert-enterprise-ai-safety,M048,approved,2026-05-17,ManagerPortal
L08511,cert-enterprise-ai-safety,M029,approved,2026-05-23,ManagerPortal
L08512,cert-enterprise-ai-safety,M012,approved,2026-05-12,ManagerPortal
L08513,cert-enterprise-ai-safety,M079,approved,2026-04-30,ManagerPortal
L08514,cert-enterprise-ai-safety,M023,approved,2026-05-16,ManagerPortal
L08515,cert-enterprise-ai-safety,M014,approved,2026-05-22,ManagerPortal
L08516,cert-enterprise-ai-safety,M008,approved,2026-05-23,ManagerPortal
L08517,cert-enterprise-ai-safety,M079,approved,2026-04-30,ManagerPortal
L08518,cert-enterprise-ai-safety,M047,pending,,ManagerPortal
L08519,cert-enterprise-ai-safety,M050,approved,2026-05-31,ManagerPortal
L08520,cert-enterprise-ai-safety,M009,approved,2026-06-05,ManagerPortal
L08521,cert-enterprise-ai-safety,M023,pending,,ManagerPortal
L08522,cert-enterprise-ai-safety,M025,approved,2026-04-23,ManagerPortal
L08523,cert-enterprise-ai-safety,M068,approved,2026-04-28,ManagerPortal
L08524,cert-enterprise-ai-safety,M058,approved,2026-06-06,ManagerPortal
L08525,cert-enterprise-ai-safety,M032,approved,2026-05-23,ManagerPortal
L08526,cert-enterprise-ai-safety,M074,approved,2026-05-04,ManagerPortal
L08527,cert-enterprise-ai-safety,M004,approved,2026-04-28,ManagerPortal
L08528,cert-enterprise-ai-safety,M001,approved,2026-05-17,ManagerPortal
L08529,cert-enterprise-ai-safety,M054,approved,2026-05-15,ManagerPortal
L08530,cert-enterprise-ai-safety,M047,pending,,ManagerPortal
L08531,cert-enterprise-ai-safety,M069,approved,2026-05-05,ManagerPortal
L08532,cert-enterprise-ai-safety,M051,pending,,ManagerPortal
L08533,cert-enterprise-ai-safety,M006,approved,2026-05-09,ManagerPortal
L08534,cert-enterprise-ai-safety,M023,pending,,ManagerPortal
L08535,cert-enterprise-ai-safety,M036,approved,2026-04-24,ManagerPortal
L08536,cert-enterprise-ai-safety,M014,approved,2026-05-10,ManagerPortal
L08537,cert-enterprise-ai-safety,M053,approved,2026-06-03,ManagerPortal
L08538,cert-enterprise-ai-safety,M073,approved,2026-05-06,ManagerPortal
L08539,cert-enterprise-ai-safety,M010,approved,2026-06-06,ManagerPortal
L08540,cert-enterprise-ai-safety,M024,approved,2026-05-15,ManagerPortal
L08541,cert-enterprise-ai-safety,M076,pending,,ManagerPortal
L08542,cert-enterprise-ai-safety,M064,approved,2026-05-01,ManagerPortal
L08543,cert-enterprise-ai-safety,M049,approved,2026-05-23,ManagerPortal
L08544,cert-enterprise-ai-safety,M019,approved,2026-05-05,ManagerPortal
L08545,cert-enterprise-ai-safety,M022,pending,,ManagerPortal
L08546,cert-enterprise-ai-safety,M033,approved,2026-05-22,ManagerPortal
L08547,cert-enterprise-ai-safety,M074,approved,2026-06-01,ManagerPortal
L08548,cert-enterprise-ai-safety,M072,approved,2026-05-24,ManagerPortal
L08549,cert-enterprise-ai-safety,M034,pending,,ManagerPortal
L08550,cert-enterprise-ai-safety,M014,approved,2026-04-29,ManagerPortal
L08551,cert-enterprise-ai-safety,M005,approved,2026-05-17,ManagerPortal
L08552,cert-enterprise-ai-safety,M002,pending,,ManagerPortal
L08553,cert-enterprise-ai-safety,M028,approved,2026-05-27,ManagerPortal
L08554,cert-enterprise-ai-safety,M028,approved,2026-05-17,ManagerPortal
L08555,cert-enterprise-ai-safety,M028,approved,2026-06-04,ManagerPortal
L08556,cert-enterprise-ai-safety,M029,approved,2026-05-24,ManagerPortal
L08557,cert-enterprise-ai-safety,M036,pending,,ManagerPortal
L08558,cert-enterprise-ai-safety,M064,approved,2026-05-13,ManagerPortal
L08559,cert-enterprise-ai-safety,M078,approved,2026-04-27,ManagerPortal
L08560,cert-enterprise-ai-safety,M068,pending,,ManagerPortal
L08561,cert-enterprise-ai-safety,M022,approved,2026-05-28,ManagerPortal
L08562,cert-enterprise-ai-safety,M004,approved,2026-05-24,ManagerPortal
L08563,cert-enterprise-ai-safety,M027,approved,2026-05-02,ManagerPortal
L08564,cert-enterprise-ai-safety,M062,pending,,ManagerPortal
L08565,cert-enterprise-ai-safety,M074,approved,2026-05-06,ManagerPortal
L08566,cert-enterprise-ai-safety,M038,approved,2026-06-04,ManagerPortal
L08567,cert-enterprise-ai-safety,M043,approved,2026-06-01,ManagerPortal
L08568,cert-enterprise-ai-safety,M030,pending,,ManagerPortal
L08569,cert-enterprise-ai-safety,M017,approved,2026-05-19,ManagerPortal
L08570,cert-enterprise-ai-safety,M078,approved,2026-05-02,ManagerPortal
L08571,cert-enterprise-ai-safety,M057,approved,2026-05-09,ManagerPortal
L08572,cert-enterprise-ai-safety,M005,pending,,ManagerPortal
L08573,cert-enterprise-ai-safety,M068,approved,2026-04-25,ManagerPortal
L08574,cert-enterprise-ai-safety,M049,approved,2026-05-09,ManagerPortal
L08575,cert-enterprise-ai-safety,M030,pending,,ManagerPortal
L08576,cert-enterprise-ai-safety,M062,approved,2026-05-23,ManagerPortal
L08577,cert-enterprise-ai-safety,M003,approved,2026-05-10,ManagerPortal
L08578,cert-enterprise-ai-safety,M012,approved,2026-05-04,ManagerPortal
L08579,cert-enterprise-ai-safety,M060,approved,2026-05-02,ManagerPortal
L08580,cert-enterprise-ai-safety,M021,approved,2026-05-30,ManagerPortal
L08581,cert-enterprise-ai-safety,M006,approved,2026-04-23,ManagerPortal
L08582,cert-enterprise-ai-safety,M056,pending,,ManagerPortal
L08583,cert-enterprise-ai-safety,M004,approved,2026-04-24,ManagerPortal
L08584,cert-enterprise-ai-safety,M028,pending,,ManagerPortal
L08585,cert-enterprise-ai-safety,M071,approved,2026-05-20,ManagerPortal
L08586,cert-enterprise-ai-safety,M054,pending,,ManagerPortal
L08587,cert-enterprise-ai-safety,M015,pending,,ManagerPortal
L08588,cert-enterprise-ai-safety,M001,approved,2026-05-02,ManagerPortal
L08589,cert-enterprise-ai-safety,M007,approved,2026-05-10,ManagerPortal
L08590,cert-enterprise-ai-safety,M014,approved,2026-06-02,ManagerPortal
L08591,cert-enterprise-ai-safety,M034,approved,2026-05-14,ManagerPortal
L08592,cert-enterprise-ai-safety,M064,approved,2026-05-18,ManagerPortal
L08593,cert-enterprise-ai-safety,M053,approved,2026-05-29,ManagerPortal
L08594,cert-enterprise-ai-safety,M006,approved,2026-05-15,ManagerPortal
L08595,cert-enterprise-ai-safety,M072,approved,2026-05-26,ManagerPortal
L08596,cert-enterprise-ai-safety,M047,approved,2026-05-23,ManagerPortal
L08597,cert-enterprise-ai-safety,M067,approved,2026-06-05,ManagerPortal
L08598,cert-enterprise-ai-safety,M055,pending,,ManagerPortal
L08599,cert-enterprise-ai-safety,M065,approved,2026-06-04,ManagerPortal
L08600,cert-enterprise-ai-safety,M070,approved,2026-05-06,ManagerPortal
L08601,cert-enterprise-ai-safety,M012,approved,2026-05-28,ManagerPortal
L08602,cert-enterprise-ai-safety,M002,pending,,ManagerPortal
L08603,cert-enterprise-ai-safety,M020,pending,,ManagerPortal
L08604,cert-enterprise-ai-safety,M047,pending,,ManagerPortal
L08605,cert-enterprise-ai-safety,M033,approved,2026-05-11,ManagerPortal
L08606,cert-enterprise-ai-safety,M037,approved,2026-04-23,ManagerPortal
L08607,cert-enterprise-ai-safety,M043,approved,2026-05-27,ManagerPortal
L08608,cert-enterprise-ai-safety,M078,pending,,ManagerPortal
L08609,cert-enterprise-ai-safety,M061,pending,,ManagerPortal
L08610,cert-enterprise-ai-safety,M036,pending,,ManagerPortal
L08611,cert-enterprise-ai-safety,M045,approved,2026-05-03,ManagerPortal
L08612,cert-enterprise-ai-safety,M028,pending,,ManagerPortal
L08613,cert-enterprise-ai-safety,M042,approved,2026-04-23,ManagerPortal
L08614,cert-enterprise-ai-safety,M051,approved,2026-04-29,ManagerPortal
L08615,cert-enterprise-ai-safety,M058,approved,2026-05-21,ManagerPortal
L08616,cert-enterprise-ai-safety,M025,approved,2026-04-24,ManagerPortal
L08617,cert-enterprise-ai-safety,M059,approved,2026-05-09,ManagerPortal
L08618,cert-enterprise-ai-safety,M052,pending,,ManagerPortal
L08619,cert-enterprise-ai-safety,M079,approved,2026-06-06,ManagerPortal
L08620,cert-enterprise-ai-safety,M038,approved,2026-06-01,ManagerPortal
L08621,cert-enterprise-ai-safety,M032,approved,2026-05-20,ManagerPortal
L08622,cert-enterprise-ai-safety,M054,pending,,ManagerPortal
L08623,cert-enterprise-ai-safety,M023,approved,2026-06-04,ManagerPortal
L08624,cert-enterprise-ai-safety,M025,approved,2026-05-18,ManagerPortal
L08625,cert-enterprise-ai-safety,M044,pending,,ManagerPortal
L08626,cert-enterprise-ai-safety,M065,approved,2026-05-01,ManagerPortal
L08627,cert-enterprise-ai-safety,M051,approved,2026-04-30,ManagerPortal
L08628,cert-enterprise-ai-safety,M027,pending,,ManagerPortal
L08629,cert-enterprise-ai-safety,M074,approved,2026-05-16,ManagerPortal
L08630,cert-enterprise-ai-safety,M052,pending,,ManagerPortal
L08631,cert-enterprise-ai-safety,M052,approved,2026-05-15,ManagerPortal
L08632,cert-enterprise-ai-safety,M064,approved,2026-05-23,ManagerPortal
L08633,cert-enterprise-ai-safety,M065,approved,2026-05-13,ManagerPortal
L08634,cert-enterprise-ai-safety,M075,pending,,ManagerPortal
L08635,cert-enterprise-ai-safety,M017,approved,2026-05-08,ManagerPortal
L08636,cert-enterprise-ai-safety,M003,pending,,ManagerPortal
L08637,cert-enterprise-ai-safety,M053,approved,2026-04-26,ManagerPortal
L08638,cert-enterprise-ai-safety,M044,approved,2026-05-08,ManagerPortal
L08639,cert-enterprise-ai-safety,M004,approved,2026-05-13,ManagerPortal
L08640,cert-enterprise-ai-safety,M009,approved,2026-04-27,ManagerPortal
L08641,cert-enterprise-ai-safety,M055,approved,2026-06-04,ManagerPortal
L08642,cert-enterprise-ai-safety,M024,approved,2026-05-20,ManagerPortal
L08643,cert-enterprise-ai-safety,M073,approved,2026-05-06,ManagerPortal
L08644,cert-enterprise-ai-safety,M048,pending,,ManagerPortal
L08645,cert-enterprise-ai-safety,M010,approved,2026-04-29,ManagerPortal
L08646,cert-enterprise-ai-safety,M047,approved,2026-04-24,ManagerPortal
L08647,cert-enterprise-ai-safety,M022,approved,2026-05-24,ManagerPortal
L08648,cert-enterprise-ai-safety,M035,approved,2026-05-20,ManagerPortal
L08649,cert-enterprise-ai-safety,M070,approved,2026-04-25,ManagerPortal
L08650,cert-enterprise-ai-safety,M067,approved,2026-05-28,ManagerPortal
L08651,cert-enterprise-ai-safety,M051,approved,2026-05-14,ManagerPortal
L08652,cert-enterprise-ai-safety,M078,approved,2026-04-26,ManagerPortal
L08653,cert-enterprise-ai-safety,M053,pending,,ManagerPortal
L08654,cert-enterprise-ai-safety,M046,approved,2026-05-18,ManagerPortal
L08655,cert-enterprise-ai-safety,M074,approved,2026-04-29,ManagerPortal
L08656,cert-enterprise-ai-safety,M024,approved,2026-06-06,ManagerPortal
L08657,cert-enterprise-ai-safety,M035,approved,2026-05-24,ManagerPortal
L08658,cert-enterprise-ai-safety,M032,approved,2026-05-18,ManagerPortal
L08659,cert-enterprise-ai-safety,M039,approved,2026-06-01,ManagerPortal
L08660,cert-enterprise-ai-safety,M076,pending,,ManagerPortal
L08661,cert-enterprise-ai-safety,M006,pending,,ManagerPortal
L08662,cert-enterprise-ai-safety,M064,approved,2026-05-16,ManagerPortal
L08663,cert-enterprise-ai-safety,M039,approved,2026-05-04,ManagerPortal
L08664,cert-enterprise-ai-safety,M004,pending,,ManagerPortal
L08665,cert-enterprise-ai-safety,M046,approved,2026-05-24,ManagerPortal
L08666,cert-enterprise-ai-safety,M010,approved,2026-04-30,ManagerPortal
L08667,cert-enterprise-ai-safety,M077,approved,2026-06-06,ManagerPortal
L08668,cert-enterprise-ai-safety,M070,approved,2026-05-05,ManagerPortal
L08669,cert-enterprise-ai-safety,M076,pending,,ManagerPortal
L08670,cert-enterprise-ai-safety,M077,approved,2026-05-17,ManagerPortal
L08671,cert-enterprise-ai-safety,M071,approved,2026-05-29,ManagerPortal
L08672,cert-enterprise-ai-safety,M018,pending,,ManagerPortal
L08673,cert-enterprise-ai-safety,M077,pending,,ManagerPortal
L08674,cert-enterprise-ai-safety,M068,approved,2026-05-20,ManagerPortal
L08675,cert-enterprise-ai-safety,M028,approved,2026-05-21,ManagerPortal
L08676,cert-enterprise-ai-safety,M036,pending,,ManagerPortal
L08677,cert-enterprise-ai-safety,M015,approved,2026-05-26,ManagerPortal
L08678,cert-enterprise-ai-safety,M060,approved,2026-05-24,ManagerPortal
L08679,cert-enterprise-ai-safety,M003,approved,2026-04-25,ManagerPortal
L08680,cert-enterprise-ai-safety,M033,approved,2026-05-09,ManagerPortal
L08681,cert-enterprise-ai-safety,M062,approved,2026-05-15,ManagerPortal
L08682,cert-enterprise-ai-safety,M023,approved,2026-05-02,ManagerPortal
L08683,cert-enterprise-ai-safety,M072,pending,,ManagerPortal
L08684,cert-enterprise-ai-safety,M061,approved,2026-05-07,ManagerPortal
L08685,cert-enterprise-ai-safety,M023,pending,,ManagerPortal
L08686,cert-enterprise-ai-safety,M043,pending,,ManagerPortal
L08687,cert-enterprise-ai-safety,M022,approved,2026-05-26,ManagerPortal
L08688,cert-enterprise-ai-safety,M054,approved,2026-05-23,ManagerPortal
L08689,cert-enterprise-ai-safety,M038,pending,,ManagerPortal
L08690,cert-enterprise-ai-safety,M022,approved,2026-06-04,ManagerPortal
L08691,cert-enterprise-ai-safety,M034,approved,2026-05-02,ManagerPortal
L08692,cert-enterprise-ai-safety,M027,approved,2026-05-16,ManagerPortal
L08693,cert-enterprise-ai-safety,M046,pending,,ManagerPortal
L08694,cert-enterprise-ai-safety,M005,approved,2026-05-24,ManagerPortal
L08695,cert-enterprise-ai-safety,M039,approved,2026-04-23,ManagerPortal
L08696,cert-enterprise-ai-safety,M036,approved,2026-05-25,ManagerPortal
L08697,cert-enterprise-ai-safety,M049,approved,2026-05-14,ManagerPortal
L08698,cert-enterprise-ai-safety,M059,pending,,ManagerPortal
L08699,cert-enterprise-ai-safety,M040,approved,2026-05-28,ManagerPortal
L08700,cert-enterprise-ai-safety,M029,approved,2026-05-16,ManagerPortal
L08701,cert-enterprise-ai-safety,M073,approved,2026-05-04,ManagerPortal
L08702,cert-enterprise-ai-safety,M061,approved,2026-05-15,ManagerPortal
L08703,cert-enterprise-ai-safety,M061,pending,,ManagerPortal
L08704,cert-enterprise-ai-safety,M007,approved,2026-05-01,ManagerPortal
L08705,cert-enterprise-ai-safety,M076,pending,,ManagerPortal
L08706,cert-enterprise-ai-safety,M078,pending,,ManagerPortal
L08707,cert-enterprise-ai-safety,M075,approved,2026-06-01,ManagerPortal
L08708,cert-enterprise-ai-safety,M012,pending,,ManagerPortal
L08709,cert-enterprise-ai-safety,M058,approved,2026-05-22,ManagerPortal
L08710,cert-enterprise-ai-safety,M025,approved,2026-04-24,ManagerPortal
L08711,cert-enterprise-ai-safety,M005,approved,2026-04-23,ManagerPortal
L08712,cert-enterprise-ai-safety,M011,pending,,ManagerPortal
L08713,cert-enterprise-ai-safety,M031,approved,2026-05-11,ManagerPortal
L08714,cert-enterprise-ai-safety,M025,approved,2026-05-05,ManagerPortal
L08715,cert-enterprise-ai-safety,M072,approved,2026-05-21,ManagerPortal
L08716,cert-enterprise-ai-safety,M073,pending,,ManagerPortal
L08717,cert-enterprise-ai-safety,M003,approved,2026-05-16,ManagerPortal
L08718,cert-enterprise-ai-safety,M044,pending,,ManagerPortal
L08719,cert-enterprise-ai-safety,M026,pending,,ManagerPortal
L08720,cert-enterprise-ai-safety,M014,approved,2026-04-23,ManagerPortal
L08721,cert-enterprise-ai-safety,M033,approved,2026-06-01,ManagerPortal
L08722,cert-enterprise-ai-safety,M024,approved,2026-05-29,ManagerPortal
L08723,cert-enterprise-ai-safety,M017,approved,2026-05-11,ManagerPortal
L08724,cert-enterprise-ai-safety,M004,approved,2026-05-19,ManagerPortal
L08725,cert-enterprise-ai-safety,M075,pending,,ManagerPortal
L08726,cert-enterprise-ai-safety,M063,approved,2026-05-23,ManagerPortal
L08727,cert-enterprise-ai-safety,M012,approved,2026-05-11,ManagerPortal
L08728,cert-enterprise-ai-safety,M042,approved,2026-05-20,ManagerPortal
L08729,cert-enterprise-ai-safety,M049,approved,2026-05-17,ManagerPortal
L08730,cert-enterprise-ai-safety,M054,approved,2026-06-04,ManagerPortal
L08731,cert-enterprise-ai-safety,M041,approved,2026-05-08,ManagerPortal
L08732,cert-enterprise-ai-safety,M017,approved,2026-05-22,ManagerPortal
L08733,cert-enterprise-ai-safety,M052,approved,2026-05-18,ManagerPortal
L08734,cert-enterprise-ai-safety,M018,approved,2026-06-03,ManagerPortal
L08735,cert-enterprise-ai-safety,M006,pending,,ManagerPortal
L08736,cert-enterprise-ai-safety,M006,approved,2026-06-05,ManagerPortal
L08737,cert-enterprise-ai-safety,M051,approved,2026-05-09,ManagerPortal
L08738,cert-enterprise-ai-safety,M006,approved,2026-05-07,ManagerPortal
L08739,cert-enterprise-ai-safety,M034,approved,2026-05-16,ManagerPortal
L08740,cert-enterprise-ai-safety,M065,pending,,ManagerPortal
L08741,cert-enterprise-ai-safety,M012,approved,2026-05-22,ManagerPortal
L08742,cert-enterprise-ai-safety,M032,approved,2026-05-10,ManagerPortal
L08743,cert-enterprise-ai-safety,M061,pending,,ManagerPortal
L08744,cert-enterprise-ai-safety,M004,approved,2026-04-25,ManagerPortal
L08745,cert-enterprise-ai-safety,M057,approved,2026-04-27,ManagerPortal
L08746,cert-enterprise-ai-safety,M051,approved,2026-05-27,ManagerPortal
L08747,cert-enterprise-ai-safety,M066,approved,2026-05-19,ManagerPortal
L08748,cert-enterprise-ai-safety,M060,approved,2026-06-05,ManagerPortal
L08749,cert-enterprise-ai-safety,M044,pending,,ManagerPortal
L08750,cert-enterprise-ai-safety,M009,approved,2026-05-21,ManagerPortal
L08751,cert-enterprise-ai-safety,M075,approved,2026-05-04,ManagerPortal
L08752,cert-enterprise-ai-safety,M024,approved,2026-05-18,ManagerPortal
L08753,cert-enterprise-ai-safety,M065,approved,2026-06-01,ManagerPortal
L08754,cert-enterprise-ai-safety,M008,pending,,ManagerPortal
L08755,cert-enterprise-ai-safety,M031,approved,2026-05-28,ManagerPortal
L08756,cert-enterprise-ai-safety,M073,pending,,ManagerPortal
L08757,cert-enterprise-ai-safety,M079,approved,2026-05-21,ManagerPortal
L08758,cert-enterprise-ai-safety,M020,pending,,ManagerPortal
L08759,cert-enterprise-ai-safety,M048,approved,2026-05-03,ManagerPortal
L08760,cert-enterprise-ai-safety,M024,pending,,ManagerPortal
L08761,cert-enterprise-ai-safety,M066,approved,2026-05-11,ManagerPortal
L08762,cert-enterprise-ai-safety,M051,approved,2026-05-19,ManagerPortal
L08763,cert-enterprise-ai-safety,M050,approved,2026-06-03,ManagerPortal
L08764,cert-enterprise-ai-safety,M002,approved,2026-05-29,ManagerPortal
L08765,cert-enterprise-ai-safety,M044,approved,2026-05-08,ManagerPortal
L08766,cert-enterprise-ai-safety,M048,approved,2026-04-26,ManagerPortal
L08767,cert-enterprise-ai-safety,M017,approved,2026-05-07,ManagerPortal
L08768,cert-enterprise-ai-safety,M033,approved,2026-04-28,ManagerPortal
L08769,cert-enterprise-ai-safety,M080,approved,2026-05-22,ManagerPortal
L08770,cert-enterprise-ai-safety,M024,pending,,ManagerPortal
L08771,cert-enterprise-ai-safety,M026,pending,,ManagerPortal
L08772,cert-enterprise-ai-safety,M006,approved,2026-04-25,ManagerPortal
L08773,cert-enterprise-ai-safety,M024,pending,,ManagerPortal
L08774,cert-enterprise-ai-safety,M008,approved,2026-04-29,ManagerPortal
L08775,cert-enterprise-ai-safety,M023,approved,2026-06-05,ManagerPortal
L08776,cert-enterprise-ai-safety,M038,approved,2026-05-11,ManagerPortal
L08777,cert-enterprise-ai-safety,M051,approved,2026-05-28,ManagerPortal
L08778,cert-enterprise-ai-safety,M003,pending,,ManagerPortal
L08779,cert-enterprise-ai-safety,M019,approved,2026-06-04,ManagerPortal
L08780,cert-enterprise-ai-safety,M007,pending,,ManagerPortal
L08781,cert-enterprise-ai-safety,M012,approved,2026-05-25,ManagerPortal
L08782,cert-enterprise-ai-safety,M021,approved,2026-05-23,ManagerPortal
L08783,cert-enterprise-ai-safety,M074,approved,2026-06-06,ManagerPortal
L08784,cert-enterprise-ai-safety,M050,approved,2026-05-18,ManagerPortal
L08785,cert-enterprise-ai-safety,M037,pending,,ManagerPortal
L08786,cert-enterprise-ai-safety,M072,approved,2026-05-26,ManagerPortal
L08787,cert-enterprise-ai-safety,M040,approved,2026-05-18,ManagerPortal
L08788,cert-enterprise-ai-safety,M065,approved,2026-04-30,ManagerPortal
L08789,cert-enterprise-ai-safety,M029,approved,2026-05-22,ManagerPortal
L08790,cert-enterprise-ai-safety,M046,approved,2026-05-06,ManagerPortal
L08791,cert-enterprise-ai-safety,M057,approved,2026-04-26,ManagerPortal
L08792,cert-enterprise-ai-safety,M008,approved,2026-05-22,ManagerPortal
L08793,cert-enterprise-ai-safety,M039,approved,2026-06-04,ManagerPortal
L08794,cert-enterprise-ai-safety,M067,approved,2026-05-19,ManagerPortal
L08795,cert-enterprise-ai-safety,M060,pending,,ManagerPortal
L08796,cert-enterprise-ai-safety,M068,approved,2026-06-05,ManagerPortal
L08797,cert-enterprise-ai-safety,M060,pending,,ManagerPortal
L08798,cert-enterprise-ai-safety,M078,approved,2026-05-06,ManagerPortal
L08799,cert-enterprise-ai-safety,M044,approved,2026-04-23,ManagerPortal
L08800,cert-enterprise-ai-safety,M039,approved,2026-05-29,ManagerPortal
L08801,cert-enterprise-ai-safety,M004,approved,2026-06-02,ManagerPortal
L08802,cert-enterprise-ai-safety,M044,pending,,ManagerPortal
L08803,cert-enterprise-ai-safety,M043,approved,2026-06-03,ManagerPortal
L08804,cert-enterprise-ai-safety,M074,approved,2026-05-01,ManagerPortal
L08805,cert-enterprise-ai-safety,M035,approved,2026-05-18,ManagerPortal
L08806,cert-enterprise-ai-safety,M039,approved,2026-06-01,ManagerPortal
L08807,cert-enterprise-ai-safety,M035,pending,,ManagerPortal
L08808,cert-enterprise-ai-safety,M016,approved,2026-05-17,ManagerPortal
L08809,cert-enterprise-ai-safety,M013,approved,2026-05-30,ManagerPortal
L08810,cert-enterprise-ai-safety,M077,pending,,ManagerPortal
L08811,cert-enterprise-ai-safety,M079,approved,2026-05-09,ManagerPortal
L08812,cert-enterprise-ai-safety,M060,approved,2026-05-14,ManagerPortal
L08813,cert-enterprise-ai-safety,M021,approved,2026-05-22,ManagerPortal
L08814,cert-enterprise-ai-safety,M068,pending,,ManagerPortal
L08815,cert-enterprise-ai-safety,M024,approved,2026-05-16,ManagerPortal
L08816,cert-enterprise-ai-safety,M072,approved,2026-06-04,ManagerPortal
L08817,cert-enterprise-ai-safety,M037,pending,,ManagerPortal
L08818,cert-enterprise-ai-safety,M032,approved,2026-05-05,ManagerPortal
L08819,cert-enterprise-ai-safety,M079,approved,2026-05-12,ManagerPortal
L08820,cert-enterprise-ai-safety,M019,approved,2026-05-07,ManagerPortal
L08821,cert-enterprise-ai-safety,M019,pending,,ManagerPortal
L08822,cert-enterprise-ai-safety,M043,approved,2026-05-19,ManagerPortal
L08823,cert-enterprise-ai-safety,M044,approved,2026-06-03,ManagerPortal
L08824,cert-enterprise-ai-safety,M055,approved,2026-05-29,ManagerPortal
L08825,cert-enterprise-ai-safety,M057,approved,2026-05-13,ManagerPortal
L08826,cert-enterprise-ai-safety,M062,pending,,ManagerPortal
L08827,cert-enterprise-ai-safety,M071,approved,2026-05-05,ManagerPortal
L08828,cert-enterprise-ai-safety,M043,approved,2026-04-27,ManagerPortal
L08829,cert-enterprise-ai-safety,M026,approved,2026-05-20,ManagerPortal
L08830,cert-enterprise-ai-safety,M015,approved,2026-05-07,ManagerPortal
L08831,cert-enterprise-ai-safety,M077,approved,2026-05-27,ManagerPortal
L08832,cert-enterprise-ai-safety,M009,approved,2026-04-24,ManagerPortal
L08833,cert-enterprise-ai-safety,M027,approved,2026-06-03,ManagerPortal
L08834,cert-enterprise-ai-safety,M048,approved,2026-05-15,ManagerPortal
L08835,cert-enterprise-ai-safety,M080,approved,2026-06-01,ManagerPortal
L08836,cert-enterprise-ai-safety,M040,approved,2026-05-20,ManagerPortal
L08837,cert-enterprise-ai-safety,M014,approved,2026-05-31,ManagerPortal
L08838,cert-enterprise-ai-safety,M072,pending,,ManagerPortal
L08839,cert-enterprise-ai-safety,M004,approved,2026-05-09,ManagerPortal
L08840,cert-enterprise-ai-safety,M046,approved,2026-06-02,ManagerPortal
L08841,cert-enterprise-ai-safety,M066,approved,2026-05-30,ManagerPortal
L08842,cert-enterprise-ai-safety,M006,approved,2026-05-08,ManagerPortal
L08843,cert-enterprise-ai-safety,M040,approved,2026-06-04,ManagerPortal
L08844,cert-enterprise-ai-safety,M040,approved,2026-04-30,ManagerPortal
L08845,cert-enterprise-ai-safety,M002,approved,2026-05-30,ManagerPortal
L08846,cert-enterprise-ai-safety,M020,approved,2026-05-08,ManagerPortal
L08847,cert-enterprise-ai-safety,M062,approved,2026-05-06,ManagerPortal
L08848,cert-enterprise-ai-safety,M072,pending,,ManagerPortal
L08849,cert-enterprise-ai-safety,M048,approved,2026-05-15,ManagerPortal
L08850,cert-enterprise-ai-safety,M016,approved,2026-06-03,ManagerPortal
L08851,cert-enterprise-ai-safety,M022,pending,,ManagerPortal
L08852,cert-enterprise-ai-safety,M075,approved,2026-04-30,ManagerPortal
L08853,cert-enterprise-ai-safety,M069,approved,2026-05-12,ManagerPortal
L08854,cert-enterprise-ai-safety,M025,approved,2026-05-23,ManagerPortal
L08855,cert-enterprise-ai-safety,M052,approved,2026-05-19,ManagerPortal
L08856,cert-enterprise-ai-safety,M043,approved,2026-05-27,ManagerPortal
L08857,cert-enterprise-ai-safety,M041,approved,2026-05-17,ManagerPortal
L08858,cert-enterprise-ai-safety,M075,approved,2026-05-23,ManagerPortal
L08859,cert-enterprise-ai-safety,M058,approved,2026-04-30,ManagerPortal
L08860,cert-enterprise-ai-safety,M066,pending,,ManagerPortal
L08861,cert-enterprise-ai-safety,M074,approved,2026-05-04,ManagerPortal
L08862,cert-enterprise-ai-safety,M050,approved,2026-05-19,ManagerPortal
L08863,cert-enterprise-ai-safety,M049,approved,2026-04-29,ManagerPortal
L08864,cert-enterprise-ai-safety,M054,approved,2026-05-20,ManagerPortal
L08865,cert-enterprise-ai-safety,M030,pending,,ManagerPortal
L08866,cert-enterprise-ai-safety,M069,pending,,ManagerPortal
L08867,cert-enterprise-ai-safety,M058,approved,2026-05-15,ManagerPortal
L08868,cert-enterprise-ai-safety,M035,approved,2026-05-29,ManagerPortal
L08869,cert-enterprise-ai-safety,M015,approved,2026-06-01,ManagerPortal
L08870,cert-enterprise-ai-safety,M038,approved,2026-05-06,ManagerPortal
L08871,cert-enterprise-ai-safety,M068,approved,2026-05-15,ManagerPortal
L08872,cert-enterprise-ai-safety,M047,approved,2026-05-11,ManagerPortal
L08873,cert-enterprise-ai-safety,M004,approved,2026-05-09,ManagerPortal
L08874,cert-enterprise-ai-safety,M054,pending,,ManagerPortal
L08875,cert-enterprise-ai-safety,M043,approved,2026-04-23,ManagerPortal
L08876,cert-enterprise-ai-safety,M061,pending,,ManagerPortal
L08877,cert-enterprise-ai-safety,M077,approved,2026-05-09,ManagerPortal
L08878,cert-enterprise-ai-safety,M052,pending,,ManagerPortal
L08879,cert-enterprise-ai-safety,M035,approved,2026-05-07,ManagerPortal
L08880,cert-enterprise-ai-safety,M030,approved,2026-05-29,ManagerPortal
L08881,cert-enterprise-ai-safety,M008,approved,2026-05-16,ManagerPortal
L08882,cert-enterprise-ai-safety,M079,approved,2026-04-23,ManagerPortal
L08883,cert-enterprise-ai-safety,M009,approved,2026-04-29,ManagerPortal
L08884,cert-enterprise-ai-safety,M064,approved,2026-05-16,ManagerPortal
L08885,cert-enterprise-ai-safety,M007,pending,,ManagerPortal
L08886,cert-enterprise-ai-safety,M003,approved,2026-05-31,ManagerPortal
L08887,cert-enterprise-ai-safety,M075,approved,2026-04-26,ManagerPortal
L08888,cert-enterprise-ai-safety,M031,approved,2026-05-21,ManagerPortal
L08889,cert-enterprise-ai-safety,M058,approved,2026-05-28,ManagerPortal
L08890,cert-enterprise-ai-safety,M058,approved,2026-05-31,ManagerPortal
L08891,cert-enterprise-ai-safety,M051,approved,2026-05-24,ManagerPortal
L08892,cert-enterprise-ai-safety,M058,approved,2026-05-08,ManagerPortal
L08893,cert-enterprise-ai-safety,M073,pending,,ManagerPortal
L08894,cert-enterprise-ai-safety,M014,approved,2026-05-22,ManagerPortal
L08895,cert-enterprise-ai-safety,M014,approved,2026-05-08,ManagerPortal
L08896,cert-enterprise-ai-safety,M051,approved,2026-04-26,ManagerPortal
L08897,cert-enterprise-ai-safety,M011,approved,2026-05-23,ManagerPortal
L08898,cert-enterprise-ai-safety,M011,pending,,ManagerPortal
L08899,cert-enterprise-ai-safety,M048,approved,2026-06-01,ManagerPortal
L08900,cert-enterprise-ai-safety,M046,pending,,ManagerPortal
L08901,cert-enterprise-ai-safety,M033,approved,2026-05-26,ManagerPortal
L08902,cert-enterprise-ai-safety,M045,pending,,ManagerPortal
L08903,cert-enterprise-ai-safety,M001,approved,2026-05-17,ManagerPortal
L08904,cert-enterprise-ai-safety,M009,pending,,ManagerPortal
L08905,cert-enterprise-ai-safety,M022,approved,2026-06-04,ManagerPortal
L08906,cert-enterprise-ai-safety,M079,pending,,ManagerPortal
L08907,cert-enterprise-ai-safety,M001,approved,2026-04-30,ManagerPortal
L08908,cert-enterprise-ai-safety,M025,pending,,ManagerPortal
L08909,cert-enterprise-ai-safety,M012,pending,,ManagerPortal
L08910,cert-enterprise-ai-safety,M061,approved,2026-05-20,ManagerPortal
L08911,cert-enterprise-ai-safety,M012,pending,,ManagerPortal
L08912,cert-enterprise-ai-safety,M066,pending,,ManagerPortal
L08913,cert-enterprise-ai-safety,M006,pending,,ManagerPortal
L08914,cert-enterprise-ai-safety,M027,approved,2026-05-14,ManagerPortal
L08915,cert-enterprise-ai-safety,M003,approved,2026-05-07,ManagerPortal
L08916,cert-enterprise-ai-safety,M067,approved,2026-05-04,ManagerPortal
L08917,cert-enterprise-ai-safety,M072,pending,,ManagerPortal
L08918,cert-enterprise-ai-safety,M043,approved,2026-05-14,ManagerPortal
L08919,cert-enterprise-ai-safety,M025,pending,,ManagerPortal
L08920,cert-enterprise-ai-safety,M033,pending,,ManagerPortal
L08921,cert-enterprise-ai-safety,M023,approved,2026-05-10,ManagerPortal
L08922,cert-enterprise-ai-safety,M067,approved,2026-05-13,ManagerPortal
L08923,cert-enterprise-ai-safety,M079,approved,2026-05-06,ManagerPortal
L08924,cert-enterprise-ai-safety,M010,approved,2026-05-23,ManagerPortal
L08925,cert-enterprise-ai-safety,M008,approved,2026-05-11,ManagerPortal
L08926,cert-enterprise-ai-safety,M079,approved,2026-05-29,ManagerPortal
L08927,cert-enterprise-ai-safety,M059,approved,2026-05-29,ManagerPortal
L08928,cert-enterprise-ai-safety,M033,approved,2026-05-14,ManagerPortal
L08929,cert-enterprise-ai-safety,M051,approved,2026-05-09,ManagerPortal
L08930,cert-enterprise-ai-safety,M058,approved,2026-05-28,ManagerPortal
L08931,cert-enterprise-ai-safety,M069,pending,,ManagerPortal
L08932,cert-enterprise-ai-safety,M021,approved,2026-05-21,ManagerPortal
L08933,cert-enterprise-ai-safety,M015,approved,2026-05-06,ManagerPortal
L08934,cert-enterprise-ai-safety,M037,approved,2026-06-04,ManagerPortal
L08935,cert-enterprise-ai-safety,M015,approved,2026-05-08,ManagerPortal
L08936,cert-enterprise-ai-safety,M071,approved,2026-05-04,ManagerPortal
L08937,cert-enterprise-ai-safety,M022,approved,2026-05-10,ManagerPortal
L08938,cert-enterprise-ai-safety,M043,approved,2026-04-24,ManagerPortal
L08939,cert-enterprise-ai-safety,M040,approved,2026-05-24,ManagerPortal
L08940,cert-enterprise-ai-safety,M026,approved,2026-05-17,ManagerPortal
L08941,cert-enterprise-ai-safety,M073,approved,2026-05-14,ManagerPortal
L08942,cert-enterprise-ai-safety,M001,pending,,ManagerPortal
L08943,cert-enterprise-ai-safety,M045,approved,2026-05-21,ManagerPortal
L08944,cert-enterprise-ai-safety,M027,approved,2026-05-29,ManagerPortal
L08945,cert-enterprise-ai-safety,M017,pending,,ManagerPortal
L08946,cert-enterprise-ai-safety,M041,approved,2026-06-04,ManagerPortal
L08947,cert-enterprise-ai-safety,M057,pending,,ManagerPortal
L08948,cert-enterprise-ai-safety,M054,approved,2026-05-02,ManagerPortal
L08949,cert-enterprise-ai-safety,M048,approved,2026-05-29,ManagerPortal
L08950,cert-enterprise-ai-safety,M011,approved,2026-05-29,ManagerPortal
L08951,cert-enterprise-ai-safety,M039,approved,2026-04-27,ManagerPortal
L08952,cert-enterprise-ai-safety,M010,approved,2026-05-24,ManagerPortal
L08953,cert-enterprise-ai-safety,M077,approved,2026-06-04,ManagerPortal
L08954,cert-enterprise-ai-safety,M033,pending,,ManagerPortal
L08955,cert-enterprise-ai-safety,M077,pending,,ManagerPortal
L08956,cert-enterprise-ai-safety,M069,approved,2026-04-30,ManagerPortal
L08957,cert-enterprise-ai-safety,M016,approved,2026-05-26,ManagerPortal
L08958,cert-enterprise-ai-safety,M027,approved,2026-05-08,ManagerPortal
L08959,cert-enterprise-ai-safety,M022,approved,2026-05-20,ManagerPortal
L08960,cert-enterprise-ai-safety,M018,pending,,ManagerPortal
L08961,cert-enterprise-ai-safety,M038,approved,2026-05-13,ManagerPortal
L08962,cert-enterprise-ai-safety,M067,pending,,ManagerPortal
L08963,cert-enterprise-ai-safety,M009,approved,2026-05-19,ManagerPortal
L08964,cert-enterprise-ai-safety,M010,pending,,ManagerPortal
L08965,cert-enterprise-ai-safety,M046,approved,2026-05-22,ManagerPortal
L08966,cert-enterprise-ai-safety,M005,approved,2026-05-30,ManagerPortal
L08967,cert-enterprise-ai-safety,M072,approved,2026-05-27,ManagerPortal
L08968,cert-enterprise-ai-safety,M057,approved,2026-05-25,ManagerPortal
L08969,cert-enterprise-ai-safety,M047,approved,2026-05-14,ManagerPortal
L08970,cert-enterprise-ai-safety,M011,approved,2026-05-16,ManagerPortal
L08971,cert-enterprise-ai-safety,M040,approved,2026-06-03,ManagerPortal
L08972,cert-enterprise-ai-safety,M014,approved,2026-05-17,ManagerPortal
L08973,cert-enterprise-ai-safety,M041,approved,2026-05-20,ManagerPortal
L08974,cert-enterprise-ai-safety,M036,approved,2026-05-03,ManagerPortal
L08975,cert-enterprise-ai-safety,M079,approved,2026-05-19,ManagerPortal
L08976,cert-enterprise-ai-safety,M038,approved,2026-04-30,ManagerPortal
L08977,cert-enterprise-ai-safety,M032,approved,2026-05-16,ManagerPortal
L08978,cert-enterprise-ai-safety,M050,approved,2026-05-15,ManagerPortal
L08979,cert-enterprise-ai-safety,M043,approved,2026-04-29,ManagerPortal
L08980,cert-enterprise-ai-safety,M079,pending,,ManagerPortal
L08981,cert-enterprise-ai-safety,M076,approved,2026-05-08,ManagerPortal
L08982,cert-enterprise-ai-safety,M069,pending,,ManagerPortal
L08983,cert-enterprise-ai-safety,M002,approved,2026-04-24,ManagerPortal
L08984,cert-enterprise-ai-safety,M027,pending,,ManagerPortal
L08985,cert-enterprise-ai-safety,M002,approved,2026-06-01,ManagerPortal
L08986,cert-enterprise-ai-safety,M053,approved,2026-05-30,ManagerPortal
L08987,cert-enterprise-ai-safety,M004,pending,,ManagerPortal
L08988,cert-enterprise-ai-safety,M078,approved,2026-05-23,ManagerPortal
L08989,cert-enterprise-ai-safety,M029,approved,2026-05-31,ManagerPortal
L08990,cert-enterprise-ai-safety,M026,pending,,ManagerPortal
L08991,cert-enterprise-ai-safety,M004,approved,2026-04-23,ManagerPortal
L08992,cert-enterprise-ai-safety,M003,approved,2026-05-27,ManagerPortal
L08993,cert-enterprise-ai-safety,M004,approved,2026-05-11,ManagerPortal
L08994,cert-enterprise-ai-safety,M025,pending,,ManagerPortal
L08995,cert-enterprise-ai-safety,M023,approved,2026-06-06,ManagerPortal
L08996,cert-enterprise-ai-safety,M006,pending,,ManagerPortal
L08997,cert-enterprise-ai-safety,M023,approved,2026-05-27,ManagerPortal
L08998,cert-enterprise-ai-safety,M061,approved,2026-05-16,ManagerPortal
L08999,cert-enterprise-ai-safety,M056,approved,2026-05-19,ManagerPortal
L09000,cert-enterprise-ai-safety,M017,approved,2026-06-05,ManagerPortal
L09001,cert-enterprise-ai-safety,M016,pending,,ManagerPortal
L09002,cert-enterprise-ai-safety,M060,approved,2026-05-28,ManagerPortal
L09003,cert-enterprise-ai-safety,M070,approved,2026-06-04,ManagerPortal
L09004,cert-enterprise-ai-safety,M077,approved,2026-04-23,ManagerPortal
L09005,cert-enterprise-ai-safety,M022,approved,2026-05-22,ManagerPortal
L09006,cert-enterprise-ai-safety,M010,approved,2026-06-03,ManagerPortal
L09007,cert-enterprise-ai-safety,M067,pending,,ManagerPortal
L09008,cert-enterprise-ai-safety,M022,approved,2026-06-04,ManagerPortal
L09009,cert-enterprise-ai-safety,M068,approved,2026-05-11,ManagerPortal
L09010,cert-enterprise-ai-safety,M047,approved,2026-05-22,ManagerPortal
L09011,cert-enterprise-ai-safety,M056,approved,2026-06-05,ManagerPortal
L09012,cert-enterprise-ai-safety,M013,pending,,ManagerPortal
L09013,cert-enterprise-ai-safety,M046,pending,,ManagerPortal
L09014,cert-enterprise-ai-safety,M045,approved,2026-05-24,ManagerPortal
L09015,cert-enterprise-ai-safety,M060,pending,,ManagerPortal
L09016,cert-enterprise-ai-safety,M027,approved,2026-05-04,ManagerPortal
L09017,cert-enterprise-ai-safety,M049,approved,2026-05-06,ManagerPortal
L09018,cert-enterprise-ai-safety,M031,approved,2026-05-03,ManagerPortal
L09019,cert-enterprise-ai-safety,M031,approved,2026-05-16,ManagerPortal
L09020,cert-enterprise-ai-safety,M030,approved,2026-06-02,ManagerPortal
L09021,cert-enterprise-ai-safety,M025,approved,2026-06-06,ManagerPortal
L09022,cert-enterprise-ai-safety,M020,approved,2026-05-28,ManagerPortal
L09023,cert-enterprise-ai-safety,M077,pending,,ManagerPortal
L09024,cert-enterprise-ai-safety,M070,approved,2026-04-27,ManagerPortal
L09025,cert-enterprise-ai-safety,M076,approved,2026-04-29,ManagerPortal
L09026,cert-enterprise-ai-safety,M027,pending,,ManagerPortal
L09027,cert-enterprise-ai-safety,M029,pending,,ManagerPortal
L09028,cert-enterprise-ai-safety,M006,approved,2026-04-26,ManagerPortal
L09029,cert-enterprise-ai-safety,M004,pending,,ManagerPortal
L09030,cert-enterprise-ai-safety,M023,approved,2026-05-26,ManagerPortal
L09031,cert-enterprise-ai-safety,M058,approved,2026-04-28,ManagerPortal
L09032,cert-enterprise-ai-safety,M039,approved,2026-05-01,ManagerPortal
L09033,cert-enterprise-ai-safety,M053,pending,,ManagerPortal
L09034,cert-enterprise-ai-safety,M080,pending,,ManagerPortal
L09035,cert-enterprise-ai-safety,M026,approved,2026-05-29,ManagerPortal
L09036,cert-enterprise-ai-safety,M054,pending,,ManagerPortal
L09037,cert-enterprise-ai-safety,M047,pending,,ManagerPortal
L09038,cert-enterprise-ai-safety,M014,approved,2026-06-01,ManagerPortal
L09039,cert-enterprise-ai-safety,M049,approved,2026-05-29,ManagerPortal
L09040,cert-enterprise-ai-safety,M078,approved,2026-05-05,ManagerPortal
L09041,cert-enterprise-ai-safety,M064,approved,2026-05-05,ManagerPortal
L09042,cert-enterprise-ai-safety,M016,pending,,ManagerPortal
L09043,cert-enterprise-ai-safety,M034,approved,2026-06-05,ManagerPortal
L09044,cert-enterprise-ai-safety,M008,approved,2026-04-28,ManagerPortal
L09045,cert-enterprise-ai-safety,M034,pending,,ManagerPortal
L09046,cert-enterprise-ai-safety,M042,approved,2026-05-28,ManagerPortal
L09047,cert-enterprise-ai-safety,M047,approved,2026-05-19,ManagerPortal
L09048,cert-enterprise-ai-safety,M008,approved,2026-06-02,ManagerPortal
L09049,cert-enterprise-ai-safety,M045,approved,2026-05-29,ManagerPortal
L09050,cert-enterprise-ai-safety,M016,approved,2026-06-02,ManagerPortal
L09051,cert-enterprise-ai-safety,M015,approved,2026-04-27,ManagerPortal
L09052,cert-enterprise-ai-safety,M071,pending,,ManagerPortal
L09053,cert-enterprise-ai-safety,M064,approved,2026-05-14,ManagerPortal
L09054,cert-enterprise-ai-safety,M026,approved,2026-05-26,ManagerPortal
L09055,cert-enterprise-ai-safety,M063,pending,,ManagerPortal
L09056,cert-enterprise-ai-safety,M023,pending,,ManagerPortal
L09057,cert-enterprise-ai-safety,M026,approved,2026-05-07,ManagerPortal
L09058,cert-enterprise-ai-safety,M080,pending,,ManagerPortal
L09059,cert-enterprise-ai-safety,M023,approved,2026-05-25,ManagerPortal
L09060,cert-enterprise-ai-safety,M051,pending,,ManagerPortal
L09061,cert-enterprise-ai-safety,M065,pending,,ManagerPortal
L09062,cert-enterprise-ai-safety,M057,approved,2026-05-07,ManagerPortal
L09063,cert-enterprise-ai-safety,M023,pending,,ManagerPortal
L09064,cert-enterprise-ai-safety,M055,approved,2026-05-19,ManagerPortal
L09065,cert-enterprise-ai-safety,M020,approved,2026-04-27,ManagerPortal
L09066,cert-enterprise-ai-safety,M076,approved,2026-05-18,ManagerPortal
L09067,cert-enterprise-ai-safety,M073,approved,2026-05-30,ManagerPortal
L09068,cert-enterprise-ai-safety,M038,pending,,ManagerPortal
L09069,cert-enterprise-ai-safety,M032,approved,2026-05-01,ManagerPortal
L09070,cert-enterprise-ai-safety,M028,pending,,ManagerPortal
L09071,cert-enterprise-ai-safety,M059,approved,2026-05-22,ManagerPortal
L09072,cert-enterprise-ai-safety,M006,approved,2026-04-28,ManagerPortal
L09073,cert-enterprise-ai-safety,M019,approved,2026-06-02,ManagerPortal
L09074,cert-enterprise-ai-safety,M005,approved,2026-06-03,ManagerPortal
L09075,cert-enterprise-ai-safety,M002,approved,2026-04-30,ManagerPortal
L09076,cert-enterprise-ai-safety,M005,pending,,ManagerPortal
L09077,cert-enterprise-ai-safety,M064,approved,2026-05-21,ManagerPortal
L09078,cert-enterprise-ai-safety,M078,pending,,ManagerPortal
L09079,cert-enterprise-ai-safety,M047,approved,2026-05-22,ManagerPortal
L09080,cert-enterprise-ai-safety,M003,approved,2026-05-20,ManagerPortal
L09081,cert-enterprise-ai-safety,M042,approved,2026-05-31,ManagerPortal
L09082,cert-enterprise-ai-safety,M071,approved,2026-05-29,ManagerPortal
L09083,cert-enterprise-ai-safety,M001,approved,2026-05-25,ManagerPortal
L09084,cert-enterprise-ai-safety,M062,approved,2026-05-02,ManagerPortal
L09085,cert-enterprise-ai-safety,M022,approved,2026-04-26,ManagerPortal
L09086,cert-enterprise-ai-safety,M023,approved,2026-05-27,ManagerPortal
L09087,cert-enterprise-ai-safety,M070,approved,2026-06-05,ManagerPortal
L09088,cert-enterprise-ai-safety,M038,approved,2026-05-23,ManagerPortal
L09089,cert-enterprise-ai-safety,M079,pending,,ManagerPortal
L09090,cert-enterprise-ai-safety,M066,pending,,ManagerPortal
L09091,cert-enterprise-ai-safety,M049,pending,,ManagerPortal
L09092,cert-enterprise-ai-safety,M045,pending,,ManagerPortal
L09093,cert-enterprise-ai-safety,M038,approved,2026-04-30,ManagerPortal
L09094,cert-enterprise-ai-safety,M007,approved,2026-05-03,ManagerPortal
L09095,cert-enterprise-ai-safety,M028,approved,2026-05-25,ManagerPortal
L09096,cert-enterprise-ai-safety,M009,approved,2026-05-30,ManagerPortal
L09097,cert-enterprise-ai-safety,M040,approved,2026-05-11,ManagerPortal
L09098,cert-enterprise-ai-safety,M041,pending,,ManagerPortal
L09099,cert-enterprise-ai-safety,M009,approved,2026-05-12,ManagerPortal
L09100,cert-enterprise-ai-safety,M018,approved,2026-06-01,ManagerPortal
L09101,cert-enterprise-ai-safety,M030,pending,,ManagerPortal
L09102,cert-enterprise-ai-safety,M028,approved,2026-05-18,ManagerPortal
L09103,cert-enterprise-ai-safety,M055,pending,,ManagerPortal
L09104,cert-enterprise-ai-safety,M028,approved,2026-05-07,ManagerPortal
L09105,cert-enterprise-ai-safety,M069,pending,,ManagerPortal
L09106,cert-enterprise-ai-safety,M061,approved,2026-05-26,ManagerPortal
L09107,cert-enterprise-ai-safety,M075,approved,2026-05-26,ManagerPortal
L09108,cert-enterprise-ai-safety,M035,approved,2026-04-30,ManagerPortal
L09109,cert-enterprise-ai-safety,M054,approved,2026-05-21,ManagerPortal
L09110,cert-enterprise-ai-safety,M036,pending,,ManagerPortal
L09111,cert-enterprise-ai-safety,M058,approved,2026-04-29,ManagerPortal
L09112,cert-enterprise-ai-safety,M005,approved,2026-06-02,ManagerPortal
L09113,cert-enterprise-ai-safety,M028,approved,2026-05-25,ManagerPortal
L09114,cert-enterprise-ai-safety,M067,pending,,ManagerPortal
L09115,cert-enterprise-ai-safety,M015,approved,2026-05-02,ManagerPortal
L09116,cert-enterprise-ai-safety,M013,approved,2026-06-02,ManagerPortal
L09117,cert-enterprise-ai-safety,M020,approved,2026-06-05,ManagerPortal
L09118,cert-enterprise-ai-safety,M056,pending,,ManagerPortal
L09119,cert-enterprise-ai-safety,M058,approved,2026-05-13,ManagerPortal
L09120,cert-enterprise-ai-safety,M054,approved,2026-05-12,ManagerPortal
L09121,cert-enterprise-ai-safety,M033,approved,2026-05-30,ManagerPortal
L09122,cert-enterprise-ai-safety,M075,approved,2026-05-13,ManagerPortal
L09123,cert-enterprise-ai-safety,M043,approved,2026-05-16,ManagerPortal
L09124,cert-enterprise-ai-safety,M075,approved,2026-05-07,ManagerPortal
L09125,cert-enterprise-ai-safety,M013,approved,2026-05-06,ManagerPortal
L09126,cert-enterprise-ai-safety,M033,pending,,ManagerPortal
L09127,cert-enterprise-ai-safety,M012,pending,,ManagerPortal
L09128,cert-enterprise-ai-safety,M042,approved,2026-05-05,ManagerPortal
L09129,cert-enterprise-ai-safety,M068,approved,2026-04-28,ManagerPortal
L09130,cert-enterprise-ai-safety,M039,approved,2026-06-06,ManagerPortal
L09131,cert-enterprise-ai-safety,M020,pending,,ManagerPortal
L09132,cert-enterprise-ai-safety,M065,approved,2026-05-12,ManagerPortal
L09133,cert-enterprise-ai-safety,M020,approved,2026-05-20,ManagerPortal
L09134,cert-enterprise-ai-safety,M023,approved,2026-05-24,ManagerPortal
L09135,cert-enterprise-ai-safety,M046,approved,2026-04-26,ManagerPortal
L09136,cert-enterprise-ai-safety,M019,approved,2026-05-19,ManagerPortal
L09137,cert-enterprise-ai-safety,M046,approved,2026-04-27,ManagerPortal
L09138,cert-enterprise-ai-safety,M071,pending,,ManagerPortal
L09139,cert-enterprise-ai-safety,M033,pending,,ManagerPortal
L09140,cert-enterprise-ai-safety,M004,pending,,ManagerPortal
L09141,cert-enterprise-ai-safety,M039,approved,2026-05-14,ManagerPortal
L09142,cert-enterprise-ai-safety,M071,approved,2026-04-26,ManagerPortal
L09143,cert-enterprise-ai-safety,M053,pending,,ManagerPortal
L09144,cert-enterprise-ai-safety,M080,approved,2026-06-03,ManagerPortal
L09145,cert-enterprise-ai-safety,M065,pending,,ManagerPortal
L09146,cert-enterprise-ai-safety,M054,approved,2026-05-11,ManagerPortal
L09147,cert-enterprise-ai-safety,M052,pending,,ManagerPortal
L09148,cert-enterprise-ai-safety,M052,approved,2026-05-07,ManagerPortal
L09149,cert-enterprise-ai-safety,M019,approved,2026-04-26,ManagerPortal
L09150,cert-enterprise-ai-safety,M065,approved,2026-05-20,ManagerPortal
L09151,cert-enterprise-ai-safety,M059,approved,2026-05-27,ManagerPortal
L09152,cert-enterprise-ai-safety,M042,approved,2026-05-14,ManagerPortal
L09153,cert-enterprise-ai-safety,M060,pending,,ManagerPortal
L09154,cert-enterprise-ai-safety,M058,pending,,ManagerPortal
L09155,cert-enterprise-ai-safety,M057,pending,,ManagerPortal
L09156,cert-enterprise-ai-safety,M026,approved,2026-04-23,ManagerPortal
L09157,cert-enterprise-ai-safety,M023,approved,2026-06-04,ManagerPortal
L09158,cert-enterprise-ai-safety,M052,approved,2026-06-03,ManagerPortal
L09159,cert-enterprise-ai-safety,M072,pending,,ManagerPortal
L09160,cert-enterprise-ai-safety,M063,approved,2026-05-09,ManagerPortal
L09161,cert-enterprise-ai-safety,M076,approved,2026-05-04,ManagerPortal
L09162,cert-enterprise-ai-safety,M016,approved,2026-06-03,ManagerPortal
L09163,cert-enterprise-ai-safety,M048,approved,2026-06-05,ManagerPortal
L09164,cert-enterprise-ai-safety,M018,pending,,ManagerPortal
L09165,cert-enterprise-ai-safety,M080,approved,2026-05-22,ManagerPortal
L09166,cert-enterprise-ai-safety,M002,approved,2026-05-23,ManagerPortal
L09167,cert-enterprise-ai-safety,M058,pending,,ManagerPortal
L09168,cert-enterprise-ai-safety,M046,approved,2026-05-05,ManagerPortal
L09169,cert-enterprise-ai-safety,M079,approved,2026-05-22,ManagerPortal
L09170,cert-enterprise-ai-safety,M071,approved,2026-06-04,ManagerPortal
L09171,cert-enterprise-ai-safety,M051,approved,2026-05-10,ManagerPortal
L09172,cert-enterprise-ai-safety,M056,approved,2026-05-22,ManagerPortal
L09173,cert-enterprise-ai-safety,M022,approved,2026-04-29,ManagerPortal
L09174,cert-enterprise-ai-safety,M052,approved,2026-05-10,ManagerPortal
L09175,cert-enterprise-ai-safety,M001,approved,2026-06-02,ManagerPortal
L09176,cert-enterprise-ai-safety,M004,pending,,ManagerPortal
L09177,cert-enterprise-ai-safety,M077,pending,,ManagerPortal
L09178,cert-enterprise-ai-safety,M060,approved,2026-06-03,ManagerPortal
L09179,cert-enterprise-ai-safety,M028,pending,,ManagerPortal
L09180,cert-enterprise-ai-safety,M053,approved,2026-05-30,ManagerPortal
L09181,cert-enterprise-ai-safety,M015,approved,2026-04-26,ManagerPortal
L09182,cert-enterprise-ai-safety,M056,approved,2026-05-27,ManagerPortal
L09183,cert-enterprise-ai-safety,M080,approved,2026-05-01,ManagerPortal
L09184,cert-enterprise-ai-safety,M012,approved,2026-06-05,ManagerPortal
L09185,cert-enterprise-ai-safety,M019,approved,2026-05-08,ManagerPortal
L09186,cert-enterprise-ai-safety,M069,approved,2026-05-24,ManagerPortal
L09187,cert-enterprise-ai-safety,M042,approved,2026-05-17,ManagerPortal
L09188,cert-enterprise-ai-safety,M029,approved,2026-05-25,ManagerPortal
L09189,cert-enterprise-ai-safety,M025,approved,2026-06-03,ManagerPortal
L09190,cert-enterprise-ai-safety,M050,approved,2026-04-28,ManagerPortal
L09191,cert-enterprise-ai-safety,M079,pending,,ManagerPortal
L09192,cert-enterprise-ai-safety,M010,pending,,ManagerPortal
L09193,cert-enterprise-ai-safety,M055,approved,2026-04-29,ManagerPortal
L09194,cert-enterprise-ai-safety,M039,approved,2026-05-28,ManagerPortal
L09195,cert-enterprise-ai-safety,M029,pending,,ManagerPortal
L09196,cert-enterprise-ai-safety,M018,approved,2026-05-09,ManagerPortal
L09197,cert-enterprise-ai-safety,M031,approved,2026-05-09,ManagerPortal
L09198,cert-enterprise-ai-safety,M075,approved,2026-04-29,ManagerPortal
L09199,cert-enterprise-ai-safety,M045,approved,2026-05-14,ManagerPortal
L09200,cert-enterprise-ai-safety,M011,approved,2026-05-22,ManagerPortal
L09201,cert-enterprise-ai-safety,M009,pending,,ManagerPortal
L09202,cert-enterprise-ai-safety,M050,approved,2026-05-09,ManagerPortal
L09203,cert-enterprise-ai-safety,M060,approved,2026-05-15,ManagerPortal
L09204,cert-enterprise-ai-safety,M042,approved,2026-04-24,ManagerPortal
L09205,cert-enterprise-ai-safety,M066,approved,2026-05-15,ManagerPortal
L09206,cert-enterprise-ai-safety,M058,pending,,ManagerPortal
L09207,cert-enterprise-ai-safety,M012,approved,2026-05-31,ManagerPortal
L09208,cert-enterprise-ai-safety,M045,approved,2026-05-21,ManagerPortal
L09209,cert-enterprise-ai-safety,M062,approved,2026-05-05,ManagerPortal
L09210,cert-enterprise-ai-safety,M026,approved,2026-05-02,ManagerPortal
L09211,cert-enterprise-ai-safety,M022,approved,2026-05-02,ManagerPortal
L09212,cert-enterprise-ai-safety,M033,approved,2026-05-13,ManagerPortal
L09213,cert-enterprise-ai-safety,M043,approved,2026-05-03,ManagerPortal
L09214,cert-enterprise-ai-safety,M074,approved,2026-05-25,ManagerPortal
L09215,cert-enterprise-ai-safety,M011,pending,,ManagerPortal
L09216,cert-enterprise-ai-safety,M051,approved,2026-05-07,ManagerPortal
L09217,cert-enterprise-ai-safety,M079,pending,,ManagerPortal
L09218,cert-enterprise-ai-safety,M013,approved,2026-04-29,ManagerPortal
L09219,cert-enterprise-ai-safety,M043,pending,,ManagerPortal
L09220,cert-enterprise-ai-safety,M033,pending,,ManagerPortal
L09221,cert-enterprise-ai-safety,M003,approved,2026-05-20,ManagerPortal
L09222,cert-enterprise-ai-safety,M034,pending,,ManagerPortal
L09223,cert-enterprise-ai-safety,M072,pending,,ManagerPortal
L09224,cert-enterprise-ai-safety,M010,approved,2026-05-15,ManagerPortal
L09225,cert-enterprise-ai-safety,M002,pending,,ManagerPortal
L09226,cert-enterprise-ai-safety,M077,approved,2026-06-06,ManagerPortal
L09227,cert-enterprise-ai-safety,M066,pending,,ManagerPortal
L09228,cert-enterprise-ai-safety,M013,approved,2026-05-02,ManagerPortal
L09229,cert-enterprise-ai-safety,M073,approved,2026-05-13,ManagerPortal
L09230,cert-enterprise-ai-safety,M057,pending,,ManagerPortal
L09231,cert-enterprise-ai-safety,M043,pending,,ManagerPortal
L09232,cert-enterprise-ai-safety,M069,approved,2026-05-19,ManagerPortal
L09233,cert-enterprise-ai-safety,M056,approved,2026-05-28,ManagerPortal
L09234,cert-enterprise-ai-safety,M057,pending,,ManagerPortal
L09235,cert-enterprise-ai-safety,M010,pending,,ManagerPortal
L09236,cert-enterprise-ai-safety,M019,pending,,ManagerPortal
L09237,cert-enterprise-ai-safety,M078,approved,2026-04-24,ManagerPortal
L09238,cert-enterprise-ai-safety,M055,approved,2026-05-05,ManagerPortal
L09239,cert-enterprise-ai-safety,M077,pending,,ManagerPortal
L09240,cert-enterprise-ai-safety,M018,approved,2026-04-30,ManagerPortal
L09241,cert-enterprise-ai-safety,M030,approved,2026-04-23,ManagerPortal
L09242,cert-enterprise-ai-safety,M049,approved,2026-05-08,ManagerPortal
L09243,cert-enterprise-ai-safety,M074,pending,,ManagerPortal
L09244,cert-enterprise-ai-safety,M021,approved,2026-05-23,ManagerPortal
L09245,cert-enterprise-ai-safety,M075,pending,,ManagerPortal
L09246,cert-enterprise-ai-safety,M051,pending,,ManagerPortal
L09247,cert-enterprise-ai-safety,M001,approved,2026-06-03,ManagerPortal
L09248,cert-enterprise-ai-safety,M077,approved,2026-06-04,ManagerPortal
L09249,cert-enterprise-ai-safety,M013,approved,2026-05-06,ManagerPortal
L09250,cert-enterprise-ai-safety,M003,approved,2026-05-13,ManagerPortal
L09251,cert-enterprise-ai-safety,M059,pending,,ManagerPortal
L09252,cert-enterprise-ai-safety,M013,approved,2026-05-17,ManagerPortal
L09253,cert-enterprise-ai-safety,M015,pending,,ManagerPortal
L09254,cert-enterprise-ai-safety,M061,approved,2026-04-23,ManagerPortal
L09255,cert-enterprise-ai-safety,M051,approved,2026-04-24,ManagerPortal
L09256,cert-enterprise-ai-safety,M040,approved,2026-04-25,ManagerPortal
L09257,cert-enterprise-ai-safety,M005,approved,2026-04-28,ManagerPortal
L09258,cert-enterprise-ai-safety,M055,approved,2026-05-03,ManagerPortal
L09259,cert-enterprise-ai-safety,M036,approved,2026-05-23,ManagerPortal
L09260,cert-enterprise-ai-safety,M013,approved,2026-05-01,ManagerPortal
L09261,cert-enterprise-ai-safety,M018,approved,2026-05-10,ManagerPortal
L09262,cert-enterprise-ai-safety,M067,approved,2026-06-03,ManagerPortal
L09263,cert-enterprise-ai-safety,M052,approved,2026-04-30,ManagerPortal
L09264,cert-enterprise-ai-safety,M046,pending,,ManagerPortal
L09265,cert-enterprise-ai-safety,M002,approved,2026-06-03,ManagerPortal
L09266,cert-enterprise-ai-safety,M075,pending,,ManagerPortal
L09267,cert-enterprise-ai-safety,M053,approved,2026-04-24,ManagerPortal
L09268,cert-enterprise-ai-safety,M049,approved,2026-05-14,ManagerPortal
L09269,cert-enterprise-ai-safety,M005,pending,,ManagerPortal
L09270,cert-enterprise-ai-safety,M010,approved,2026-05-02,ManagerPortal
L09271,cert-enterprise-ai-safety,M029,approved,2026-06-03,ManagerPortal
L09272,cert-enterprise-ai-safety,M013,pending,,ManagerPortal
L09273,cert-enterprise-ai-safety,M045,pending,,ManagerPortal
L09274,cert-enterprise-ai-safety,M067,pending,,ManagerPortal
L09275,cert-enterprise-ai-safety,M017,approved,2026-05-23,ManagerPortal
L09276,cert-enterprise-ai-safety,M038,pending,,ManagerPortal
L09277,cert-enterprise-ai-safety,M067,approved,2026-05-04,ManagerPortal
L09278,cert-enterprise-ai-safety,M018,approved,2026-04-24,ManagerPortal
L09279,cert-enterprise-ai-safety,M022,approved,2026-04-24,ManagerPortal
L09280,cert-enterprise-ai-safety,M051,pending,,ManagerPortal
L09281,cert-enterprise-ai-safety,M011,approved,2026-06-06,ManagerPortal
L09282,cert-enterprise-ai-safety,M062,approved,2026-05-07,ManagerPortal
L09283,cert-enterprise-ai-safety,M077,approved,2026-06-02,ManagerPortal
L09284,cert-enterprise-ai-safety,M070,approved,2026-05-04,ManagerPortal
L09285,cert-enterprise-ai-safety,M062,approved,2026-05-28,ManagerPortal
L09286,cert-enterprise-ai-safety,M038,pending,,ManagerPortal
L09287,cert-enterprise-ai-safety,M079,approved,2026-05-12,ManagerPortal
L09288,cert-enterprise-ai-safety,M056,approved,2026-05-01,ManagerPortal
L09289,cert-enterprise-ai-safety,M044,pending,,ManagerPortal
L09290,cert-enterprise-ai-safety,M018,pending,,ManagerPortal
L09291,cert-enterprise-ai-safety,M054,approved,2026-05-14,ManagerPortal
L09292,cert-enterprise-ai-safety,M005,approved,2026-04-29,ManagerPortal
L09293,cert-enterprise-ai-safety,M010,pending,,ManagerPortal
L09294,cert-enterprise-ai-safety,M045,approved,2026-05-20,ManagerPortal
L09295,cert-enterprise-ai-safety,M006,approved,2026-05-14,ManagerPortal
L09296,cert-enterprise-ai-safety,M049,pending,,ManagerPortal
L09297,cert-enterprise-ai-safety,M059,approved,2026-05-30,ManagerPortal
L09298,cert-enterprise-ai-safety,M045,approved,2026-04-27,ManagerPortal
L09299,cert-enterprise-ai-safety,M058,approved,2026-04-23,ManagerPortal
L09300,cert-enterprise-ai-safety,M059,approved,2026-06-05,ManagerPortal
L09301,cert-enterprise-ai-safety,M034,approved,2026-05-29,ManagerPortal
L09302,cert-enterprise-ai-safety,M013,pending,,ManagerPortal
L09303,cert-enterprise-ai-safety,M066,approved,2026-05-16,ManagerPortal
L09304,cert-enterprise-ai-safety,M031,pending,,ManagerPortal
L09305,cert-enterprise-ai-safety,M012,approved,2026-04-28,ManagerPortal
L09306,cert-enterprise-ai-safety,M065,approved,2026-05-25,ManagerPortal
L09307,cert-enterprise-ai-safety,M037,approved,2026-05-16,ManagerPortal
L09308,cert-enterprise-ai-safety,M050,approved,2026-05-11,ManagerPortal
L09309,cert-enterprise-ai-safety,M039,approved,2026-05-08,ManagerPortal
L09310,cert-enterprise-ai-safety,M071,pending,,ManagerPortal
L09311,cert-enterprise-ai-safety,M070,pending,,ManagerPortal
L09312,cert-enterprise-ai-safety,M003,approved,2026-04-28,ManagerPortal
L09313,cert-enterprise-ai-safety,M059,approved,2026-05-08,ManagerPortal
L09314,cert-enterprise-ai-safety,M080,approved,2026-05-01,ManagerPortal
L09315,cert-enterprise-ai-safety,M055,approved,2026-04-24,ManagerPortal
L09316,cert-enterprise-ai-safety,M014,approved,2026-04-26,ManagerPortal
L09317,cert-enterprise-ai-safety,M009,pending,,ManagerPortal
L09318,cert-enterprise-ai-safety,M047,approved,2026-05-12,ManagerPortal
L09319,cert-enterprise-ai-safety,M058,pending,,ManagerPortal
L09320,cert-enterprise-ai-safety,M078,approved,2026-05-05,ManagerPortal
L09321,cert-enterprise-ai-safety,M005,approved,2026-05-03,ManagerPortal
L09322,cert-enterprise-ai-safety,M015,pending,,ManagerPortal
L09323,cert-enterprise-ai-safety,M069,approved,2026-05-19,ManagerPortal
L09324,cert-enterprise-ai-safety,M055,approved,2026-05-05,ManagerPortal
L09325,cert-enterprise-ai-safety,M059,approved,2026-05-07,ManagerPortal
L09326,cert-enterprise-ai-safety,M054,approved,2026-04-30,ManagerPortal
L09327,cert-enterprise-ai-safety,M018,approved,2026-05-18,ManagerPortal
L09328,cert-enterprise-ai-safety,M052,approved,2026-05-27,ManagerPortal
L09329,cert-enterprise-ai-safety,M067,pending,,ManagerPortal
L09330,cert-enterprise-ai-safety,M019,approved,2026-04-25,ManagerPortal
L09331,cert-enterprise-ai-safety,M043,pending,,ManagerPortal
L09332,cert-enterprise-ai-safety,M044,pending,,ManagerPortal
L09333,cert-enterprise-ai-safety,M062,approved,2026-05-18,ManagerPortal
L09334,cert-enterprise-ai-safety,M070,approved,2026-05-05,ManagerPortal
L09335,cert-enterprise-ai-safety,M011,pending,,ManagerPortal
L09336,cert-enterprise-ai-safety,M063,approved,2026-04-30,ManagerPortal
L09337,cert-enterprise-ai-safety,M017,approved,2026-05-20,ManagerPortal
L09338,cert-enterprise-ai-safety,M003,approved,2026-05-05,ManagerPortal
L09339,cert-enterprise-ai-safety,M003,pending,,ManagerPortal
L09340,cert-enterprise-ai-safety,M042,pending,,ManagerPortal
L09341,cert-enterprise-ai-safety,M056,pending,,ManagerPortal
L09342,cert-enterprise-ai-safety,M009,approved,2026-05-05,ManagerPortal
L09343,cert-enterprise-ai-safety,M042,approved,2026-06-05,ManagerPortal
L09344,cert-enterprise-ai-safety,M025,approved,2026-05-21,ManagerPortal
L09345,cert-enterprise-ai-safety,M079,approved,2026-06-01,ManagerPortal
L09346,cert-enterprise-ai-safety,M066,approved,2026-04-28,ManagerPortal
L09347,cert-enterprise-ai-safety,M070,approved,2026-04-24,ManagerPortal
L09348,cert-enterprise-ai-safety,M052,pending,,ManagerPortal
L09349,cert-enterprise-ai-safety,M056,pending,,ManagerPortal
L09350,cert-enterprise-ai-safety,M047,approved,2026-05-26,ManagerPortal
L09351,cert-enterprise-ai-safety,M061,approved,2026-05-09,ManagerPortal
L09352,cert-enterprise-ai-safety,M050,approved,2026-05-27,ManagerPortal
L09353,cert-enterprise-ai-safety,M016,pending,,ManagerPortal
L09354,cert-enterprise-ai-safety,M065,approved,2026-05-11,ManagerPortal
L09355,cert-enterprise-ai-safety,M023,approved,2026-05-27,ManagerPortal
L09356,cert-enterprise-ai-safety,M053,approved,2026-05-18,ManagerPortal
L09357,cert-enterprise-ai-safety,M027,pending,,ManagerPortal
L09358,cert-enterprise-ai-safety,M048,approved,2026-06-05,ManagerPortal
L09359,cert-enterprise-ai-safety,M001,approved,2026-04-24,ManagerPortal
L09360,cert-enterprise-ai-safety,M046,approved,2026-05-05,ManagerPortal
L09361,cert-enterprise-ai-safety,M050,approved,2026-04-28,ManagerPortal
L09362,cert-enterprise-ai-safety,M040,approved,2026-04-29,ManagerPortal
L09363,cert-enterprise-ai-safety,M016,approved,2026-04-23,ManagerPortal
L09364,cert-enterprise-ai-safety,M049,approved,2026-04-30,ManagerPortal
L09365,cert-enterprise-ai-safety,M063,approved,2026-05-04,ManagerPortal
L09366,cert-enterprise-ai-safety,M029,approved,2026-05-24,ManagerPortal
L09367,cert-enterprise-ai-safety,M009,approved,2026-05-27,ManagerPortal
L09368,cert-enterprise-ai-safety,M042,pending,,ManagerPortal
L09369,cert-enterprise-ai-safety,M017,approved,2026-06-04,ManagerPortal
L09370,cert-enterprise-ai-safety,M057,pending,,ManagerPortal
L09371,cert-enterprise-ai-safety,M026,pending,,ManagerPortal
L09372,cert-enterprise-ai-safety,M002,approved,2026-05-08,ManagerPortal
L09373,cert-enterprise-ai-safety,M077,approved,2026-05-22,ManagerPortal
L09374,cert-enterprise-ai-safety,M007,approved,2026-05-20,ManagerPortal
L09375,cert-enterprise-ai-safety,M033,pending,,ManagerPortal
L09376,cert-enterprise-ai-safety,M061,approved,2026-06-04,ManagerPortal
L09377,cert-enterprise-ai-safety,M069,approved,2026-05-06,ManagerPortal
L09378,cert-enterprise-ai-safety,M068,approved,2026-05-21,ManagerPortal
L09379,cert-enterprise-ai-safety,M064,approved,2026-05-12,ManagerPortal
L09380,cert-enterprise-ai-safety,M062,approved,2026-05-22,ManagerPortal
L09381,cert-enterprise-ai-safety,M066,approved,2026-06-05,ManagerPortal
L09382,cert-enterprise-ai-safety,M003,approved,2026-05-08,ManagerPortal
L09383,cert-enterprise-ai-safety,M077,approved,2026-05-07,ManagerPortal
L09384,cert-enterprise-ai-safety,M020,approved,2026-04-26,ManagerPortal
L09385,cert-enterprise-ai-safety,M018,approved,2026-04-26,ManagerPortal
L09386,cert-enterprise-ai-safety,M021,approved,2026-04-29,ManagerPortal
L09387,cert-enterprise-ai-safety,M040,approved,2026-06-03,ManagerPortal
L09388,cert-enterprise-ai-safety,M077,approved,2026-05-20,ManagerPortal
L09389,cert-enterprise-ai-safety,M067,approved,2026-04-27,ManagerPortal
L09390,cert-enterprise-ai-safety,M025,pending,,ManagerPortal
L09391,cert-enterprise-ai-safety,M033,approved,2026-05-12,ManagerPortal
L09392,cert-enterprise-ai-safety,M016,approved,2026-04-24,ManagerPortal
L09393,cert-enterprise-ai-safety,M008,approved,2026-05-14,ManagerPortal
L09394,cert-enterprise-ai-safety,M062,approved,2026-05-20,ManagerPortal
L09395,cert-enterprise-ai-safety,M010,approved,2026-05-11,ManagerPortal
L09396,cert-enterprise-ai-safety,M040,pending,,ManagerPortal
L09397,cert-enterprise-ai-safety,M060,approved,2026-05-04,ManagerPortal
L09398,cert-enterprise-ai-safety,M010,pending,,ManagerPortal
L09399,cert-enterprise-ai-safety,M036,pending,,ManagerPortal
L09400,cert-enterprise-ai-safety,M037,approved,2026-06-05,ManagerPortal
L09401,cert-enterprise-ai-safety,M076,approved,2026-04-30,ManagerPortal
L09402,cert-enterprise-ai-safety,M034,approved,2026-05-31,ManagerPortal
L09403,cert-enterprise-ai-safety,M010,pending,,ManagerPortal
L09404,cert-enterprise-ai-safety,M009,approved,2026-06-06,ManagerPortal
L09405,cert-enterprise-ai-safety,M025,approved,2026-06-01,ManagerPortal
L09406,cert-enterprise-ai-safety,M023,approved,2026-05-20,ManagerPortal
L09407,cert-enterprise-ai-safety,M062,approved,2026-05-06,ManagerPortal
L09408,cert-enterprise-ai-safety,M026,approved,2026-06-06,ManagerPortal
L09409,cert-enterprise-ai-safety,M003,pending,,ManagerPortal
L09410,cert-enterprise-ai-safety,M027,pending,,ManagerPortal
L09411,cert-enterprise-ai-safety,M014,approved,2026-06-05,ManagerPortal
L09412,cert-enterprise-ai-safety,M056,pending,,ManagerPortal
L09413,cert-enterprise-ai-safety,M032,approved,2026-05-05,ManagerPortal
L09414,cert-enterprise-ai-safety,M030,pending,,ManagerPortal
L09415,cert-enterprise-ai-safety,M055,approved,2026-06-01,ManagerPortal
L09416,cert-enterprise-ai-safety,M068,pending,,ManagerPortal
L09417,cert-enterprise-ai-safety,M072,pending,,ManagerPortal
L09418,cert-enterprise-ai-safety,M016,approved,2026-04-23,ManagerPortal
L09419,cert-enterprise-ai-safety,M001,approved,2026-05-25,ManagerPortal
L09420,cert-enterprise-ai-safety,M043,approved,2026-05-01,ManagerPortal
L09421,cert-enterprise-ai-safety,M041,approved,2026-05-28,ManagerPortal
L09422,cert-enterprise-ai-safety,M032,pending,,ManagerPortal
L09423,cert-enterprise-ai-safety,M079,pending,,ManagerPortal
L09424,cert-enterprise-ai-safety,M045,approved,2026-05-25,ManagerPortal
L09425,cert-enterprise-ai-safety,M037,approved,2026-05-15,ManagerPortal
L09426,cert-enterprise-ai-safety,M038,approved,2026-05-27,ManagerPortal
L09427,cert-enterprise-ai-safety,M016,approved,2026-05-30,ManagerPortal
L09428,cert-enterprise-ai-safety,M058,approved,2026-04-23,ManagerPortal
L09429,cert-enterprise-ai-safety,M066,pending,,ManagerPortal
L09430,cert-enterprise-ai-safety,M027,pending,,ManagerPortal
L09431,cert-enterprise-ai-safety,M030,approved,2026-05-24,ManagerPortal
L09432,cert-enterprise-ai-safety,M060,approved,2026-05-16,ManagerPortal
L09433,cert-enterprise-ai-safety,M040,approved,2026-06-06,ManagerPortal
L09434,cert-enterprise-ai-safety,M067,approved,2026-05-17,ManagerPortal
L09435,cert-enterprise-ai-safety,M066,approved,2026-05-09,ManagerPortal
L09436,cert-enterprise-ai-safety,M001,pending,,ManagerPortal
L09437,cert-enterprise-ai-safety,M054,approved,2026-05-13,ManagerPortal
L09438,cert-enterprise-ai-safety,M029,approved,2026-06-05,ManagerPortal
L09439,cert-enterprise-ai-safety,M007,approved,2026-05-20,ManagerPortal
L09440,cert-enterprise-ai-safety,M075,approved,2026-05-03,ManagerPortal
L09441,cert-enterprise-ai-safety,M019,approved,2026-05-08,ManagerPortal
L09442,cert-enterprise-ai-safety,M068,approved,2026-06-01,ManagerPortal
L09443,cert-enterprise-ai-safety,M009,approved,2026-04-28,ManagerPortal
L09444,cert-enterprise-ai-safety,M003,approved,2026-04-24,ManagerPortal
L09445,cert-enterprise-ai-safety,M067,pending,,ManagerPortal
L09446,cert-enterprise-ai-safety,M052,approved,2026-05-05,ManagerPortal
L09447,cert-enterprise-ai-safety,M002,pending,,ManagerPortal
L09448,cert-enterprise-ai-safety,M070,approved,2026-05-10,ManagerPortal
L09449,cert-enterprise-ai-safety,M065,approved,2026-05-23,ManagerPortal
L09450,cert-enterprise-ai-safety,M057,approved,2026-05-05,ManagerPortal
L09451,cert-enterprise-ai-safety,M020,approved,2026-05-15,ManagerPortal
L09452,cert-enterprise-ai-safety,M024,approved,2026-04-23,ManagerPortal
L09453,cert-enterprise-ai-safety,M002,approved,2026-05-29,ManagerPortal
L09454,cert-enterprise-ai-safety,M006,approved,2026-05-06,ManagerPortal
L09455,cert-enterprise-ai-safety,M055,approved,2026-05-07,ManagerPortal
L09456,cert-enterprise-ai-safety,M067,approved,2026-05-02,ManagerPortal
L09457,cert-enterprise-ai-safety,M042,approved,2026-05-05,ManagerPortal
L09458,cert-enterprise-ai-safety,M024,pending,,ManagerPortal
L09459,cert-enterprise-ai-safety,M051,approved,2026-05-07,ManagerPortal
L09460,cert-enterprise-ai-safety,M072,pending,,ManagerPortal
L09461,cert-enterprise-ai-safety,M073,pending,,ManagerPortal
L09462,cert-enterprise-ai-safety,M033,approved,2026-05-02,ManagerPortal
L09463,cert-enterprise-ai-safety,M022,approved,2026-05-23,ManagerPortal
L09464,cert-enterprise-ai-safety,M008,approved,2026-04-27,ManagerPortal
L09465,cert-enterprise-ai-safety,M042,pending,,ManagerPortal
L09466,cert-enterprise-ai-safety,M067,approved,2026-05-11,ManagerPortal
L09467,cert-enterprise-ai-safety,M016,approved,2026-04-28,ManagerPortal
L09468,cert-enterprise-ai-safety,M017,approved,2026-05-02,ManagerPortal
L09469,cert-enterprise-ai-safety,M017,approved,2026-05-10,ManagerPortal
L09470,cert-enterprise-ai-safety,M073,pending,,ManagerPortal
L09471,cert-enterprise-ai-safety,M037,approved,2026-05-15,ManagerPortal
L09472,cert-enterprise-ai-safety,M020,approved,2026-05-21,ManagerPortal
L09473,cert-enterprise-ai-safety,M072,approved,2026-06-06,ManagerPortal
L09474,cert-enterprise-ai-safety,M040,pending,,ManagerPortal
L09475,cert-enterprise-ai-safety,M054,approved,2026-05-11,ManagerPortal
L09476,cert-enterprise-ai-safety,M050,approved,2026-06-05,ManagerPortal
L09477,cert-enterprise-ai-safety,M026,pending,,ManagerPortal
L09478,cert-enterprise-ai-safety,M008,approved,2026-06-06,ManagerPortal
L09479,cert-enterprise-ai-safety,M069,approved,2026-04-27,ManagerPortal
L09480,cert-enterprise-ai-safety,M056,approved,2026-05-14,ManagerPortal
L09481,cert-enterprise-ai-safety,M013,approved,2026-04-23,ManagerPortal
L09482,cert-enterprise-ai-safety,M034,approved,2026-05-28,ManagerPortal
L09483,cert-enterprise-ai-safety,M005,approved,2026-06-03,ManagerPortal
L09484,cert-enterprise-ai-safety,M011,approved,2026-04-28,ManagerPortal
L09485,cert-enterprise-ai-safety,M027,approved,2026-05-16,ManagerPortal
L09486,cert-enterprise-ai-safety,M043,pending,,ManagerPortal
L09487,cert-enterprise-ai-safety,M011,approved,2026-05-16,ManagerPortal
L09488,cert-enterprise-ai-safety,M010,approved,2026-05-08,ManagerPortal
L09489,cert-enterprise-ai-safety,M025,approved,2026-05-08,ManagerPortal
L09490,cert-enterprise-ai-safety,M033,approved,2026-06-06,ManagerPortal
L09491,cert-enterprise-ai-safety,M064,approved,2026-05-06,ManagerPortal
L09492,cert-enterprise-ai-safety,M070,approved,2026-05-15,ManagerPortal
L09493,cert-enterprise-ai-safety,M076,approved,2026-05-25,ManagerPortal
L09494,cert-enterprise-ai-safety,M052,pending,,ManagerPortal
L09495,cert-enterprise-ai-safety,M020,approved,2026-05-06,ManagerPortal
L09496,cert-enterprise-ai-safety,M016,approved,2026-05-05,ManagerPortal
L09497,cert-enterprise-ai-safety,M054,approved,2026-06-06,ManagerPortal
L09498,cert-enterprise-ai-safety,M019,approved,2026-05-22,ManagerPortal
L09499,cert-enterprise-ai-safety,M039,pending,,ManagerPortal
L09500,cert-enterprise-ai-safety,M001,approved,2026-04-30,ManagerPortal
L09501,cert-enterprise-ai-safety,M053,approved,2026-04-26,ManagerPortal
L09502,cert-enterprise-ai-safety,M025,approved,2026-05-22,ManagerPortal
L09503,cert-enterprise-ai-safety,M049,approved,2026-05-13,ManagerPortal
L09504,cert-enterprise-ai-safety,M006,pending,,ManagerPortal
L09505,cert-enterprise-ai-safety,M001,approved,2026-05-28,ManagerPortal
L09506,cert-enterprise-ai-safety,M003,approved,2026-06-03,ManagerPortal
L09507,cert-enterprise-ai-safety,M021,approved,2026-05-02,ManagerPortal
L09508,cert-enterprise-ai-safety,M033,approved,2026-05-06,ManagerPortal
L09509,cert-enterprise-ai-safety,M017,approved,2026-04-24,ManagerPortal
L09510,cert-enterprise-ai-safety,M006,approved,2026-05-31,ManagerPortal
L09511,cert-enterprise-ai-safety,M053,pending,,ManagerPortal
L09512,cert-enterprise-ai-safety,M040,approved,2026-05-12,ManagerPortal
L09513,cert-enterprise-ai-safety,M015,approved,2026-06-05,ManagerPortal
L09514,cert-enterprise-ai-safety,M012,approved,2026-05-06,ManagerPortal
L09515,cert-enterprise-ai-safety,M008,approved,2026-05-08,ManagerPortal
L09516,cert-enterprise-ai-safety,M034,pending,,ManagerPortal
L09517,cert-enterprise-ai-safety,M043,approved,2026-04-25,ManagerPortal
L09518,cert-enterprise-ai-safety,M024,approved,2026-05-03,ManagerPortal
L09519,cert-enterprise-ai-safety,M027,pending,,ManagerPortal
L09520,cert-enterprise-ai-safety,M005,approved,2026-05-24,ManagerPortal
L09521,cert-enterprise-ai-safety,M009,approved,2026-04-30,ManagerPortal
L09522,cert-enterprise-ai-safety,M062,pending,,ManagerPortal
L09523,cert-enterprise-ai-safety,M013,approved,2026-05-07,ManagerPortal
L09524,cert-enterprise-ai-safety,M058,approved,2026-05-15,ManagerPortal
L09525,cert-enterprise-ai-safety,M019,approved,2026-05-15,ManagerPortal
L09526,cert-enterprise-ai-safety,M080,approved,2026-05-17,ManagerPortal
L09527,cert-enterprise-ai-safety,M074,approved,2026-05-03,ManagerPortal
L09528,cert-enterprise-ai-safety,M072,approved,2026-05-21,ManagerPortal
L09529,cert-enterprise-ai-safety,M004,approved,2026-05-07,ManagerPortal
L09530,cert-enterprise-ai-safety,M065,pending,,ManagerPortal
L09531,cert-enterprise-ai-safety,M072,approved,2026-05-07,ManagerPortal
L09532,cert-enterprise-ai-safety,M063,approved,2026-05-17,ManagerPortal
L09533,cert-enterprise-ai-safety,M038,approved,2026-05-17,ManagerPortal
L09534,cert-enterprise-ai-safety,M078,approved,2026-05-30,ManagerPortal
L09535,cert-enterprise-ai-safety,M072,approved,2026-05-27,ManagerPortal
L09536,cert-enterprise-ai-safety,M004,approved,2026-05-02,ManagerPortal
L09537,cert-enterprise-ai-safety,M032,approved,2026-05-02,ManagerPortal
L09538,cert-enterprise-ai-safety,M024,pending,,ManagerPortal
L09539,cert-enterprise-ai-safety,M006,approved,2026-05-02,ManagerPortal
L09540,cert-enterprise-ai-safety,M010,approved,2026-05-12,ManagerPortal
L09541,cert-enterprise-ai-safety,M022,pending,,ManagerPortal
L09542,cert-enterprise-ai-safety,M046,approved,2026-05-21,ManagerPortal
L09543,cert-enterprise-ai-safety,M030,approved,2026-05-27,ManagerPortal
L09544,cert-enterprise-ai-safety,M043,approved,2026-05-26,ManagerPortal
L09545,cert-enterprise-ai-safety,M059,approved,2026-06-05,ManagerPortal
L09546,cert-enterprise-ai-safety,M069,pending,,ManagerPortal
L09547,cert-enterprise-ai-safety,M025,approved,2026-06-04,ManagerPortal
L09548,cert-enterprise-ai-safety,M016,pending,,ManagerPortal
L09549,cert-enterprise-ai-safety,M077,pending,,ManagerPortal
L09550,cert-enterprise-ai-safety,M043,approved,2026-05-25,ManagerPortal
L09551,cert-enterprise-ai-safety,M007,approved,2026-05-02,ManagerPortal
L09552,cert-enterprise-ai-safety,M027,approved,2026-05-30,ManagerPortal
L09553,cert-enterprise-ai-safety,M071,approved,2026-05-06,ManagerPortal
L09554,cert-enterprise-ai-safety,M056,pending,,ManagerPortal
L09555,cert-enterprise-ai-safety,M080,approved,2026-04-23,ManagerPortal
L09556,cert-enterprise-ai-safety,M067,approved,2026-05-11,ManagerPortal
L09557,cert-enterprise-ai-safety,M010,approved,2026-05-03,ManagerPortal
L09558,cert-enterprise-ai-safety,M060,approved,2026-04-24,ManagerPortal
L09559,cert-enterprise-ai-safety,M012,approved,2026-06-03,ManagerPortal
L09560,cert-enterprise-ai-safety,M038,approved,2026-04-28,ManagerPortal
L09561,cert-enterprise-ai-safety,M032,pending,,ManagerPortal
L09562,cert-enterprise-ai-safety,M039,approved,2026-05-03,ManagerPortal
L09563,cert-enterprise-ai-safety,M032,approved,2026-05-11,ManagerPortal
L09564,cert-enterprise-ai-safety,M045,approved,2026-04-26,ManagerPortal
L09565,cert-enterprise-ai-safety,M001,approved,2026-05-04,ManagerPortal
L09566,cert-enterprise-ai-safety,M001,approved,2026-04-28,ManagerPortal
L09567,cert-enterprise-ai-safety,M027,pending,,ManagerPortal
L09568,cert-enterprise-ai-safety,M032,approved,2026-05-31,ManagerPortal
L09569,cert-enterprise-ai-safety,M071,approved,2026-04-24,ManagerPortal
L09570,cert-enterprise-ai-safety,M013,approved,2026-04-23,ManagerPortal
L09571,cert-enterprise-ai-safety,M035,approved,2026-04-30,ManagerPortal
L09572,cert-enterprise-ai-safety,M060,approved,2026-04-26,ManagerPortal
L09573,cert-enterprise-ai-safety,M054,approved,2026-05-23,ManagerPortal
L09574,cert-enterprise-ai-safety,M021,pending,,ManagerPortal
L09575,cert-enterprise-ai-safety,M035,pending,,ManagerPortal
L09576,cert-enterprise-ai-safety,M002,approved,2026-06-06,ManagerPortal
L09577,cert-enterprise-ai-safety,M053,pending,,ManagerPortal
L09578,cert-enterprise-ai-safety,M055,approved,2026-05-02,ManagerPortal
L09579,cert-enterprise-ai-safety,M051,pending,,ManagerPortal
L09580,cert-enterprise-ai-safety,M076,approved,2026-05-26,ManagerPortal
L09581,cert-enterprise-ai-safety,M014,approved,2026-05-28,ManagerPortal
L09582,cert-enterprise-ai-safety,M009,approved,2026-05-06,ManagerPortal
L09583,cert-enterprise-ai-safety,M021,approved,2026-06-04,ManagerPortal
L09584,cert-enterprise-ai-safety,M025,pending,,ManagerPortal
L09585,cert-enterprise-ai-safety,M037,approved,2026-05-13,ManagerPortal
L09586,cert-enterprise-ai-safety,M072,approved,2026-04-23,ManagerPortal
L09587,cert-enterprise-ai-safety,M009,pending,,ManagerPortal
L09588,cert-enterprise-ai-safety,M038,approved,2026-05-01,ManagerPortal
L09589,cert-enterprise-ai-safety,M054,approved,2026-04-30,ManagerPortal
L09590,cert-enterprise-ai-safety,M078,approved,2026-05-01,ManagerPortal
L09591,cert-enterprise-ai-safety,M042,approved,2026-06-02,ManagerPortal
L09592,cert-enterprise-ai-safety,M001,approved,2026-05-12,ManagerPortal
L09593,cert-enterprise-ai-safety,M030,approved,2026-05-17,ManagerPortal
L09594,cert-enterprise-ai-safety,M077,approved,2026-05-11,ManagerPortal
L09595,cert-enterprise-ai-safety,M074,approved,2026-04-24,ManagerPortal
L09596,cert-enterprise-ai-safety,M017,approved,2026-05-01,ManagerPortal
L09597,cert-enterprise-ai-safety,M078,approved,2026-05-10,ManagerPortal
L09598,cert-enterprise-ai-safety,M005,pending,,ManagerPortal
L09599,cert-enterprise-ai-safety,M060,pending,,ManagerPortal
L09600,cert-enterprise-ai-safety,M046,approved,2026-05-12,ManagerPortal
L09601,cert-enterprise-ai-safety,M006,approved,2026-04-26,ManagerPortal
L09602,cert-enterprise-ai-safety,M052,pending,,ManagerPortal
L09603,cert-enterprise-ai-safety,M023,approved,2026-06-03,ManagerPortal
L09604,cert-enterprise-ai-safety,M068,approved,2026-06-02,ManagerPortal
L09605,cert-enterprise-ai-safety,M074,approved,2026-05-28,ManagerPortal
L09606,cert-enterprise-ai-safety,M016,approved,2026-05-25,ManagerPortal
L09607,cert-enterprise-ai-safety,M029,approved,2026-05-05,ManagerPortal
L09608,cert-enterprise-ai-safety,M007,approved,2026-05-08,ManagerPortal
L09609,cert-enterprise-ai-safety,M011,approved,2026-05-26,ManagerPortal
L09610,cert-enterprise-ai-safety,M044,approved,2026-06-03,ManagerPortal
L09611,cert-enterprise-ai-safety,M021,approved,2026-05-26,ManagerPortal
L09612,cert-enterprise-ai-safety,M037,approved,2026-05-13,ManagerPortal
L09613,cert-enterprise-ai-safety,M057,approved,2026-05-20,ManagerPortal
L09614,cert-enterprise-ai-safety,M036,approved,2026-05-06,ManagerPortal
L09615,cert-enterprise-ai-safety,M013,pending,,ManagerPortal
L09616,cert-enterprise-ai-safety,M018,approved,2026-06-03,ManagerPortal
L09617,cert-enterprise-ai-safety,M067,approved,2026-05-20,ManagerPortal
L09618,cert-enterprise-ai-safety,M013,approved,2026-05-30,ManagerPortal
L09619,cert-enterprise-ai-safety,M059,approved,2026-05-11,ManagerPortal
L09620,cert-enterprise-ai-safety,M049,approved,2026-05-08,ManagerPortal
L09621,cert-enterprise-ai-safety,M077,pending,,ManagerPortal
L09622,cert-enterprise-ai-safety,M055,pending,,ManagerPortal
L09623,cert-enterprise-ai-safety,M018,pending,,ManagerPortal
L09624,cert-enterprise-ai-safety,M018,approved,2026-05-13,ManagerPortal
L09625,cert-enterprise-ai-safety,M009,approved,2026-04-30,ManagerPortal
L09626,cert-enterprise-ai-safety,M050,pending,,ManagerPortal
L09627,cert-enterprise-ai-safety,M070,pending,,ManagerPortal
L09628,cert-enterprise-ai-safety,M046,pending,,ManagerPortal
L09629,cert-enterprise-ai-safety,M011,approved,2026-05-04,ManagerPortal
L09630,cert-enterprise-ai-safety,M070,pending,,ManagerPortal
L09631,cert-enterprise-ai-safety,M011,approved,2026-06-01,ManagerPortal
L09632,cert-enterprise-ai-safety,M065,approved,2026-05-29,ManagerPortal
L09633,cert-enterprise-ai-safety,M066,pending,,ManagerPortal
L09634,cert-enterprise-ai-safety,M077,approved,2026-05-14,ManagerPortal
L09635,cert-enterprise-ai-safety,M059,approved,2026-05-28,ManagerPortal
L09636,cert-enterprise-ai-safety,M024,approved,2026-05-09,ManagerPortal
L09637,cert-enterprise-ai-safety,M011,approved,2026-05-26,ManagerPortal
L09638,cert-enterprise-ai-safety,M044,approved,2026-05-26,ManagerPortal
L09639,cert-enterprise-ai-safety,M035,approved,2026-04-27,ManagerPortal
L09640,cert-enterprise-ai-safety,M070,approved,2026-04-28,ManagerPortal
L09641,cert-enterprise-ai-safety,M063,pending,,ManagerPortal
L09642,cert-enterprise-ai-safety,M066,approved,2026-04-28,ManagerPortal
L09643,cert-enterprise-ai-safety,M070,approved,2026-05-02,ManagerPortal
L09644,cert-enterprise-ai-safety,M066,pending,,ManagerPortal
L09645,cert-enterprise-ai-safety,M036,approved,2026-05-12,ManagerPortal
L09646,cert-enterprise-ai-safety,M044,pending,,ManagerPortal
L09647,cert-enterprise-ai-safety,M018,pending,,ManagerPortal
L09648,cert-enterprise-ai-safety,M080,approved,2026-05-11,ManagerPortal
L09649,cert-enterprise-ai-safety,M035,approved,2026-04-26,ManagerPortal
L09650,cert-enterprise-ai-safety,M034,approved,2026-04-28,ManagerPortal
L09651,cert-enterprise-ai-safety,M046,approved,2026-05-04,ManagerPortal
L09652,cert-enterprise-ai-safety,M024,approved,2026-05-07,ManagerPortal
L09653,cert-enterprise-ai-safety,M070,approved,2026-05-01,ManagerPortal
L09654,cert-enterprise-ai-safety,M080,approved,2026-05-27,ManagerPortal
L09655,cert-enterprise-ai-safety,M051,pending,,ManagerPortal
L09656,cert-enterprise-ai-safety,M006,pending,,ManagerPortal
L09657,cert-enterprise-ai-safety,M071,approved,2026-04-30,ManagerPortal
L09658,cert-enterprise-ai-safety,M063,approved,2026-04-23,ManagerPortal
L09659,cert-enterprise-ai-safety,M020,pending,,ManagerPortal
L09660,cert-enterprise-ai-safety,M030,approved,2026-05-16,ManagerPortal
L09661,cert-enterprise-ai-safety,M041,approved,2026-04-28,ManagerPortal
L09662,cert-enterprise-ai-safety,M080,approved,2026-05-04,ManagerPortal
L09663,cert-enterprise-ai-safety,M035,approved,2026-05-16,ManagerPortal
L09664,cert-enterprise-ai-safety,M005,pending,,ManagerPortal
L09665,cert-enterprise-ai-safety,M039,approved,2026-05-03,ManagerPortal
L09666,cert-enterprise-ai-safety,M038,approved,2026-05-10,ManagerPortal
L09667,cert-enterprise-ai-safety,M023,pending,,ManagerPortal
L09668,cert-enterprise-ai-safety,M067,approved,2026-05-31,ManagerPortal
L09669,cert-enterprise-ai-safety,M004,approved,2026-05-13,ManagerPortal
L09670,cert-enterprise-ai-safety,M031,pending,,ManagerPortal
L09671,cert-enterprise-ai-safety,M021,pending,,ManagerPortal
L09672,cert-enterprise-ai-safety,M067,pending,,ManagerPortal
L09673,cert-enterprise-ai-safety,M071,pending,,ManagerPortal
L09674,cert-enterprise-ai-safety,M079,approved,2026-05-06,ManagerPortal
L09675,cert-enterprise-ai-safety,M056,approved,2026-05-26,ManagerPortal
L09676,cert-enterprise-ai-safety,M051,approved,2026-04-23,ManagerPortal
L09677,cert-enterprise-ai-safety,M010,pending,,ManagerPortal
L09678,cert-enterprise-ai-safety,M018,approved,2026-05-09,ManagerPortal
L09679,cert-enterprise-ai-safety,M061,pending,,ManagerPortal
L09680,cert-enterprise-ai-safety,M071,approved,2026-05-03,ManagerPortal
L09681,cert-enterprise-ai-safety,M028,approved,2026-06-04,ManagerPortal
L09682,cert-enterprise-ai-safety,M037,approved,2026-05-30,ManagerPortal
L09683,cert-enterprise-ai-safety,M047,approved,2026-05-17,ManagerPortal
L09684,cert-enterprise-ai-safety,M062,approved,2026-05-30,ManagerPortal
L09685,cert-enterprise-ai-safety,M057,pending,,ManagerPortal
L09686,cert-enterprise-ai-safety,M046,approved,2026-06-06,ManagerPortal
L09687,cert-enterprise-ai-safety,M073,approved,2026-05-15,ManagerPortal
L09688,cert-enterprise-ai-safety,M034,approved,2026-05-19,ManagerPortal
L09689,cert-enterprise-ai-safety,M058,approved,2026-04-26,ManagerPortal
L09690,cert-enterprise-ai-safety,M006,approved,2026-05-10,ManagerPortal
L09691,cert-enterprise-ai-safety,M008,approved,2026-04-30,ManagerPortal
L09692,cert-enterprise-ai-safety,M055,pending,,ManagerPortal
L09693,cert-enterprise-ai-safety,M033,approved,2026-06-02,ManagerPortal
L09694,cert-enterprise-ai-safety,M016,approved,2026-04-30,ManagerPortal
L09695,cert-enterprise-ai-safety,M005,approved,2026-05-27,ManagerPortal
L09696,cert-enterprise-ai-safety,M021,approved,2026-05-14,ManagerPortal
L09697,cert-enterprise-ai-safety,M036,approved,2026-05-30,ManagerPortal
L09698,cert-enterprise-ai-safety,M035,approved,2026-05-04,ManagerPortal
L09699,cert-enterprise-ai-safety,M058,approved,2026-05-22,ManagerPortal
L09700,cert-enterprise-ai-safety,M080,approved,2026-05-06,ManagerPortal
L09701,cert-enterprise-ai-safety,M046,approved,2026-05-26,ManagerPortal
L09702,cert-enterprise-ai-safety,M057,approved,2026-05-20,ManagerPortal
L09703,cert-enterprise-ai-safety,M070,approved,2026-04-25,ManagerPortal
L09704,cert-enterprise-ai-safety,M078,approved,2026-04-30,ManagerPortal
L09705,cert-enterprise-ai-safety,M071,approved,2026-04-27,ManagerPortal
L09706,cert-enterprise-ai-safety,M063,approved,2026-05-12,ManagerPortal
L09707,cert-enterprise-ai-safety,M049,approved,2026-04-29,ManagerPortal
L09708,cert-enterprise-ai-safety,M015,approved,2026-05-05,ManagerPortal
L09709,cert-enterprise-ai-safety,M001,approved,2026-05-13,ManagerPortal
L09710,cert-enterprise-ai-safety,M006,approved,2026-05-24,ManagerPortal
L09711,cert-enterprise-ai-safety,M005,approved,2026-05-30,ManagerPortal
L09712,cert-enterprise-ai-safety,M028,approved,2026-05-12,ManagerPortal
L09713,cert-enterprise-ai-safety,M042,approved,2026-06-06,ManagerPortal
L09714,cert-enterprise-ai-safety,M039,approved,2026-06-03,ManagerPortal
L09715,cert-enterprise-ai-safety,M032,pending,,ManagerPortal
L09716,cert-enterprise-ai-safety,M068,approved,2026-04-23,ManagerPortal
L09717,cert-enterprise-ai-safety,M062,approved,2026-06-02,ManagerPortal
L09718,cert-enterprise-ai-safety,M035,approved,2026-06-02,ManagerPortal
L09719,cert-enterprise-ai-safety,M021,approved,2026-05-22,ManagerPortal
L09720,cert-enterprise-ai-safety,M015,approved,2026-05-23,ManagerPortal
L09721,cert-enterprise-ai-safety,M001,approved,2026-06-06,ManagerPortal
L09722,cert-enterprise-ai-safety,M024,approved,2026-05-30,ManagerPortal
L09723,cert-enterprise-ai-safety,M038,pending,,ManagerPortal
L09724,cert-enterprise-ai-safety,M069,approved,2026-05-25,ManagerPortal
L09725,cert-enterprise-ai-safety,M001,approved,2026-04-26,ManagerPortal
L09726,cert-enterprise-ai-safety,M075,pending,,ManagerPortal
L09727,cert-enterprise-ai-safety,M002,approved,2026-05-24,ManagerPortal
L09728,cert-enterprise-ai-safety,M037,approved,2026-05-31,ManagerPortal
L09729,cert-enterprise-ai-safety,M024,pending,,ManagerPortal
L09730,cert-enterprise-ai-safety,M080,approved,2026-05-23,ManagerPortal
L09731,cert-enterprise-ai-safety,M074,approved,2026-05-27,ManagerPortal
L09732,cert-enterprise-ai-safety,M022,pending,,ManagerPortal
L09733,cert-enterprise-ai-safety,M015,approved,2026-05-02,ManagerPortal
L09734,cert-enterprise-ai-safety,M063,pending,,ManagerPortal
L09735,cert-enterprise-ai-safety,M053,approved,2026-05-03,ManagerPortal
L09736,cert-enterprise-ai-safety,M071,pending,,ManagerPortal
L09737,cert-enterprise-ai-safety,M015,approved,2026-05-30,ManagerPortal
L09738,cert-enterprise-ai-safety,M065,approved,2026-04-27,ManagerPortal
L09739,cert-enterprise-ai-safety,M063,approved,2026-05-11,ManagerPortal
L09740,cert-enterprise-ai-safety,M066,approved,2026-06-05,ManagerPortal
L09741,cert-enterprise-ai-safety,M076,approved,2026-05-01,ManagerPortal
L09742,cert-enterprise-ai-safety,M062,approved,2026-05-14,ManagerPortal
L09743,cert-enterprise-ai-safety,M059,pending,,ManagerPortal
L09744,cert-enterprise-ai-safety,M063,approved,2026-05-06,ManagerPortal
L09745,cert-enterprise-ai-safety,M013,approved,2026-05-13,ManagerPortal
L09746,cert-enterprise-ai-safety,M061,approved,2026-05-20,ManagerPortal
L09747,cert-enterprise-ai-safety,M078,approved,2026-05-29,ManagerPortal
L09748,cert-enterprise-ai-safety,M048,pending,,ManagerPortal
L09749,cert-enterprise-ai-safety,M007,approved,2026-06-02,ManagerPortal
L09750,cert-enterprise-ai-safety,M073,pending,,ManagerPortal
L09751,cert-enterprise-ai-safety,M037,approved,2026-05-21,ManagerPortal
L09752,cert-enterprise-ai-safety,M015,pending,,ManagerPortal
L09753,cert-enterprise-ai-safety,M080,approved,2026-05-19,ManagerPortal
L09754,cert-enterprise-ai-safety,M013,pending,,ManagerPortal
L09755,cert-enterprise-ai-safety,M051,approved,2026-05-16,ManagerPortal
L09756,cert-enterprise-ai-safety,M036,approved,2026-05-29,ManagerPortal
L09757,cert-enterprise-ai-safety,M042,pending,,ManagerPortal
L09758,cert-enterprise-ai-safety,M047,approved,2026-05-03,ManagerPortal
L09759,cert-enterprise-ai-safety,M040,approved,2026-05-04,ManagerPortal
L09760,cert-enterprise-ai-safety,M036,approved,2026-06-06,ManagerPortal
L09761,cert-enterprise-ai-safety,M071,approved,2026-04-27,ManagerPortal
L09762,cert-enterprise-ai-safety,M045,approved,2026-05-22,ManagerPortal
L09763,cert-enterprise-ai-safety,M052,approved,2026-05-08,ManagerPortal
L09764,cert-enterprise-ai-safety,M074,approved,2026-05-29,ManagerPortal
L09765,cert-enterprise-ai-safety,M057,pending,,ManagerPortal
L09766,cert-enterprise-ai-safety,M064,approved,2026-05-02,ManagerPortal
L09767,cert-enterprise-ai-safety,M043,approved,2026-04-26,ManagerPortal
L09768,cert-enterprise-ai-safety,M033,pending,,ManagerPortal
L09769,cert-enterprise-ai-safety,M022,approved,2026-05-21,ManagerPortal
L09770,cert-enterprise-ai-safety,M077,approved,2026-05-04,ManagerPortal
L09771,cert-enterprise-ai-safety,M070,pending,,ManagerPortal
L09772,cert-enterprise-ai-safety,M026,approved,2026-05-19,ManagerPortal
L09773,cert-enterprise-ai-safety,M028,approved,2026-05-04,ManagerPortal
L09774,cert-enterprise-ai-safety,M061,approved,2026-05-18,ManagerPortal
L09775,cert-enterprise-ai-safety,M036,pending,,ManagerPortal
L09776,cert-enterprise-ai-safety,M033,pending,,ManagerPortal
L09777,cert-enterprise-ai-safety,M062,approved,2026-05-14,ManagerPortal
L09778,cert-enterprise-ai-safety,M027,approved,2026-05-19,ManagerPortal
L09779,cert-enterprise-ai-safety,M051,pending,,ManagerPortal
L09780,cert-enterprise-ai-safety,M069,approved,2026-05-02,ManagerPortal
L09781,cert-enterprise-ai-safety,M073,approved,2026-05-09,ManagerPortal
L09782,cert-enterprise-ai-safety,M029,approved,2026-05-14,ManagerPortal
L09783,cert-enterprise-ai-safety,M021,pending,,ManagerPortal
L09784,cert-enterprise-ai-safety,M067,pending,,ManagerPortal
L09785,cert-enterprise-ai-safety,M011,pending,,ManagerPortal
L09786,cert-enterprise-ai-safety,M066,approved,2026-05-19,ManagerPortal
L09787,cert-enterprise-ai-safety,M054,approved,2026-05-26,ManagerPortal
L09788,cert-enterprise-ai-safety,M024,approved,2026-05-18,ManagerPortal
L09789,cert-enterprise-ai-safety,M042,pending,,ManagerPortal
L09790,cert-enterprise-ai-safety,M006,approved,2026-05-03,ManagerPortal
L09791,cert-enterprise-ai-safety,M005,approved,2026-05-04,ManagerPortal
L09792,cert-enterprise-ai-safety,M031,pending,,ManagerPortal
L09793,cert-enterprise-ai-safety,M064,approved,2026-04-28,ManagerPortal
L09794,cert-enterprise-ai-safety,M039,approved,2026-06-02,ManagerPortal
L09795,cert-enterprise-ai-safety,M067,approved,2026-05-25,ManagerPortal
L09796,cert-enterprise-ai-safety,M034,pending,,ManagerPortal
L09797,cert-enterprise-ai-safety,M066,approved,2026-05-24,ManagerPortal
L09798,cert-enterprise-ai-safety,M073,pending,,ManagerPortal
L09799,cert-enterprise-ai-safety,M061,pending,,ManagerPortal
L09800,cert-enterprise-ai-safety,M051,approved,2026-05-30,ManagerPortal
L09801,cert-enterprise-ai-safety,M024,approved,2026-06-03,ManagerPortal
L09802,cert-enterprise-ai-safety,M042,approved,2026-05-16,ManagerPortal
L09803,cert-enterprise-ai-safety,M042,approved,2026-05-13,ManagerPortal
L09804,cert-enterprise-ai-safety,M050,approved,2026-05-22,ManagerPortal
L09805,cert-enterprise-ai-safety,M018,approved,2026-05-26,ManagerPortal
L09806,cert-enterprise-ai-safety,M009,pending,,ManagerPortal
L09807,cert-enterprise-ai-safety,M074,approved,2026-05-14,ManagerPortal
L09808,cert-enterprise-ai-safety,M024,pending,,ManagerPortal
L09809,cert-enterprise-ai-safety,M033,pending,,ManagerPortal
L09810,cert-enterprise-ai-safety,M026,approved,2026-05-08,ManagerPortal
L09811,cert-enterprise-ai-safety,M047,pending,,ManagerPortal
L09812,cert-enterprise-ai-safety,M067,approved,2026-05-13,ManagerPortal
L09813,cert-enterprise-ai-safety,M050,pending,,ManagerPortal
L09814,cert-enterprise-ai-safety,M005,pending,,ManagerPortal
L09815,cert-enterprise-ai-safety,M014,pending,,ManagerPortal
L09816,cert-enterprise-ai-safety,M073,approved,2026-05-22,ManagerPortal
L09817,cert-enterprise-ai-safety,M037,approved,2026-04-23,ManagerPortal
L09818,cert-enterprise-ai-safety,M034,pending,,ManagerPortal
L09819,cert-enterprise-ai-safety,M042,pending,,ManagerPortal
L09820,cert-enterprise-ai-safety,M054,approved,2026-04-24,ManagerPortal
L09821,cert-enterprise-ai-safety,M053,approved,2026-05-27,ManagerPortal
L09822,cert-enterprise-ai-safety,M052,approved,2026-05-30,ManagerPortal
L09823,cert-enterprise-ai-safety,M044,approved,2026-05-27,ManagerPortal
L09824,cert-enterprise-ai-safety,M007,pending,,ManagerPortal
L09825,cert-enterprise-ai-safety,M080,approved,2026-05-31,ManagerPortal
L09826,cert-enterprise-ai-safety,M020,approved,2026-05-27,ManagerPortal
L09827,cert-enterprise-ai-safety,M023,approved,2026-05-07,ManagerPortal
L09828,cert-enterprise-ai-safety,M018,approved,2026-06-03,ManagerPortal
L09829,cert-enterprise-ai-safety,M073,approved,2026-05-25,ManagerPortal
L09830,cert-enterprise-ai-safety,M026,approved,2026-05-01,ManagerPortal
L09831,cert-enterprise-ai-safety,M027,approved,2026-04-28,ManagerPortal
L09832,cert-enterprise-ai-safety,M006,approved,2026-05-31,ManagerPortal
L09833,cert-enterprise-ai-safety,M040,pending,,ManagerPortal
L09834,cert-enterprise-ai-safety,M017,pending,,ManagerPortal
L09835,cert-enterprise-ai-safety,M025,approved,2026-06-01,ManagerPortal
L09836,cert-enterprise-ai-safety,M023,approved,2026-05-28,ManagerPortal
L09837,cert-enterprise-ai-safety,M061,approved,2026-05-23,ManagerPortal
L09838,cert-enterprise-ai-safety,M034,pending,,ManagerPortal
L09839,cert-enterprise-ai-safety,M072,approved,2026-05-10,ManagerPortal
L09840,cert-enterprise-ai-safety,M007,pending,,ManagerPortal
L09841,cert-enterprise-ai-safety,M044,approved,2026-05-20,ManagerPortal
L09842,cert-enterprise-ai-safety,M011,pending,,ManagerPortal
L09843,cert-enterprise-ai-safety,M072,approved,2026-05-31,ManagerPortal
L09844,cert-enterprise-ai-safety,M012,approved,2026-04-29,ManagerPortal
L09845,cert-enterprise-ai-safety,M059,approved,2026-04-29,ManagerPortal
L09846,cert-enterprise-ai-safety,M048,pending,,ManagerPortal
L09847,cert-enterprise-ai-safety,M045,pending,,ManagerPortal
L09848,cert-enterprise-ai-safety,M080,approved,2026-05-04,ManagerPortal
L09849,cert-enterprise-ai-safety,M051,pending,,ManagerPortal
L09850,cert-enterprise-ai-safety,M020,approved,2026-05-24,ManagerPortal
L09851,cert-enterprise-ai-safety,M037,pending,,ManagerPortal
L09852,cert-enterprise-ai-safety,M060,approved,2026-05-02,ManagerPortal
L09853,cert-enterprise-ai-safety,M038,approved,2026-05-05,ManagerPortal
L09854,cert-enterprise-ai-safety,M043,approved,2026-05-22,ManagerPortal
L09855,cert-enterprise-ai-safety,M002,approved,2026-05-03,ManagerPortal
L09856,cert-enterprise-ai-safety,M005,approved,2026-05-17,ManagerPortal
L09857,cert-enterprise-ai-safety,M061,pending,,ManagerPortal
L09858,cert-enterprise-ai-safety,M064,approved,2026-05-07,ManagerPortal
L09859,cert-enterprise-ai-safety,M035,pending,,ManagerPortal
L09860,cert-enterprise-ai-safety,M041,approved,2026-06-02,ManagerPortal
L09861,cert-enterprise-ai-safety,M029,approved,2026-05-30,ManagerPortal
L09862,cert-enterprise-ai-safety,M010,approved,2026-05-05,ManagerPortal
L09863,cert-enterprise-ai-safety,M070,approved,2026-05-02,ManagerPortal
L09864,cert-enterprise-ai-safety,M024,pending,,ManagerPortal
L09865,cert-enterprise-ai-safety,M068,approved,2026-05-07,ManagerPortal
L09866,cert-enterprise-ai-safety,M065,approved,2026-06-05,ManagerPortal
L09867,cert-enterprise-ai-safety,M066,approved,2026-04-23,ManagerPortal
L09868,cert-enterprise-ai-safety,M045,approved,2026-05-29,ManagerPortal
L09869,cert-enterprise-ai-safety,M047,approved,2026-05-05,ManagerPortal
L09870,cert-enterprise-ai-safety,M047,approved,2026-05-27,ManagerPortal
L09871,cert-enterprise-ai-safety,M055,approved,2026-05-12,ManagerPortal
L09872,cert-enterprise-ai-safety,M046,approved,2026-04-29,ManagerPortal
L09873,cert-enterprise-ai-safety,M063,pending,,ManagerPortal
L09874,cert-enterprise-ai-safety,M044,approved,2026-04-27,ManagerPortal
L09875,cert-enterprise-ai-safety,M071,approved,2026-05-27,ManagerPortal
L09876,cert-enterprise-ai-safety,M052,approved,2026-06-01,ManagerPortal
L09877,cert-enterprise-ai-safety,M080,pending,,ManagerPortal
L09878,cert-enterprise-ai-safety,M028,approved,2026-04-26,ManagerPortal
L09879,cert-enterprise-ai-safety,M076,approved,2026-06-01,ManagerPortal
L09880,cert-enterprise-ai-safety,M027,pending,,ManagerPortal
L09881,cert-enterprise-ai-safety,M010,approved,2026-04-24,ManagerPortal
L09882,cert-enterprise-ai-safety,M079,approved,2026-05-12,ManagerPortal
L09883,cert-enterprise-ai-safety,M027,approved,2026-05-14,ManagerPortal
L09884,cert-enterprise-ai-safety,M057,approved,2026-05-14,ManagerPortal
L09885,cert-enterprise-ai-safety,M052,approved,2026-05-24,ManagerPortal
L09886,cert-enterprise-ai-safety,M003,approved,2026-06-04,ManagerPortal
L09887,cert-enterprise-ai-safety,M044,approved,2026-05-09,ManagerPortal
L09888,cert-enterprise-ai-safety,M026,approved,2026-04-30,ManagerPortal
L09889,cert-enterprise-ai-safety,M042,approved,2026-05-21,ManagerPortal
L09890,cert-enterprise-ai-safety,M013,approved,2026-05-04,ManagerPortal
L09891,cert-enterprise-ai-safety,M028,approved,2026-05-10,ManagerPortal
L09892,cert-enterprise-ai-safety,M013,approved,2026-05-23,ManagerPortal
L09893,cert-enterprise-ai-safety,M012,approved,2026-05-27,ManagerPortal
L09894,cert-enterprise-ai-safety,M074,approved,2026-05-23,ManagerPortal
L09895,cert-enterprise-ai-safety,M027,pending,,ManagerPortal
L09896,cert-enterprise-ai-safety,M036,approved,2026-05-13,ManagerPortal
L09897,cert-enterprise-ai-safety,M012,approved,2026-05-15,ManagerPortal
L09898,cert-enterprise-ai-safety,M019,approved,2026-05-03,ManagerPortal
L09899,cert-enterprise-ai-safety,M053,pending,,ManagerPortal
L09900,cert-enterprise-ai-safety,M010,approved,2026-05-08,ManagerPortal
L09901,cert-enterprise-ai-safety,M011,approved,2026-05-09,ManagerPortal
L09902,cert-enterprise-ai-safety,M047,approved,2026-05-24,ManagerPortal
L09903,cert-enterprise-ai-safety,M074,approved,2026-05-29,ManagerPortal
L09904,cert-enterprise-ai-safety,M038,approved,2026-04-23,ManagerPortal
L09905,cert-enterprise-ai-safety,M001,pending,,ManagerPortal
L09906,cert-enterprise-ai-safety,M055,pending,,ManagerPortal
L09907,cert-enterprise-ai-safety,M024,pending,,ManagerPortal
L09908,cert-enterprise-ai-safety,M037,approved,2026-04-26,ManagerPortal
L09909,cert-enterprise-ai-safety,M003,approved,2026-05-17,ManagerPortal
L09910,cert-enterprise-ai-safety,M057,pending,,ManagerPortal
L09911,cert-enterprise-ai-safety,M033,approved,2026-05-29,ManagerPortal
L09912,cert-enterprise-ai-safety,M065,approved,2026-05-14,ManagerPortal
L09913,cert-enterprise-ai-safety,M043,pending,,ManagerPortal
L09914,cert-enterprise-ai-safety,M007,approved,2026-05-05,ManagerPortal
L09915,cert-enterprise-ai-safety,M004,approved,2026-05-18,ManagerPortal
L09916,cert-enterprise-ai-safety,M014,approved,2026-04-23,ManagerPortal
L09917,cert-enterprise-ai-safety,M040,approved,2026-05-20,ManagerPortal
L09918,cert-enterprise-ai-safety,M053,approved,2026-05-02,ManagerPortal
L09919,cert-enterprise-ai-safety,M058,approved,2026-04-30,ManagerPortal
L09920,cert-enterprise-ai-safety,M027,approved,2026-05-24,ManagerPortal
L09921,cert-enterprise-ai-safety,M046,approved,2026-05-22,ManagerPortal
L09922,cert-enterprise-ai-safety,M030,approved,2026-04-24,ManagerPortal
L09923,cert-enterprise-ai-safety,M046,pending,,ManagerPortal
L09924,cert-enterprise-ai-safety,M030,approved,2026-05-14,ManagerPortal
L09925,cert-enterprise-ai-safety,M064,approved,2026-05-13,ManagerPortal
L09926,cert-enterprise-ai-safety,M055,approved,2026-06-06,ManagerPortal
L09927,cert-enterprise-ai-safety,M007,approved,2026-06-01,ManagerPortal
L09928,cert-enterprise-ai-safety,M054,approved,2026-05-14,ManagerPortal
L09929,cert-enterprise-ai-safety,M032,approved,2026-05-27,ManagerPortal
L09930,cert-enterprise-ai-safety,M080,pending,,ManagerPortal
L09931,cert-enterprise-ai-safety,M046,approved,2026-04-27,ManagerPortal
L09932,cert-enterprise-ai-safety,M026,approved,2026-04-25,ManagerPortal
L09933,cert-enterprise-ai-safety,M063,approved,2026-05-14,ManagerPortal
L09934,cert-enterprise-ai-safety,M046,pending,,ManagerPortal
L09935,cert-enterprise-ai-safety,M032,approved,2026-05-10,ManagerPortal
L09936,cert-enterprise-ai-safety,M019,pending,,ManagerPortal
L09937,cert-enterprise-ai-safety,M012,approved,2026-05-30,ManagerPortal
L09938,cert-enterprise-ai-safety,M058,approved,2026-06-01,ManagerPortal
L09939,cert-enterprise-ai-safety,M019,approved,2026-06-06,ManagerPortal
L09940,cert-enterprise-ai-safety,M054,pending,,ManagerPortal
L09941,cert-enterprise-ai-safety,M076,approved,2026-05-08,ManagerPortal
L09942,cert-enterprise-ai-safety,M063,approved,2026-05-24,ManagerPortal
L09943,cert-enterprise-ai-safety,M067,approved,2026-04-27,ManagerPortal
L09944,cert-enterprise-ai-safety,M036,approved,2026-05-08,ManagerPortal
L09945,cert-enterprise-ai-safety,M030,approved,2026-05-31,ManagerPortal
L09946,cert-enterprise-ai-safety,M018,approved,2026-05-25,ManagerPortal
L09947,cert-enterprise-ai-safety,M080,approved,2026-05-21,ManagerPortal
L09948,cert-enterprise-ai-safety,M078,pending,,ManagerPortal
L09949,cert-enterprise-ai-safety,M065,approved,2026-04-27,ManagerPortal
L09950,cert-enterprise-ai-safety,M043,pending,,ManagerPortal
L09951,cert-enterprise-ai-safety,M066,approved,2026-05-02,ManagerPortal
L09952,cert-enterprise-ai-safety,M049,pending,,ManagerPortal
L09953,cert-enterprise-ai-safety,M068,approved,2026-05-07,ManagerPortal
L09954,cert-enterprise-ai-safety,M013,approved,2026-05-23,ManagerPortal
L09955,cert-enterprise-ai-safety,M046,approved,2026-04-28,ManagerPortal
L09956,cert-enterprise-ai-safety,M023,pending,,ManagerPortal
L09957,cert-enterprise-ai-safety,M068,approved,2026-06-01,ManagerPortal
L09958,cert-enterprise-ai-safety,M050,approved,2026-05-11,ManagerPortal
L09959,cert-enterprise-ai-safety,M033,approved,2026-05-08,ManagerPortal
L09960,cert-enterprise-ai-safety,M038,pending,,ManagerPortal
L09961,cert-enterprise-ai-safety,M037,approved,2026-05-19,ManagerPortal
L09962,cert-enterprise-ai-safety,M023,pending,,ManagerPortal
L09963,cert-enterprise-ai-safety,M073,approved,2026-06-01,ManagerPortal
L09964,cert-enterprise-ai-safety,M018,pending,,ManagerPortal
L09965,cert-enterprise-ai-safety,M070,approved,2026-05-19,ManagerPortal
L09966,cert-enterprise-ai-safety,M037,approved,2026-05-03,ManagerPortal
L09967,cert-enterprise-ai-safety,M050,approved,2026-04-25,ManagerPortal
L09968,cert-enterprise-ai-safety,M014,approved,2026-04-24,ManagerPortal
L09969,cert-enterprise-ai-safety,M045,pending,,ManagerPortal
L09970,cert-enterprise-ai-safety,M079,approved,2026-04-23,ManagerPortal
L09971,cert-enterprise-ai-safety,M055,approved,2026-04-26,ManagerPortal
L09972,cert-enterprise-ai-safety,M078,pending,,ManagerPortal
L09973,cert-enterprise-ai-safety,M069,approved,2026-04-28,ManagerPortal
L09974,cert-enterprise-ai-safety,M068,approved,2026-05-01,ManagerPortal
L09975,cert-enterprise-ai-safety,M071,pending,,ManagerPortal
L09976,cert-enterprise-ai-safety,M065,approved,2026-05-06,ManagerPortal
L09977,cert-enterprise-ai-safety,M020,approved,2026-04-29,ManagerPortal
L09978,cert-enterprise-ai-safety,M008,approved,2026-06-04,ManagerPortal
L09979,cert-enterprise-ai-safety,M029,approved,2026-05-07,ManagerPortal
L09980,cert-enterprise-ai-safety,M023,approved,2026-05-06,ManagerPortal
L09981,cert-enterprise-ai-safety,M071,pending,,ManagerPortal
L09982,cert-enterprise-ai-safety,M057,approved,2026-05-28,ManagerPortal
L09983,cert-enterprise-ai-safety,M032,approved,2026-06-01,ManagerPortal
L09984,cert-enterprise-ai-safety,M044,approved,2026-05-10,ManagerPortal
L09985,cert-enterprise-ai-safety,M027,pending,,ManagerPortal
L09986,cert-enterprise-ai-safety,M026,pending,,ManagerPortal
L09987,cert-enterprise-ai-safety,M069,approved,2026-06-01,ManagerPortal
L09988,cert-enterprise-ai-safety,M025,pending,,ManagerPortal
L09989,cert-enterprise-ai-safety,M061,approved,2026-05-09,ManagerPortal
L09990,cert-enterprise-ai-safety,M035,approved,2026-05-08,ManagerPortal
L09991,cert-enterprise-ai-safety,M035,approved,2026-05-05,ManagerPortal
L09992,cert-enterprise-ai-safety,M063,approved,2026-05-03,ManagerPortal
L09993,cert-enterprise-ai-safety,M020,pending,,ManagerPortal
L09994,cert-enterprise-ai-safety,M019,approved,2026-05-13,ManagerPortal
L09995,cert-enterprise-ai-safety,M068,pending,,ManagerPortal
L09996,cert-enterprise-ai-safety,M062,pending,,ManagerPortal
L09997,cert-enterprise-ai-safety,M021,pending,,ManagerPortal
L09998,cert-enterprise-ai-safety,M052,approved,2026-05-23,ManagerPortal
L09999,cert-enterprise-ai-safety,M003,approved,2026-06-02,ManagerPortal
L10000,cert-enterprise-ai-safety,M048,pending,,ManagerPortal
