learner_id,employee_id,certification_id,canonical_term,lms_claimed_ready,truth_certification_ready,block_reason,risk_level,recommended_action,evaluated_on
L00001,E00001,cert-enterprise-ai-safety,Certification Ready,True,False,Required lab missing; Assessment below 80,high,Block certification release until missing evidence is resolved,2026-06-06
L00004,E00004,cert-enterprise-ai-safety,Certification Ready,True,False,Required module missing; Required lab missing; Manager approval missing,high,Block certification release until missing evidence is resolved,2026-06-06
L00006,E00006,cert-enterprise-ai-safety,Certification Ready,True,False,Required lab missing,medium,Block certification release until missing evidence is resolved,2026-06-06
L00007,E00007,cert-enterprise-ai-safety,Certification Ready,True,False,Required module missing; Manager approval missing,high,Block certification release until missing evidence is resolved,2026-06-06
L00010,E00010,cert-enterprise-ai-safety,Certification Ready,True,False,HR eligibility missing; Required lab missing,high,Block certification release until missing evidence is resolved,2026-06-06
L00018,E00018,cert-enterprise-ai-safety,Certification Ready,True,False,Required lab missing; Assessment below 80,high,Block certification release until missing evidence is resolved,2026-06-06
L00019,E00019,cert-enterprise-ai-safety,Certification Ready,True,False,Required module missing,medium,Block certification release until missing evidence is resolved,2026-06-06
L00021,E00021,cert-enterprise-ai-safety,Certification Ready,True,False,Required module missing; Required lab missing; Assessment below 80,high,Block certification release until missing evidence is resolved,2026-06-06
L00022,E00022,cert-enterprise-ai-safety,Certification Ready,True,False,Required module missing; Required lab missing; Assessment below 80,high,Block certification release until missing evidence is resolved,2026-06-06
L00023,E00023,cert-enterprise-ai-safety,Certification Ready,True,False,Required module missing; Required lab missing; Assessment below 80,high,Block certification release until missing evidence is resolved,2026-06-06
L00026,E00026,cert-enterprise-ai-safety,Certification Ready,True,False,Required lab missing,medium,Block certification release until missing evidence is resolved,2026-06-06
L00028,E00028,cert-enterprise-ai-safety,Certification Ready,True,False,Manager approval missing,medium,Block certification release until missing evidence is resolved,2026-06-06
L00029,E00029,cert-enterprise-ai-safety,Certification Ready,True,False,HR eligibility missing; Required lab missing,high,Block certification release until missing evidence is resolved,2026-06-06
L00033,E00033,cert-enterprise-ai-safety,Certification Ready,True,False,Required module missing; Assessment below 80; Manager approval missing,high,Block certification release until missing evidence is resolved,2026-06-06
L00035,E00035,cert-enterprise-ai-safety,Certification Ready,True,False,Required lab missing,medium,Block certification release until missing evidence is resolved,2026-06-06
L00037,E00037,cert-enterprise-ai-safety,Certification Ready,True,False,HR eligibility missing; Required module missing; Required lab missing; Manager approval missing,high,Block certification release until missing evidence is resolved,2026-06-06
L00040,E00040,cert-enterprise-ai-safety,Certification Ready,True,False,Required lab missing; Assessment below 80,high,Block certification release until missing evidence is resolved,2026-06-06
L00043,E00043,cert-enterprise-ai-safety,Certification Ready,True,False,Required lab missing,medium,Block certification release until missing evidence is resolved,2026-06-06
L00048,E00048,cert-enterprise-ai-safety,Certification Ready,True,False,Required module missing; Manager approval missing,high,Block certification release until missing evidence is resolved,2026-06-06
L00050,E00050,cert-enterprise-ai-safety,Certification Ready,True,False,Required lab missing,medium,Block certification release until missing evidence is resolved,2026-06-06
L00052,E00052,cert-enterprise-ai-safety,Certification Ready,True,False,HR eligibility missing; Manager approval missing,high,Block certification release until missing evidence is resolved,2026-06-06
L00055,E00055,cert-enterprise-ai-safety,Certification Ready,True,False,Required lab missing,medium,Block certification release until missing evidence is resolved,2026-06-06
L00060,E00060,cert-enterprise-ai-safety,Certification Ready,True,False,HR eligibility missing; Manager approval missing,high,Block certification release until missing evidence is resolved,2026-06-06
L00063,E00063,cert-enterprise-ai-safety,Certification Ready,True,False,Required lab missing,medium,Block certification release until missing evidence is resolved,2026-06-06
L00064,E00064,cert-enterprise-ai-safety,Certification Ready,True,False,Required lab missing; Manager approval missing,high,Block certification release until missing evidence is resolved,2026-06-06
L00068,E00068,cert-enterprise-ai-safety,Certification Ready,True,False,HR eligibility missing; Required module missing; Manager approval missing,high,Block certification release until missing evidence is resolved,2026-06-06
L00071,E00071,cert-enterprise-ai-safety,Certification Ready,True,False,HR eligibility missing; Required module missing; Required lab missing,high,Block certification release until missing evidence is resolved,2026-06-06
L00072,E00072,cert-enterprise-ai-safety,Certification Ready,True,False,HR eligibility missing; Manager approval missing,high,Block certification release until missing evidence is resolved,2026-06-06
L00074,E00074,cert-enterprise-ai-safety,Certification Ready,True,False,Required lab missing,medium,Block certification release until missing evidence is resolved,2026-06-06
L00075,E00075,cert-enterprise-ai-safety,Certification Ready,True,False,Required module missing; Required lab missing; Assessment below 80,high,Block certification release until missing evidence is resolved,2026-06-06
L00077,E00077,cert-enterprise-ai-safety,Certification Ready,True,False,Required lab missing,medium,Block certification release until missing evidence is resolved,2026-06-06
L00087,E00087,cert-enterprise-ai-safety,Certification Ready,True,False,HR eligibility missing; Required module missing; Required lab missing; Manager approval missing,high,Block certification release until missing evidence is resolved,2026-06-06
L00088,E00088,cert-enterprise-ai-safety,Certification Ready,True,False,Required lab missing,medium,Block certification release until missing evidence is resolved,2026-06-06
L00089,E00089,cert-enterprise-ai-safety,Certification Ready,True,False,HR eligibility missing; Required module missing,high,Block certification release until missing evidence is resolved,2026-06-06
L00093,E00093,cert-enterprise-ai-safety,Certification Ready,True,False,Required lab missing,medium,Block certification release until missing evidence is resolved,2026-06-06
L00096,E00096,cert-enterprise-ai-safety,Certification Ready,True,False,Required module missing,medium,Block certification release until missing evidence is resolved,2026-06-06
L00098,E00098,cert-enterprise-ai-safety,Certification Ready,True,False,Required module missing; Required lab missing; Manager approval missing,high,Block certification release until missing evidence is resolved,2026-06-06
L00105,E00105,cert-enterprise-ai-safety,Certification Ready,True,False,Assessment below 80,medium,Block certification release until missing evidence is resolved,2026-06-06
L00107,E00107,cert-enterprise-ai-safety,Certification Ready,True,False,Required module missing; Required lab missing; Manager approval missing,high,Block certification release until missing evidence is resolved,2026-06-06
L00108,E00108,cert-enterprise-ai-safety,Certification Ready,True,False,Required lab missing,medium,Block certification release until missing evidence is resolved,2026-06-06
L00109,E00109,cert-enterprise-ai-safety,Certification Ready,True,False,Required module missing,medium,Block certification release until missing evidence is resolved,2026-06-06
L00110,E00110,cert-enterprise-ai-safety,Certification Ready,True,False,Required lab missing; Manager approval missing,high,Block certification release until missing evidence is resolved,2026-06-06
L00112,E00112,cert-enterprise-ai-safety,Certification Ready,True,False,Assessment below 80,medium,Block certification release until missing evidence is resolved,2026-06-06
L00113,E00113,cert-enterprise-ai-safety,Certification Ready,True,False,HR eligibility missing; Required module missing; Required lab missing,high,Block certification release until missing evidence is resolved,2026-06-06
L00115,E00115,cert-enterprise-ai-safety,Certification Ready,True,False,Required module missing; Required lab missing; Manager approval missing,high,Block certification release until missing evidence is resolved,2026-06-06
L00116,E00116,cert-enterprise-ai-safety,Certification Ready,True,False,HR eligibility missing; Required module missing; Required lab missing; Assessment below 80; Manager approval missing,high,Block certification release until missing evidence is resolved,2026-06-06
L00118,E00118,cert-enterprise-ai-safety,Certification Ready,True,False,Required module missing; Assessment below 80; Manager approval missing,high,Block certification release until missing evidence is resolved,2026-06-06
L00120,E00120,cert-enterprise-ai-safety,Certification Ready,True,False,Required module missing,medium,Block certification release until missing evidence is resolved,2026-06-06
L00122,E00122,cert-enterprise-ai-safety,Certification Ready,True,False,Required module missing; Required lab missing; Manager approval missing,high,Block certification release until missing evidence is resolved,2026-06-06
L00123,E00123,cert-enterprise-ai-safety,Certification Ready,True,False,Required lab missing,medium,Block certification release until missing evidence is resolved,2026-06-06
L00126,E00126,cert-enterprise-ai-safety,Certification Ready,True,False,Required lab missing,medium,Block certification release until missing evidence is resolved,2026-06-06
L00127,E00127,cert-enterprise-ai-safety,Certification Ready,True,False,Required module missing; Required lab missing,high,Block certification release until missing evidence is resolved,2026-06-06
L00128,E00128,cert-enterprise-ai-safety,Certification Ready,True,False,Required module missing,medium,Block certification release until missing evidence is resolved,2026-06-06
L00133,E00133,cert-enterprise-ai-safety,Certification Ready,True,False,Required module missing; Manager approval missing,high,Block certification release until missing evidence is resolved,2026-06-06
L00136,E00136,cert-enterprise-ai-safety,Certification Ready,True,False,Required lab missing,medium,Block certification release until missing evidence is resolved,2026-06-06
L00141,E00141,cert-enterprise-ai-safety,Certification Ready,True,False,HR eligibility missing; Manager approval missing,high,Block certification release until missing evidence is resolved,2026-06-06
L00148,E00148,cert-enterprise-ai-safety,Certification Ready,True,False,Required module missing,medium,Block certification release until missing evidence is resolved,2026-06-06
L00149,E00149,cert-enterprise-ai-safety,Certification Ready,True,False,Required module missing; Required lab missing,high,Block certification release until missing evidence is resolved,2026-06-06
L00152,E00152,cert-enterprise-ai-safety,Certification Ready,True,False,Required lab missing,medium,Block certification release until missing evidence is resolved,2026-06-06
L00156,E00156,cert-enterprise-ai-safety,Certification Ready,True,False,Required module missing; Assessment below 80; Manager approval missing,high,Block certification release until missing evidence is resolved,2026-06-06
L00157,E00157,cert-enterprise-ai-safety,Certification Ready,True,False,Required lab missing,medium,Block certification release until missing evidence is resolved,2026-06-06
L00158,E00158,cert-enterprise-ai-safety,Certification Ready,True,False,Manager approval missing,medium,Block certification release until missing evidence is resolved,2026-06-06
L00161,E00161,cert-enterprise-ai-safety,Certification Ready,True,False,Required module missing,medium,Block certification release until missing evidence is resolved,2026-06-06
L00162,E00162,cert-enterprise-ai-safety,Certification Ready,True,False,Required module missing,medium,Block certification release until missing evidence is resolved,2026-06-06
L00164,E00164,cert-enterprise-ai-safety,Certification Ready,True,False,Required module missing,medium,Block certification release until missing evidence is resolved,2026-06-06
L00168,E00168,cert-enterprise-ai-safety,Certification Ready,True,False,HR eligibility missing; Required module missing; Required lab missing,high,Block certification release until missing evidence is resolved,2026-06-06
L00169,E00169,cert-enterprise-ai-safety,Certification Ready,True,False,Manager approval missing,medium,Block certification release until missing evidence is resolved,2026-06-06
L00173,E00173,cert-enterprise-ai-safety,Certification Ready,True,False,Required lab missing,medium,Block certification release until missing evidence is resolved,2026-06-06
L00175,E00175,cert-enterprise-ai-safety,Certification Ready,True,False,Required lab missing; Assessment below 80; Manager approval missing,high,Block certification release until missing evidence is resolved,2026-06-06
L00177,E00177,cert-enterprise-ai-safety,Certification Ready,True,False,Required lab missing; Assessment below 80,high,Block certification release until missing evidence is resolved,2026-06-06
L00181,E00181,cert-enterprise-ai-safety,Certification Ready,True,False,Required module missing; Required lab missing,high,Block certification release until missing evidence is resolved,2026-06-06
L00183,E00183,cert-enterprise-ai-safety,Certification Ready,True,False,Manager approval missing,medium,Block certification release until missing evidence is resolved,2026-06-06
L00185,E00185,cert-enterprise-ai-safety,Certification Ready,True,False,Required module missing; Required lab missing; Assessment below 80; Manager approval missing,high,Block certification release until missing evidence is resolved,2026-06-06
L00186,E00186,cert-enterprise-ai-safety,Certification Ready,True,False,Required module missing; Required lab missing; Manager approval missing,high,Block certification release until missing evidence is resolved,2026-06-06
L00190,E00190,cert-enterprise-ai-safety,Certification Ready,True,False,Required module missing; Required lab missing; Assessment below 80,high,Block certification release until missing evidence is resolved,2026-06-06
L00191,E00191,cert-enterprise-ai-safety,Certification Ready,True,False,Required lab missing; Manager approval missing,high,Block certification release until missing evidence is resolved,2026-06-06
L00193,E00193,cert-enterprise-ai-safety,Certification Ready,True,False,Required module missing; Required lab missing; Assessment below 80,high,Block certification release until missing evidence is resolved,2026-06-06
L00196,E00196,cert-enterprise-ai-safety,Certification Ready,True,False,Required lab missing,medium,Block certification release until missing evidence is resolved,2026-06-06
L00197,E00197,cert-enterprise-ai-safety,Certification Ready,True,False,Required lab missing; Manager approval missing,high,Block certification release until missing evidence is resolved,2026-06-06
L00206,E00206,cert-enterprise-ai-safety,Certification Ready,True,False,Required lab missing; Assessment below 80,high,Block certification release until missing evidence is resolved,2026-06-06
L00207,E00207,cert-enterprise-ai-safety,Certification Ready,True,False,Required lab missing,medium,Block certification release until missing evidence is resolved,2026-06-06
L00208,E00208,cert-enterprise-ai-safety,Certification Ready,True,False,HR eligibility missing; Required module missing,high,Block certification release until missing evidence is resolved,2026-06-06
L00211,E00211,cert-enterprise-ai-safety,Certification Ready,True,False,Required lab missing; Assessment below 80,high,Block certification release until missing evidence is resolved,2026-06-06
L00212,E00212,cert-enterprise-ai-safety,Certification Ready,True,False,Required lab missing,medium,Block certification release until missing evidence is resolved,2026-06-06
L00214,E00214,cert-enterprise-ai-safety,Certification Ready,True,False,HR eligibility missing; Required lab missing,high,Block certification release until missing evidence is resolved,2026-06-06
L00215,E00215,cert-enterprise-ai-safety,Certification Ready,True,False,Required module missing; Required lab missing,high,Block certification release until missing evidence is resolved,2026-06-06
L00217,E00217,cert-enterprise-ai-safety,Certification Ready,True,False,Required lab missing,medium,Block certification release until missing evidence is resolved,2026-06-06
L00219,E00219,cert-enterprise-ai-safety,Certification Ready,True,False,Required lab missing; Manager approval missing,high,Block certification release until missing evidence is resolved,2026-06-06
L00222,E00222,cert-enterprise-ai-safety,Certification Ready,True,False,Required module missing,medium,Block certification release until missing evidence is resolved,2026-06-06
L00226,E00226,cert-enterprise-ai-safety,Certification Ready,True,False,Required module missing; Required lab missing,high,Block certification release until missing evidence is resolved,2026-06-06
L00229,E00229,cert-enterprise-ai-safety,Certification Ready,True,False,Required module missing; Required lab missing,high,Block certification release until missing evidence is resolved,2026-06-06
L00235,E00235,cert-enterprise-ai-safety,Certification Ready,True,False,Required module missing,medium,Block certification release until missing evidence is resolved,2026-06-06
L00239,E00239,cert-enterprise-ai-safety,Certification Ready,True,False,HR eligibility missing; Required module missing; Required lab missing,high,Block certification release until missing evidence is resolved,2026-06-06
L00241,E00241,cert-enterprise-ai-safety,Certification Ready,True,False,Required module missing,medium,Block certification release until missing evidence is resolved,2026-06-06
L00243,E00243,cert-enterprise-ai-safety,Certification Ready,True,False,HR eligibility missing; Required lab missing,high,Block certification release until missing evidence is resolved,2026-06-06
L00244,E00244,cert-enterprise-ai-safety,Certification Ready,True,False,Required module missing,medium,Block certification release until missing evidence is resolved,2026-06-06
L00246,E00246,cert-enterprise-ai-safety,Certification Ready,True,False,HR eligibility missing; Required module missing,high,Block certification release until missing evidence is resolved,2026-06-06
L00247,E00247,cert-enterprise-ai-safety,Certification Ready,True,False,Required module missing; Required lab missing; Assessment below 80,high,Block certification release until missing evidence is resolved,2026-06-06
L00252,E00252,cert-enterprise-ai-safety,Certification Ready,True,False,Required lab missing,medium,Block certification release until missing evidence is resolved,2026-06-06
L00254,E00254,cert-enterprise-ai-safety,Certification Ready,True,False,HR eligibility missing; Required module missing,high,Block certification release until missing evidence is resolved,2026-06-06
L00257,E00257,cert-enterprise-ai-safety,Certification Ready,True,False,Manager approval missing,medium,Block certification release until missing evidence is resolved,2026-06-06
L00258,E00258,cert-enterprise-ai-safety,Certification Ready,True,False,Required module missing; Required lab missing,high,Block certification release until missing evidence is resolved,2026-06-06
L00272,E00272,cert-enterprise-ai-safety,Certification Ready,True,False,Required module missing; Assessment below 80; Manager approval missing,high,Block certification release until missing evidence is resolved,2026-06-06
L00273,E00273,cert-enterprise-ai-safety,Certification Ready,True,False,Required module missing; Assessment below 80,high,Block certification release until missing evidence is resolved,2026-06-06
L00274,E00274,cert-enterprise-ai-safety,Certification Ready,True,False,Required module missing; Assessment below 80; Manager approval missing,high,Block certification release until missing evidence is resolved,2026-06-06
L00276,E00276,cert-enterprise-ai-safety,Certification Ready,True,False,Required module missing; Manager approval missing,high,Block certification release until missing evidence is resolved,2026-06-06
L00277,E00277,cert-enterprise-ai-safety,Certification Ready,True,False,Required lab missing,medium,Block certification release until missing evidence is resolved,2026-06-06
L00278,E00278,cert-enterprise-ai-safety,Certification Ready,True,False,HR eligibility missing; Assessment below 80; Manager approval missing,high,Block certification release until missing evidence is resolved,2026-06-06
L00282,E00282,cert-enterprise-ai-safety,Certification Ready,True,False,Required lab missing; Manager approval missing,high,Block certification release until missing evidence is resolved,2026-06-06
L00284,E00284,cert-enterprise-ai-safety,Certification Ready,True,False,Required module missing; Required lab missing,high,Block certification release until missing evidence is resolved,2026-06-06
L00285,E00285,cert-enterprise-ai-safety,Certification Ready,True,False,Required lab missing,medium,Block certification release until missing evidence is resolved,2026-06-06
L00286,E00286,cert-enterprise-ai-safety,Certification Ready,True,False,Required lab missing; Assessment below 80,high,Block certification release until missing evidence is resolved,2026-06-06
L00287,E00287,cert-enterprise-ai-safety,Certification Ready,True,False,Required module missing; Required lab missing; Assessment below 80,high,Block certification release until missing evidence is resolved,2026-06-06
L00288,E00288,cert-enterprise-ai-safety,Certification Ready,True,False,Required lab missing,medium,Block certification release until missing evidence is resolved,2026-06-06
L00290,E00290,cert-enterprise-ai-safety,Certification Ready,True,False,Required module missing; Required lab missing,high,Block certification release until missing evidence is resolved,2026-06-06
L00291,E00291,cert-enterprise-ai-safety,Certification Ready,True,False,Required module missing; Required lab missing,high,Block certification release until missing evidence is resolved,2026-06-06
L00293,E00293,cert-enterprise-ai-safety,Certification Ready,True,False,HR eligibility missing; Required module missing; Required lab missing,high,Block certification release until missing evidence is resolved,2026-06-06
L00294,E00294,cert-enterprise-ai-safety,Certification Ready,True,False,Required lab missing; Assessment below 80,high,Block certification release until missing evidence is resolved,2026-06-06
L00295,E00295,cert-enterprise-ai-safety,Certification Ready,True,False,Required module missing; Required lab missing,high,Block certification release until missing evidence is resolved,2026-06-06
L00303,E00303,cert-enterprise-ai-safety,Certification Ready,True,False,Required module missing; Required lab missing,high,Block certification release until missing evidence is resolved,2026-06-06
L00306,E00306,cert-enterprise-ai-safety,Certification Ready,True,False,Required lab missing,medium,Block certification release until missing evidence is resolved,2026-06-06
L00309,E00309,cert-enterprise-ai-safety,Certification Ready,True,False,Required module missing; Required lab missing,high,Block certification release until missing evidence is resolved,2026-06-06
L00311,E00311,cert-enterprise-ai-safety,Certification Ready,True,False,Required lab missing; Assessment below 80,high,Block certification release until missing evidence is resolved,2026-06-06
L00319,E00319,cert-enterprise-ai-safety,Certification Ready,True,False,Required module missing; Required lab missing; Assessment below 80,high,Block certification release until missing evidence is resolved,2026-06-06
L00324,E00324,cert-enterprise-ai-safety,Certification Ready,True,False,Assessment below 80,medium,Block certification release until missing evidence is resolved,2026-06-06
L00325,E00325,cert-enterprise-ai-safety,Certification Ready,True,False,Required module missing; Required lab missing; Manager approval missing,high,Block certification release until missing evidence is resolved,2026-06-06
L00326,E00326,cert-enterprise-ai-safety,Certification Ready,True,False,Required lab missing,medium,Block certification release until missing evidence is resolved,2026-06-06
L00327,E00327,cert-enterprise-ai-safety,Certification Ready,True,False,Required module missing; Manager approval missing,high,Block certification release until missing evidence is resolved,2026-06-06
L00330,E00330,cert-enterprise-ai-safety,Certification Ready,True,False,Required module missing; Manager approval missing,high,Block certification release until missing evidence is resolved,2026-06-06
L00331,E00331,cert-enterprise-ai-safety,Certification Ready,True,False,HR eligibility missing; Required lab missing; Assessment below 80,high,Block certification release until missing evidence is resolved,2026-06-06
L00332,E00332,cert-enterprise-ai-safety,Certification Ready,True,False,Required module missing; Required lab missing,high,Block certification release until missing evidence is resolved,2026-06-06
L00333,E00333,cert-enterprise-ai-safety,Certification Ready,True,False,Required lab missing; Assessment below 80,high,Block certification release until missing evidence is resolved,2026-06-06
L00334,E00334,cert-enterprise-ai-safety,Certification Ready,True,False,Assessment below 80,medium,Block certification release until missing evidence is resolved,2026-06-06
L00335,E00335,cert-enterprise-ai-safety,Certification Ready,True,False,Required lab missing,medium,Block certification release until missing evidence is resolved,2026-06-06
L00337,E00337,cert-enterprise-ai-safety,Certification Ready,True,False,Required lab missing; Assessment below 80,high,Block certification release until missing evidence is resolved,2026-06-06
L00339,E00339,cert-enterprise-ai-safety,Certification Ready,True,False,Required module missing,medium,Block certification release until missing evidence is resolved,2026-06-06
L00342,E00342,cert-enterprise-ai-safety,Certification Ready,True,False,Required lab missing; Manager approval missing,high,Block certification release until missing evidence is resolved,2026-06-06
L00344,E00344,cert-enterprise-ai-safety,Certification Ready,True,False,Required lab missing,medium,Block certification release until missing evidence is resolved,2026-06-06
L00350,E00350,cert-enterprise-ai-safety,Certification Ready,True,False,Required module missing; Required lab missing; Manager approval missing,high,Block certification release until missing evidence is resolved,2026-06-06
L00352,E00352,cert-enterprise-ai-safety,Certification Ready,True,False,Required module missing,medium,Block certification release until missing evidence is resolved,2026-06-06
L00354,E00354,cert-enterprise-ai-safety,Certification Ready,True,False,Required lab missing; Assessment below 80,high,Block certification release until missing evidence is resolved,2026-06-06
L00355,E00355,cert-enterprise-ai-safety,Certification Ready,True,False,Required module missing; Manager approval missing,high,Block certification release until missing evidence is resolved,2026-06-06
L00358,E00358,cert-enterprise-ai-safety,Certification Ready,True,False,HR eligibility missing,medium,Block certification release until missing evidence is resolved,2026-06-06
L00359,E00359,cert-enterprise-ai-safety,Certification Ready,True,False,Required lab missing,medium,Block certification release until missing evidence is resolved,2026-06-06
L00360,E00360,cert-enterprise-ai-safety,Certification Ready,True,False,Manager approval missing,medium,Block certification release until missing evidence is resolved,2026-06-06
L00362,E00362,cert-enterprise-ai-safety,Certification Ready,True,False,Required module missing; Required lab missing; Manager approval missing,high,Block certification release until missing evidence is resolved,2026-06-06
L00365,E00365,cert-enterprise-ai-safety,Certification Ready,True,False,Required module missing,medium,Block certification release until missing evidence is resolved,2026-06-06
L00370,E00370,cert-enterprise-ai-safety,Certification Ready,True,False,Required lab missing,medium,Block certification release until missing evidence is resolved,2026-06-06
L00371,E00371,cert-enterprise-ai-safety,Certification Ready,True,False,Required lab missing,medium,Block certification release until missing evidence is resolved,2026-06-06
L00373,E00373,cert-enterprise-ai-safety,Certification Ready,True,False,Required module missing; Required lab missing; Assessment below 80,high,Block certification release until missing evidence is resolved,2026-06-06
L00374,E00374,cert-enterprise-ai-safety,Certification Ready,True,False,Required module missing; Required lab missing,high,Block certification release until missing evidence is resolved,2026-06-06
L00377,E00377,cert-enterprise-ai-safety,Certification Ready,True,False,HR eligibility missing; Manager approval missing,high,Block certification release until missing evidence is resolved,2026-06-06
L00378,E00378,cert-enterprise-ai-safety,Certification Ready,True,False,Required module missing; Assessment below 80,high,Block certification release until missing evidence is resolved,2026-06-06
L00385,E00385,cert-enterprise-ai-safety,Certification Ready,True,False,Required module missing; Required lab missing,high,Block certification release until missing evidence is resolved,2026-06-06
L00389,E00389,cert-enterprise-ai-safety,Certification Ready,True,False,HR eligibility missing; Required lab missing; Assessment below 80,high,Block certification release until missing evidence is resolved,2026-06-06
L00398,E00398,cert-enterprise-ai-safety,Certification Ready,True,False,Required module missing; Required lab missing; Assessment below 80,high,Block certification release until missing evidence is resolved,2026-06-06
L00399,E00399,cert-enterprise-ai-safety,Certification Ready,True,False,HR eligibility missing; Required module missing; Manager approval missing,high,Block certification release until missing evidence is resolved,2026-06-06
L00400,E00400,cert-enterprise-ai-safety,Certification Ready,True,False,Required module missing; Required lab missing,high,Block certification release until missing evidence is resolved,2026-06-06
L00401,E00401,cert-enterprise-ai-safety,Certification Ready,True,False,Required module missing; Required lab missing; Manager approval missing,high,Block certification release until missing evidence is resolved,2026-06-06
L00408,E00408,cert-enterprise-ai-safety,Certification Ready,True,False,Required module missing; Required lab missing,high,Block certification release until missing evidence is resolved,2026-06-06
L00409,E00409,cert-enterprise-ai-safety,Certification Ready,True,False,Required lab missing,medium,Block certification release until missing evidence is resolved,2026-06-06
L00411,E00411,cert-enterprise-ai-safety,Certification Ready,True,False,Required module missing; Required lab missing,high,Block certification release until missing evidence is resolved,2026-06-06
L00414,E00414,cert-enterprise-ai-safety,Certification Ready,True,False,Manager approval missing,medium,Block certification release until missing evidence is resolved,2026-06-06
L00416,E00416,cert-enterprise-ai-safety,Certification Ready,True,False,Required module missing; Manager approval missing,high,Block certification release until missing evidence is resolved,2026-06-06
L00417,E00417,cert-enterprise-ai-safety,Certification Ready,True,False,HR eligibility missing,medium,Block certification release until missing evidence is resolved,2026-06-06
L00418,E00418,cert-enterprise-ai-safety,Certification Ready,True,False,Required module missing; Required lab missing; Manager approval missing,high,Block certification release until missing evidence is resolved,2026-06-06
L00420,E00420,cert-enterprise-ai-safety,Certification Ready,True,False,Required lab missing,medium,Block certification release until missing evidence is resolved,2026-06-06
L00424,E00424,cert-enterprise-ai-safety,Certification Ready,True,False,HR eligibility missing; Required module missing; Required lab missing,high,Block certification release until missing evidence is resolved,2026-06-06
L00428,E00428,cert-enterprise-ai-safety,Certification Ready,True,False,Required lab missing; Assessment below 80,high,Block certification release until missing evidence is resolved,2026-06-06
L00429,E00429,cert-enterprise-ai-safety,Certification Ready,True,False,Required module missing,medium,Block certification release until missing evidence is resolved,2026-06-06
L00433,E00433,cert-enterprise-ai-safety,Certification Ready,True,False,Required module missing; Required lab missing,high,Block certification release until missing evidence is resolved,2026-06-06
L00434,E00434,cert-enterprise-ai-safety,Certification Ready,True,False,Required lab missing,medium,Block certification release until missing evidence is resolved,2026-06-06
L00436,E00436,cert-enterprise-ai-safety,Certification Ready,True,False,Required module missing,medium,Block certification release until missing evidence is resolved,2026-06-06
L00438,E00438,cert-enterprise-ai-safety,Certification Ready,True,False,Required module missing; Required lab missing,high,Block certification release until missing evidence is resolved,2026-06-06
L00439,E00439,cert-enterprise-ai-safety,Certification Ready,True,False,Required module missing,medium,Block certification release until missing evidence is resolved,2026-06-06
L00445,E00445,cert-enterprise-ai-safety,Certification Ready,True,False,Required lab missing; Manager approval missing,high,Block certification release until missing evidence is resolved,2026-06-06
L00449,E00449,cert-enterprise-ai-safety,Certification Ready,True,False,Manager approval missing,medium,Block certification release until missing evidence is resolved,2026-06-06
L00450,E00450,cert-enterprise-ai-safety,Certification Ready,True,False,Required module missing,medium,Block certification release until missing evidence is resolved,2026-06-06
L00451,E00451,cert-enterprise-ai-safety,Certification Ready,True,False,Required lab missing,medium,Block certification release until missing evidence is resolved,2026-06-06
L00452,E00452,cert-enterprise-ai-safety,Certification Ready,True,False,HR eligibility missing; Required module missing; Required lab missing,high,Block certification release until missing evidence is resolved,2026-06-06
L00454,E00454,cert-enterprise-ai-safety,Certification Ready,True,False,Manager approval missing,medium,Block certification release until missing evidence is resolved,2026-06-06
L00455,E00455,cert-enterprise-ai-safety,Certification Ready,True,False,Required lab missing; Manager approval missing,high,Block certification release until missing evidence is resolved,2026-06-06
L00458,E00458,cert-enterprise-ai-safety,Certification Ready,True,False,Required module missing; Required lab missing,high,Block certification release until missing evidence is resolved,2026-06-06
L00460,E00460,cert-enterprise-ai-safety,Certification Ready,True,False,Required module missing; Required lab missing,high,Block certification release until missing evidence is resolved,2026-06-06
L00463,E00463,cert-enterprise-ai-safety,Certification Ready,True,False,Required module missing,medium,Block certification release until missing evidence is resolved,2026-06-06
L00464,E00464,cert-enterprise-ai-safety,Certification Ready,True,False,Required module missing,medium,Block certification release until missing evidence is resolved,2026-06-06
L00469,E00469,cert-enterprise-ai-safety,Certification Ready,True,False,Required lab missing; Manager approval missing,high,Block certification release until missing evidence is resolved,2026-06-06
L00470,E00470,cert-enterprise-ai-safety,Certification Ready,True,False,Required module missing; Required lab missing,high,Block certification release until missing evidence is resolved,2026-06-06
L00473,E00473,cert-enterprise-ai-safety,Certification Ready,True,False,HR eligibility missing; Required module missing; Required lab missing,high,Block certification release until missing evidence is resolved,2026-06-06
L00474,E00474,cert-enterprise-ai-safety,Certification Ready,True,False,Required lab missing; Manager approval missing,high,Block certification release until missing evidence is resolved,2026-06-06
L00475,E00475,cert-enterprise-ai-safety,Certification Ready,True,False,Required module missing; Required lab missing,high,Block certification release until missing evidence is resolved,2026-06-06
L00478,E00478,cert-enterprise-ai-safety,Certification Ready,True,False,Required module missing; Required lab missing; Manager approval missing,high,Block certification release until missing evidence is resolved,2026-06-06
L00480,E00480,cert-enterprise-ai-safety,Certification Ready,True,False,Manager approval missing,medium,Block certification release until missing evidence is resolved,2026-06-06
L00481,E00481,cert-enterprise-ai-safety,Certification Ready,True,False,Required module missing; Required lab missing,high,Block certification release until missing evidence is resolved,2026-06-06
L00483,E00483,cert-enterprise-ai-safety,Certification Ready,True,False,Manager approval missing,medium,Block certification release until missing evidence is resolved,2026-06-06
L00484,E00484,cert-enterprise-ai-safety,Certification Ready,True,False,Required lab missing,medium,Block certification release until missing evidence is resolved,2026-06-06
L00490,E00490,cert-enterprise-ai-safety,Certification Ready,True,False,Required module missing; Required lab missing,high,Block certification release until missing evidence is resolved,2026-06-06
L00491,E00491,cert-enterprise-ai-safety,Certification Ready,True,False,HR eligibility missing; Required module missing,high,Block certification release until missing evidence is resolved,2026-06-06
L00503,E00503,cert-enterprise-ai-safety,Certification Ready,True,False,Required module missing; Required lab missing; Assessment below 80,high,Block certification release until missing evidence is resolved,2026-06-06
L00507,E00507,cert-enterprise-ai-safety,Certification Ready,True,False,Required lab missing,medium,Block certification release until missing evidence is resolved,2026-06-06
L00509,E00509,cert-enterprise-ai-safety,Certification Ready,True,False,HR eligibility missing,medium,Block certification release until missing evidence is resolved,2026-06-06
L00512,E00512,cert-enterprise-ai-safety,Certification Ready,True,False,Required module missing; Required lab missing,high,Block certification release until missing evidence is resolved,2026-06-06
L00514,E00514,cert-enterprise-ai-safety,Certification Ready,True,False,Required module missing; Required lab missing,high,Block certification release until missing evidence is resolved,2026-06-06
L00515,E00515,cert-enterprise-ai-safety,Certification Ready,True,False,Required lab missing; Manager approval missing,high,Block certification release until missing evidence is resolved,2026-06-06
L00520,E00520,cert-enterprise-ai-safety,Certification Ready,True,False,Required module missing,medium,Block certification release until missing evidence is resolved,2026-06-06
L00521,E00521,cert-enterprise-ai-safety,Certification Ready,True,False,HR eligibility missing; Required module missing; Required lab missing; Manager approval missing,high,Block certification release until missing evidence is resolved,2026-06-06
L00522,E00522,cert-enterprise-ai-safety,Certification Ready,True,False,Required module missing; Required lab missing,high,Block certification release until missing evidence is resolved,2026-06-06
L00524,E00524,cert-enterprise-ai-safety,Certification Ready,True,False,Required module missing; Required lab missing,high,Block certification release until missing evidence is resolved,2026-06-06
L00525,E00525,cert-enterprise-ai-safety,Certification Ready,True,False,HR eligibility missing; Required module missing; Required lab missing,high,Block certification release until missing evidence is resolved,2026-06-06
L00526,E00526,cert-enterprise-ai-safety,Certification Ready,True,False,Required lab missing,medium,Block certification release until missing evidence is resolved,2026-06-06
L00528,E00528,cert-enterprise-ai-safety,Certification Ready,True,False,Assessment below 80,medium,Block certification release until missing evidence is resolved,2026-06-06
L00529,E00529,cert-enterprise-ai-safety,Certification Ready,True,False,Required lab missing,medium,Block certification release until missing evidence is resolved,2026-06-06
L00531,E00531,cert-enterprise-ai-safety,Certification Ready,True,False,Required module missing; Required lab missing,high,Block certification release until missing evidence is resolved,2026-06-06
L00533,E00533,cert-enterprise-ai-safety,Certification Ready,True,False,Required lab missing,medium,Block certification release until missing evidence is resolved,2026-06-06
L00535,E00535,cert-enterprise-ai-safety,Certification Ready,True,False,Manager approval missing,medium,Block certification release until missing evidence is resolved,2026-06-06
L00544,E00544,cert-enterprise-ai-safety,Certification Ready,True,False,Required module missing; Required lab missing,high,Block certification release until missing evidence is resolved,2026-06-06
L00550,E00550,cert-enterprise-ai-safety,Certification Ready,True,False,Required lab missing,medium,Block certification release until missing evidence is resolved,2026-06-06
L00560,E00560,cert-enterprise-ai-safety,Certification Ready,True,False,HR eligibility missing,medium,Block certification release until missing evidence is resolved,2026-06-06
L00565,E00565,cert-enterprise-ai-safety,Certification Ready,True,False,HR eligibility missing; Required lab missing,high,Block certification release until missing evidence is resolved,2026-06-06
L00573,E00573,cert-enterprise-ai-safety,Certification Ready,True,False,Required module missing,medium,Block certification release until missing evidence is resolved,2026-06-06
L00574,E00574,cert-enterprise-ai-safety,Certification Ready,True,False,HR eligibility missing; Required lab missing,high,Block certification release until missing evidence is resolved,2026-06-06
L00575,E00575,cert-enterprise-ai-safety,Certification Ready,True,False,Required module missing; Manager approval missing,high,Block certification release until missing evidence is resolved,2026-06-06
L00577,E00577,cert-enterprise-ai-safety,Certification Ready,True,False,Required module missing; Required lab missing; Manager approval missing,high,Block certification release until missing evidence is resolved,2026-06-06
L00584,E00584,cert-enterprise-ai-safety,Certification Ready,True,False,Required lab missing,medium,Block certification release until missing evidence is resolved,2026-06-06
L00585,E00585,cert-enterprise-ai-safety,Certification Ready,True,False,Required module missing; Required lab missing; Manager approval missing,high,Block certification release until missing evidence is resolved,2026-06-06
L00588,E00588,cert-enterprise-ai-safety,Certification Ready,True,False,Required module missing; Required lab missing; Assessment below 80,high,Block certification release until missing evidence is resolved,2026-06-06
L00590,E00590,cert-enterprise-ai-safety,Certification Ready,True,False,HR eligibility missing,medium,Block certification release until missing evidence is resolved,2026-06-06
L00592,E00592,cert-enterprise-ai-safety,Certification Ready,True,False,Required module missing,medium,Block certification release until missing evidence is resolved,2026-06-06
L00596,E00596,cert-enterprise-ai-safety,Certification Ready,True,False,Required module missing; Required lab missing,high,Block certification release until missing evidence is resolved,2026-06-06
L00600,E00600,cert-enterprise-ai-safety,Certification Ready,True,False,Required module missing,medium,Block certification release until missing evidence is resolved,2026-06-06
L00601,E00601,cert-enterprise-ai-safety,Certification Ready,True,False,Manager approval missing,medium,Block certification release until missing evidence is resolved,2026-06-06
L00602,E00602,cert-enterprise-ai-safety,Certification Ready,True,False,Required module missing; Required lab missing; Assessment below 80,high,Block certification release until missing evidence is resolved,2026-06-06
L00604,E00604,cert-enterprise-ai-safety,Certification Ready,True,False,Required module missing; Required lab missing,high,Block certification release until missing evidence is resolved,2026-06-06
L00605,E00605,cert-enterprise-ai-safety,Certification Ready,True,False,Required lab missing,medium,Block certification release until missing evidence is resolved,2026-06-06
L00611,E00611,cert-enterprise-ai-safety,Certification Ready,True,False,Required module missing,medium,Block certification release until missing evidence is resolved,2026-06-06
L00613,E00613,cert-enterprise-ai-safety,Certification Ready,True,False,Required lab missing; Manager approval missing,high,Block certification release until missing evidence is resolved,2026-06-06
L00615,E00615,cert-enterprise-ai-safety,Certification Ready,True,False,Required module missing; Required lab missing,high,Block certification release until missing evidence is resolved,2026-06-06
L00617,E00617,cert-enterprise-ai-safety,Certification Ready,True,False,Required lab missing,medium,Block certification release until missing evidence is resolved,2026-06-06
L00619,E00619,cert-enterprise-ai-safety,Certification Ready,True,False,Required lab missing,medium,Block certification release until missing evidence is resolved,2026-06-06
L00625,E00625,cert-enterprise-ai-safety,Certification Ready,True,False,HR eligibility missing; Required module missing; Required lab missing,high,Block certification release until missing evidence is resolved,2026-06-06
L00626,E00626,cert-enterprise-ai-safety,Certification Ready,True,False,HR eligibility missing; Required module missing; Required lab missing,high,Block certification release until missing evidence is resolved,2026-06-06
L00629,E00629,cert-enterprise-ai-safety,Certification Ready,True,False,Required module missing,medium,Block certification release until missing evidence is resolved,2026-06-06
L00631,E00631,cert-enterprise-ai-safety,Certification Ready,True,False,HR eligibility missing; Required lab missing,high,Block certification release until missing evidence is resolved,2026-06-06
L00632,E00632,cert-enterprise-ai-safety,Certification Ready,True,False,Required module missing; Required lab missing; Manager approval missing,high,Block certification release until missing evidence is resolved,2026-06-06
L00635,E00635,cert-enterprise-ai-safety,Certification Ready,True,False,Required module missing; Required lab missing; Manager approval missing,high,Block certification release until missing evidence is resolved,2026-06-06
L00637,E00637,cert-enterprise-ai-safety,Certification Ready,True,False,HR eligibility missing; Required module missing; Required lab missing,high,Block certification release until missing evidence is resolved,2026-06-06
L00642,E00642,cert-enterprise-ai-safety,Certification Ready,True,False,Required lab missing,medium,Block certification release until missing evidence is resolved,2026-06-06
L00646,E00646,cert-enterprise-ai-safety,Certification Ready,True,False,Required lab missing; Manager approval missing,high,Block certification release until missing evidence is resolved,2026-06-06
L00647,E00647,cert-enterprise-ai-safety,Certification Ready,True,False,Required lab missing,medium,Block certification release until missing evidence is resolved,2026-06-06
L00648,E00648,cert-enterprise-ai-safety,Certification Ready,True,False,Assessment below 80; Manager approval missing,high,Block certification release until missing evidence is resolved,2026-06-06
L00650,E00650,cert-enterprise-ai-safety,Certification Ready,True,False,HR eligibility missing,medium,Block certification release until missing evidence is resolved,2026-06-06
L00651,E00651,cert-enterprise-ai-safety,Certification Ready,True,False,Required lab missing; Assessment below 80; Manager approval missing,high,Block certification release until missing evidence is resolved,2026-06-06
L00652,E00652,cert-enterprise-ai-safety,Certification Ready,True,False,Required lab missing,medium,Block certification release until missing evidence is resolved,2026-06-06
L00653,E00653,cert-enterprise-ai-safety,Certification Ready,True,False,Required module missing; Required lab missing,high,Block certification release until missing evidence is resolved,2026-06-06
L00656,E00656,cert-enterprise-ai-safety,Certification Ready,True,False,Required module missing; Required lab missing,high,Block certification release until missing evidence is resolved,2026-06-06
L00659,E00659,cert-enterprise-ai-safety,Certification Ready,True,False,Required module missing,medium,Block certification release until missing evidence is resolved,2026-06-06
L00661,E00661,cert-enterprise-ai-safety,Certification Ready,True,False,Required lab missing,medium,Block certification release until missing evidence is resolved,2026-06-06
L00662,E00662,cert-enterprise-ai-safety,Certification Ready,True,False,HR eligibility missing; Required lab missing; Assessment below 80,high,Block certification release until missing evidence is resolved,2026-06-06
L00664,E00664,cert-enterprise-ai-safety,Certification Ready,True,False,HR eligibility missing; Required module missing; Required lab missing,high,Block certification release until missing evidence is resolved,2026-06-06
L00665,E00665,cert-enterprise-ai-safety,Certification Ready,True,False,Required lab missing,medium,Block certification release until missing evidence is resolved,2026-06-06
L00669,E00669,cert-enterprise-ai-safety,Certification Ready,True,False,Required module missing; Assessment below 80,high,Block certification release until missing evidence is resolved,2026-06-06
L00672,E00672,cert-enterprise-ai-safety,Certification Ready,True,False,Required module missing; Manager approval missing,high,Block certification release until missing evidence is resolved,2026-06-06
L00674,E00674,cert-enterprise-ai-safety,Certification Ready,True,False,Required lab missing,medium,Block certification release until missing evidence is resolved,2026-06-06
L00676,E00676,cert-enterprise-ai-safety,Certification Ready,True,False,Required lab missing,medium,Block certification release until missing evidence is resolved,2026-06-06
L00680,E00680,cert-enterprise-ai-safety,Certification Ready,True,False,Assessment below 80,medium,Block certification release until missing evidence is resolved,2026-06-06
L00683,E00683,cert-enterprise-ai-safety,Certification Ready,True,False,Required lab missing,medium,Block certification release until missing evidence is resolved,2026-06-06
L00685,E00685,cert-enterprise-ai-safety,Certification Ready,True,False,HR eligibility missing; Required lab missing,high,Block certification release until missing evidence is resolved,2026-06-06
L00695,E00695,cert-enterprise-ai-safety,Certification Ready,True,False,Required module missing; Required lab missing; Manager approval missing,high,Block certification release until missing evidence is resolved,2026-06-06
L00696,E00696,cert-enterprise-ai-safety,Certification Ready,True,False,Required lab missing; Manager approval missing,high,Block certification release until missing evidence is resolved,2026-06-06
L00700,E00700,cert-enterprise-ai-safety,Certification Ready,True,False,Required module missing; Required lab missing,high,Block certification release until missing evidence is resolved,2026-06-06
L00702,E00702,cert-enterprise-ai-safety,Certification Ready,True,False,Required lab missing; Assessment below 80,high,Block certification release until missing evidence is resolved,2026-06-06
L00705,E00705,cert-enterprise-ai-safety,Certification Ready,True,False,Required module missing; Required lab missing,high,Block certification release until missing evidence is resolved,2026-06-06
L00707,E00707,cert-enterprise-ai-safety,Certification Ready,True,False,Required module missing,medium,Block certification release until missing evidence is resolved,2026-06-06
L00708,E00708,cert-enterprise-ai-safety,Certification Ready,True,False,HR eligibility missing; Required module missing; Required lab missing; Manager approval missing,high,Block certification release until missing evidence is resolved,2026-06-06
L00709,E00709,cert-enterprise-ai-safety,Certification Ready,True,False,Required module missing; Assessment below 80,high,Block certification release until missing evidence is resolved,2026-06-06
L00710,E00710,cert-enterprise-ai-safety,Certification Ready,True,False,Required lab missing; Manager approval missing,high,Block certification release until missing evidence is resolved,2026-06-06
L00711,E00711,cert-enterprise-ai-safety,Certification Ready,True,False,HR eligibility missing; Required module missing; Required lab missing,high,Block certification release until missing evidence is resolved,2026-06-06
L00714,E00714,cert-enterprise-ai-safety,Certification Ready,True,False,Required lab missing; Manager approval missing,high,Block certification release until missing evidence is resolved,2026-06-06
L00715,E00715,cert-enterprise-ai-safety,Certification Ready,True,False,Required module missing; Required lab missing; Assessment below 80; Manager approval missing,high,Block certification release until missing evidence is resolved,2026-06-06
L00716,E00716,cert-enterprise-ai-safety,Certification Ready,True,False,Required module missing,medium,Block certification release until missing evidence is resolved,2026-06-06
L00717,E00717,cert-enterprise-ai-safety,Certification Ready,True,False,Required lab missing; Assessment below 80,high,Block certification release until missing evidence is resolved,2026-06-06
L00720,E00720,cert-enterprise-ai-safety,Certification Ready,True,False,Required module missing; Required lab missing,high,Block certification release until missing evidence is resolved,2026-06-06
L00722,E00722,cert-enterprise-ai-safety,Certification Ready,True,False,Required module missing; Required lab missing,high,Block certification release until missing evidence is resolved,2026-06-06
L00726,E00726,cert-enterprise-ai-safety,Certification Ready,True,False,Required module missing; Required lab missing; Manager approval missing,high,Block certification release until missing evidence is resolved,2026-06-06
L00729,E00729,cert-enterprise-ai-safety,Certification Ready,True,False,HR eligibility missing; Required module missing; Assessment below 80,high,Block certification release until missing evidence is resolved,2026-06-06
L00731,E00731,cert-enterprise-ai-safety,Certification Ready,True,False,Required lab missing,medium,Block certification release until missing evidence is resolved,2026-06-06
L00737,E00737,cert-enterprise-ai-safety,Certification Ready,True,False,Required lab missing,medium,Block certification release until missing evidence is resolved,2026-06-06
L00738,E00738,cert-enterprise-ai-safety,Certification Ready,True,False,Required module missing; Required lab missing,high,Block certification release until missing evidence is resolved,2026-06-06
L00740,E00740,cert-enterprise-ai-safety,Certification Ready,True,False,Required lab missing; Assessment below 80,high,Block certification release until missing evidence is resolved,2026-06-06
L00741,E00741,cert-enterprise-ai-safety,Certification Ready,True,False,Required module missing,medium,Block certification release until missing evidence is resolved,2026-06-06
L00744,E00744,cert-enterprise-ai-safety,Certification Ready,True,False,HR eligibility missing; Required lab missing; Assessment below 80,high,Block certification release until missing evidence is resolved,2026-06-06
L00745,E00745,cert-enterprise-ai-safety,Certification Ready,True,False,Required module missing,medium,Block certification release until missing evidence is resolved,2026-06-06
L00746,E00746,cert-enterprise-ai-safety,Certification Ready,True,False,HR eligibility missing; Required module missing; Manager approval missing,high,Block certification release until missing evidence is resolved,2026-06-06
L00747,E00747,cert-enterprise-ai-safety,Certification Ready,True,False,Required lab missing,medium,Block certification release until missing evidence is resolved,2026-06-06
L00749,E00749,cert-enterprise-ai-safety,Certification Ready,True,False,Assessment below 80,medium,Block certification release until missing evidence is resolved,2026-06-06
L00752,E00752,cert-enterprise-ai-safety,Certification Ready,True,False,Assessment below 80; Manager approval missing,high,Block certification release until missing evidence is resolved,2026-06-06
L00754,E00754,cert-enterprise-ai-safety,Certification Ready,True,False,Required lab missing,medium,Block certification release until missing evidence is resolved,2026-06-06
L00756,E00756,cert-enterprise-ai-safety,Certification Ready,True,False,HR eligibility missing; Required lab missing; Assessment below 80,high,Block certification release until missing evidence is resolved,2026-06-06
L00757,E00757,cert-enterprise-ai-safety,Certification Ready,True,False,HR eligibility missing; Required lab missing; Manager approval missing,high,Block certification release until missing evidence is resolved,2026-06-06
L00759,E00759,cert-enterprise-ai-safety,Certification Ready,True,False,Required module missing; Required lab missing,high,Block certification release until missing evidence is resolved,2026-06-06
L00761,E00761,cert-enterprise-ai-safety,Certification Ready,True,False,HR eligibility missing; Required module missing; Manager approval missing,high,Block certification release until missing evidence is resolved,2026-06-06
L00762,E00762,cert-enterprise-ai-safety,Certification Ready,True,False,Required module missing; Required lab missing,high,Block certification release until missing evidence is resolved,2026-06-06
L00763,E00763,cert-enterprise-ai-safety,Certification Ready,True,False,Required module missing; Required lab missing,high,Block certification release until missing evidence is resolved,2026-06-06
L00766,E00766,cert-enterprise-ai-safety,Certification Ready,True,False,Required module missing; Required lab missing; Manager approval missing,high,Block certification release until missing evidence is resolved,2026-06-06
L00776,E00776,cert-enterprise-ai-safety,Certification Ready,True,False,Required module missing; Required lab missing,high,Block certification release until missing evidence is resolved,2026-06-06
L00779,E00779,cert-enterprise-ai-safety,Certification Ready,True,False,HR eligibility missing,medium,Block certification release until missing evidence is resolved,2026-06-06
L00783,E00783,cert-enterprise-ai-safety,Certification Ready,True,False,Required module missing,medium,Block certification release until missing evidence is resolved,2026-06-06
L00784,E00784,cert-enterprise-ai-safety,Certification Ready,True,False,Required module missing,medium,Block certification release until missing evidence is resolved,2026-06-06
L00785,E00785,cert-enterprise-ai-safety,Certification Ready,True,False,Required lab missing,medium,Block certification release until missing evidence is resolved,2026-06-06
L00787,E00787,cert-enterprise-ai-safety,Certification Ready,True,False,HR eligibility missing,medium,Block certification release until missing evidence is resolved,2026-06-06
L00790,E00790,cert-enterprise-ai-safety,Certification Ready,True,False,Required lab missing; Manager approval missing,high,Block certification release until missing evidence is resolved,2026-06-06
L00792,E00792,cert-enterprise-ai-safety,Certification Ready,True,False,HR eligibility missing,medium,Block certification release until missing evidence is resolved,2026-06-06
L00796,E00796,cert-enterprise-ai-safety,Certification Ready,True,False,Assessment below 80,medium,Block certification release until missing evidence is resolved,2026-06-06
L00798,E00798,cert-enterprise-ai-safety,Certification Ready,True,False,Required lab missing; Assessment below 80,high,Block certification release until missing evidence is resolved,2026-06-06
L00799,E00799,cert-enterprise-ai-safety,Certification Ready,True,False,HR eligibility missing,medium,Block certification release until missing evidence is resolved,2026-06-06
L00802,E00802,cert-enterprise-ai-safety,Certification Ready,True,False,HR eligibility missing; Required lab missing,high,Block certification release until missing evidence is resolved,2026-06-06
L00803,E00803,cert-enterprise-ai-safety,Certification Ready,True,False,Required module missing; Required lab missing; Assessment below 80,high,Block certification release until missing evidence is resolved,2026-06-06
L00805,E00805,cert-enterprise-ai-safety,Certification Ready,True,False,Required module missing,medium,Block certification release until missing evidence is resolved,2026-06-06
L00810,E00810,cert-enterprise-ai-safety,Certification Ready,True,False,Required lab missing,medium,Block certification release until missing evidence is resolved,2026-06-06
L00811,E00811,cert-enterprise-ai-safety,Certification Ready,True,False,Required lab missing; Assessment below 80,high,Block certification release until missing evidence is resolved,2026-06-06
L00812,E00812,cert-enterprise-ai-safety,Certification Ready,True,False,Required lab missing; Manager approval missing,high,Block certification release until missing evidence is resolved,2026-06-06
L00813,E00813,cert-enterprise-ai-safety,Certification Ready,True,False,Required module missing; Required lab missing; Assessment below 80,high,Block certification release until missing evidence is resolved,2026-06-06
L00815,E00815,cert-enterprise-ai-safety,Certification Ready,True,False,Required module missing,medium,Block certification release until missing evidence is resolved,2026-06-06
L00817,E00817,cert-enterprise-ai-safety,Certification Ready,True,False,Manager approval missing,medium,Block certification release until missing evidence is resolved,2026-06-06
L00819,E00819,cert-enterprise-ai-safety,Certification Ready,True,False,Required lab missing,medium,Block certification release until missing evidence is resolved,2026-06-06
L00821,E00821,cert-enterprise-ai-safety,Certification Ready,True,False,Manager approval missing,medium,Block certification release until missing evidence is resolved,2026-06-06
L00822,E00822,cert-enterprise-ai-safety,Certification Ready,True,False,Required module missing,medium,Block certification release until missing evidence is resolved,2026-06-06
L00825,E00825,cert-enterprise-ai-safety,Certification Ready,True,False,Required module missing; Assessment below 80,high,Block certification release until missing evidence is resolved,2026-06-06
L00826,E00826,cert-enterprise-ai-safety,Certification Ready,True,False,Required module missing; Required lab missing; Manager approval missing,high,Block certification release until missing evidence is resolved,2026-06-06
L00827,E00827,cert-enterprise-ai-safety,Certification Ready,True,False,HR eligibility missing; Required lab missing,high,Block certification release until missing evidence is resolved,2026-06-06
L00828,E00828,cert-enterprise-ai-safety,Certification Ready,True,False,Required module missing; Required lab missing,high,Block certification release until missing evidence is resolved,2026-06-06
L00830,E00830,cert-enterprise-ai-safety,Certification Ready,True,False,Required module missing; Required lab missing,high,Block certification release until missing evidence is resolved,2026-06-06
L00831,E00831,cert-enterprise-ai-safety,Certification Ready,True,False,Required module missing; Required lab missing,high,Block certification release until missing evidence is resolved,2026-06-06
L00832,E00832,cert-enterprise-ai-safety,Certification Ready,True,False,HR eligibility missing; Required module missing; Required lab missing; Manager approval missing,high,Block certification release until missing evidence is resolved,2026-06-06
L00833,E00833,cert-enterprise-ai-safety,Certification Ready,True,False,Required module missing; Required lab missing; Assessment below 80; Manager approval missing,high,Block certification release until missing evidence is resolved,2026-06-06
L00834,E00834,cert-enterprise-ai-safety,Certification Ready,True,False,Required lab missing; Manager approval missing,high,Block certification release until missing evidence is resolved,2026-06-06
L00835,E00835,cert-enterprise-ai-safety,Certification Ready,True,False,Required module missing; Required lab missing; Assessment below 80; Manager approval missing,high,Block certification release until missing evidence is resolved,2026-06-06
L00836,E00836,cert-enterprise-ai-safety,Certification Ready,True,False,Required module missing; Assessment below 80,high,Block certification release until missing evidence is resolved,2026-06-06
L00837,E00837,cert-enterprise-ai-safety,Certification Ready,True,False,Manager approval missing,medium,Block certification release until missing evidence is resolved,2026-06-06
L00838,E00838,cert-enterprise-ai-safety,Certification Ready,True,False,Required lab missing; Manager approval missing,high,Block certification release until missing evidence is resolved,2026-06-06
L00840,E00840,cert-enterprise-ai-safety,Certification Ready,True,False,HR eligibility missing; Required module missing,high,Block certification release until missing evidence is resolved,2026-06-06
L00841,E00841,cert-enterprise-ai-safety,Certification Ready,True,False,Assessment below 80,medium,Block certification release until missing evidence is resolved,2026-06-06
L00848,E00848,cert-enterprise-ai-safety,Certification Ready,True,False,Required lab missing; Assessment below 80,high,Block certification release until missing evidence is resolved,2026-06-06
L00849,E00849,cert-enterprise-ai-safety,Certification Ready,True,False,Required lab missing; Assessment below 80,high,Block certification release until missing evidence is resolved,2026-06-06
L00850,E00850,cert-enterprise-ai-safety,Certification Ready,True,False,Assessment below 80,medium,Block certification release until missing evidence is resolved,2026-06-06
L00851,E00851,cert-enterprise-ai-safety,Certification Ready,True,False,HR eligibility missing; Manager approval missing,high,Block certification release until missing evidence is resolved,2026-06-06
L00852,E00852,cert-enterprise-ai-safety,Certification Ready,True,False,Required lab missing; Manager approval missing,high,Block certification release until missing evidence is resolved,2026-06-06
L00853,E00853,cert-enterprise-ai-safety,Certification Ready,True,False,Required module missing,medium,Block certification release until missing evidence is resolved,2026-06-06
L00855,E00855,cert-enterprise-ai-safety,Certification Ready,True,False,Required lab missing,medium,Block certification release until missing evidence is resolved,2026-06-06
L00860,E00860,cert-enterprise-ai-safety,Certification Ready,True,False,HR eligibility missing; Required lab missing,high,Block certification release until missing evidence is resolved,2026-06-06
L00862,E00862,cert-enterprise-ai-safety,Certification Ready,True,False,Required module missing,medium,Block certification release until missing evidence is resolved,2026-06-06
L00863,E00863,cert-enterprise-ai-safety,Certification Ready,True,False,Assessment below 80,medium,Block certification release until missing evidence is resolved,2026-06-06
L00864,E00864,cert-enterprise-ai-safety,Certification Ready,True,False,Required module missing; Required lab missing; Assessment below 80,high,Block certification release until missing evidence is resolved,2026-06-06
L00865,E00865,cert-enterprise-ai-safety,Certification Ready,True,False,Manager approval missing,medium,Block certification release until missing evidence is resolved,2026-06-06
L00866,E00866,cert-enterprise-ai-safety,Certification Ready,True,False,HR eligibility missing; Required module missing; Required lab missing; Assessment below 80; Manager approval missing,high,Block certification release until missing evidence is resolved,2026-06-06
L00867,E00867,cert-enterprise-ai-safety,Certification Ready,True,False,Assessment below 80,medium,Block certification release until missing evidence is resolved,2026-06-06
L00868,E00868,cert-enterprise-ai-safety,Certification Ready,True,False,Required module missing; Required lab missing; Manager approval missing,high,Block certification release until missing evidence is resolved,2026-06-06
L00869,E00869,cert-enterprise-ai-safety,Certification Ready,True,False,HR eligibility missing; Required module missing; Assessment below 80; Manager approval missing,high,Block certification release until missing evidence is resolved,2026-06-06
L00872,E00872,cert-enterprise-ai-safety,Certification Ready,True,False,Required lab missing; Manager approval missing,high,Block certification release until missing evidence is resolved,2026-06-06
L00873,E00873,cert-enterprise-ai-safety,Certification Ready,True,False,HR eligibility missing; Required module missing; Required lab missing,high,Block certification release until missing evidence is resolved,2026-06-06
L00882,E00882,cert-enterprise-ai-safety,Certification Ready,True,False,HR eligibility missing; Manager approval missing,high,Block certification release until missing evidence is resolved,2026-06-06
L00883,E00883,cert-enterprise-ai-safety,Certification Ready,True,False,Required module missing; Required lab missing,high,Block certification release until missing evidence is resolved,2026-06-06
L00884,E00884,cert-enterprise-ai-safety,Certification Ready,True,False,Required module missing,medium,Block certification release until missing evidence is resolved,2026-06-06
L00892,E00892,cert-enterprise-ai-safety,Certification Ready,True,False,HR eligibility missing; Required module missing; Required lab missing,high,Block certification release until missing evidence is resolved,2026-06-06
L00893,E00893,cert-enterprise-ai-safety,Certification Ready,True,False,Required module missing; Required lab missing,high,Block certification release until missing evidence is resolved,2026-06-06
L00897,E00897,cert-enterprise-ai-safety,Certification Ready,True,False,Required module missing; Required lab missing,high,Block certification release until missing evidence is resolved,2026-06-06
L00899,E00899,cert-enterprise-ai-safety,Certification Ready,True,False,Required lab missing; Manager approval missing,high,Block certification release until missing evidence is resolved,2026-06-06
L00901,E00901,cert-enterprise-ai-safety,Certification Ready,True,False,Assessment below 80,medium,Block certification release until missing evidence is resolved,2026-06-06
L00904,E00904,cert-enterprise-ai-safety,Certification Ready,True,False,Required lab missing,medium,Block certification release until missing evidence is resolved,2026-06-06
L00908,E00908,cert-enterprise-ai-safety,Certification Ready,True,False,Required lab missing; Manager approval missing,high,Block certification release until missing evidence is resolved,2026-06-06
L00911,E00911,cert-enterprise-ai-safety,Certification Ready,True,False,Required module missing; Required lab missing,high,Block certification release until missing evidence is resolved,2026-06-06
L00913,E00913,cert-enterprise-ai-safety,Certification Ready,True,False,Required module missing; Required lab missing,high,Block certification release until missing evidence is resolved,2026-06-06
L00914,E00914,cert-enterprise-ai-safety,Certification Ready,True,False,Required lab missing,medium,Block certification release until missing evidence is resolved,2026-06-06
L00918,E00918,cert-enterprise-ai-safety,Certification Ready,True,False,HR eligibility missing; Required lab missing; Assessment below 80,high,Block certification release until missing evidence is resolved,2026-06-06
L00920,E00920,cert-enterprise-ai-safety,Certification Ready,True,False,HR eligibility missing; Required lab missing; Assessment below 80; Manager approval missing,high,Block certification release until missing evidence is resolved,2026-06-06
L00923,E00923,cert-enterprise-ai-safety,Certification Ready,True,False,HR eligibility missing; Required module missing; Required lab missing,high,Block certification release until missing evidence is resolved,2026-06-06
L00926,E00926,cert-enterprise-ai-safety,Certification Ready,True,False,HR eligibility missing; Required module missing,high,Block certification release until missing evidence is resolved,2026-06-06
L00927,E00927,cert-enterprise-ai-safety,Certification Ready,True,False,Required lab missing; Manager approval missing,high,Block certification release until missing evidence is resolved,2026-06-06
L00929,E00929,cert-enterprise-ai-safety,Certification Ready,True,False,Assessment below 80,medium,Block certification release until missing evidence is resolved,2026-06-06
L00931,E00931,cert-enterprise-ai-safety,Certification Ready,True,False,HR eligibility missing; Required module missing; Manager approval missing,high,Block certification release until missing evidence is resolved,2026-06-06
L00933,E00933,cert-enterprise-ai-safety,Certification Ready,True,False,Required lab missing; Manager approval missing,high,Block certification release until missing evidence is resolved,2026-06-06
L00936,E00936,cert-enterprise-ai-safety,Certification Ready,True,False,Required lab missing,medium,Block certification release until missing evidence is resolved,2026-06-06
L00937,E00937,cert-enterprise-ai-safety,Certification Ready,True,False,Required lab missing; Manager approval missing,high,Block certification release until missing evidence is resolved,2026-06-06
L00941,E00941,cert-enterprise-ai-safety,Certification Ready,True,False,Required lab missing; Manager approval missing,high,Block certification release until missing evidence is resolved,2026-06-06
L00943,E00943,cert-enterprise-ai-safety,Certification Ready,True,False,Manager approval missing,medium,Block certification release until missing evidence is resolved,2026-06-06
L00944,E00944,cert-enterprise-ai-safety,Certification Ready,True,False,Required lab missing,medium,Block certification release until missing evidence is resolved,2026-06-06
L00948,E00948,cert-enterprise-ai-safety,Certification Ready,True,False,Required module missing; Required lab missing; Assessment below 80,high,Block certification release until missing evidence is resolved,2026-06-06
L00952,E00952,cert-enterprise-ai-safety,Certification Ready,True,False,Required module missing,medium,Block certification release until missing evidence is resolved,2026-06-06
L00956,E00956,cert-enterprise-ai-safety,Certification Ready,True,False,HR eligibility missing; Assessment below 80,high,Block certification release until missing evidence is resolved,2026-06-06
L00959,E00959,cert-enterprise-ai-safety,Certification Ready,True,False,Manager approval missing,medium,Block certification release until missing evidence is resolved,2026-06-06
L00962,E00962,cert-enterprise-ai-safety,Certification Ready,True,False,Required lab missing,medium,Block certification release until missing evidence is resolved,2026-06-06
L00966,E00966,cert-enterprise-ai-safety,Certification Ready,True,False,HR eligibility missing; Required module missing; Required lab missing; Assessment below 80,high,Block certification release until missing evidence is resolved,2026-06-06
L00968,E00968,cert-enterprise-ai-safety,Certification Ready,True,False,Required module missing; Required lab missing,high,Block certification release until missing evidence is resolved,2026-06-06
L00970,E00970,cert-enterprise-ai-safety,Certification Ready,True,False,Required lab missing,medium,Block certification release until missing evidence is resolved,2026-06-06
L00975,E00975,cert-enterprise-ai-safety,Certification Ready,True,False,Required module missing,medium,Block certification release until missing evidence is resolved,2026-06-06
L00976,E00976,cert-enterprise-ai-safety,Certification Ready,True,False,Required module missing,medium,Block certification release until missing evidence is resolved,2026-06-06
L00977,E00977,cert-enterprise-ai-safety,Certification Ready,True,False,Required module missing; Required lab missing,high,Block certification release until missing evidence is resolved,2026-06-06
L00981,E00981,cert-enterprise-ai-safety,Certification Ready,True,False,HR eligibility missing; Required lab missing,high,Block certification release until missing evidence is resolved,2026-06-06
L00982,E00982,cert-enterprise-ai-safety,Certification Ready,True,False,HR eligibility missing; Required lab missing,high,Block certification release until missing evidence is resolved,2026-06-06
L00984,E00984,cert-enterprise-ai-safety,Certification Ready,True,False,Required lab missing; Manager approval missing,high,Block certification release until missing evidence is resolved,2026-06-06
L00993,E00993,cert-enterprise-ai-safety,Certification Ready,True,False,Required lab missing,medium,Block certification release until missing evidence is resolved,2026-06-06
L00996,E00996,cert-enterprise-ai-safety,Certification Ready,True,False,HR eligibility missing; Required lab missing,high,Block certification release until missing evidence is resolved,2026-06-06
L00998,E00998,cert-enterprise-ai-safety,Certification Ready,True,False,Required lab missing,medium,Block certification release until missing evidence is resolved,2026-06-06
L00999,E00999,cert-enterprise-ai-safety,Certification Ready,True,False,HR eligibility missing; Required module missing; Required lab missing,high,Block certification release until missing evidence is resolved,2026-06-06
L01003,E01003,cert-enterprise-ai-safety,Certification Ready,True,False,Required lab missing,medium,Block certification release until missing evidence is resolved,2026-06-06
L01005,E01005,cert-enterprise-ai-safety,Certification Ready,True,False,Required module missing; Required lab missing; Assessment below 80,high,Block certification release until missing evidence is resolved,2026-06-06
L01006,E01006,cert-enterprise-ai-safety,Certification Ready,True,False,Required module missing; Required lab missing; Manager approval missing,high,Block certification release until missing evidence is resolved,2026-06-06
L01007,E01007,cert-enterprise-ai-safety,Certification Ready,True,False,Required module missing,medium,Block certification release until missing evidence is resolved,2026-06-06
L01009,E01009,cert-enterprise-ai-safety,Certification Ready,True,False,HR eligibility missing; Assessment below 80,high,Block certification release until missing evidence is resolved,2026-06-06
L01016,E01016,cert-enterprise-ai-safety,Certification Ready,True,False,Required lab missing; Assessment below 80; Manager approval missing,high,Block certification release until missing evidence is resolved,2026-06-06
L01017,E01017,cert-enterprise-ai-safety,Certification Ready,True,False,Required module missing; Required lab missing,high,Block certification release until missing evidence is resolved,2026-06-06
L01019,E01019,cert-enterprise-ai-safety,Certification Ready,True,False,Required lab missing; Assessment below 80,high,Block certification release until missing evidence is resolved,2026-06-06
L01020,E01020,cert-enterprise-ai-safety,Certification Ready,True,False,Required module missing; Required lab missing; Assessment below 80,high,Block certification release until missing evidence is resolved,2026-06-06
L01021,E01021,cert-enterprise-ai-safety,Certification Ready,True,False,Required module missing; Required lab missing,high,Block certification release until missing evidence is resolved,2026-06-06
L01023,E01023,cert-enterprise-ai-safety,Certification Ready,True,False,Required module missing; Required lab missing,high,Block certification release until missing evidence is resolved,2026-06-06
L01024,E01024,cert-enterprise-ai-safety,Certification Ready,True,False,HR eligibility missing; Required module missing; Required lab missing,high,Block certification release until missing evidence is resolved,2026-06-06
L01028,E01028,cert-enterprise-ai-safety,Certification Ready,True,False,Required module missing; Required lab missing; Manager approval missing,high,Block certification release until missing evidence is resolved,2026-06-06
L01032,E01032,cert-enterprise-ai-safety,Certification Ready,True,False,Required module missing; Required lab missing,high,Block certification release until missing evidence is resolved,2026-06-06
L01035,E01035,cert-enterprise-ai-safety,Certification Ready,True,False,HR eligibility missing; Required module missing; Required lab missing,high,Block certification release until missing evidence is resolved,2026-06-06
L01037,E01037,cert-enterprise-ai-safety,Certification Ready,True,False,Required module missing; Required lab missing,high,Block certification release until missing evidence is resolved,2026-06-06
L01039,E01039,cert-enterprise-ai-safety,Certification Ready,True,False,Required module missing; Manager approval missing,high,Block certification release until missing evidence is resolved,2026-06-06
L01041,E01041,cert-enterprise-ai-safety,Certification Ready,True,False,Required lab missing,medium,Block certification release until missing evidence is resolved,2026-06-06
L01042,E01042,cert-enterprise-ai-safety,Certification Ready,True,False,HR eligibility missing; Required lab missing; Assessment below 80,high,Block certification release until missing evidence is resolved,2026-06-06
L01043,E01043,cert-enterprise-ai-safety,Certification Ready,True,False,HR eligibility missing; Manager approval missing,high,Block certification release until missing evidence is resolved,2026-06-06
L01044,E01044,cert-enterprise-ai-safety,Certification Ready,True,False,Required module missing; Required lab missing,high,Block certification release until missing evidence is resolved,2026-06-06
L01045,E01045,cert-enterprise-ai-safety,Certification Ready,True,False,Required module missing,medium,Block certification release until missing evidence is resolved,2026-06-06
L01046,E01046,cert-enterprise-ai-safety,Certification Ready,True,False,Required lab missing; Manager approval missing,high,Block certification release until missing evidence is resolved,2026-06-06
L01050,E01050,cert-enterprise-ai-safety,Certification Ready,True,False,Required module missing; Required lab missing; Assessment below 80,high,Block certification release until missing evidence is resolved,2026-06-06
L01052,E01052,cert-enterprise-ai-safety,Certification Ready,True,False,Required lab missing; Assessment below 80,high,Block certification release until missing evidence is resolved,2026-06-06
L01058,E01058,cert-enterprise-ai-safety,Certification Ready,True,False,Required module missing,medium,Block certification release until missing evidence is resolved,2026-06-06
L01059,E01059,cert-enterprise-ai-safety,Certification Ready,True,False,HR eligibility missing; Required module missing; Required lab missing; Manager approval missing,high,Block certification release until missing evidence is resolved,2026-06-06
L01062,E01062,cert-enterprise-ai-safety,Certification Ready,True,False,Required lab missing,medium,Block certification release until missing evidence is resolved,2026-06-06
L01063,E01063,cert-enterprise-ai-safety,Certification Ready,True,False,Assessment below 80,medium,Block certification release until missing evidence is resolved,2026-06-06
L01065,E01065,cert-enterprise-ai-safety,Certification Ready,True,False,Manager approval missing,medium,Block certification release until missing evidence is resolved,2026-06-06
L01067,E01067,cert-enterprise-ai-safety,Certification Ready,True,False,Required module missing; Assessment below 80,high,Block certification release until missing evidence is resolved,2026-06-06
L01068,E01068,cert-enterprise-ai-safety,Certification Ready,True,False,Required module missing; Assessment below 80; Manager approval missing,high,Block certification release until missing evidence is resolved,2026-06-06
L01072,E01072,cert-enterprise-ai-safety,Certification Ready,True,False,HR eligibility missing; Required lab missing; Manager approval missing,high,Block certification release until missing evidence is resolved,2026-06-06
L01076,E01076,cert-enterprise-ai-safety,Certification Ready,True,False,Required lab missing,medium,Block certification release until missing evidence is resolved,2026-06-06
L01078,E01078,cert-enterprise-ai-safety,Certification Ready,True,False,Required module missing; Required lab missing; Manager approval missing,high,Block certification release until missing evidence is resolved,2026-06-06
L01080,E01080,cert-enterprise-ai-safety,Certification Ready,True,False,Required module missing; Required lab missing,high,Block certification release until missing evidence is resolved,2026-06-06
L01081,E01081,cert-enterprise-ai-safety,Certification Ready,True,False,Required lab missing; Manager approval missing,high,Block certification release until missing evidence is resolved,2026-06-06
L01082,E01082,cert-enterprise-ai-safety,Certification Ready,True,False,Required module missing; Manager approval missing,high,Block certification release until missing evidence is resolved,2026-06-06
L01084,E01084,cert-enterprise-ai-safety,Certification Ready,True,False,Required lab missing; Assessment below 80,high,Block certification release until missing evidence is resolved,2026-06-06
L01086,E01086,cert-enterprise-ai-safety,Certification Ready,True,False,HR eligibility missing; Required module missing; Required lab missing; Manager approval missing,high,Block certification release until missing evidence is resolved,2026-06-06
L01089,E01089,cert-enterprise-ai-safety,Certification Ready,True,False,Required lab missing; Assessment below 80,high,Block certification release until missing evidence is resolved,2026-06-06
L01090,E01090,cert-enterprise-ai-safety,Certification Ready,True,False,Required module missing; Required lab missing,high,Block certification release until missing evidence is resolved,2026-06-06
L01091,E01091,cert-enterprise-ai-safety,Certification Ready,True,False,Assessment below 80; Manager approval missing,high,Block certification release until missing evidence is resolved,2026-06-06
L01092,E01092,cert-enterprise-ai-safety,Certification Ready,True,False,Required module missing; Required lab missing; Manager approval missing,high,Block certification release until missing evidence is resolved,2026-06-06
L01095,E01095,cert-enterprise-ai-safety,Certification Ready,True,False,Required module missing; Required lab missing,high,Block certification release until missing evidence is resolved,2026-06-06
L01096,E01096,cert-enterprise-ai-safety,Certification Ready,True,False,Required module missing; Required lab missing; Assessment below 80; Manager approval missing,high,Block certification release until missing evidence is resolved,2026-06-06
L01098,E01098,cert-enterprise-ai-safety,Certification Ready,True,False,Required lab missing,medium,Block certification release until missing evidence is resolved,2026-06-06
L01100,E01100,cert-enterprise-ai-safety,Certification Ready,True,False,Required lab missing,medium,Block certification release until missing evidence is resolved,2026-06-06
L01102,E01102,cert-enterprise-ai-safety,Certification Ready,True,False,Manager approval missing,medium,Block certification release until missing evidence is resolved,2026-06-06
L01105,E01105,cert-enterprise-ai-safety,Certification Ready,True,False,Required module missing,medium,Block certification release until missing evidence is resolved,2026-06-06
L01106,E01106,cert-enterprise-ai-safety,Certification Ready,True,False,HR eligibility missing; Required lab missing,high,Block certification release until missing evidence is resolved,2026-06-06
L01107,E01107,cert-enterprise-ai-safety,Certification Ready,True,False,Required lab missing,medium,Block certification release until missing evidence is resolved,2026-06-06
L01108,E01108,cert-enterprise-ai-safety,Certification Ready,True,False,HR eligibility missing; Manager approval missing,high,Block certification release until missing evidence is resolved,2026-06-06
L01109,E01109,cert-enterprise-ai-safety,Certification Ready,True,False,Required module missing,medium,Block certification release until missing evidence is resolved,2026-06-06
L01111,E01111,cert-enterprise-ai-safety,Certification Ready,True,False,Required lab missing,medium,Block certification release until missing evidence is resolved,2026-06-06
L01112,E01112,cert-enterprise-ai-safety,Certification Ready,True,False,Required module missing; Required lab missing,high,Block certification release until missing evidence is resolved,2026-06-06
L01117,E01117,cert-enterprise-ai-safety,Certification Ready,True,False,Required module missing; Required lab missing,high,Block certification release until missing evidence is resolved,2026-06-06
L01121,E01121,cert-enterprise-ai-safety,Certification Ready,True,False,Required module missing,medium,Block certification release until missing evidence is resolved,2026-06-06
L01122,E01122,cert-enterprise-ai-safety,Certification Ready,True,False,Required module missing,medium,Block certification release until missing evidence is resolved,2026-06-06
L01125,E01125,cert-enterprise-ai-safety,Certification Ready,True,False,Required module missing,medium,Block certification release until missing evidence is resolved,2026-06-06
L01128,E01128,cert-enterprise-ai-safety,Certification Ready,True,False,HR eligibility missing; Required module missing; Required lab missing,high,Block certification release until missing evidence is resolved,2026-06-06
L01129,E01129,cert-enterprise-ai-safety,Certification Ready,True,False,Required module missing; Required lab missing; Assessment below 80; Manager approval missing,high,Block certification release until missing evidence is resolved,2026-06-06
L01130,E01130,cert-enterprise-ai-safety,Certification Ready,True,False,Required module missing; Required lab missing; Assessment below 80,high,Block certification release until missing evidence is resolved,2026-06-06
L01134,E01134,cert-enterprise-ai-safety,Certification Ready,True,False,Required lab missing,medium,Block certification release until missing evidence is resolved,2026-06-06
L01137,E01137,cert-enterprise-ai-safety,Certification Ready,True,False,Required module missing,medium,Block certification release until missing evidence is resolved,2026-06-06
L01144,E01144,cert-enterprise-ai-safety,Certification Ready,True,False,Required module missing; Required lab missing,high,Block certification release until missing evidence is resolved,2026-06-06
L01145,E01145,cert-enterprise-ai-safety,Certification Ready,True,False,Required lab missing; Manager approval missing,high,Block certification release until missing evidence is resolved,2026-06-06
L01146,E01146,cert-enterprise-ai-safety,Certification Ready,True,False,HR eligibility missing; Required lab missing; Assessment below 80,high,Block certification release until missing evidence is resolved,2026-06-06
L01154,E01154,cert-enterprise-ai-safety,Certification Ready,True,False,Required module missing; Required lab missing; Manager approval missing,high,Block certification release until missing evidence is resolved,2026-06-06
L01155,E01155,cert-enterprise-ai-safety,Certification Ready,True,False,Required module missing; Required lab missing,high,Block certification release until missing evidence is resolved,2026-06-06
L01156,E01156,cert-enterprise-ai-safety,Certification Ready,True,False,HR eligibility missing; Required module missing,high,Block certification release until missing evidence is resolved,2026-06-06
L01158,E01158,cert-enterprise-ai-safety,Certification Ready,True,False,Required module missing; Assessment below 80,high,Block certification release until missing evidence is resolved,2026-06-06
L01162,E01162,cert-enterprise-ai-safety,Certification Ready,True,False,Required module missing; Required lab missing; Manager approval missing,high,Block certification release until missing evidence is resolved,2026-06-06
L01163,E01163,cert-enterprise-ai-safety,Certification Ready,True,False,Required module missing; Assessment below 80; Manager approval missing,high,Block certification release until missing evidence is resolved,2026-06-06
L01164,E01164,cert-enterprise-ai-safety,Certification Ready,True,False,Required module missing; Required lab missing; Assessment below 80; Manager approval missing,high,Block certification release until missing evidence is resolved,2026-06-06
L01169,E01169,cert-enterprise-ai-safety,Certification Ready,True,False,Required lab missing,medium,Block certification release until missing evidence is resolved,2026-06-06
L01174,E01174,cert-enterprise-ai-safety,Certification Ready,True,False,Required module missing; Required lab missing,high,Block certification release until missing evidence is resolved,2026-06-06
L01176,E01176,cert-enterprise-ai-safety,Certification Ready,True,False,Required module missing; Required lab missing; Assessment below 80,high,Block certification release until missing evidence is resolved,2026-06-06
L01177,E01177,cert-enterprise-ai-safety,Certification Ready,True,False,HR eligibility missing; Required lab missing,high,Block certification release until missing evidence is resolved,2026-06-06
L01178,E01178,cert-enterprise-ai-safety,Certification Ready,True,False,Required module missing; Required lab missing,high,Block certification release until missing evidence is resolved,2026-06-06
L01180,E01180,cert-enterprise-ai-safety,Certification Ready,True,False,Manager approval missing,medium,Block certification release until missing evidence is resolved,2026-06-06
L01184,E01184,cert-enterprise-ai-safety,Certification Ready,True,False,Required lab missing,medium,Block certification release until missing evidence is resolved,2026-06-06
L01189,E01189,cert-enterprise-ai-safety,Certification Ready,True,False,HR eligibility missing; Required lab missing; Manager approval missing,high,Block certification release until missing evidence is resolved,2026-06-06
L01192,E01192,cert-enterprise-ai-safety,Certification Ready,True,False,Required module missing,medium,Block certification release until missing evidence is resolved,2026-06-06
L01193,E01193,cert-enterprise-ai-safety,Certification Ready,True,False,Required lab missing,medium,Block certification release until missing evidence is resolved,2026-06-06
L01195,E01195,cert-enterprise-ai-safety,Certification Ready,True,False,Required module missing; Required lab missing,high,Block certification release until missing evidence is resolved,2026-06-06
L01203,E01203,cert-enterprise-ai-safety,Certification Ready,True,False,Required module missing,medium,Block certification release until missing evidence is resolved,2026-06-06
L01204,E01204,cert-enterprise-ai-safety,Certification Ready,True,False,Required module missing; Required lab missing; Manager approval missing,high,Block certification release until missing evidence is resolved,2026-06-06
L01206,E01206,cert-enterprise-ai-safety,Certification Ready,True,False,Required lab missing; Manager approval missing,high,Block certification release until missing evidence is resolved,2026-06-06
L01208,E01208,cert-enterprise-ai-safety,Certification Ready,True,False,Manager approval missing,medium,Block certification release until missing evidence is resolved,2026-06-06
L01209,E01209,cert-enterprise-ai-safety,Certification Ready,True,False,Required module missing; Manager approval missing,high,Block certification release until missing evidence is resolved,2026-06-06
L01210,E01210,cert-enterprise-ai-safety,Certification Ready,True,False,Assessment below 80; Manager approval missing,high,Block certification release until missing evidence is resolved,2026-06-06
L01211,E01211,cert-enterprise-ai-safety,Certification Ready,True,False,Required module missing; Manager approval missing,high,Block certification release until missing evidence is resolved,2026-06-06
L01212,E01212,cert-enterprise-ai-safety,Certification Ready,True,False,Required module missing; Required lab missing,high,Block certification release until missing evidence is resolved,2026-06-06
L01215,E01215,cert-enterprise-ai-safety,Certification Ready,True,False,Required module missing; Required lab missing,high,Block certification release until missing evidence is resolved,2026-06-06
L01218,E01218,cert-enterprise-ai-safety,Certification Ready,True,False,Required module missing; Manager approval missing,high,Block certification release until missing evidence is resolved,2026-06-06
L01220,E01220,cert-enterprise-ai-safety,Certification Ready,True,False,Required module missing; Required lab missing,high,Block certification release until missing evidence is resolved,2026-06-06
L01221,E01221,cert-enterprise-ai-safety,Certification Ready,True,False,Required module missing,medium,Block certification release until missing evidence is resolved,2026-06-06
L01222,E01222,cert-enterprise-ai-safety,Certification Ready,True,False,Required lab missing,medium,Block certification release until missing evidence is resolved,2026-06-06
L01224,E01224,cert-enterprise-ai-safety,Certification Ready,True,False,Required lab missing,medium,Block certification release until missing evidence is resolved,2026-06-06
L01226,E01226,cert-enterprise-ai-safety,Certification Ready,True,False,Required module missing; Assessment below 80,high,Block certification release until missing evidence is resolved,2026-06-06
L01228,E01228,cert-enterprise-ai-safety,Certification Ready,True,False,Required lab missing; Assessment below 80; Manager approval missing,high,Block certification release until missing evidence is resolved,2026-06-06
L01231,E01231,cert-enterprise-ai-safety,Certification Ready,True,False,Required module missing; Required lab missing; Assessment below 80,high,Block certification release until missing evidence is resolved,2026-06-06
L01232,E01232,cert-enterprise-ai-safety,Certification Ready,True,False,Required module missing; Required lab missing; Assessment below 80,high,Block certification release until missing evidence is resolved,2026-06-06
L01233,E01233,cert-enterprise-ai-safety,Certification Ready,True,False,Required lab missing; Manager approval missing,high,Block certification release until missing evidence is resolved,2026-06-06
L01234,E01234,cert-enterprise-ai-safety,Certification Ready,True,False,Required module missing,medium,Block certification release until missing evidence is resolved,2026-06-06
L01235,E01235,cert-enterprise-ai-safety,Certification Ready,True,False,HR eligibility missing; Required lab missing; Assessment below 80,high,Block certification release until missing evidence is resolved,2026-06-06
L01236,E01236,cert-enterprise-ai-safety,Certification Ready,True,False,Required module missing; Required lab missing; Manager approval missing,high,Block certification release until missing evidence is resolved,2026-06-06
L01238,E01238,cert-enterprise-ai-safety,Certification Ready,True,False,Required module missing; Required lab missing,high,Block certification release until missing evidence is resolved,2026-06-06
L01240,E01240,cert-enterprise-ai-safety,Certification Ready,True,False,Required module missing,medium,Block certification release until missing evidence is resolved,2026-06-06
L01242,E01242,cert-enterprise-ai-safety,Certification Ready,True,False,Required lab missing,medium,Block certification release until missing evidence is resolved,2026-06-06
L01248,E01248,cert-enterprise-ai-safety,Certification Ready,True,False,HR eligibility missing; Required lab missing; Assessment below 80,high,Block certification release until missing evidence is resolved,2026-06-06
L01249,E01249,cert-enterprise-ai-safety,Certification Ready,True,False,Required module missing,medium,Block certification release until missing evidence is resolved,2026-06-06
L01252,E01252,cert-enterprise-ai-safety,Certification Ready,True,False,Required lab missing; Assessment below 80,high,Block certification release until missing evidence is resolved,2026-06-06
L01254,E01254,cert-enterprise-ai-safety,Certification Ready,True,False,Required lab missing; Assessment below 80,high,Block certification release until missing evidence is resolved,2026-06-06
L01255,E01255,cert-enterprise-ai-safety,Certification Ready,True,False,HR eligibility missing; Required module missing; Assessment below 80,high,Block certification release until missing evidence is resolved,2026-06-06
L01258,E01258,cert-enterprise-ai-safety,Certification Ready,True,False,Required lab missing,medium,Block certification release until missing evidence is resolved,2026-06-06
L01261,E01261,cert-enterprise-ai-safety,Certification Ready,True,False,HR eligibility missing; Assessment below 80,high,Block certification release until missing evidence is resolved,2026-06-06
L01262,E01262,cert-enterprise-ai-safety,Certification Ready,True,False,Required module missing; Required lab missing; Manager approval missing,high,Block certification release until missing evidence is resolved,2026-06-06
L01263,E01263,cert-enterprise-ai-safety,Certification Ready,True,False,HR eligibility missing; Required lab missing,high,Block certification release until missing evidence is resolved,2026-06-06
L01264,E01264,cert-enterprise-ai-safety,Certification Ready,True,False,Required module missing; Required lab missing,high,Block certification release until missing evidence is resolved,2026-06-06
L01265,E01265,cert-enterprise-ai-safety,Certification Ready,True,False,HR eligibility missing; Required lab missing; Manager approval missing,high,Block certification release until missing evidence is resolved,2026-06-06
L01267,E01267,cert-enterprise-ai-safety,Certification Ready,True,False,Required module missing; Required lab missing; Assessment below 80,high,Block certification release until missing evidence is resolved,2026-06-06
L01268,E01268,cert-enterprise-ai-safety,Certification Ready,True,False,Required lab missing,medium,Block certification release until missing evidence is resolved,2026-06-06
L01271,E01271,cert-enterprise-ai-safety,Certification Ready,True,False,Required lab missing,medium,Block certification release until missing evidence is resolved,2026-06-06
L01272,E01272,cert-enterprise-ai-safety,Certification Ready,True,False,Required lab missing,medium,Block certification release until missing evidence is resolved,2026-06-06
L01273,E01273,cert-enterprise-ai-safety,Certification Ready,True,False,HR eligibility missing; Required module missing; Required lab missing; Manager approval missing,high,Block certification release until missing evidence is resolved,2026-06-06
L01274,E01274,cert-enterprise-ai-safety,Certification Ready,True,False,Required module missing; Manager approval missing,high,Block certification release until missing evidence is resolved,2026-06-06
L01277,E01277,cert-enterprise-ai-safety,Certification Ready,True,False,Required module missing; Required lab missing; Manager approval missing,high,Block certification release until missing evidence is resolved,2026-06-06
L01278,E01278,cert-enterprise-ai-safety,Certification Ready,True,False,Required module missing; Required lab missing; Manager approval missing,high,Block certification release until missing evidence is resolved,2026-06-06
L01284,E01284,cert-enterprise-ai-safety,Certification Ready,True,False,Required lab missing; Manager approval missing,high,Block certification release until missing evidence is resolved,2026-06-06
L01287,E01287,cert-enterprise-ai-safety,Certification Ready,True,False,HR eligibility missing; Required lab missing,high,Block certification release until missing evidence is resolved,2026-06-06
L01289,E01289,cert-enterprise-ai-safety,Certification Ready,True,False,HR eligibility missing; Required module missing; Required lab missing,high,Block certification release until missing evidence is resolved,2026-06-06
L01291,E01291,cert-enterprise-ai-safety,Certification Ready,True,False,Required module missing; Assessment below 80; Manager approval missing,high,Block certification release until missing evidence is resolved,2026-06-06
L01296,E01296,cert-enterprise-ai-safety,Certification Ready,True,False,Required lab missing; Manager approval missing,high,Block certification release until missing evidence is resolved,2026-06-06
L01297,E01297,cert-enterprise-ai-safety,Certification Ready,True,False,Required module missing; Required lab missing; Assessment below 80,high,Block certification release until missing evidence is resolved,2026-06-06
L01304,E01304,cert-enterprise-ai-safety,Certification Ready,True,False,Required lab missing,medium,Block certification release until missing evidence is resolved,2026-06-06
L01305,E01305,cert-enterprise-ai-safety,Certification Ready,True,False,Required module missing; Required lab missing,high,Block certification release until missing evidence is resolved,2026-06-06
L01306,E01306,cert-enterprise-ai-safety,Certification Ready,True,False,Required module missing; Required lab missing; Manager approval missing,high,Block certification release until missing evidence is resolved,2026-06-06
L01307,E01307,cert-enterprise-ai-safety,Certification Ready,True,False,Required module missing; Required lab missing; Assessment below 80,high,Block certification release until missing evidence is resolved,2026-06-06
L01311,E01311,cert-enterprise-ai-safety,Certification Ready,True,False,Required lab missing; Manager approval missing,high,Block certification release until missing evidence is resolved,2026-06-06
L01325,E01325,cert-enterprise-ai-safety,Certification Ready,True,False,Assessment below 80,medium,Block certification release until missing evidence is resolved,2026-06-06
L01326,E01326,cert-enterprise-ai-safety,Certification Ready,True,False,Required module missing,medium,Block certification release until missing evidence is resolved,2026-06-06
L01328,E01328,cert-enterprise-ai-safety,Certification Ready,True,False,Required module missing; Required lab missing,high,Block certification release until missing evidence is resolved,2026-06-06
L01329,E01329,cert-enterprise-ai-safety,Certification Ready,True,False,Required lab missing; Manager approval missing,high,Block certification release until missing evidence is resolved,2026-06-06
L01332,E01332,cert-enterprise-ai-safety,Certification Ready,True,False,Required module missing; Required lab missing; Manager approval missing,high,Block certification release until missing evidence is resolved,2026-06-06
L01333,E01333,cert-enterprise-ai-safety,Certification Ready,True,False,Required module missing; Required lab missing,high,Block certification release until missing evidence is resolved,2026-06-06
L01334,E01334,cert-enterprise-ai-safety,Certification Ready,True,False,Required module missing,medium,Block certification release until missing evidence is resolved,2026-06-06
L01336,E01336,cert-enterprise-ai-safety,Certification Ready,True,False,HR eligibility missing; Required module missing; Manager approval missing,high,Block certification release until missing evidence is resolved,2026-06-06
L01338,E01338,cert-enterprise-ai-safety,Certification Ready,True,False,Required module missing; Required lab missing,high,Block certification release until missing evidence is resolved,2026-06-06
L01339,E01339,cert-enterprise-ai-safety,Certification Ready,True,False,Manager approval missing,medium,Block certification release until missing evidence is resolved,2026-06-06
L01340,E01340,cert-enterprise-ai-safety,Certification Ready,True,False,Required lab missing,medium,Block certification release until missing evidence is resolved,2026-06-06
L01341,E01341,cert-enterprise-ai-safety,Certification Ready,True,False,Required lab missing,medium,Block certification release until missing evidence is resolved,2026-06-06
L01342,E01342,cert-enterprise-ai-safety,Certification Ready,True,False,HR eligibility missing; Required module missing; Required lab missing,high,Block certification release until missing evidence is resolved,2026-06-06
L01347,E01347,cert-enterprise-ai-safety,Certification Ready,True,False,Required module missing; Required lab missing,high,Block certification release until missing evidence is resolved,2026-06-06
L01348,E01348,cert-enterprise-ai-safety,Certification Ready,True,False,Required module missing; Required lab missing; Assessment below 80,high,Block certification release until missing evidence is resolved,2026-06-06
L01349,E01349,cert-enterprise-ai-safety,Certification Ready,True,False,HR eligibility missing; Required lab missing,high,Block certification release until missing evidence is resolved,2026-06-06
L01351,E01351,cert-enterprise-ai-safety,Certification Ready,True,False,Required lab missing,medium,Block certification release until missing evidence is resolved,2026-06-06
L01352,E01352,cert-enterprise-ai-safety,Certification Ready,True,False,Required module missing,medium,Block certification release until missing evidence is resolved,2026-06-06
L01355,E01355,cert-enterprise-ai-safety,Certification Ready,True,False,Required lab missing; Manager approval missing,high,Block certification release until missing evidence is resolved,2026-06-06
L01357,E01357,cert-enterprise-ai-safety,Certification Ready,True,False,Required module missing; Required lab missing,high,Block certification release until missing evidence is resolved,2026-06-06
L01358,E01358,cert-enterprise-ai-safety,Certification Ready,True,False,Required lab missing; Manager approval missing,high,Block certification release until missing evidence is resolved,2026-06-06
L01359,E01359,cert-enterprise-ai-safety,Certification Ready,True,False,Required lab missing,medium,Block certification release until missing evidence is resolved,2026-06-06
L01362,E01362,cert-enterprise-ai-safety,Certification Ready,True,False,Manager approval missing,medium,Block certification release until missing evidence is resolved,2026-06-06
L01363,E01363,cert-enterprise-ai-safety,Certification Ready,True,False,Required module missing; Required lab missing; Manager approval missing,high,Block certification release until missing evidence is resolved,2026-06-06
L01371,E01371,cert-enterprise-ai-safety,Certification Ready,True,False,Manager approval missing,medium,Block certification release until missing evidence is resolved,2026-06-06
L01372,E01372,cert-enterprise-ai-safety,Certification Ready,True,False,Required module missing,medium,Block certification release until missing evidence is resolved,2026-06-06
L01374,E01374,cert-enterprise-ai-safety,Certification Ready,True,False,Required lab missing,medium,Block certification release until missing evidence is resolved,2026-06-06
L01376,E01376,cert-enterprise-ai-safety,Certification Ready,True,False,Required lab missing,medium,Block certification release until missing evidence is resolved,2026-06-06
L01377,E01377,cert-enterprise-ai-safety,Certification Ready,True,False,Required module missing; Manager approval missing,high,Block certification release until missing evidence is resolved,2026-06-06
L01378,E01378,cert-enterprise-ai-safety,Certification Ready,True,False,HR eligibility missing,medium,Block certification release until missing evidence is resolved,2026-06-06
L01379,E01379,cert-enterprise-ai-safety,Certification Ready,True,False,Required module missing; Required lab missing; Manager approval missing,high,Block certification release until missing evidence is resolved,2026-06-06
L01383,E01383,cert-enterprise-ai-safety,Certification Ready,True,False,Required lab missing,medium,Block certification release until missing evidence is resolved,2026-06-06
L01388,E01388,cert-enterprise-ai-safety,Certification Ready,True,False,HR eligibility missing; Required lab missing,high,Block certification release until missing evidence is resolved,2026-06-06
L01389,E01389,cert-enterprise-ai-safety,Certification Ready,True,False,Required module missing; Assessment below 80; Manager approval missing,high,Block certification release until missing evidence is resolved,2026-06-06
L01393,E01393,cert-enterprise-ai-safety,Certification Ready,True,False,HR eligibility missing; Required module missing; Required lab missing; Manager approval missing,high,Block certification release until missing evidence is resolved,2026-06-06
L01395,E01395,cert-enterprise-ai-safety,Certification Ready,True,False,Required lab missing,medium,Block certification release until missing evidence is resolved,2026-06-06
L01396,E01396,cert-enterprise-ai-safety,Certification Ready,True,False,Required module missing; Manager approval missing,high,Block certification release until missing evidence is resolved,2026-06-06
L01398,E01398,cert-enterprise-ai-safety,Certification Ready,True,False,Required lab missing; Manager approval missing,high,Block certification release until missing evidence is resolved,2026-06-06
L01399,E01399,cert-enterprise-ai-safety,Certification Ready,True,False,Required module missing; Required lab missing,high,Block certification release until missing evidence is resolved,2026-06-06
L01402,E01402,cert-enterprise-ai-safety,Certification Ready,True,False,Required lab missing; Assessment below 80,high,Block certification release until missing evidence is resolved,2026-06-06
L01403,E01403,cert-enterprise-ai-safety,Certification Ready,True,False,Required module missing; Assessment below 80; Manager approval missing,high,Block certification release until missing evidence is resolved,2026-06-06
L01404,E01404,cert-enterprise-ai-safety,Certification Ready,True,False,HR eligibility missing; Required module missing; Required lab missing,high,Block certification release until missing evidence is resolved,2026-06-06
L01406,E01406,cert-enterprise-ai-safety,Certification Ready,True,False,Required lab missing,medium,Block certification release until missing evidence is resolved,2026-06-06
L01408,E01408,cert-enterprise-ai-safety,Certification Ready,True,False,Required module missing; Required lab missing,high,Block certification release until missing evidence is resolved,2026-06-06
L01411,E01411,cert-enterprise-ai-safety,Certification Ready,True,False,Required module missing,medium,Block certification release until missing evidence is resolved,2026-06-06
L01412,E01412,cert-enterprise-ai-safety,Certification Ready,True,False,Required module missing,medium,Block certification release until missing evidence is resolved,2026-06-06
L01419,E01419,cert-enterprise-ai-safety,Certification Ready,True,False,Required module missing; Required lab missing; Manager approval missing,high,Block certification release until missing evidence is resolved,2026-06-06
L01422,E01422,cert-enterprise-ai-safety,Certification Ready,True,False,HR eligibility missing; Required module missing; Required lab missing; Assessment below 80,high,Block certification release until missing evidence is resolved,2026-06-06
L01425,E01425,cert-enterprise-ai-safety,Certification Ready,True,False,HR eligibility missing; Required module missing,high,Block certification release until missing evidence is resolved,2026-06-06
L01427,E01427,cert-enterprise-ai-safety,Certification Ready,True,False,Required module missing,medium,Block certification release until missing evidence is resolved,2026-06-06
L01428,E01428,cert-enterprise-ai-safety,Certification Ready,True,False,Required lab missing,medium,Block certification release until missing evidence is resolved,2026-06-06
L01433,E01433,cert-enterprise-ai-safety,Certification Ready,True,False,Required module missing,medium,Block certification release until missing evidence is resolved,2026-06-06
L01434,E01434,cert-enterprise-ai-safety,Certification Ready,True,False,Required module missing; Required lab missing,high,Block certification release until missing evidence is resolved,2026-06-06
L01435,E01435,cert-enterprise-ai-safety,Certification Ready,True,False,Required module missing; Required lab missing,high,Block certification release until missing evidence is resolved,2026-06-06
L01437,E01437,cert-enterprise-ai-safety,Certification Ready,True,False,Required lab missing,medium,Block certification release until missing evidence is resolved,2026-06-06
L01439,E01439,cert-enterprise-ai-safety,Certification Ready,True,False,HR eligibility missing; Required module missing; Required lab missing,high,Block certification release until missing evidence is resolved,2026-06-06
L01441,E01441,cert-enterprise-ai-safety,Certification Ready,True,False,Required module missing; Required lab missing; Manager approval missing,high,Block certification release until missing evidence is resolved,2026-06-06
L01443,E01443,cert-enterprise-ai-safety,Certification Ready,True,False,Required module missing; Assessment below 80; Manager approval missing,high,Block certification release until missing evidence is resolved,2026-06-06
L01444,E01444,cert-enterprise-ai-safety,Certification Ready,True,False,Required lab missing; Assessment below 80; Manager approval missing,high,Block certification release until missing evidence is resolved,2026-06-06
L01447,E01447,cert-enterprise-ai-safety,Certification Ready,True,False,Required module missing; Required lab missing,high,Block certification release until missing evidence is resolved,2026-06-06
L01448,E01448,cert-enterprise-ai-safety,Certification Ready,True,False,Required module missing; Required lab missing,high,Block certification release until missing evidence is resolved,2026-06-06
L01449,E01449,cert-enterprise-ai-safety,Certification Ready,True,False,Required lab missing,medium,Block certification release until missing evidence is resolved,2026-06-06
L01450,E01450,cert-enterprise-ai-safety,Certification Ready,True,False,Required module missing; Required lab missing,high,Block certification release until missing evidence is resolved,2026-06-06
L01451,E01451,cert-enterprise-ai-safety,Certification Ready,True,False,HR eligibility missing; Required module missing,high,Block certification release until missing evidence is resolved,2026-06-06
L01454,E01454,cert-enterprise-ai-safety,Certification Ready,True,False,Required lab missing; Assessment below 80,high,Block certification release until missing evidence is resolved,2026-06-06
L01455,E01455,cert-enterprise-ai-safety,Certification Ready,True,False,HR eligibility missing; Manager approval missing,high,Block certification release until missing evidence is resolved,2026-06-06
L01457,E01457,cert-enterprise-ai-safety,Certification Ready,True,False,Required module missing; Required lab missing,high,Block certification release until missing evidence is resolved,2026-06-06
L01460,E01460,cert-enterprise-ai-safety,Certification Ready,True,False,Required module missing; Required lab missing,high,Block certification release until missing evidence is resolved,2026-06-06
L01461,E01461,cert-enterprise-ai-safety,Certification Ready,True,False,Required module missing; Required lab missing,high,Block certification release until missing evidence is resolved,2026-06-06
L01462,E01462,cert-enterprise-ai-safety,Certification Ready,True,False,Required module missing; Assessment below 80; Manager approval missing,high,Block certification release until missing evidence is resolved,2026-06-06
L01463,E01463,cert-enterprise-ai-safety,Certification Ready,True,False,HR eligibility missing; Required module missing; Manager approval missing,high,Block certification release until missing evidence is resolved,2026-06-06
L01464,E01464,cert-enterprise-ai-safety,Certification Ready,True,False,HR eligibility missing,medium,Block certification release until missing evidence is resolved,2026-06-06
L01470,E01470,cert-enterprise-ai-safety,Certification Ready,True,False,HR eligibility missing; Required lab missing; Manager approval missing,high,Block certification release until missing evidence is resolved,2026-06-06
L01472,E01472,cert-enterprise-ai-safety,Certification Ready,True,False,Required module missing,medium,Block certification release until missing evidence is resolved,2026-06-06
L01474,E01474,cert-enterprise-ai-safety,Certification Ready,True,False,Required module missing; Assessment below 80,high,Block certification release until missing evidence is resolved,2026-06-06
L01475,E01475,cert-enterprise-ai-safety,Certification Ready,True,False,Required lab missing,medium,Block certification release until missing evidence is resolved,2026-06-06
L01476,E01476,cert-enterprise-ai-safety,Certification Ready,True,False,Required lab missing; Assessment below 80,high,Block certification release until missing evidence is resolved,2026-06-06
L01480,E01480,cert-enterprise-ai-safety,Certification Ready,True,False,HR eligibility missing; Required module missing,high,Block certification release until missing evidence is resolved,2026-06-06
L01482,E01482,cert-enterprise-ai-safety,Certification Ready,True,False,HR eligibility missing; Required lab missing,high,Block certification release until missing evidence is resolved,2026-06-06
L01486,E01486,cert-enterprise-ai-safety,Certification Ready,True,False,HR eligibility missing; Required lab missing,high,Block certification release until missing evidence is resolved,2026-06-06
L01488,E01488,cert-enterprise-ai-safety,Certification Ready,True,False,Required module missing,medium,Block certification release until missing evidence is resolved,2026-06-06
L01489,E01489,cert-enterprise-ai-safety,Certification Ready,True,False,HR eligibility missing; Required module missing; Required lab missing,high,Block certification release until missing evidence is resolved,2026-06-06
L01491,E01491,cert-enterprise-ai-safety,Certification Ready,True,False,Required lab missing; Assessment below 80; Manager approval missing,high,Block certification release until missing evidence is resolved,2026-06-06
L01494,E01494,cert-enterprise-ai-safety,Certification Ready,True,False,Required module missing; Required lab missing; Assessment below 80; Manager approval missing,high,Block certification release until missing evidence is resolved,2026-06-06
L01495,E01495,cert-enterprise-ai-safety,Certification Ready,True,False,Required lab missing,medium,Block certification release until missing evidence is resolved,2026-06-06
L01496,E01496,cert-enterprise-ai-safety,Certification Ready,True,False,Required module missing,medium,Block certification release until missing evidence is resolved,2026-06-06
L01498,E01498,cert-enterprise-ai-safety,Certification Ready,True,False,Required lab missing,medium,Block certification release until missing evidence is resolved,2026-06-06
L01499,E01499,cert-enterprise-ai-safety,Certification Ready,True,False,Assessment below 80,medium,Block certification release until missing evidence is resolved,2026-06-06
L01501,E01501,cert-enterprise-ai-safety,Certification Ready,True,False,Required lab missing; Assessment below 80,high,Block certification release until missing evidence is resolved,2026-06-06
L01502,E01502,cert-enterprise-ai-safety,Certification Ready,True,False,Required lab missing; Assessment below 80,high,Block certification release until missing evidence is resolved,2026-06-06
L01504,E01504,cert-enterprise-ai-safety,Certification Ready,True,False,Required module missing; Required lab missing; Assessment below 80; Manager approval missing,high,Block certification release until missing evidence is resolved,2026-06-06
L01505,E01505,cert-enterprise-ai-safety,Certification Ready,True,False,Required lab missing,medium,Block certification release until missing evidence is resolved,2026-06-06
L01506,E01506,cert-enterprise-ai-safety,Certification Ready,True,False,Required module missing; Manager approval missing,high,Block certification release until missing evidence is resolved,2026-06-06
L01509,E01509,cert-enterprise-ai-safety,Certification Ready,True,False,Required module missing,medium,Block certification release until missing evidence is resolved,2026-06-06
L01511,E01511,cert-enterprise-ai-safety,Certification Ready,True,False,HR eligibility missing; Required lab missing; Manager approval missing,high,Block certification release until missing evidence is resolved,2026-06-06
L01512,E01512,cert-enterprise-ai-safety,Certification Ready,True,False,Required module missing; Required lab missing,high,Block certification release until missing evidence is resolved,2026-06-06
L01515,E01515,cert-enterprise-ai-safety,Certification Ready,True,False,Required module missing; Required lab missing; Manager approval missing,high,Block certification release until missing evidence is resolved,2026-06-06
L01517,E01517,cert-enterprise-ai-safety,Certification Ready,True,False,Required module missing; Required lab missing,high,Block certification release until missing evidence is resolved,2026-06-06
L01519,E01519,cert-enterprise-ai-safety,Certification Ready,True,False,Required lab missing,medium,Block certification release until missing evidence is resolved,2026-06-06
L01521,E01521,cert-enterprise-ai-safety,Certification Ready,True,False,Required module missing; Required lab missing; Manager approval missing,high,Block certification release until missing evidence is resolved,2026-06-06
L01522,E01522,cert-enterprise-ai-safety,Certification Ready,True,False,Required lab missing; Manager approval missing,high,Block certification release until missing evidence is resolved,2026-06-06
L01523,E01523,cert-enterprise-ai-safety,Certification Ready,True,False,Required lab missing; Manager approval missing,high,Block certification release until missing evidence is resolved,2026-06-06
L01527,E01527,cert-enterprise-ai-safety,Certification Ready,True,False,Required lab missing; Assessment below 80; Manager approval missing,high,Block certification release until missing evidence is resolved,2026-06-06
L01528,E01528,cert-enterprise-ai-safety,Certification Ready,True,False,HR eligibility missing; Manager approval missing,high,Block certification release until missing evidence is resolved,2026-06-06
L01529,E01529,cert-enterprise-ai-safety,Certification Ready,True,False,Required lab missing; Assessment below 80,high,Block certification release until missing evidence is resolved,2026-06-06
L01531,E01531,cert-enterprise-ai-safety,Certification Ready,True,False,Required module missing; Required lab missing,high,Block certification release until missing evidence is resolved,2026-06-06
L01532,E01532,cert-enterprise-ai-safety,Certification Ready,True,False,HR eligibility missing; Required lab missing,high,Block certification release until missing evidence is resolved,2026-06-06
L01534,E01534,cert-enterprise-ai-safety,Certification Ready,True,False,HR eligibility missing,medium,Block certification release until missing evidence is resolved,2026-06-06
L01535,E01535,cert-enterprise-ai-safety,Certification Ready,True,False,Required module missing; Required lab missing,high,Block certification release until missing evidence is resolved,2026-06-06
L01537,E01537,cert-enterprise-ai-safety,Certification Ready,True,False,Required module missing; Required lab missing,high,Block certification release until missing evidence is resolved,2026-06-06
L01538,E01538,cert-enterprise-ai-safety,Certification Ready,True,False,Required module missing,medium,Block certification release until missing evidence is resolved,2026-06-06
L01540,E01540,cert-enterprise-ai-safety,Certification Ready,True,False,Required module missing; Manager approval missing,high,Block certification release until missing evidence is resolved,2026-06-06
L01547,E01547,cert-enterprise-ai-safety,Certification Ready,True,False,Required module missing; Required lab missing,high,Block certification release until missing evidence is resolved,2026-06-06
L01548,E01548,cert-enterprise-ai-safety,Certification Ready,True,False,HR eligibility missing; Required lab missing; Manager approval missing,high,Block certification release until missing evidence is resolved,2026-06-06
L01550,E01550,cert-enterprise-ai-safety,Certification Ready,True,False,Required module missing; Assessment below 80; Manager approval missing,high,Block certification release until missing evidence is resolved,2026-06-06
L01551,E01551,cert-enterprise-ai-safety,Certification Ready,True,False,HR eligibility missing; Manager approval missing,high,Block certification release until missing evidence is resolved,2026-06-06
L01555,E01555,cert-enterprise-ai-safety,Certification Ready,True,False,Required module missing,medium,Block certification release until missing evidence is resolved,2026-06-06
L01558,E01558,cert-enterprise-ai-safety,Certification Ready,True,False,Required lab missing,medium,Block certification release until missing evidence is resolved,2026-06-06
L01561,E01561,cert-enterprise-ai-safety,Certification Ready,True,False,Required module missing; Required lab missing; Assessment below 80,high,Block certification release until missing evidence is resolved,2026-06-06
L01564,E01564,cert-enterprise-ai-safety,Certification Ready,True,False,Required module missing; Required lab missing; Manager approval missing,high,Block certification release until missing evidence is resolved,2026-06-06
L01565,E01565,cert-enterprise-ai-safety,Certification Ready,True,False,Assessment below 80,medium,Block certification release until missing evidence is resolved,2026-06-06
L01571,E01571,cert-enterprise-ai-safety,Certification Ready,True,False,Required lab missing,medium,Block certification release until missing evidence is resolved,2026-06-06
L01575,E01575,cert-enterprise-ai-safety,Certification Ready,True,False,Required module missing; Required lab missing,high,Block certification release until missing evidence is resolved,2026-06-06
L01576,E01576,cert-enterprise-ai-safety,Certification Ready,True,False,HR eligibility missing; Assessment below 80,high,Block certification release until missing evidence is resolved,2026-06-06
L01582,E01582,cert-enterprise-ai-safety,Certification Ready,True,False,HR eligibility missing; Required module missing; Required lab missing,high,Block certification release until missing evidence is resolved,2026-06-06
L01586,E01586,cert-enterprise-ai-safety,Certification Ready,True,False,HR eligibility missing; Required lab missing; Manager approval missing,high,Block certification release until missing evidence is resolved,2026-06-06
L01590,E01590,cert-enterprise-ai-safety,Certification Ready,True,False,Required lab missing,medium,Block certification release until missing evidence is resolved,2026-06-06
L01592,E01592,cert-enterprise-ai-safety,Certification Ready,True,False,HR eligibility missing; Manager approval missing,high,Block certification release until missing evidence is resolved,2026-06-06
L01593,E01593,cert-enterprise-ai-safety,Certification Ready,True,False,Required module missing; Required lab missing,high,Block certification release until missing evidence is resolved,2026-06-06
L01594,E01594,cert-enterprise-ai-safety,Certification Ready,True,False,HR eligibility missing; Required module missing; Assessment below 80,high,Block certification release until missing evidence is resolved,2026-06-06
L01595,E01595,cert-enterprise-ai-safety,Certification Ready,True,False,Required module missing; Required lab missing; Manager approval missing,high,Block certification release until missing evidence is resolved,2026-06-06
L01596,E01596,cert-enterprise-ai-safety,Certification Ready,True,False,Required module missing; Required lab missing,high,Block certification release until missing evidence is resolved,2026-06-06
L01597,E01597,cert-enterprise-ai-safety,Certification Ready,True,False,Required module missing; Required lab missing; Assessment below 80,high,Block certification release until missing evidence is resolved,2026-06-06
L01598,E01598,cert-enterprise-ai-safety,Certification Ready,True,False,Required module missing; Required lab missing,high,Block certification release until missing evidence is resolved,2026-06-06
L01600,E01600,cert-enterprise-ai-safety,Certification Ready,True,False,Required module missing; Required lab missing; Manager approval missing,high,Block certification release until missing evidence is resolved,2026-06-06
L01601,E01601,cert-enterprise-ai-safety,Certification Ready,True,False,Manager approval missing,medium,Block certification release until missing evidence is resolved,2026-06-06
L01606,E01606,cert-enterprise-ai-safety,Certification Ready,True,False,Required lab missing; Assessment below 80; Manager approval missing,high,Block certification release until missing evidence is resolved,2026-06-06
L01608,E01608,cert-enterprise-ai-safety,Certification Ready,True,False,Required module missing,medium,Block certification release until missing evidence is resolved,2026-06-06
L01609,E01609,cert-enterprise-ai-safety,Certification Ready,True,False,Required module missing; Required lab missing; Manager approval missing,high,Block certification release until missing evidence is resolved,2026-06-06
L01610,E01610,cert-enterprise-ai-safety,Certification Ready,True,False,Required module missing,medium,Block certification release until missing evidence is resolved,2026-06-06
L01613,E01613,cert-enterprise-ai-safety,Certification Ready,True,False,Required module missing; Required lab missing; Assessment below 80,high,Block certification release until missing evidence is resolved,2026-06-06
L01614,E01614,cert-enterprise-ai-safety,Certification Ready,True,False,Assessment below 80,medium,Block certification release until missing evidence is resolved,2026-06-06
L01616,E01616,cert-enterprise-ai-safety,Certification Ready,True,False,Required module missing; Required lab missing,high,Block certification release until missing evidence is resolved,2026-06-06
L01620,E01620,cert-enterprise-ai-safety,Certification Ready,True,False,Required module missing,medium,Block certification release until missing evidence is resolved,2026-06-06
L01621,E01621,cert-enterprise-ai-safety,Certification Ready,True,False,Required lab missing,medium,Block certification release until missing evidence is resolved,2026-06-06
L01622,E01622,cert-enterprise-ai-safety,Certification Ready,True,False,Manager approval missing,medium,Block certification release until missing evidence is resolved,2026-06-06
L01631,E01631,cert-enterprise-ai-safety,Certification Ready,True,False,Required lab missing; Assessment below 80,high,Block certification release until missing evidence is resolved,2026-06-06
L01634,E01634,cert-enterprise-ai-safety,Certification Ready,True,False,Required module missing; Required lab missing,high,Block certification release until missing evidence is resolved,2026-06-06
L01636,E01636,cert-enterprise-ai-safety,Certification Ready,True,False,Required module missing; Required lab missing,high,Block certification release until missing evidence is resolved,2026-06-06
L01641,E01641,cert-enterprise-ai-safety,Certification Ready,True,False,Required module missing,medium,Block certification release until missing evidence is resolved,2026-06-06
L01642,E01642,cert-enterprise-ai-safety,Certification Ready,True,False,Required lab missing; Assessment below 80; Manager approval missing,high,Block certification release until missing evidence is resolved,2026-06-06
L01643,E01643,cert-enterprise-ai-safety,Certification Ready,True,False,Required module missing; Required lab missing; Manager approval missing,high,Block certification release until missing evidence is resolved,2026-06-06
L01644,E01644,cert-enterprise-ai-safety,Certification Ready,True,False,Assessment below 80,medium,Block certification release until missing evidence is resolved,2026-06-06
L01647,E01647,cert-enterprise-ai-safety,Certification Ready,True,False,HR eligibility missing,medium,Block certification release until missing evidence is resolved,2026-06-06
L01650,E01650,cert-enterprise-ai-safety,Certification Ready,True,False,Required module missing,medium,Block certification release until missing evidence is resolved,2026-06-06
L01657,E01657,cert-enterprise-ai-safety,Certification Ready,True,False,HR eligibility missing; Required module missing; Required lab missing; Assessment below 80,high,Block certification release until missing evidence is resolved,2026-06-06
L01659,E01659,cert-enterprise-ai-safety,Certification Ready,True,False,HR eligibility missing; Required module missing; Required lab missing,high,Block certification release until missing evidence is resolved,2026-06-06
L01660,E01660,cert-enterprise-ai-safety,Certification Ready,True,False,Assessment below 80; Manager approval missing,high,Block certification release until missing evidence is resolved,2026-06-06
L01661,E01661,cert-enterprise-ai-safety,Certification Ready,True,False,Required module missing,medium,Block certification release until missing evidence is resolved,2026-06-06
L01664,E01664,cert-enterprise-ai-safety,Certification Ready,True,False,Required lab missing; Manager approval missing,high,Block certification release until missing evidence is resolved,2026-06-06
L01665,E01665,cert-enterprise-ai-safety,Certification Ready,True,False,Required module missing; Required lab missing,high,Block certification release until missing evidence is resolved,2026-06-06
L01667,E01667,cert-enterprise-ai-safety,Certification Ready,True,False,HR eligibility missing; Required module missing; Required lab missing,high,Block certification release until missing evidence is resolved,2026-06-06
L01668,E01668,cert-enterprise-ai-safety,Certification Ready,True,False,Required lab missing; Assessment below 80,high,Block certification release until missing evidence is resolved,2026-06-06
L01672,E01672,cert-enterprise-ai-safety,Certification Ready,True,False,Assessment below 80,medium,Block certification release until missing evidence is resolved,2026-06-06
L01675,E01675,cert-enterprise-ai-safety,Certification Ready,True,False,Required lab missing,medium,Block certification release until missing evidence is resolved,2026-06-06
L01676,E01676,cert-enterprise-ai-safety,Certification Ready,True,False,HR eligibility missing; Required module missing; Required lab missing,high,Block certification release until missing evidence is resolved,2026-06-06
L01677,E01677,cert-enterprise-ai-safety,Certification Ready,True,False,Required module missing; Assessment below 80,high,Block certification release until missing evidence is resolved,2026-06-06
L01678,E01678,cert-enterprise-ai-safety,Certification Ready,True,False,Required module missing; Required lab missing; Assessment below 80,high,Block certification release until missing evidence is resolved,2026-06-06
L01679,E01679,cert-enterprise-ai-safety,Certification Ready,True,False,Required module missing,medium,Block certification release until missing evidence is resolved,2026-06-06
L01681,E01681,cert-enterprise-ai-safety,Certification Ready,True,False,Required module missing; Required lab missing,high,Block certification release until missing evidence is resolved,2026-06-06
L01682,E01682,cert-enterprise-ai-safety,Certification Ready,True,False,Required lab missing; Manager approval missing,high,Block certification release until missing evidence is resolved,2026-06-06
L01683,E01683,cert-enterprise-ai-safety,Certification Ready,True,False,Required lab missing,medium,Block certification release until missing evidence is resolved,2026-06-06
L01687,E01687,cert-enterprise-ai-safety,Certification Ready,True,False,Required module missing; Required lab missing,high,Block certification release until missing evidence is resolved,2026-06-06
L01688,E01688,cert-enterprise-ai-safety,Certification Ready,True,False,HR eligibility missing; Required module missing,high,Block certification release until missing evidence is resolved,2026-06-06
L01699,E01699,cert-enterprise-ai-safety,Certification Ready,True,False,HR eligibility missing; Required module missing,high,Block certification release until missing evidence is resolved,2026-06-06
L01701,E01701,cert-enterprise-ai-safety,Certification Ready,True,False,HR eligibility missing,medium,Block certification release until missing evidence is resolved,2026-06-06
L01702,E01702,cert-enterprise-ai-safety,Certification Ready,True,False,HR eligibility missing; Required module missing,high,Block certification release until missing evidence is resolved,2026-06-06
L01704,E01704,cert-enterprise-ai-safety,Certification Ready,True,False,Assessment below 80,medium,Block certification release until missing evidence is resolved,2026-06-06
L01705,E01705,cert-enterprise-ai-safety,Certification Ready,True,False,Required lab missing,medium,Block certification release until missing evidence is resolved,2026-06-06
L01706,E01706,cert-enterprise-ai-safety,Certification Ready,True,False,Required lab missing; Manager approval missing,high,Block certification release until missing evidence is resolved,2026-06-06
L01712,E01712,cert-enterprise-ai-safety,Certification Ready,True,False,Required lab missing; Manager approval missing,high,Block certification release until missing evidence is resolved,2026-06-06
L01715,E01715,cert-enterprise-ai-safety,Certification Ready,True,False,Assessment below 80,medium,Block certification release until missing evidence is resolved,2026-06-06
L01718,E01718,cert-enterprise-ai-safety,Certification Ready,True,False,HR eligibility missing,medium,Block certification release until missing evidence is resolved,2026-06-06
L01721,E01721,cert-enterprise-ai-safety,Certification Ready,True,False,Required lab missing,medium,Block certification release until missing evidence is resolved,2026-06-06
L01722,E01722,cert-enterprise-ai-safety,Certification Ready,True,False,HR eligibility missing; Required lab missing,high,Block certification release until missing evidence is resolved,2026-06-06
L01725,E01725,cert-enterprise-ai-safety,Certification Ready,True,False,Assessment below 80; Manager approval missing,high,Block certification release until missing evidence is resolved,2026-06-06
L01726,E01726,cert-enterprise-ai-safety,Certification Ready,True,False,HR eligibility missing; Required module missing; Required lab missing,high,Block certification release until missing evidence is resolved,2026-06-06
L01728,E01728,cert-enterprise-ai-safety,Certification Ready,True,False,Required lab missing; Assessment below 80,high,Block certification release until missing evidence is resolved,2026-06-06
L01730,E01730,cert-enterprise-ai-safety,Certification Ready,True,False,Required module missing; Required lab missing; Manager approval missing,high,Block certification release until missing evidence is resolved,2026-06-06
L01732,E01732,cert-enterprise-ai-safety,Certification Ready,True,False,Required lab missing; Assessment below 80; Manager approval missing,high,Block certification release until missing evidence is resolved,2026-06-06
L01734,E01734,cert-enterprise-ai-safety,Certification Ready,True,False,Required module missing; Required lab missing,high,Block certification release until missing evidence is resolved,2026-06-06
L01735,E01735,cert-enterprise-ai-safety,Certification Ready,True,False,Manager approval missing,medium,Block certification release until missing evidence is resolved,2026-06-06
L01736,E01736,cert-enterprise-ai-safety,Certification Ready,True,False,Required module missing; Manager approval missing,high,Block certification release until missing evidence is resolved,2026-06-06
L01741,E01741,cert-enterprise-ai-safety,Certification Ready,True,False,Required lab missing; Manager approval missing,high,Block certification release until missing evidence is resolved,2026-06-06
L01746,E01746,cert-enterprise-ai-safety,Certification Ready,True,False,Required module missing; Required lab missing; Assessment below 80,high,Block certification release until missing evidence is resolved,2026-06-06
L01747,E01747,cert-enterprise-ai-safety,Certification Ready,True,False,Required module missing; Manager approval missing,high,Block certification release until missing evidence is resolved,2026-06-06
L01751,E01751,cert-enterprise-ai-safety,Certification Ready,True,False,Required lab missing,medium,Block certification release until missing evidence is resolved,2026-06-06
L01752,E01752,cert-enterprise-ai-safety,Certification Ready,True,False,Required lab missing,medium,Block certification release until missing evidence is resolved,2026-06-06
L01754,E01754,cert-enterprise-ai-safety,Certification Ready,True,False,Required module missing; Required lab missing,high,Block certification release until missing evidence is resolved,2026-06-06
L01758,E01758,cert-enterprise-ai-safety,Certification Ready,True,False,Required module missing; Required lab missing; Manager approval missing,high,Block certification release until missing evidence is resolved,2026-06-06
L01761,E01761,cert-enterprise-ai-safety,Certification Ready,True,False,Required module missing; Required lab missing,high,Block certification release until missing evidence is resolved,2026-06-06
L01767,E01767,cert-enterprise-ai-safety,Certification Ready,True,False,HR eligibility missing; Required lab missing,high,Block certification release until missing evidence is resolved,2026-06-06
L01773,E01773,cert-enterprise-ai-safety,Certification Ready,True,False,Required lab missing; Assessment below 80,high,Block certification release until missing evidence is resolved,2026-06-06
L01775,E01775,cert-enterprise-ai-safety,Certification Ready,True,False,HR eligibility missing; Required module missing; Assessment below 80,high,Block certification release until missing evidence is resolved,2026-06-06
L01779,E01779,cert-enterprise-ai-safety,Certification Ready,True,False,Required module missing; Required lab missing; Manager approval missing,high,Block certification release until missing evidence is resolved,2026-06-06
L01783,E01783,cert-enterprise-ai-safety,Certification Ready,True,False,HR eligibility missing; Required lab missing,high,Block certification release until missing evidence is resolved,2026-06-06
L01785,E01785,cert-enterprise-ai-safety,Certification Ready,True,False,Required lab missing,medium,Block certification release until missing evidence is resolved,2026-06-06
L01788,E01788,cert-enterprise-ai-safety,Certification Ready,True,False,HR eligibility missing; Required module missing; Required lab missing,high,Block certification release until missing evidence is resolved,2026-06-06
L01792,E01792,cert-enterprise-ai-safety,Certification Ready,True,False,Required lab missing; Manager approval missing,high,Block certification release until missing evidence is resolved,2026-06-06
L01796,E01796,cert-enterprise-ai-safety,Certification Ready,True,False,Required module missing; Manager approval missing,high,Block certification release until missing evidence is resolved,2026-06-06
L01798,E01798,cert-enterprise-ai-safety,Certification Ready,True,False,Required lab missing; Assessment below 80; Manager approval missing,high,Block certification release until missing evidence is resolved,2026-06-06
L01799,E01799,cert-enterprise-ai-safety,Certification Ready,True,False,Required lab missing; Assessment below 80,high,Block certification release until missing evidence is resolved,2026-06-06
L01800,E01800,cert-enterprise-ai-safety,Certification Ready,True,False,Required module missing; Required lab missing; Assessment below 80,high,Block certification release until missing evidence is resolved,2026-06-06
L01805,E01805,cert-enterprise-ai-safety,Certification Ready,True,False,Required lab missing,medium,Block certification release until missing evidence is resolved,2026-06-06
L01808,E01808,cert-enterprise-ai-safety,Certification Ready,True,False,Required lab missing; Manager approval missing,high,Block certification release until missing evidence is resolved,2026-06-06
L01809,E01809,cert-enterprise-ai-safety,Certification Ready,True,False,Assessment below 80,medium,Block certification release until missing evidence is resolved,2026-06-06
L01810,E01810,cert-enterprise-ai-safety,Certification Ready,True,False,Required module missing; Required lab missing,high,Block certification release until missing evidence is resolved,2026-06-06
L01811,E01811,cert-enterprise-ai-safety,Certification Ready,True,False,Required module missing; Required lab missing; Manager approval missing,high,Block certification release until missing evidence is resolved,2026-06-06
L01812,E01812,cert-enterprise-ai-safety,Certification Ready,True,False,Required module missing; Required lab missing,high,Block certification release until missing evidence is resolved,2026-06-06
L01816,E01816,cert-enterprise-ai-safety,Certification Ready,True,False,Required module missing,medium,Block certification release until missing evidence is resolved,2026-06-06
L01817,E01817,cert-enterprise-ai-safety,Certification Ready,True,False,Required module missing; Required lab missing; Manager approval missing,high,Block certification release until missing evidence is resolved,2026-06-06
L01818,E01818,cert-enterprise-ai-safety,Certification Ready,True,False,Required lab missing; Manager approval missing,high,Block certification release until missing evidence is resolved,2026-06-06
L01820,E01820,cert-enterprise-ai-safety,Certification Ready,True,False,Required lab missing; Manager approval missing,high,Block certification release until missing evidence is resolved,2026-06-06
L01822,E01822,cert-enterprise-ai-safety,Certification Ready,True,False,Required module missing,medium,Block certification release until missing evidence is resolved,2026-06-06
L01823,E01823,cert-enterprise-ai-safety,Certification Ready,True,False,Required lab missing,medium,Block certification release until missing evidence is resolved,2026-06-06
L01828,E01828,cert-enterprise-ai-safety,Certification Ready,True,False,Required module missing; Assessment below 80,high,Block certification release until missing evidence is resolved,2026-06-06
L01830,E01830,cert-enterprise-ai-safety,Certification Ready,True,False,Required module missing; Manager approval missing,high,Block certification release until missing evidence is resolved,2026-06-06
L01833,E01833,cert-enterprise-ai-safety,Certification Ready,True,False,Required lab missing,medium,Block certification release until missing evidence is resolved,2026-06-06
L01835,E01835,cert-enterprise-ai-safety,Certification Ready,True,False,Required lab missing; Manager approval missing,high,Block certification release until missing evidence is resolved,2026-06-06
L01838,E01838,cert-enterprise-ai-safety,Certification Ready,True,False,Required module missing; Required lab missing,high,Block certification release until missing evidence is resolved,2026-06-06
L01843,E01843,cert-enterprise-ai-safety,Certification Ready,True,False,Required lab missing; Assessment below 80,high,Block certification release until missing evidence is resolved,2026-06-06
L01844,E01844,cert-enterprise-ai-safety,Certification Ready,True,False,Required module missing; Required lab missing; Assessment below 80,high,Block certification release until missing evidence is resolved,2026-06-06
L01848,E01848,cert-enterprise-ai-safety,Certification Ready,True,False,Required module missing,medium,Block certification release until missing evidence is resolved,2026-06-06
L01850,E01850,cert-enterprise-ai-safety,Certification Ready,True,False,HR eligibility missing,medium,Block certification release until missing evidence is resolved,2026-06-06
L01854,E01854,cert-enterprise-ai-safety,Certification Ready,True,False,Required module missing,medium,Block certification release until missing evidence is resolved,2026-06-06
L01855,E01855,cert-enterprise-ai-safety,Certification Ready,True,False,Required module missing,medium,Block certification release until missing evidence is resolved,2026-06-06
L01861,E01861,cert-enterprise-ai-safety,Certification Ready,True,False,Required lab missing; Assessment below 80; Manager approval missing,high,Block certification release until missing evidence is resolved,2026-06-06
L01862,E01862,cert-enterprise-ai-safety,Certification Ready,True,False,Required lab missing,medium,Block certification release until missing evidence is resolved,2026-06-06
L01866,E01866,cert-enterprise-ai-safety,Certification Ready,True,False,Required module missing; Required lab missing,high,Block certification release until missing evidence is resolved,2026-06-06
L01870,E01870,cert-enterprise-ai-safety,Certification Ready,True,False,Required lab missing,medium,Block certification release until missing evidence is resolved,2026-06-06
L01873,E01873,cert-enterprise-ai-safety,Certification Ready,True,False,Required module missing; Required lab missing,high,Block certification release until missing evidence is resolved,2026-06-06
L01878,E01878,cert-enterprise-ai-safety,Certification Ready,True,False,HR eligibility missing,medium,Block certification release until missing evidence is resolved,2026-06-06
L01881,E01881,cert-enterprise-ai-safety,Certification Ready,True,False,Required lab missing; Manager approval missing,high,Block certification release until missing evidence is resolved,2026-06-06
L01883,E01883,cert-enterprise-ai-safety,Certification Ready,True,False,Required module missing; Required lab missing,high,Block certification release until missing evidence is resolved,2026-06-06
L01884,E01884,cert-enterprise-ai-safety,Certification Ready,True,False,Manager approval missing,medium,Block certification release until missing evidence is resolved,2026-06-06
L01886,E01886,cert-enterprise-ai-safety,Certification Ready,True,False,Required lab missing,medium,Block certification release until missing evidence is resolved,2026-06-06
L01887,E01887,cert-enterprise-ai-safety,Certification Ready,True,False,Required module missing; Required lab missing,high,Block certification release until missing evidence is resolved,2026-06-06
L01888,E01888,cert-enterprise-ai-safety,Certification Ready,True,False,Required module missing; Required lab missing,high,Block certification release until missing evidence is resolved,2026-06-06
L01892,E01892,cert-enterprise-ai-safety,Certification Ready,True,False,Required lab missing,medium,Block certification release until missing evidence is resolved,2026-06-06
L01893,E01893,cert-enterprise-ai-safety,Certification Ready,True,False,Required lab missing,medium,Block certification release until missing evidence is resolved,2026-06-06
L01896,E01896,cert-enterprise-ai-safety,Certification Ready,True,False,HR eligibility missing; Manager approval missing,high,Block certification release until missing evidence is resolved,2026-06-06
L01901,E01901,cert-enterprise-ai-safety,Certification Ready,True,False,HR eligibility missing; Required module missing; Required lab missing,high,Block certification release until missing evidence is resolved,2026-06-06
L01904,E01904,cert-enterprise-ai-safety,Certification Ready,True,False,Required module missing; Assessment below 80,high,Block certification release until missing evidence is resolved,2026-06-06
L01905,E01905,cert-enterprise-ai-safety,Certification Ready,True,False,Required module missing; Required lab missing; Assessment below 80; Manager approval missing,high,Block certification release until missing evidence is resolved,2026-06-06
L01907,E01907,cert-enterprise-ai-safety,Certification Ready,True,False,HR eligibility missing; Required lab missing,high,Block certification release until missing evidence is resolved,2026-06-06
L01908,E01908,cert-enterprise-ai-safety,Certification Ready,True,False,Required module missing; Required lab missing; Assessment below 80,high,Block certification release until missing evidence is resolved,2026-06-06
L01912,E01912,cert-enterprise-ai-safety,Certification Ready,True,False,HR eligibility missing; Assessment below 80,high,Block certification release until missing evidence is resolved,2026-06-06
L01915,E01915,cert-enterprise-ai-safety,Certification Ready,True,False,Required module missing; Required lab missing; Assessment below 80,high,Block certification release until missing evidence is resolved,2026-06-06
L01917,E01917,cert-enterprise-ai-safety,Certification Ready,True,False,Required lab missing; Manager approval missing,high,Block certification release until missing evidence is resolved,2026-06-06
L01918,E01918,cert-enterprise-ai-safety,Certification Ready,True,False,Required module missing; Required lab missing,high,Block certification release until missing evidence is resolved,2026-06-06
L01920,E01920,cert-enterprise-ai-safety,Certification Ready,True,False,Required module missing; Required lab missing,high,Block certification release until missing evidence is resolved,2026-06-06
L01921,E01921,cert-enterprise-ai-safety,Certification Ready,True,False,Required lab missing,medium,Block certification release until missing evidence is resolved,2026-06-06
L01922,E01922,cert-enterprise-ai-safety,Certification Ready,True,False,HR eligibility missing; Required module missing; Required lab missing,high,Block certification release until missing evidence is resolved,2026-06-06
L01923,E01923,cert-enterprise-ai-safety,Certification Ready,True,False,Required lab missing,medium,Block certification release until missing evidence is resolved,2026-06-06
L01924,E01924,cert-enterprise-ai-safety,Certification Ready,True,False,HR eligibility missing,medium,Block certification release until missing evidence is resolved,2026-06-06
L01927,E01927,cert-enterprise-ai-safety,Certification Ready,True,False,Required module missing; Required lab missing; Manager approval missing,high,Block certification release until missing evidence is resolved,2026-06-06
L01930,E01930,cert-enterprise-ai-safety,Certification Ready,True,False,Required module missing,medium,Block certification release until missing evidence is resolved,2026-06-06
L01932,E01932,cert-enterprise-ai-safety,Certification Ready,True,False,Required module missing; Required lab missing,high,Block certification release until missing evidence is resolved,2026-06-06
L01933,E01933,cert-enterprise-ai-safety,Certification Ready,True,False,HR eligibility missing; Required module missing; Required lab missing,high,Block certification release until missing evidence is resolved,2026-06-06
L01934,E01934,cert-enterprise-ai-safety,Certification Ready,True,False,HR eligibility missing; Required module missing,high,Block certification release until missing evidence is resolved,2026-06-06
L01935,E01935,cert-enterprise-ai-safety,Certification Ready,True,False,Required module missing; Required lab missing; Assessment below 80,high,Block certification release until missing evidence is resolved,2026-06-06
L01938,E01938,cert-enterprise-ai-safety,Certification Ready,True,False,Required lab missing,medium,Block certification release until missing evidence is resolved,2026-06-06
L01939,E01939,cert-enterprise-ai-safety,Certification Ready,True,False,Required lab missing,medium,Block certification release until missing evidence is resolved,2026-06-06
L01941,E01941,cert-enterprise-ai-safety,Certification Ready,True,False,Required module missing,medium,Block certification release until missing evidence is resolved,2026-06-06
L01943,E01943,cert-enterprise-ai-safety,Certification Ready,True,False,Required lab missing,medium,Block certification release until missing evidence is resolved,2026-06-06
L01947,E01947,cert-enterprise-ai-safety,Certification Ready,True,False,Required lab missing; Manager approval missing,high,Block certification release until missing evidence is resolved,2026-06-06
L01950,E01950,cert-enterprise-ai-safety,Certification Ready,True,False,Required lab missing,medium,Block certification release until missing evidence is resolved,2026-06-06
L01953,E01953,cert-enterprise-ai-safety,Certification Ready,True,False,Required module missing; Required lab missing,high,Block certification release until missing evidence is resolved,2026-06-06
L01959,E01959,cert-enterprise-ai-safety,Certification Ready,True,False,Required lab missing,medium,Block certification release until missing evidence is resolved,2026-06-06
L01961,E01961,cert-enterprise-ai-safety,Certification Ready,True,False,Required module missing; Required lab missing; Assessment below 80,high,Block certification release until missing evidence is resolved,2026-06-06
L01962,E01962,cert-enterprise-ai-safety,Certification Ready,True,False,Required lab missing,medium,Block certification release until missing evidence is resolved,2026-06-06
L01963,E01963,cert-enterprise-ai-safety,Certification Ready,True,False,HR eligibility missing; Required module missing; Required lab missing,high,Block certification release until missing evidence is resolved,2026-06-06
L01965,E01965,cert-enterprise-ai-safety,Certification Ready,True,False,Required lab missing,medium,Block certification release until missing evidence is resolved,2026-06-06
L01967,E01967,cert-enterprise-ai-safety,Certification Ready,True,False,Required module missing; Required lab missing,high,Block certification release until missing evidence is resolved,2026-06-06
L01968,E01968,cert-enterprise-ai-safety,Certification Ready,True,False,Required module missing,medium,Block certification release until missing evidence is resolved,2026-06-06
L01970,E01970,cert-enterprise-ai-safety,Certification Ready,True,False,HR eligibility missing; Required module missing; Required lab missing,high,Block certification release until missing evidence is resolved,2026-06-06
L01976,E01976,cert-enterprise-ai-safety,Certification Ready,True,False,HR eligibility missing,medium,Block certification release until missing evidence is resolved,2026-06-06
L01978,E01978,cert-enterprise-ai-safety,Certification Ready,True,False,HR eligibility missing; Required module missing; Manager approval missing,high,Block certification release until missing evidence is resolved,2026-06-06
L01979,E01979,cert-enterprise-ai-safety,Certification Ready,True,False,Required lab missing,medium,Block certification release until missing evidence is resolved,2026-06-06
L01982,E01982,cert-enterprise-ai-safety,Certification Ready,True,False,Required lab missing,medium,Block certification release until missing evidence is resolved,2026-06-06
L01987,E01987,cert-enterprise-ai-safety,Certification Ready,True,False,HR eligibility missing; Assessment below 80; Manager approval missing,high,Block certification release until missing evidence is resolved,2026-06-06
L01989,E01989,cert-enterprise-ai-safety,Certification Ready,True,False,Required module missing; Manager approval missing,high,Block certification release until missing evidence is resolved,2026-06-06
L01990,E01990,cert-enterprise-ai-safety,Certification Ready,True,False,Required module missing; Manager approval missing,high,Block certification release until missing evidence is resolved,2026-06-06
L01993,E01993,cert-enterprise-ai-safety,Certification Ready,True,False,Required lab missing; Assessment below 80,high,Block certification release until missing evidence is resolved,2026-06-06
L01998,E01998,cert-enterprise-ai-safety,Certification Ready,True,False,HR eligibility missing; Required module missing; Required lab missing; Manager approval missing,high,Block certification release until missing evidence is resolved,2026-06-06
L01999,E01999,cert-enterprise-ai-safety,Certification Ready,True,False,Required module missing,medium,Block certification release until missing evidence is resolved,2026-06-06
L02001,E02001,cert-enterprise-ai-safety,Certification Ready,True,False,Required lab missing; Assessment below 80,high,Block certification release until missing evidence is resolved,2026-06-06
L02004,E02004,cert-enterprise-ai-safety,Certification Ready,True,False,Required module missing,medium,Block certification release until missing evidence is resolved,2026-06-06
L02007,E02007,cert-enterprise-ai-safety,Certification Ready,True,False,Required lab missing; Manager approval missing,high,Block certification release until missing evidence is resolved,2026-06-06
L02009,E02009,cert-enterprise-ai-safety,Certification Ready,True,False,Required module missing; Required lab missing,high,Block certification release until missing evidence is resolved,2026-06-06
L02010,E02010,cert-enterprise-ai-safety,Certification Ready,True,False,HR eligibility missing,medium,Block certification release until missing evidence is resolved,2026-06-06
L02019,E02019,cert-enterprise-ai-safety,Certification Ready,True,False,HR eligibility missing; Required lab missing; Assessment below 80; Manager approval missing,high,Block certification release until missing evidence is resolved,2026-06-06
L02020,E02020,cert-enterprise-ai-safety,Certification Ready,True,False,Required module missing; Manager approval missing,high,Block certification release until missing evidence is resolved,2026-06-06
L02023,E02023,cert-enterprise-ai-safety,Certification Ready,True,False,Required lab missing,medium,Block certification release until missing evidence is resolved,2026-06-06
L02024,E02024,cert-enterprise-ai-safety,Certification Ready,True,False,Required module missing; Required lab missing,high,Block certification release until missing evidence is resolved,2026-06-06
L02030,E02030,cert-enterprise-ai-safety,Certification Ready,True,False,HR eligibility missing; Required module missing; Required lab missing; Assessment below 80,high,Block certification release until missing evidence is resolved,2026-06-06
L02032,E02032,cert-enterprise-ai-safety,Certification Ready,True,False,Required module missing; Required lab missing; Assessment below 80,high,Block certification release until missing evidence is resolved,2026-06-06
L02033,E02033,cert-enterprise-ai-safety,Certification Ready,True,False,Required module missing; Assessment below 80,high,Block certification release until missing evidence is resolved,2026-06-06
L02035,E02035,cert-enterprise-ai-safety,Certification Ready,True,False,Required lab missing; Assessment below 80; Manager approval missing,high,Block certification release until missing evidence is resolved,2026-06-06
L02041,E02041,cert-enterprise-ai-safety,Certification Ready,True,False,Required module missing; Required lab missing; Assessment below 80,high,Block certification release until missing evidence is resolved,2026-06-06
L02042,E02042,cert-enterprise-ai-safety,Certification Ready,True,False,Required module missing; Required lab missing,high,Block certification release until missing evidence is resolved,2026-06-06
L02044,E02044,cert-enterprise-ai-safety,Certification Ready,True,False,HR eligibility missing; Required module missing,high,Block certification release until missing evidence is resolved,2026-06-06
L02045,E02045,cert-enterprise-ai-safety,Certification Ready,True,False,Required module missing; Required lab missing; Manager approval missing,high,Block certification release until missing evidence is resolved,2026-06-06
L02046,E02046,cert-enterprise-ai-safety,Certification Ready,True,False,Required lab missing,medium,Block certification release until missing evidence is resolved,2026-06-06
L02048,E02048,cert-enterprise-ai-safety,Certification Ready,True,False,HR eligibility missing; Required module missing; Required lab missing; Manager approval missing,high,Block certification release until missing evidence is resolved,2026-06-06
L02049,E02049,cert-enterprise-ai-safety,Certification Ready,True,False,HR eligibility missing,medium,Block certification release until missing evidence is resolved,2026-06-06
L02050,E02050,cert-enterprise-ai-safety,Certification Ready,True,False,Required module missing,medium,Block certification release until missing evidence is resolved,2026-06-06
L02053,E02053,cert-enterprise-ai-safety,Certification Ready,True,False,Required lab missing,medium,Block certification release until missing evidence is resolved,2026-06-06
L02056,E02056,cert-enterprise-ai-safety,Certification Ready,True,False,HR eligibility missing; Required module missing; Required lab missing; Manager approval missing,high,Block certification release until missing evidence is resolved,2026-06-06
L02057,E02057,cert-enterprise-ai-safety,Certification Ready,True,False,HR eligibility missing; Required module missing; Required lab missing; Manager approval missing,high,Block certification release until missing evidence is resolved,2026-06-06
L02060,E02060,cert-enterprise-ai-safety,Certification Ready,True,False,Required lab missing,medium,Block certification release until missing evidence is resolved,2026-06-06
L02062,E02062,cert-enterprise-ai-safety,Certification Ready,True,False,Required module missing; Required lab missing; Manager approval missing,high,Block certification release until missing evidence is resolved,2026-06-06
L02069,E02069,cert-enterprise-ai-safety,Certification Ready,True,False,Required module missing; Required lab missing,high,Block certification release until missing evidence is resolved,2026-06-06
L02072,E02072,cert-enterprise-ai-safety,Certification Ready,True,False,Required module missing; Required lab missing,high,Block certification release until missing evidence is resolved,2026-06-06
L02074,E02074,cert-enterprise-ai-safety,Certification Ready,True,False,Required lab missing; Manager approval missing,high,Block certification release until missing evidence is resolved,2026-06-06
L02076,E02076,cert-enterprise-ai-safety,Certification Ready,True,False,Required lab missing,medium,Block certification release until missing evidence is resolved,2026-06-06
L02085,E02085,cert-enterprise-ai-safety,Certification Ready,True,False,Required lab missing,medium,Block certification release until missing evidence is resolved,2026-06-06
L02086,E02086,cert-enterprise-ai-safety,Certification Ready,True,False,Required lab missing; Manager approval missing,high,Block certification release until missing evidence is resolved,2026-06-06
L02087,E02087,cert-enterprise-ai-safety,Certification Ready,True,False,Required module missing; Required lab missing; Assessment below 80; Manager approval missing,high,Block certification release until missing evidence is resolved,2026-06-06
L02089,E02089,cert-enterprise-ai-safety,Certification Ready,True,False,Required lab missing,medium,Block certification release until missing evidence is resolved,2026-06-06
L02091,E02091,cert-enterprise-ai-safety,Certification Ready,True,False,Required lab missing,medium,Block certification release until missing evidence is resolved,2026-06-06
L02095,E02095,cert-enterprise-ai-safety,Certification Ready,True,False,HR eligibility missing; Assessment below 80; Manager approval missing,high,Block certification release until missing evidence is resolved,2026-06-06
L02100,E02100,cert-enterprise-ai-safety,Certification Ready,True,False,Required lab missing,medium,Block certification release until missing evidence is resolved,2026-06-06
L02101,E02101,cert-enterprise-ai-safety,Certification Ready,True,False,Required lab missing,medium,Block certification release until missing evidence is resolved,2026-06-06
L02108,E02108,cert-enterprise-ai-safety,Certification Ready,True,False,Required module missing; Required lab missing,high,Block certification release until missing evidence is resolved,2026-06-06
L02110,E02110,cert-enterprise-ai-safety,Certification Ready,True,False,Required lab missing; Assessment below 80,high,Block certification release until missing evidence is resolved,2026-06-06
L02114,E02114,cert-enterprise-ai-safety,Certification Ready,True,False,Required lab missing; Manager approval missing,high,Block certification release until missing evidence is resolved,2026-06-06
L02116,E02116,cert-enterprise-ai-safety,Certification Ready,True,False,Required module missing; Required lab missing; Assessment below 80,high,Block certification release until missing evidence is resolved,2026-06-06
L02117,E02117,cert-enterprise-ai-safety,Certification Ready,True,False,Required module missing,medium,Block certification release until missing evidence is resolved,2026-06-06
L02118,E02118,cert-enterprise-ai-safety,Certification Ready,True,False,HR eligibility missing; Assessment below 80; Manager approval missing,high,Block certification release until missing evidence is resolved,2026-06-06
L02119,E02119,cert-enterprise-ai-safety,Certification Ready,True,False,Required module missing; Required lab missing,high,Block certification release until missing evidence is resolved,2026-06-06
L02120,E02120,cert-enterprise-ai-safety,Certification Ready,True,False,Required module missing; Assessment below 80,high,Block certification release until missing evidence is resolved,2026-06-06
L02122,E02122,cert-enterprise-ai-safety,Certification Ready,True,False,Required lab missing,medium,Block certification release until missing evidence is resolved,2026-06-06
L02123,E02123,cert-enterprise-ai-safety,Certification Ready,True,False,Required lab missing,medium,Block certification release until missing evidence is resolved,2026-06-06
L02125,E02125,cert-enterprise-ai-safety,Certification Ready,True,False,Required module missing; Assessment below 80,high,Block certification release until missing evidence is resolved,2026-06-06
L02127,E02127,cert-enterprise-ai-safety,Certification Ready,True,False,Required module missing; Required lab missing,high,Block certification release until missing evidence is resolved,2026-06-06
L02128,E02128,cert-enterprise-ai-safety,Certification Ready,True,False,Required lab missing,medium,Block certification release until missing evidence is resolved,2026-06-06
L02129,E02129,cert-enterprise-ai-safety,Certification Ready,True,False,Required module missing,medium,Block certification release until missing evidence is resolved,2026-06-06
L02130,E02130,cert-enterprise-ai-safety,Certification Ready,True,False,Required module missing; Manager approval missing,high,Block certification release until missing evidence is resolved,2026-06-06
L02132,E02132,cert-enterprise-ai-safety,Certification Ready,True,False,Required module missing; Required lab missing,high,Block certification release until missing evidence is resolved,2026-06-06
L02133,E02133,cert-enterprise-ai-safety,Certification Ready,True,False,Required lab missing,medium,Block certification release until missing evidence is resolved,2026-06-06
L02135,E02135,cert-enterprise-ai-safety,Certification Ready,True,False,Required lab missing,medium,Block certification release until missing evidence is resolved,2026-06-06
L02136,E02136,cert-enterprise-ai-safety,Certification Ready,True,False,Required lab missing; Manager approval missing,high,Block certification release until missing evidence is resolved,2026-06-06
L02137,E02137,cert-enterprise-ai-safety,Certification Ready,True,False,HR eligibility missing; Required lab missing; Manager approval missing,high,Block certification release until missing evidence is resolved,2026-06-06
L02138,E02138,cert-enterprise-ai-safety,Certification Ready,True,False,Required lab missing,medium,Block certification release until missing evidence is resolved,2026-06-06
L02144,E02144,cert-enterprise-ai-safety,Certification Ready,True,False,HR eligibility missing; Required module missing; Assessment below 80,high,Block certification release until missing evidence is resolved,2026-06-06
L02147,E02147,cert-enterprise-ai-safety,Certification Ready,True,False,Required module missing; Required lab missing; Assessment below 80,high,Block certification release until missing evidence is resolved,2026-06-06
L02148,E02148,cert-enterprise-ai-safety,Certification Ready,True,False,Required lab missing,medium,Block certification release until missing evidence is resolved,2026-06-06
L02154,E02154,cert-enterprise-ai-safety,Certification Ready,True,False,HR eligibility missing; Required module missing; Required lab missing,high,Block certification release until missing evidence is resolved,2026-06-06
L02157,E02157,cert-enterprise-ai-safety,Certification Ready,True,False,Required module missing; Required lab missing; Manager approval missing,high,Block certification release until missing evidence is resolved,2026-06-06
L02159,E02159,cert-enterprise-ai-safety,Certification Ready,True,False,Required module missing; Required lab missing; Manager approval missing,high,Block certification release until missing evidence is resolved,2026-06-06
L02162,E02162,cert-enterprise-ai-safety,Certification Ready,True,False,Required lab missing,medium,Block certification release until missing evidence is resolved,2026-06-06
L02163,E02163,cert-enterprise-ai-safety,Certification Ready,True,False,Required lab missing; Manager approval missing,high,Block certification release until missing evidence is resolved,2026-06-06
L02170,E02170,cert-enterprise-ai-safety,Certification Ready,True,False,Manager approval missing,medium,Block certification release until missing evidence is resolved,2026-06-06
L02171,E02171,cert-enterprise-ai-safety,Certification Ready,True,False,Required module missing; Assessment below 80,high,Block certification release until missing evidence is resolved,2026-06-06
L02173,E02173,cert-enterprise-ai-safety,Certification Ready,True,False,Required lab missing; Assessment below 80,high,Block certification release until missing evidence is resolved,2026-06-06
L02175,E02175,cert-enterprise-ai-safety,Certification Ready,True,False,Required module missing,medium,Block certification release until missing evidence is resolved,2026-06-06
L02178,E02178,cert-enterprise-ai-safety,Certification Ready,True,False,Required module missing,medium,Block certification release until missing evidence is resolved,2026-06-06
L02179,E02179,cert-enterprise-ai-safety,Certification Ready,True,False,HR eligibility missing; Required lab missing,high,Block certification release until missing evidence is resolved,2026-06-06
L02180,E02180,cert-enterprise-ai-safety,Certification Ready,True,False,Required module missing; Required lab missing,high,Block certification release until missing evidence is resolved,2026-06-06
L02181,E02181,cert-enterprise-ai-safety,Certification Ready,True,False,HR eligibility missing; Assessment below 80; Manager approval missing,high,Block certification release until missing evidence is resolved,2026-06-06
L02185,E02185,cert-enterprise-ai-safety,Certification Ready,True,False,Required module missing; Required lab missing,high,Block certification release until missing evidence is resolved,2026-06-06
L02186,E02186,cert-enterprise-ai-safety,Certification Ready,True,False,Required module missing; Required lab missing,high,Block certification release until missing evidence is resolved,2026-06-06
L02188,E02188,cert-enterprise-ai-safety,Certification Ready,True,False,Required lab missing; Assessment below 80,high,Block certification release until missing evidence is resolved,2026-06-06
L02190,E02190,cert-enterprise-ai-safety,Certification Ready,True,False,HR eligibility missing; Required lab missing; Assessment below 80; Manager approval missing,high,Block certification release until missing evidence is resolved,2026-06-06
L02191,E02191,cert-enterprise-ai-safety,Certification Ready,True,False,HR eligibility missing; Required module missing; Required lab missing,high,Block certification release until missing evidence is resolved,2026-06-06
L02192,E02192,cert-enterprise-ai-safety,Certification Ready,True,False,Required module missing,medium,Block certification release until missing evidence is resolved,2026-06-06
L02193,E02193,cert-enterprise-ai-safety,Certification Ready,True,False,Assessment below 80,medium,Block certification release until missing evidence is resolved,2026-06-06
L02194,E02194,cert-enterprise-ai-safety,Certification Ready,True,False,Required module missing; Required lab missing; Assessment below 80,high,Block certification release until missing evidence is resolved,2026-06-06
L02196,E02196,cert-enterprise-ai-safety,Certification Ready,True,False,Required module missing,medium,Block certification release until missing evidence is resolved,2026-06-06
L02201,E02201,cert-enterprise-ai-safety,Certification Ready,True,False,Required lab missing; Assessment below 80,high,Block certification release until missing evidence is resolved,2026-06-06
L02203,E02203,cert-enterprise-ai-safety,Certification Ready,True,False,Manager approval missing,medium,Block certification release until missing evidence is resolved,2026-06-06
L02205,E02205,cert-enterprise-ai-safety,Certification Ready,True,False,Required module missing; Required lab missing,high,Block certification release until missing evidence is resolved,2026-06-06
L02207,E02207,cert-enterprise-ai-safety,Certification Ready,True,False,Required module missing; Required lab missing; Assessment below 80,high,Block certification release until missing evidence is resolved,2026-06-06
L02208,E02208,cert-enterprise-ai-safety,Certification Ready,True,False,Required lab missing; Manager approval missing,high,Block certification release until missing evidence is resolved,2026-06-06
L02213,E02213,cert-enterprise-ai-safety,Certification Ready,True,False,HR eligibility missing; Required module missing; Required lab missing,high,Block certification release until missing evidence is resolved,2026-06-06
L02214,E02214,cert-enterprise-ai-safety,Certification Ready,True,False,Required module missing; Required lab missing,high,Block certification release until missing evidence is resolved,2026-06-06
L02218,E02218,cert-enterprise-ai-safety,Certification Ready,True,False,HR eligibility missing; Required module missing,high,Block certification release until missing evidence is resolved,2026-06-06
L02219,E02219,cert-enterprise-ai-safety,Certification Ready,True,False,Required lab missing; Manager approval missing,high,Block certification release until missing evidence is resolved,2026-06-06
L02220,E02220,cert-enterprise-ai-safety,Certification Ready,True,False,Assessment below 80,medium,Block certification release until missing evidence is resolved,2026-06-06
L02222,E02222,cert-enterprise-ai-safety,Certification Ready,True,False,Required lab missing,medium,Block certification release until missing evidence is resolved,2026-06-06
L02227,E02227,cert-enterprise-ai-safety,Certification Ready,True,False,Required lab missing,medium,Block certification release until missing evidence is resolved,2026-06-06
L02229,E02229,cert-enterprise-ai-safety,Certification Ready,True,False,Required lab missing; Manager approval missing,high,Block certification release until missing evidence is resolved,2026-06-06
L02232,E02232,cert-enterprise-ai-safety,Certification Ready,True,False,Required module missing; Required lab missing,high,Block certification release until missing evidence is resolved,2026-06-06
L02236,E02236,cert-enterprise-ai-safety,Certification Ready,True,False,Required lab missing,medium,Block certification release until missing evidence is resolved,2026-06-06
L02237,E02237,cert-enterprise-ai-safety,Certification Ready,True,False,Required lab missing,medium,Block certification release until missing evidence is resolved,2026-06-06
L02239,E02239,cert-enterprise-ai-safety,Certification Ready,True,False,Required lab missing; Assessment below 80,high,Block certification release until missing evidence is resolved,2026-06-06
L02242,E02242,cert-enterprise-ai-safety,Certification Ready,True,False,Assessment below 80; Manager approval missing,high,Block certification release until missing evidence is resolved,2026-06-06
L02244,E02244,cert-enterprise-ai-safety,Certification Ready,True,False,Required lab missing; Assessment below 80,high,Block certification release until missing evidence is resolved,2026-06-06
L02245,E02245,cert-enterprise-ai-safety,Certification Ready,True,False,Assessment below 80; Manager approval missing,high,Block certification release until missing evidence is resolved,2026-06-06
L02246,E02246,cert-enterprise-ai-safety,Certification Ready,True,False,HR eligibility missing; Required lab missing; Assessment below 80,high,Block certification release until missing evidence is resolved,2026-06-06
L02248,E02248,cert-enterprise-ai-safety,Certification Ready,True,False,Required module missing; Required lab missing; Assessment below 80,high,Block certification release until missing evidence is resolved,2026-06-06
L02255,E02255,cert-enterprise-ai-safety,Certification Ready,True,False,Required module missing; Required lab missing,high,Block certification release until missing evidence is resolved,2026-06-06
L02259,E02259,cert-enterprise-ai-safety,Certification Ready,True,False,Assessment below 80,medium,Block certification release until missing evidence is resolved,2026-06-06
L02265,E02265,cert-enterprise-ai-safety,Certification Ready,True,False,Required module missing; Manager approval missing,high,Block certification release until missing evidence is resolved,2026-06-06
L02266,E02266,cert-enterprise-ai-safety,Certification Ready,True,False,Required module missing,medium,Block certification release until missing evidence is resolved,2026-06-06
L02267,E02267,cert-enterprise-ai-safety,Certification Ready,True,False,Required module missing,medium,Block certification release until missing evidence is resolved,2026-06-06
L02270,E02270,cert-enterprise-ai-safety,Certification Ready,True,False,HR eligibility missing; Required module missing; Required lab missing; Manager approval missing,high,Block certification release until missing evidence is resolved,2026-06-06
L02275,E02275,cert-enterprise-ai-safety,Certification Ready,True,False,Required module missing,medium,Block certification release until missing evidence is resolved,2026-06-06
L02278,E02278,cert-enterprise-ai-safety,Certification Ready,True,False,Required module missing; Required lab missing,high,Block certification release until missing evidence is resolved,2026-06-06
L02279,E02279,cert-enterprise-ai-safety,Certification Ready,True,False,Required module missing; Required lab missing; Assessment below 80; Manager approval missing,high,Block certification release until missing evidence is resolved,2026-06-06
L02280,E02280,cert-enterprise-ai-safety,Certification Ready,True,False,Required module missing; Required lab missing,high,Block certification release until missing evidence is resolved,2026-06-06
L02282,E02282,cert-enterprise-ai-safety,Certification Ready,True,False,Required lab missing,medium,Block certification release until missing evidence is resolved,2026-06-06
L02283,E02283,cert-enterprise-ai-safety,Certification Ready,True,False,HR eligibility missing; Manager approval missing,high,Block certification release until missing evidence is resolved,2026-06-06
L02284,E02284,cert-enterprise-ai-safety,Certification Ready,True,False,Required lab missing,medium,Block certification release until missing evidence is resolved,2026-06-06
L02285,E02285,cert-enterprise-ai-safety,Certification Ready,True,False,Required module missing; Required lab missing; Assessment below 80; Manager approval missing,high,Block certification release until missing evidence is resolved,2026-06-06
L02286,E02286,cert-enterprise-ai-safety,Certification Ready,True,False,Required module missing; Required lab missing,high,Block certification release until missing evidence is resolved,2026-06-06
L02287,E02287,cert-enterprise-ai-safety,Certification Ready,True,False,Required module missing,medium,Block certification release until missing evidence is resolved,2026-06-06
L02288,E02288,cert-enterprise-ai-safety,Certification Ready,True,False,Required module missing; Required lab missing,high,Block certification release until missing evidence is resolved,2026-06-06
L02289,E02289,cert-enterprise-ai-safety,Certification Ready,True,False,Required module missing; Required lab missing; Manager approval missing,high,Block certification release until missing evidence is resolved,2026-06-06
L02290,E02290,cert-enterprise-ai-safety,Certification Ready,True,False,Required module missing,medium,Block certification release until missing evidence is resolved,2026-06-06
L02291,E02291,cert-enterprise-ai-safety,Certification Ready,True,False,Required module missing; Manager approval missing,high,Block certification release until missing evidence is resolved,2026-06-06
L02294,E02294,cert-enterprise-ai-safety,Certification Ready,True,False,Required module missing,medium,Block certification release until missing evidence is resolved,2026-06-06
L02295,E02295,cert-enterprise-ai-safety,Certification Ready,True,False,Required module missing,medium,Block certification release until missing evidence is resolved,2026-06-06
L02300,E02300,cert-enterprise-ai-safety,Certification Ready,True,False,HR eligibility missing; Required lab missing,high,Block certification release until missing evidence is resolved,2026-06-06
L02302,E02302,cert-enterprise-ai-safety,Certification Ready,True,False,Required module missing; Required lab missing; Assessment below 80,high,Block certification release until missing evidence is resolved,2026-06-06
L02303,E02303,cert-enterprise-ai-safety,Certification Ready,True,False,Required lab missing,medium,Block certification release until missing evidence is resolved,2026-06-06
L02304,E02304,cert-enterprise-ai-safety,Certification Ready,True,False,Required lab missing; Assessment below 80; Manager approval missing,high,Block certification release until missing evidence is resolved,2026-06-06
L02306,E02306,cert-enterprise-ai-safety,Certification Ready,True,False,Required module missing; Required lab missing,high,Block certification release until missing evidence is resolved,2026-06-06
L02309,E02309,cert-enterprise-ai-safety,Certification Ready,True,False,Manager approval missing,medium,Block certification release until missing evidence is resolved,2026-06-06
L02310,E02310,cert-enterprise-ai-safety,Certification Ready,True,False,Required lab missing; Manager approval missing,high,Block certification release until missing evidence is resolved,2026-06-06
L02311,E02311,cert-enterprise-ai-safety,Certification Ready,True,False,HR eligibility missing; Required lab missing; Manager approval missing,high,Block certification release until missing evidence is resolved,2026-06-06
L02312,E02312,cert-enterprise-ai-safety,Certification Ready,True,False,Required module missing; Required lab missing; Assessment below 80; Manager approval missing,high,Block certification release until missing evidence is resolved,2026-06-06
L02313,E02313,cert-enterprise-ai-safety,Certification Ready,True,False,Required module missing; Required lab missing,high,Block certification release until missing evidence is resolved,2026-06-06
L02314,E02314,cert-enterprise-ai-safety,Certification Ready,True,False,Required module missing; Required lab missing,high,Block certification release until missing evidence is resolved,2026-06-06
L02317,E02317,cert-enterprise-ai-safety,Certification Ready,True,False,Required module missing; Required lab missing,high,Block certification release until missing evidence is resolved,2026-06-06
L02322,E02322,cert-enterprise-ai-safety,Certification Ready,True,False,Required lab missing,medium,Block certification release until missing evidence is resolved,2026-06-06
L02325,E02325,cert-enterprise-ai-safety,Certification Ready,True,False,Required module missing; Required lab missing; Assessment below 80,high,Block certification release until missing evidence is resolved,2026-06-06
L02326,E02326,cert-enterprise-ai-safety,Certification Ready,True,False,Required module missing,medium,Block certification release until missing evidence is resolved,2026-06-06
L02327,E02327,cert-enterprise-ai-safety,Certification Ready,True,False,Required lab missing,medium,Block certification release until missing evidence is resolved,2026-06-06
L02328,E02328,cert-enterprise-ai-safety,Certification Ready,True,False,Required module missing; Required lab missing,high,Block certification release until missing evidence is resolved,2026-06-06
L02329,E02329,cert-enterprise-ai-safety,Certification Ready,True,False,Required module missing,medium,Block certification release until missing evidence is resolved,2026-06-06
L02333,E02333,cert-enterprise-ai-safety,Certification Ready,True,False,Required module missing,medium,Block certification release until missing evidence is resolved,2026-06-06
L02335,E02335,cert-enterprise-ai-safety,Certification Ready,True,False,HR eligibility missing; Required module missing; Assessment below 80,high,Block certification release until missing evidence is resolved,2026-06-06
L02338,E02338,cert-enterprise-ai-safety,Certification Ready,True,False,Required module missing; Required lab missing; Manager approval missing,high,Block certification release until missing evidence is resolved,2026-06-06
L02339,E02339,cert-enterprise-ai-safety,Certification Ready,True,False,Required lab missing,medium,Block certification release until missing evidence is resolved,2026-06-06
L02347,E02347,cert-enterprise-ai-safety,Certification Ready,True,False,Required lab missing,medium,Block certification release until missing evidence is resolved,2026-06-06
L02348,E02348,cert-enterprise-ai-safety,Certification Ready,True,False,Required lab missing,medium,Block certification release until missing evidence is resolved,2026-06-06
L02351,E02351,cert-enterprise-ai-safety,Certification Ready,True,False,HR eligibility missing,medium,Block certification release until missing evidence is resolved,2026-06-06
L02354,E02354,cert-enterprise-ai-safety,Certification Ready,True,False,Required module missing; Required lab missing,high,Block certification release until missing evidence is resolved,2026-06-06
L02358,E02358,cert-enterprise-ai-safety,Certification Ready,True,False,Required module missing,medium,Block certification release until missing evidence is resolved,2026-06-06
L02360,E02360,cert-enterprise-ai-safety,Certification Ready,True,False,HR eligibility missing; Required module missing; Required lab missing,high,Block certification release until missing evidence is resolved,2026-06-06
L02361,E02361,cert-enterprise-ai-safety,Certification Ready,True,False,Required module missing; Required lab missing,high,Block certification release until missing evidence is resolved,2026-06-06
L02366,E02366,cert-enterprise-ai-safety,Certification Ready,True,False,Required module missing; Required lab missing,high,Block certification release until missing evidence is resolved,2026-06-06
L02369,E02369,cert-enterprise-ai-safety,Certification Ready,True,False,Required module missing; Required lab missing; Assessment below 80,high,Block certification release until missing evidence is resolved,2026-06-06
L02373,E02373,cert-enterprise-ai-safety,Certification Ready,True,False,Required lab missing,medium,Block certification release until missing evidence is resolved,2026-06-06
L02374,E02374,cert-enterprise-ai-safety,Certification Ready,True,False,Required module missing; Manager approval missing,high,Block certification release until missing evidence is resolved,2026-06-06
L02375,E02375,cert-enterprise-ai-safety,Certification Ready,True,False,Required module missing; Required lab missing; Manager approval missing,high,Block certification release until missing evidence is resolved,2026-06-06
L02376,E02376,cert-enterprise-ai-safety,Certification Ready,True,False,Required module missing; Required lab missing,high,Block certification release until missing evidence is resolved,2026-06-06
L02378,E02378,cert-enterprise-ai-safety,Certification Ready,True,False,Required lab missing,medium,Block certification release until missing evidence is resolved,2026-06-06
L02389,E02389,cert-enterprise-ai-safety,Certification Ready,True,False,Required module missing,medium,Block certification release until missing evidence is resolved,2026-06-06
L02392,E02392,cert-enterprise-ai-safety,Certification Ready,True,False,Required module missing; Required lab missing,high,Block certification release until missing evidence is resolved,2026-06-06
L02394,E02394,cert-enterprise-ai-safety,Certification Ready,True,False,Required module missing; Required lab missing,high,Block certification release until missing evidence is resolved,2026-06-06
L02396,E02396,cert-enterprise-ai-safety,Certification Ready,True,False,HR eligibility missing; Required lab missing,high,Block certification release until missing evidence is resolved,2026-06-06
L02397,E02397,cert-enterprise-ai-safety,Certification Ready,True,False,Required lab missing,medium,Block certification release until missing evidence is resolved,2026-06-06
L02398,E02398,cert-enterprise-ai-safety,Certification Ready,True,False,Required module missing,medium,Block certification release until missing evidence is resolved,2026-06-06
L02400,E02400,cert-enterprise-ai-safety,Certification Ready,True,False,Required module missing,medium,Block certification release until missing evidence is resolved,2026-06-06
L02402,E02402,cert-enterprise-ai-safety,Certification Ready,True,False,Required module missing; Assessment below 80,high,Block certification release until missing evidence is resolved,2026-06-06
L02403,E02403,cert-enterprise-ai-safety,Certification Ready,True,False,Required lab missing; Assessment below 80,high,Block certification release until missing evidence is resolved,2026-06-06
L02412,E02412,cert-enterprise-ai-safety,Certification Ready,True,False,Required lab missing; Manager approval missing,high,Block certification release until missing evidence is resolved,2026-06-06
L02414,E02414,cert-enterprise-ai-safety,Certification Ready,True,False,Required module missing; Required lab missing,high,Block certification release until missing evidence is resolved,2026-06-06
L02416,E02416,cert-enterprise-ai-safety,Certification Ready,True,False,Required module missing,medium,Block certification release until missing evidence is resolved,2026-06-06
L02418,E02418,cert-enterprise-ai-safety,Certification Ready,True,False,Required lab missing; Assessment below 80,high,Block certification release until missing evidence is resolved,2026-06-06
L02419,E02419,cert-enterprise-ai-safety,Certification Ready,True,False,Required module missing,medium,Block certification release until missing evidence is resolved,2026-06-06
L02420,E02420,cert-enterprise-ai-safety,Certification Ready,True,False,Required module missing; Manager approval missing,high,Block certification release until missing evidence is resolved,2026-06-06
L02422,E02422,cert-enterprise-ai-safety,Certification Ready,True,False,Required module missing,medium,Block certification release until missing evidence is resolved,2026-06-06
L02424,E02424,cert-enterprise-ai-safety,Certification Ready,True,False,Required lab missing; Manager approval missing,high,Block certification release until missing evidence is resolved,2026-06-06
L02425,E02425,cert-enterprise-ai-safety,Certification Ready,True,False,Required module missing,medium,Block certification release until missing evidence is resolved,2026-06-06
L02426,E02426,cert-enterprise-ai-safety,Certification Ready,True,False,Required module missing; Required lab missing; Assessment below 80; Manager approval missing,high,Block certification release until missing evidence is resolved,2026-06-06
L02428,E02428,cert-enterprise-ai-safety,Certification Ready,True,False,Required module missing,medium,Block certification release until missing evidence is resolved,2026-06-06
L02432,E02432,cert-enterprise-ai-safety,Certification Ready,True,False,Required module missing; Required lab missing,high,Block certification release until missing evidence is resolved,2026-06-06
L02433,E02433,cert-enterprise-ai-safety,Certification Ready,True,False,Required module missing; Required lab missing; Assessment below 80; Manager approval missing,high,Block certification release until missing evidence is resolved,2026-06-06
L02435,E02435,cert-enterprise-ai-safety,Certification Ready,True,False,Required module missing; Manager approval missing,high,Block certification release until missing evidence is resolved,2026-06-06
L02436,E02436,cert-enterprise-ai-safety,Certification Ready,True,False,Required module missing; Assessment below 80,high,Block certification release until missing evidence is resolved,2026-06-06
L02438,E02438,cert-enterprise-ai-safety,Certification Ready,True,False,HR eligibility missing; Required module missing; Required lab missing; Manager approval missing,high,Block certification release until missing evidence is resolved,2026-06-06
L02439,E02439,cert-enterprise-ai-safety,Certification Ready,True,False,Required lab missing; Assessment below 80; Manager approval missing,high,Block certification release until missing evidence is resolved,2026-06-06
L02441,E02441,cert-enterprise-ai-safety,Certification Ready,True,False,Required module missing,medium,Block certification release until missing evidence is resolved,2026-06-06
L02444,E02444,cert-enterprise-ai-safety,Certification Ready,True,False,HR eligibility missing; Required lab missing,high,Block certification release until missing evidence is resolved,2026-06-06
L02445,E02445,cert-enterprise-ai-safety,Certification Ready,True,False,Required module missing; Required lab missing,high,Block certification release until missing evidence is resolved,2026-06-06
L02449,E02449,cert-enterprise-ai-safety,Certification Ready,True,False,Required lab missing,medium,Block certification release until missing evidence is resolved,2026-06-06
L02451,E02451,cert-enterprise-ai-safety,Certification Ready,True,False,Assessment below 80,medium,Block certification release until missing evidence is resolved,2026-06-06
L02456,E02456,cert-enterprise-ai-safety,Certification Ready,True,False,Required module missing; Required lab missing,high,Block certification release until missing evidence is resolved,2026-06-06
L02458,E02458,cert-enterprise-ai-safety,Certification Ready,True,False,Required module missing; Manager approval missing,high,Block certification release until missing evidence is resolved,2026-06-06
L02460,E02460,cert-enterprise-ai-safety,Certification Ready,True,False,Required lab missing,medium,Block certification release until missing evidence is resolved,2026-06-06
L02463,E02463,cert-enterprise-ai-safety,Certification Ready,True,False,Required module missing; Required lab missing,high,Block certification release until missing evidence is resolved,2026-06-06
L02465,E02465,cert-enterprise-ai-safety,Certification Ready,True,False,HR eligibility missing; Required module missing; Required lab missing; Assessment below 80,high,Block certification release until missing evidence is resolved,2026-06-06
L02469,E02469,cert-enterprise-ai-safety,Certification Ready,True,False,HR eligibility missing; Assessment below 80; Manager approval missing,high,Block certification release until missing evidence is resolved,2026-06-06
L02471,E02471,cert-enterprise-ai-safety,Certification Ready,True,False,HR eligibility missing; Required module missing; Manager approval missing,high,Block certification release until missing evidence is resolved,2026-06-06
L02474,E02474,cert-enterprise-ai-safety,Certification Ready,True,False,HR eligibility missing; Required lab missing; Assessment below 80,high,Block certification release until missing evidence is resolved,2026-06-06
L02475,E02475,cert-enterprise-ai-safety,Certification Ready,True,False,Required lab missing,medium,Block certification release until missing evidence is resolved,2026-06-06
L02477,E02477,cert-enterprise-ai-safety,Certification Ready,True,False,Required lab missing,medium,Block certification release until missing evidence is resolved,2026-06-06
L02478,E02478,cert-enterprise-ai-safety,Certification Ready,True,False,Required module missing,medium,Block certification release until missing evidence is resolved,2026-06-06
L02479,E02479,cert-enterprise-ai-safety,Certification Ready,True,False,Required lab missing,medium,Block certification release until missing evidence is resolved,2026-06-06
L02480,E02480,cert-enterprise-ai-safety,Certification Ready,True,False,Required module missing; Manager approval missing,high,Block certification release until missing evidence is resolved,2026-06-06
L02487,E02487,cert-enterprise-ai-safety,Certification Ready,True,False,HR eligibility missing; Required lab missing,high,Block certification release until missing evidence is resolved,2026-06-06
L02490,E02490,cert-enterprise-ai-safety,Certification Ready,True,False,Required module missing; Assessment below 80,high,Block certification release until missing evidence is resolved,2026-06-06
L02491,E02491,cert-enterprise-ai-safety,Certification Ready,True,False,Required lab missing,medium,Block certification release until missing evidence is resolved,2026-06-06
L02494,E02494,cert-enterprise-ai-safety,Certification Ready,True,False,Required module missing; Required lab missing,high,Block certification release until missing evidence is resolved,2026-06-06
L02495,E02495,cert-enterprise-ai-safety,Certification Ready,True,False,Required lab missing; Assessment below 80,high,Block certification release until missing evidence is resolved,2026-06-06
L02496,E02496,cert-enterprise-ai-safety,Certification Ready,True,False,Required module missing; Assessment below 80; Manager approval missing,high,Block certification release until missing evidence is resolved,2026-06-06
L02497,E02497,cert-enterprise-ai-safety,Certification Ready,True,False,Required module missing; Assessment below 80,high,Block certification release until missing evidence is resolved,2026-06-06
L02498,E02498,cert-enterprise-ai-safety,Certification Ready,True,False,Required module missing; Required lab missing; Assessment below 80,high,Block certification release until missing evidence is resolved,2026-06-06
L02499,E02499,cert-enterprise-ai-safety,Certification Ready,True,False,Required lab missing; Assessment below 80,high,Block certification release until missing evidence is resolved,2026-06-06
L02501,E02501,cert-enterprise-ai-safety,Certification Ready,True,False,Manager approval missing,medium,Block certification release until missing evidence is resolved,2026-06-06
L02503,E02503,cert-enterprise-ai-safety,Certification Ready,True,False,HR eligibility missing; Required module missing; Required lab missing; Manager approval missing,high,Block certification release until missing evidence is resolved,2026-06-06
L02504,E02504,cert-enterprise-ai-safety,Certification Ready,True,False,Required module missing; Required lab missing; Manager approval missing,high,Block certification release until missing evidence is resolved,2026-06-06
L02513,E02513,cert-enterprise-ai-safety,Certification Ready,True,False,Required module missing; Required lab missing,high,Block certification release until missing evidence is resolved,2026-06-06
L02514,E02514,cert-enterprise-ai-safety,Certification Ready,True,False,Required module missing; Required lab missing,high,Block certification release until missing evidence is resolved,2026-06-06
L02517,E02517,cert-enterprise-ai-safety,Certification Ready,True,False,Required module missing; Required lab missing,high,Block certification release until missing evidence is resolved,2026-06-06
L02519,E02519,cert-enterprise-ai-safety,Certification Ready,True,False,Required module missing,medium,Block certification release until missing evidence is resolved,2026-06-06
L02521,E02521,cert-enterprise-ai-safety,Certification Ready,True,False,HR eligibility missing,medium,Block certification release until missing evidence is resolved,2026-06-06
L02522,E02522,cert-enterprise-ai-safety,Certification Ready,True,False,Required module missing; Required lab missing; Manager approval missing,high,Block certification release until missing evidence is resolved,2026-06-06
L02524,E02524,cert-enterprise-ai-safety,Certification Ready,True,False,Required module missing; Manager approval missing,high,Block certification release until missing evidence is resolved,2026-06-06
L02527,E02527,cert-enterprise-ai-safety,Certification Ready,True,False,Required lab missing; Assessment below 80,high,Block certification release until missing evidence is resolved,2026-06-06
L02528,E02528,cert-enterprise-ai-safety,Certification Ready,True,False,HR eligibility missing; Assessment below 80,high,Block certification release until missing evidence is resolved,2026-06-06
L02529,E02529,cert-enterprise-ai-safety,Certification Ready,True,False,Required module missing; Required lab missing; Manager approval missing,high,Block certification release until missing evidence is resolved,2026-06-06
L02531,E02531,cert-enterprise-ai-safety,Certification Ready,True,False,HR eligibility missing; Required module missing; Required lab missing; Manager approval missing,high,Block certification release until missing evidence is resolved,2026-06-06
L02532,E02532,cert-enterprise-ai-safety,Certification Ready,True,False,HR eligibility missing; Required module missing,high,Block certification release until missing evidence is resolved,2026-06-06
L02536,E02536,cert-enterprise-ai-safety,Certification Ready,True,False,Required module missing; Assessment below 80,high,Block certification release until missing evidence is resolved,2026-06-06
L02537,E02537,cert-enterprise-ai-safety,Certification Ready,True,False,Required module missing; Required lab missing; Manager approval missing,high,Block certification release until missing evidence is resolved,2026-06-06
L02538,E02538,cert-enterprise-ai-safety,Certification Ready,True,False,HR eligibility missing; Required module missing; Assessment below 80,high,Block certification release until missing evidence is resolved,2026-06-06
L02543,E02543,cert-enterprise-ai-safety,Certification Ready,True,False,Required module missing,medium,Block certification release until missing evidence is resolved,2026-06-06
L02545,E02545,cert-enterprise-ai-safety,Certification Ready,True,False,Manager approval missing,medium,Block certification release until missing evidence is resolved,2026-06-06
L02547,E02547,cert-enterprise-ai-safety,Certification Ready,True,False,Required lab missing; Manager approval missing,high,Block certification release until missing evidence is resolved,2026-06-06
L02548,E02548,cert-enterprise-ai-safety,Certification Ready,True,False,Required module missing; Required lab missing; Assessment below 80,high,Block certification release until missing evidence is resolved,2026-06-06
L02550,E02550,cert-enterprise-ai-safety,Certification Ready,True,False,Required module missing; Required lab missing,high,Block certification release until missing evidence is resolved,2026-06-06
L02551,E02551,cert-enterprise-ai-safety,Certification Ready,True,False,Required module missing; Required lab missing,high,Block certification release until missing evidence is resolved,2026-06-06
L02557,E02557,cert-enterprise-ai-safety,Certification Ready,True,False,Required lab missing,medium,Block certification release until missing evidence is resolved,2026-06-06
L02560,E02560,cert-enterprise-ai-safety,Certification Ready,True,False,Required module missing; Assessment below 80,high,Block certification release until missing evidence is resolved,2026-06-06
L02562,E02562,cert-enterprise-ai-safety,Certification Ready,True,False,HR eligibility missing; Required lab missing,high,Block certification release until missing evidence is resolved,2026-06-06
L02565,E02565,cert-enterprise-ai-safety,Certification Ready,True,False,Required module missing; Required lab missing,high,Block certification release until missing evidence is resolved,2026-06-06
L02566,E02566,cert-enterprise-ai-safety,Certification Ready,True,False,Manager approval missing,medium,Block certification release until missing evidence is resolved,2026-06-06
L02569,E02569,cert-enterprise-ai-safety,Certification Ready,True,False,Required lab missing; Assessment below 80,high,Block certification release until missing evidence is resolved,2026-06-06
L02571,E02571,cert-enterprise-ai-safety,Certification Ready,True,False,HR eligibility missing,medium,Block certification release until missing evidence is resolved,2026-06-06
L02572,E02572,cert-enterprise-ai-safety,Certification Ready,True,False,Required lab missing; Manager approval missing,high,Block certification release until missing evidence is resolved,2026-06-06
L02579,E02579,cert-enterprise-ai-safety,Certification Ready,True,False,HR eligibility missing,medium,Block certification release until missing evidence is resolved,2026-06-06
L02580,E02580,cert-enterprise-ai-safety,Certification Ready,True,False,Required lab missing; Assessment below 80,high,Block certification release until missing evidence is resolved,2026-06-06
L02581,E02581,cert-enterprise-ai-safety,Certification Ready,True,False,Required module missing; Required lab missing,high,Block certification release until missing evidence is resolved,2026-06-06
L02582,E02582,cert-enterprise-ai-safety,Certification Ready,True,False,Required lab missing,medium,Block certification release until missing evidence is resolved,2026-06-06
L02583,E02583,cert-enterprise-ai-safety,Certification Ready,True,False,Required module missing; Assessment below 80,high,Block certification release until missing evidence is resolved,2026-06-06
L02584,E02584,cert-enterprise-ai-safety,Certification Ready,True,False,Required module missing; Required lab missing; Assessment below 80,high,Block certification release until missing evidence is resolved,2026-06-06
L02587,E02587,cert-enterprise-ai-safety,Certification Ready,True,False,Required lab missing; Manager approval missing,high,Block certification release until missing evidence is resolved,2026-06-06
L02589,E02589,cert-enterprise-ai-safety,Certification Ready,True,False,Assessment below 80; Manager approval missing,high,Block certification release until missing evidence is resolved,2026-06-06
L02590,E02590,cert-enterprise-ai-safety,Certification Ready,True,False,HR eligibility missing; Required module missing,high,Block certification release until missing evidence is resolved,2026-06-06
L02591,E02591,cert-enterprise-ai-safety,Certification Ready,True,False,Manager approval missing,medium,Block certification release until missing evidence is resolved,2026-06-06
L02592,E02592,cert-enterprise-ai-safety,Certification Ready,True,False,Required module missing; Required lab missing,high,Block certification release until missing evidence is resolved,2026-06-06
L02593,E02593,cert-enterprise-ai-safety,Certification Ready,True,False,Required module missing; Required lab missing; Assessment below 80,high,Block certification release until missing evidence is resolved,2026-06-06
L02595,E02595,cert-enterprise-ai-safety,Certification Ready,True,False,Assessment below 80; Manager approval missing,high,Block certification release until missing evidence is resolved,2026-06-06
L02597,E02597,cert-enterprise-ai-safety,Certification Ready,True,False,HR eligibility missing; Required module missing,high,Block certification release until missing evidence is resolved,2026-06-06
L02598,E02598,cert-enterprise-ai-safety,Certification Ready,True,False,Required module missing; Required lab missing; Assessment below 80,high,Block certification release until missing evidence is resolved,2026-06-06
L02601,E02601,cert-enterprise-ai-safety,Certification Ready,True,False,Manager approval missing,medium,Block certification release until missing evidence is resolved,2026-06-06
L02602,E02602,cert-enterprise-ai-safety,Certification Ready,True,False,Required module missing; Required lab missing; Assessment below 80,high,Block certification release until missing evidence is resolved,2026-06-06
L02608,E02608,cert-enterprise-ai-safety,Certification Ready,True,False,Required module missing; Required lab missing; Manager approval missing,high,Block certification release until missing evidence is resolved,2026-06-06
L02609,E02609,cert-enterprise-ai-safety,Certification Ready,True,False,HR eligibility missing; Required lab missing; Manager approval missing,high,Block certification release until missing evidence is resolved,2026-06-06
L02612,E02612,cert-enterprise-ai-safety,Certification Ready,True,False,Required lab missing; Manager approval missing,high,Block certification release until missing evidence is resolved,2026-06-06
L02613,E02613,cert-enterprise-ai-safety,Certification Ready,True,False,Required lab missing,medium,Block certification release until missing evidence is resolved,2026-06-06
L02615,E02615,cert-enterprise-ai-safety,Certification Ready,True,False,HR eligibility missing; Assessment below 80,high,Block certification release until missing evidence is resolved,2026-06-06
L02616,E02616,cert-enterprise-ai-safety,Certification Ready,True,False,Manager approval missing,medium,Block certification release until missing evidence is resolved,2026-06-06
L02617,E02617,cert-enterprise-ai-safety,Certification Ready,True,False,Required lab missing,medium,Block certification release until missing evidence is resolved,2026-06-06
L02619,E02619,cert-enterprise-ai-safety,Certification Ready,True,False,Required module missing; Required lab missing,high,Block certification release until missing evidence is resolved,2026-06-06
L02620,E02620,cert-enterprise-ai-safety,Certification Ready,True,False,Required module missing; Manager approval missing,high,Block certification release until missing evidence is resolved,2026-06-06
L02621,E02621,cert-enterprise-ai-safety,Certification Ready,True,False,Required lab missing; Manager approval missing,high,Block certification release until missing evidence is resolved,2026-06-06
L02623,E02623,cert-enterprise-ai-safety,Certification Ready,True,False,Required lab missing; Manager approval missing,high,Block certification release until missing evidence is resolved,2026-06-06
L02625,E02625,cert-enterprise-ai-safety,Certification Ready,True,False,Required lab missing; Assessment below 80,high,Block certification release until missing evidence is resolved,2026-06-06
L02628,E02628,cert-enterprise-ai-safety,Certification Ready,True,False,Required module missing; Required lab missing,high,Block certification release until missing evidence is resolved,2026-06-06
L02632,E02632,cert-enterprise-ai-safety,Certification Ready,True,False,Manager approval missing,medium,Block certification release until missing evidence is resolved,2026-06-06
L02633,E02633,cert-enterprise-ai-safety,Certification Ready,True,False,Required lab missing,medium,Block certification release until missing evidence is resolved,2026-06-06
L02634,E02634,cert-enterprise-ai-safety,Certification Ready,True,False,HR eligibility missing; Required lab missing,high,Block certification release until missing evidence is resolved,2026-06-06
L02635,E02635,cert-enterprise-ai-safety,Certification Ready,True,False,Required lab missing,medium,Block certification release until missing evidence is resolved,2026-06-06
L02636,E02636,cert-enterprise-ai-safety,Certification Ready,True,False,Required module missing; Required lab missing,high,Block certification release until missing evidence is resolved,2026-06-06
L02639,E02639,cert-enterprise-ai-safety,Certification Ready,True,False,Manager approval missing,medium,Block certification release until missing evidence is resolved,2026-06-06
L02640,E02640,cert-enterprise-ai-safety,Certification Ready,True,False,Required module missing; Required lab missing,high,Block certification release until missing evidence is resolved,2026-06-06
L02641,E02641,cert-enterprise-ai-safety,Certification Ready,True,False,HR eligibility missing; Required lab missing; Manager approval missing,high,Block certification release until missing evidence is resolved,2026-06-06
L02642,E02642,cert-enterprise-ai-safety,Certification Ready,True,False,HR eligibility missing; Required module missing; Required lab missing,high,Block certification release until missing evidence is resolved,2026-06-06
L02644,E02644,cert-enterprise-ai-safety,Certification Ready,True,False,Required lab missing; Assessment below 80,high,Block certification release until missing evidence is resolved,2026-06-06
L02648,E02648,cert-enterprise-ai-safety,Certification Ready,True,False,Required module missing; Required lab missing,high,Block certification release until missing evidence is resolved,2026-06-06
L02649,E02649,cert-enterprise-ai-safety,Certification Ready,True,False,HR eligibility missing,medium,Block certification release until missing evidence is resolved,2026-06-06
L02656,E02656,cert-enterprise-ai-safety,Certification Ready,True,False,Required module missing; Assessment below 80,high,Block certification release until missing evidence is resolved,2026-06-06
L02663,E02663,cert-enterprise-ai-safety,Certification Ready,True,False,Required lab missing; Manager approval missing,high,Block certification release until missing evidence is resolved,2026-06-06
L02664,E02664,cert-enterprise-ai-safety,Certification Ready,True,False,HR eligibility missing; Required module missing; Required lab missing,high,Block certification release until missing evidence is resolved,2026-06-06
L02666,E02666,cert-enterprise-ai-safety,Certification Ready,True,False,Required lab missing,medium,Block certification release until missing evidence is resolved,2026-06-06
L02667,E02667,cert-enterprise-ai-safety,Certification Ready,True,False,Required lab missing,medium,Block certification release until missing evidence is resolved,2026-06-06
L02670,E02670,cert-enterprise-ai-safety,Certification Ready,True,False,HR eligibility missing; Required lab missing,high,Block certification release until missing evidence is resolved,2026-06-06
L02675,E02675,cert-enterprise-ai-safety,Certification Ready,True,False,Required module missing; Assessment below 80,high,Block certification release until missing evidence is resolved,2026-06-06
L02676,E02676,cert-enterprise-ai-safety,Certification Ready,True,False,Required lab missing; Manager approval missing,high,Block certification release until missing evidence is resolved,2026-06-06
L02679,E02679,cert-enterprise-ai-safety,Certification Ready,True,False,Required module missing; Assessment below 80,high,Block certification release until missing evidence is resolved,2026-06-06
L02680,E02680,cert-enterprise-ai-safety,Certification Ready,True,False,Required lab missing,medium,Block certification release until missing evidence is resolved,2026-06-06
L02683,E02683,cert-enterprise-ai-safety,Certification Ready,True,False,HR eligibility missing,medium,Block certification release until missing evidence is resolved,2026-06-06
L02686,E02686,cert-enterprise-ai-safety,Certification Ready,True,False,Required module missing,medium,Block certification release until missing evidence is resolved,2026-06-06
L02689,E02689,cert-enterprise-ai-safety,Certification Ready,True,False,Required module missing,medium,Block certification release until missing evidence is resolved,2026-06-06
L02692,E02692,cert-enterprise-ai-safety,Certification Ready,True,False,HR eligibility missing; Required module missing,high,Block certification release until missing evidence is resolved,2026-06-06
L02693,E02693,cert-enterprise-ai-safety,Certification Ready,True,False,Required module missing; Required lab missing; Assessment below 80,high,Block certification release until missing evidence is resolved,2026-06-06
L02696,E02696,cert-enterprise-ai-safety,Certification Ready,True,False,HR eligibility missing; Required module missing; Required lab missing; Manager approval missing,high,Block certification release until missing evidence is resolved,2026-06-06
L02697,E02697,cert-enterprise-ai-safety,Certification Ready,True,False,HR eligibility missing; Required module missing; Manager approval missing,high,Block certification release until missing evidence is resolved,2026-06-06
L02698,E02698,cert-enterprise-ai-safety,Certification Ready,True,False,Required lab missing,medium,Block certification release until missing evidence is resolved,2026-06-06
L02700,E02700,cert-enterprise-ai-safety,Certification Ready,True,False,Required lab missing,medium,Block certification release until missing evidence is resolved,2026-06-06
L02701,E02701,cert-enterprise-ai-safety,Certification Ready,True,False,Required module missing; Required lab missing; Assessment below 80,high,Block certification release until missing evidence is resolved,2026-06-06
L02706,E02706,cert-enterprise-ai-safety,Certification Ready,True,False,HR eligibility missing; Required module missing; Required lab missing; Assessment below 80,high,Block certification release until missing evidence is resolved,2026-06-06
L02707,E02707,cert-enterprise-ai-safety,Certification Ready,True,False,Required module missing; Required lab missing; Assessment below 80,high,Block certification release until missing evidence is resolved,2026-06-06
L02710,E02710,cert-enterprise-ai-safety,Certification Ready,True,False,Required lab missing; Assessment below 80,high,Block certification release until missing evidence is resolved,2026-06-06
L02711,E02711,cert-enterprise-ai-safety,Certification Ready,True,False,Required lab missing; Assessment below 80; Manager approval missing,high,Block certification release until missing evidence is resolved,2026-06-06
L02712,E02712,cert-enterprise-ai-safety,Certification Ready,True,False,Required module missing; Required lab missing; Manager approval missing,high,Block certification release until missing evidence is resolved,2026-06-06
L02713,E02713,cert-enterprise-ai-safety,Certification Ready,True,False,Required module missing,medium,Block certification release until missing evidence is resolved,2026-06-06
L02715,E02715,cert-enterprise-ai-safety,Certification Ready,True,False,Required module missing,medium,Block certification release until missing evidence is resolved,2026-06-06
L02716,E02716,cert-enterprise-ai-safety,Certification Ready,True,False,Required module missing; Manager approval missing,high,Block certification release until missing evidence is resolved,2026-06-06
L02717,E02717,cert-enterprise-ai-safety,Certification Ready,True,False,Required lab missing,medium,Block certification release until missing evidence is resolved,2026-06-06
L02718,E02718,cert-enterprise-ai-safety,Certification Ready,True,False,HR eligibility missing; Required module missing; Required lab missing; Assessment below 80,high,Block certification release until missing evidence is resolved,2026-06-06
L02719,E02719,cert-enterprise-ai-safety,Certification Ready,True,False,Required lab missing,medium,Block certification release until missing evidence is resolved,2026-06-06
L02721,E02721,cert-enterprise-ai-safety,Certification Ready,True,False,Required module missing; Required lab missing,high,Block certification release until missing evidence is resolved,2026-06-06
L02723,E02723,cert-enterprise-ai-safety,Certification Ready,True,False,HR eligibility missing; Required module missing; Required lab missing,high,Block certification release until missing evidence is resolved,2026-06-06
L02727,E02727,cert-enterprise-ai-safety,Certification Ready,True,False,Required module missing,medium,Block certification release until missing evidence is resolved,2026-06-06
L02729,E02729,cert-enterprise-ai-safety,Certification Ready,True,False,Required lab missing,medium,Block certification release until missing evidence is resolved,2026-06-06
L02733,E02733,cert-enterprise-ai-safety,Certification Ready,True,False,Required lab missing; Manager approval missing,high,Block certification release until missing evidence is resolved,2026-06-06
L02735,E02735,cert-enterprise-ai-safety,Certification Ready,True,False,Assessment below 80; Manager approval missing,high,Block certification release until missing evidence is resolved,2026-06-06
L02739,E02739,cert-enterprise-ai-safety,Certification Ready,True,False,Required lab missing; Manager approval missing,high,Block certification release until missing evidence is resolved,2026-06-06
L02740,E02740,cert-enterprise-ai-safety,Certification Ready,True,False,Required module missing,medium,Block certification release until missing evidence is resolved,2026-06-06
L02744,E02744,cert-enterprise-ai-safety,Certification Ready,True,False,Manager approval missing,medium,Block certification release until missing evidence is resolved,2026-06-06
L02748,E02748,cert-enterprise-ai-safety,Certification Ready,True,False,HR eligibility missing,medium,Block certification release until missing evidence is resolved,2026-06-06
L02753,E02753,cert-enterprise-ai-safety,Certification Ready,True,False,Required lab missing,medium,Block certification release until missing evidence is resolved,2026-06-06
L02754,E02754,cert-enterprise-ai-safety,Certification Ready,True,False,Required lab missing; Assessment below 80,high,Block certification release until missing evidence is resolved,2026-06-06
L02756,E02756,cert-enterprise-ai-safety,Certification Ready,True,False,HR eligibility missing; Required module missing; Required lab missing; Manager approval missing,high,Block certification release until missing evidence is resolved,2026-06-06
L02757,E02757,cert-enterprise-ai-safety,Certification Ready,True,False,Required lab missing,medium,Block certification release until missing evidence is resolved,2026-06-06
L02759,E02759,cert-enterprise-ai-safety,Certification Ready,True,False,Required module missing,medium,Block certification release until missing evidence is resolved,2026-06-06
L02762,E02762,cert-enterprise-ai-safety,Certification Ready,True,False,Required lab missing; Manager approval missing,high,Block certification release until missing evidence is resolved,2026-06-06
L02765,E02765,cert-enterprise-ai-safety,Certification Ready,True,False,Required lab missing,medium,Block certification release until missing evidence is resolved,2026-06-06
L02766,E02766,cert-enterprise-ai-safety,Certification Ready,True,False,Required lab missing; Manager approval missing,high,Block certification release until missing evidence is resolved,2026-06-06
L02767,E02767,cert-enterprise-ai-safety,Certification Ready,True,False,Required module missing,medium,Block certification release until missing evidence is resolved,2026-06-06
L02768,E02768,cert-enterprise-ai-safety,Certification Ready,True,False,Required module missing; Assessment below 80; Manager approval missing,high,Block certification release until missing evidence is resolved,2026-06-06
L02770,E02770,cert-enterprise-ai-safety,Certification Ready,True,False,HR eligibility missing; Required module missing; Required lab missing,high,Block certification release until missing evidence is resolved,2026-06-06
L02773,E02773,cert-enterprise-ai-safety,Certification Ready,True,False,HR eligibility missing; Required module missing; Required lab missing; Assessment below 80; Manager approval missing,high,Block certification release until missing evidence is resolved,2026-06-06
L02776,E02776,cert-enterprise-ai-safety,Certification Ready,True,False,Required module missing; Assessment below 80; Manager approval missing,high,Block certification release until missing evidence is resolved,2026-06-06
L02782,E02782,cert-enterprise-ai-safety,Certification Ready,True,False,Required lab missing,medium,Block certification release until missing evidence is resolved,2026-06-06
L02784,E02784,cert-enterprise-ai-safety,Certification Ready,True,False,Required lab missing; Assessment below 80; Manager approval missing,high,Block certification release until missing evidence is resolved,2026-06-06
L02786,E02786,cert-enterprise-ai-safety,Certification Ready,True,False,Required module missing,medium,Block certification release until missing evidence is resolved,2026-06-06
L02789,E02789,cert-enterprise-ai-safety,Certification Ready,True,False,Required module missing; Manager approval missing,high,Block certification release until missing evidence is resolved,2026-06-06
L02790,E02790,cert-enterprise-ai-safety,Certification Ready,True,False,Required module missing; Required lab missing,high,Block certification release until missing evidence is resolved,2026-06-06
L02792,E02792,cert-enterprise-ai-safety,Certification Ready,True,False,Required lab missing,medium,Block certification release until missing evidence is resolved,2026-06-06
L02793,E02793,cert-enterprise-ai-safety,Certification Ready,True,False,Required lab missing,medium,Block certification release until missing evidence is resolved,2026-06-06
L02794,E02794,cert-enterprise-ai-safety,Certification Ready,True,False,Required lab missing,medium,Block certification release until missing evidence is resolved,2026-06-06
L02797,E02797,cert-enterprise-ai-safety,Certification Ready,True,False,Required module missing; Required lab missing; Assessment below 80,high,Block certification release until missing evidence is resolved,2026-06-06
L02800,E02800,cert-enterprise-ai-safety,Certification Ready,True,False,Required lab missing; Assessment below 80; Manager approval missing,high,Block certification release until missing evidence is resolved,2026-06-06
L02801,E02801,cert-enterprise-ai-safety,Certification Ready,True,False,Required lab missing; Assessment below 80,high,Block certification release until missing evidence is resolved,2026-06-06
L02803,E02803,cert-enterprise-ai-safety,Certification Ready,True,False,Required lab missing,medium,Block certification release until missing evidence is resolved,2026-06-06
L02804,E02804,cert-enterprise-ai-safety,Certification Ready,True,False,Required lab missing; Assessment below 80,high,Block certification release until missing evidence is resolved,2026-06-06
L02808,E02808,cert-enterprise-ai-safety,Certification Ready,True,False,Required module missing,medium,Block certification release until missing evidence is resolved,2026-06-06
L02818,E02818,cert-enterprise-ai-safety,Certification Ready,True,False,HR eligibility missing; Required lab missing; Manager approval missing,high,Block certification release until missing evidence is resolved,2026-06-06
L02819,E02819,cert-enterprise-ai-safety,Certification Ready,True,False,Required module missing; Assessment below 80,high,Block certification release until missing evidence is resolved,2026-06-06
L02820,E02820,cert-enterprise-ai-safety,Certification Ready,True,False,Required lab missing,medium,Block certification release until missing evidence is resolved,2026-06-06
L02822,E02822,cert-enterprise-ai-safety,Certification Ready,True,False,Required lab missing; Assessment below 80,high,Block certification release until missing evidence is resolved,2026-06-06
L02824,E02824,cert-enterprise-ai-safety,Certification Ready,True,False,Required module missing; Required lab missing; Manager approval missing,high,Block certification release until missing evidence is resolved,2026-06-06
L02826,E02826,cert-enterprise-ai-safety,Certification Ready,True,False,Required module missing; Assessment below 80,high,Block certification release until missing evidence is resolved,2026-06-06
L02827,E02827,cert-enterprise-ai-safety,Certification Ready,True,False,Required module missing; Required lab missing; Assessment below 80; Manager approval missing,high,Block certification release until missing evidence is resolved,2026-06-06
L02828,E02828,cert-enterprise-ai-safety,Certification Ready,True,False,Required module missing,medium,Block certification release until missing evidence is resolved,2026-06-06
L02829,E02829,cert-enterprise-ai-safety,Certification Ready,True,False,Required lab missing,medium,Block certification release until missing evidence is resolved,2026-06-06
L02830,E02830,cert-enterprise-ai-safety,Certification Ready,True,False,Required module missing; Required lab missing; Manager approval missing,high,Block certification release until missing evidence is resolved,2026-06-06
L02834,E02834,cert-enterprise-ai-safety,Certification Ready,True,False,Required lab missing,medium,Block certification release until missing evidence is resolved,2026-06-06
L02839,E02839,cert-enterprise-ai-safety,Certification Ready,True,False,Required lab missing,medium,Block certification release until missing evidence is resolved,2026-06-06
L02840,E02840,cert-enterprise-ai-safety,Certification Ready,True,False,Required module missing; Required lab missing,high,Block certification release until missing evidence is resolved,2026-06-06
L02841,E02841,cert-enterprise-ai-safety,Certification Ready,True,False,HR eligibility missing; Required lab missing,high,Block certification release until missing evidence is resolved,2026-06-06
L02843,E02843,cert-enterprise-ai-safety,Certification Ready,True,False,Required lab missing,medium,Block certification release until missing evidence is resolved,2026-06-06
L02844,E02844,cert-enterprise-ai-safety,Certification Ready,True,False,Required module missing,medium,Block certification release until missing evidence is resolved,2026-06-06
L02846,E02846,cert-enterprise-ai-safety,Certification Ready,True,False,Required module missing,medium,Block certification release until missing evidence is resolved,2026-06-06
L02847,E02847,cert-enterprise-ai-safety,Certification Ready,True,False,HR eligibility missing; Required module missing; Required lab missing,high,Block certification release until missing evidence is resolved,2026-06-06
L02848,E02848,cert-enterprise-ai-safety,Certification Ready,True,False,Required module missing; Required lab missing,high,Block certification release until missing evidence is resolved,2026-06-06
L02849,E02849,cert-enterprise-ai-safety,Certification Ready,True,False,Required module missing; Manager approval missing,high,Block certification release until missing evidence is resolved,2026-06-06
L02850,E02850,cert-enterprise-ai-safety,Certification Ready,True,False,Required module missing; Required lab missing; Assessment below 80,high,Block certification release until missing evidence is resolved,2026-06-06
L02853,E02853,cert-enterprise-ai-safety,Certification Ready,True,False,HR eligibility missing; Required lab missing; Assessment below 80,high,Block certification release until missing evidence is resolved,2026-06-06
L02854,E02854,cert-enterprise-ai-safety,Certification Ready,True,False,Required lab missing; Manager approval missing,high,Block certification release until missing evidence is resolved,2026-06-06
L02855,E02855,cert-enterprise-ai-safety,Certification Ready,True,False,Required module missing; Required lab missing; Manager approval missing,high,Block certification release until missing evidence is resolved,2026-06-06
L02856,E02856,cert-enterprise-ai-safety,Certification Ready,True,False,Required module missing; Required lab missing; Manager approval missing,high,Block certification release until missing evidence is resolved,2026-06-06
L02857,E02857,cert-enterprise-ai-safety,Certification Ready,True,False,Required module missing; Required lab missing,high,Block certification release until missing evidence is resolved,2026-06-06
L02858,E02858,cert-enterprise-ai-safety,Certification Ready,True,False,HR eligibility missing; Required lab missing,high,Block certification release until missing evidence is resolved,2026-06-06
L02859,E02859,cert-enterprise-ai-safety,Certification Ready,True,False,Required module missing; Required lab missing; Assessment below 80; Manager approval missing,high,Block certification release until missing evidence is resolved,2026-06-06
L02860,E02860,cert-enterprise-ai-safety,Certification Ready,True,False,Required module missing; Required lab missing,high,Block certification release until missing evidence is resolved,2026-06-06
L02861,E02861,cert-enterprise-ai-safety,Certification Ready,True,False,Required module missing; Required lab missing; Manager approval missing,high,Block certification release until missing evidence is resolved,2026-06-06
L02862,E02862,cert-enterprise-ai-safety,Certification Ready,True,False,Required module missing; Required lab missing,high,Block certification release until missing evidence is resolved,2026-06-06
L02866,E02866,cert-enterprise-ai-safety,Certification Ready,True,False,HR eligibility missing; Required lab missing; Manager approval missing,high,Block certification release until missing evidence is resolved,2026-06-06
L02869,E02869,cert-enterprise-ai-safety,Certification Ready,True,False,Required lab missing; Assessment below 80; Manager approval missing,high,Block certification release until missing evidence is resolved,2026-06-06
L02870,E02870,cert-enterprise-ai-safety,Certification Ready,True,False,Required module missing; Required lab missing,high,Block certification release until missing evidence is resolved,2026-06-06
L02874,E02874,cert-enterprise-ai-safety,Certification Ready,True,False,Required module missing,medium,Block certification release until missing evidence is resolved,2026-06-06
L02875,E02875,cert-enterprise-ai-safety,Certification Ready,True,False,HR eligibility missing; Required lab missing; Assessment below 80,high,Block certification release until missing evidence is resolved,2026-06-06
L02876,E02876,cert-enterprise-ai-safety,Certification Ready,True,False,Required lab missing,medium,Block certification release until missing evidence is resolved,2026-06-06
L02878,E02878,cert-enterprise-ai-safety,Certification Ready,True,False,Required lab missing,medium,Block certification release until missing evidence is resolved,2026-06-06
L02883,E02883,cert-enterprise-ai-safety,Certification Ready,True,False,HR eligibility missing; Required module missing; Required lab missing,high,Block certification release until missing evidence is resolved,2026-06-06
L02887,E02887,cert-enterprise-ai-safety,Certification Ready,True,False,HR eligibility missing; Required module missing; Manager approval missing,high,Block certification release until missing evidence is resolved,2026-06-06
L02888,E02888,cert-enterprise-ai-safety,Certification Ready,True,False,HR eligibility missing; Required module missing,high,Block certification release until missing evidence is resolved,2026-06-06
L02889,E02889,cert-enterprise-ai-safety,Certification Ready,True,False,Required lab missing; Manager approval missing,high,Block certification release until missing evidence is resolved,2026-06-06
L02891,E02891,cert-enterprise-ai-safety,Certification Ready,True,False,Required lab missing,medium,Block certification release until missing evidence is resolved,2026-06-06
L02896,E02896,cert-enterprise-ai-safety,Certification Ready,True,False,HR eligibility missing; Required module missing; Required lab missing,high,Block certification release until missing evidence is resolved,2026-06-06
L02897,E02897,cert-enterprise-ai-safety,Certification Ready,True,False,HR eligibility missing; Required module missing,high,Block certification release until missing evidence is resolved,2026-06-06
L02898,E02898,cert-enterprise-ai-safety,Certification Ready,True,False,Required lab missing,medium,Block certification release until missing evidence is resolved,2026-06-06
L02900,E02900,cert-enterprise-ai-safety,Certification Ready,True,False,Required module missing; Required lab missing,high,Block certification release until missing evidence is resolved,2026-06-06
L02903,E02903,cert-enterprise-ai-safety,Certification Ready,True,False,Assessment below 80,medium,Block certification release until missing evidence is resolved,2026-06-06
L02906,E02906,cert-enterprise-ai-safety,Certification Ready,True,False,Required lab missing; Assessment below 80; Manager approval missing,high,Block certification release until missing evidence is resolved,2026-06-06
L02907,E02907,cert-enterprise-ai-safety,Certification Ready,True,False,Required module missing; Required lab missing; Manager approval missing,high,Block certification release until missing evidence is resolved,2026-06-06
L02908,E02908,cert-enterprise-ai-safety,Certification Ready,True,False,HR eligibility missing; Assessment below 80,high,Block certification release until missing evidence is resolved,2026-06-06
L02909,E02909,cert-enterprise-ai-safety,Certification Ready,True,False,Required module missing; Required lab missing,high,Block certification release until missing evidence is resolved,2026-06-06
L02912,E02912,cert-enterprise-ai-safety,Certification Ready,True,False,Manager approval missing,medium,Block certification release until missing evidence is resolved,2026-06-06
L02921,E02921,cert-enterprise-ai-safety,Certification Ready,True,False,Required module missing; Required lab missing; Assessment below 80,high,Block certification release until missing evidence is resolved,2026-06-06
L02923,E02923,cert-enterprise-ai-safety,Certification Ready,True,False,Required module missing,medium,Block certification release until missing evidence is resolved,2026-06-06
L02924,E02924,cert-enterprise-ai-safety,Certification Ready,True,False,HR eligibility missing; Required lab missing,high,Block certification release until missing evidence is resolved,2026-06-06
L02925,E02925,cert-enterprise-ai-safety,Certification Ready,True,False,Assessment below 80,medium,Block certification release until missing evidence is resolved,2026-06-06
L02931,E02931,cert-enterprise-ai-safety,Certification Ready,True,False,Required module missing; Required lab missing; Assessment below 80,high,Block certification release until missing evidence is resolved,2026-06-06
L02934,E02934,cert-enterprise-ai-safety,Certification Ready,True,False,Required module missing; Assessment below 80,high,Block certification release until missing evidence is resolved,2026-06-06
L02935,E02935,cert-enterprise-ai-safety,Certification Ready,True,False,Required module missing; Required lab missing,high,Block certification release until missing evidence is resolved,2026-06-06
L02937,E02937,cert-enterprise-ai-safety,Certification Ready,True,False,Required lab missing,medium,Block certification release until missing evidence is resolved,2026-06-06
L02939,E02939,cert-enterprise-ai-safety,Certification Ready,True,False,Required lab missing; Manager approval missing,high,Block certification release until missing evidence is resolved,2026-06-06
L02941,E02941,cert-enterprise-ai-safety,Certification Ready,True,False,Required module missing; Required lab missing; Manager approval missing,high,Block certification release until missing evidence is resolved,2026-06-06
L02942,E02942,cert-enterprise-ai-safety,Certification Ready,True,False,Required lab missing,medium,Block certification release until missing evidence is resolved,2026-06-06
L02943,E02943,cert-enterprise-ai-safety,Certification Ready,True,False,Required lab missing,medium,Block certification release until missing evidence is resolved,2026-06-06
L02949,E02949,cert-enterprise-ai-safety,Certification Ready,True,False,HR eligibility missing; Manager approval missing,high,Block certification release until missing evidence is resolved,2026-06-06
L02953,E02953,cert-enterprise-ai-safety,Certification Ready,True,False,Required module missing,medium,Block certification release until missing evidence is resolved,2026-06-06
L02954,E02954,cert-enterprise-ai-safety,Certification Ready,True,False,Required module missing,medium,Block certification release until missing evidence is resolved,2026-06-06
L02956,E02956,cert-enterprise-ai-safety,Certification Ready,True,False,Required lab missing,medium,Block certification release until missing evidence is resolved,2026-06-06
L02958,E02958,cert-enterprise-ai-safety,Certification Ready,True,False,Required module missing,medium,Block certification release until missing evidence is resolved,2026-06-06
L02959,E02959,cert-enterprise-ai-safety,Certification Ready,True,False,Assessment below 80,medium,Block certification release until missing evidence is resolved,2026-06-06
L02960,E02960,cert-enterprise-ai-safety,Certification Ready,True,False,Required module missing; Required lab missing,high,Block certification release until missing evidence is resolved,2026-06-06
L02961,E02961,cert-enterprise-ai-safety,Certification Ready,True,False,Required module missing; Required lab missing,high,Block certification release until missing evidence is resolved,2026-06-06
L02965,E02965,cert-enterprise-ai-safety,Certification Ready,True,False,Required lab missing,medium,Block certification release until missing evidence is resolved,2026-06-06
L02967,E02967,cert-enterprise-ai-safety,Certification Ready,True,False,HR eligibility missing; Assessment below 80,high,Block certification release until missing evidence is resolved,2026-06-06
L02969,E02969,cert-enterprise-ai-safety,Certification Ready,True,False,HR eligibility missing,medium,Block certification release until missing evidence is resolved,2026-06-06
L02970,E02970,cert-enterprise-ai-safety,Certification Ready,True,False,Required module missing; Required lab missing,high,Block certification release until missing evidence is resolved,2026-06-06
L02972,E02972,cert-enterprise-ai-safety,Certification Ready,True,False,Required module missing; Required lab missing; Assessment below 80,high,Block certification release until missing evidence is resolved,2026-06-06
L02973,E02973,cert-enterprise-ai-safety,Certification Ready,True,False,Required module missing; Required lab missing,high,Block certification release until missing evidence is resolved,2026-06-06
L02974,E02974,cert-enterprise-ai-safety,Certification Ready,True,False,Required module missing; Required lab missing,high,Block certification release until missing evidence is resolved,2026-06-06
L02975,E02975,cert-enterprise-ai-safety,Certification Ready,True,False,Required lab missing,medium,Block certification release until missing evidence is resolved,2026-06-06
L02976,E02976,cert-enterprise-ai-safety,Certification Ready,True,False,Assessment below 80,medium,Block certification release until missing evidence is resolved,2026-06-06
L02977,E02977,cert-enterprise-ai-safety,Certification Ready,True,False,HR eligibility missing; Required lab missing; Manager approval missing,high,Block certification release until missing evidence is resolved,2026-06-06
L02982,E02982,cert-enterprise-ai-safety,Certification Ready,True,False,Required lab missing,medium,Block certification release until missing evidence is resolved,2026-06-06
L02983,E02983,cert-enterprise-ai-safety,Certification Ready,True,False,Required module missing,medium,Block certification release until missing evidence is resolved,2026-06-06
L02985,E02985,cert-enterprise-ai-safety,Certification Ready,True,False,Required module missing; Required lab missing,high,Block certification release until missing evidence is resolved,2026-06-06
L02986,E02986,cert-enterprise-ai-safety,Certification Ready,True,False,Required module missing; Required lab missing,high,Block certification release until missing evidence is resolved,2026-06-06
L02992,E02992,cert-enterprise-ai-safety,Certification Ready,True,False,Required module missing; Required lab missing; Assessment below 80,high,Block certification release until missing evidence is resolved,2026-06-06
L02997,E02997,cert-enterprise-ai-safety,Certification Ready,True,False,HR eligibility missing; Required lab missing,high,Block certification release until missing evidence is resolved,2026-06-06
L02998,E02998,cert-enterprise-ai-safety,Certification Ready,True,False,Required module missing; Required lab missing; Manager approval missing,high,Block certification release until missing evidence is resolved,2026-06-06
L03000,E03000,cert-enterprise-ai-safety,Certification Ready,True,False,Required module missing; Required lab missing,high,Block certification release until missing evidence is resolved,2026-06-06
L03001,E03001,cert-enterprise-ai-safety,Certification Ready,True,False,Required module missing,medium,Block certification release until missing evidence is resolved,2026-06-06
L03005,E03005,cert-enterprise-ai-safety,Certification Ready,True,False,Required module missing; Required lab missing; Assessment below 80; Manager approval missing,high,Block certification release until missing evidence is resolved,2026-06-06
L03006,E03006,cert-enterprise-ai-safety,Certification Ready,True,False,Required lab missing,medium,Block certification release until missing evidence is resolved,2026-06-06
L03008,E03008,cert-enterprise-ai-safety,Certification Ready,True,False,Required lab missing; Manager approval missing,high,Block certification release until missing evidence is resolved,2026-06-06
L03009,E03009,cert-enterprise-ai-safety,Certification Ready,True,False,Required module missing; Required lab missing; Assessment below 80,high,Block certification release until missing evidence is resolved,2026-06-06
L03013,E03013,cert-enterprise-ai-safety,Certification Ready,True,False,Required lab missing; Assessment below 80; Manager approval missing,high,Block certification release until missing evidence is resolved,2026-06-06
L03014,E03014,cert-enterprise-ai-safety,Certification Ready,True,False,Assessment below 80,medium,Block certification release until missing evidence is resolved,2026-06-06
L03016,E03016,cert-enterprise-ai-safety,Certification Ready,True,False,Required lab missing,medium,Block certification release until missing evidence is resolved,2026-06-06
L03017,E03017,cert-enterprise-ai-safety,Certification Ready,True,False,Required module missing,medium,Block certification release until missing evidence is resolved,2026-06-06
L03021,E03021,cert-enterprise-ai-safety,Certification Ready,True,False,Required lab missing,medium,Block certification release until missing evidence is resolved,2026-06-06
L03023,E03023,cert-enterprise-ai-safety,Certification Ready,True,False,Required lab missing,medium,Block certification release until missing evidence is resolved,2026-06-06
L03024,E03024,cert-enterprise-ai-safety,Certification Ready,True,False,Required lab missing,medium,Block certification release until missing evidence is resolved,2026-06-06
L03025,E03025,cert-enterprise-ai-safety,Certification Ready,True,False,Required module missing; Required lab missing,high,Block certification release until missing evidence is resolved,2026-06-06
L03027,E03027,cert-enterprise-ai-safety,Certification Ready,True,False,Required lab missing,medium,Block certification release until missing evidence is resolved,2026-06-06
L03032,E03032,cert-enterprise-ai-safety,Certification Ready,True,False,HR eligibility missing; Required module missing,high,Block certification release until missing evidence is resolved,2026-06-06
L03033,E03033,cert-enterprise-ai-safety,Certification Ready,True,False,Required module missing,medium,Block certification release until missing evidence is resolved,2026-06-06
L03034,E03034,cert-enterprise-ai-safety,Certification Ready,True,False,Required lab missing,medium,Block certification release until missing evidence is resolved,2026-06-06
L03038,E03038,cert-enterprise-ai-safety,Certification Ready,True,False,Required module missing,medium,Block certification release until missing evidence is resolved,2026-06-06
L03040,E03040,cert-enterprise-ai-safety,Certification Ready,True,False,Required lab missing,medium,Block certification release until missing evidence is resolved,2026-06-06
L03041,E03041,cert-enterprise-ai-safety,Certification Ready,True,False,HR eligibility missing; Required module missing; Required lab missing; Manager approval missing,high,Block certification release until missing evidence is resolved,2026-06-06
L03046,E03046,cert-enterprise-ai-safety,Certification Ready,True,False,Required lab missing; Manager approval missing,high,Block certification release until missing evidence is resolved,2026-06-06
L03051,E03051,cert-enterprise-ai-safety,Certification Ready,True,False,HR eligibility missing,medium,Block certification release until missing evidence is resolved,2026-06-06
L03053,E03053,cert-enterprise-ai-safety,Certification Ready,True,False,HR eligibility missing; Assessment below 80,high,Block certification release until missing evidence is resolved,2026-06-06
L03055,E03055,cert-enterprise-ai-safety,Certification Ready,True,False,Required module missing; Required lab missing,high,Block certification release until missing evidence is resolved,2026-06-06
L03056,E03056,cert-enterprise-ai-safety,Certification Ready,True,False,Required lab missing,medium,Block certification release until missing evidence is resolved,2026-06-06
L03057,E03057,cert-enterprise-ai-safety,Certification Ready,True,False,Required module missing; Manager approval missing,high,Block certification release until missing evidence is resolved,2026-06-06
L03058,E03058,cert-enterprise-ai-safety,Certification Ready,True,False,Required module missing,medium,Block certification release until missing evidence is resolved,2026-06-06
L03060,E03060,cert-enterprise-ai-safety,Certification Ready,True,False,Required module missing; Required lab missing,high,Block certification release until missing evidence is resolved,2026-06-06
L03062,E03062,cert-enterprise-ai-safety,Certification Ready,True,False,Manager approval missing,medium,Block certification release until missing evidence is resolved,2026-06-06
L03065,E03065,cert-enterprise-ai-safety,Certification Ready,True,False,Required module missing; Manager approval missing,high,Block certification release until missing evidence is resolved,2026-06-06
L03067,E03067,cert-enterprise-ai-safety,Certification Ready,True,False,HR eligibility missing; Required module missing,high,Block certification release until missing evidence is resolved,2026-06-06
L03068,E03068,cert-enterprise-ai-safety,Certification Ready,True,False,Required lab missing; Manager approval missing,high,Block certification release until missing evidence is resolved,2026-06-06
L03069,E03069,cert-enterprise-ai-safety,Certification Ready,True,False,Required module missing; Manager approval missing,high,Block certification release until missing evidence is resolved,2026-06-06
L03073,E03073,cert-enterprise-ai-safety,Certification Ready,True,False,Required module missing; Assessment below 80,high,Block certification release until missing evidence is resolved,2026-06-06
L03076,E03076,cert-enterprise-ai-safety,Certification Ready,True,False,Manager approval missing,medium,Block certification release until missing evidence is resolved,2026-06-06
L03078,E03078,cert-enterprise-ai-safety,Certification Ready,True,False,HR eligibility missing; Required module missing,high,Block certification release until missing evidence is resolved,2026-06-06
L03079,E03079,cert-enterprise-ai-safety,Certification Ready,True,False,Required module missing; Required lab missing; Manager approval missing,high,Block certification release until missing evidence is resolved,2026-06-06
L03082,E03082,cert-enterprise-ai-safety,Certification Ready,True,False,Required module missing; Required lab missing,high,Block certification release until missing evidence is resolved,2026-06-06
L03087,E03087,cert-enterprise-ai-safety,Certification Ready,True,False,Required module missing; Required lab missing,high,Block certification release until missing evidence is resolved,2026-06-06
L03090,E03090,cert-enterprise-ai-safety,Certification Ready,True,False,HR eligibility missing; Required module missing; Required lab missing,high,Block certification release until missing evidence is resolved,2026-06-06
L03092,E03092,cert-enterprise-ai-safety,Certification Ready,True,False,Required module missing; Required lab missing,high,Block certification release until missing evidence is resolved,2026-06-06
L03095,E03095,cert-enterprise-ai-safety,Certification Ready,True,False,Required lab missing; Manager approval missing,high,Block certification release until missing evidence is resolved,2026-06-06
L03098,E03098,cert-enterprise-ai-safety,Certification Ready,True,False,Required module missing; Required lab missing,high,Block certification release until missing evidence is resolved,2026-06-06
L03100,E03100,cert-enterprise-ai-safety,Certification Ready,True,False,Required module missing; Assessment below 80; Manager approval missing,high,Block certification release until missing evidence is resolved,2026-06-06
L03102,E03102,cert-enterprise-ai-safety,Certification Ready,True,False,HR eligibility missing; Required module missing; Required lab missing,high,Block certification release until missing evidence is resolved,2026-06-06
L03104,E03104,cert-enterprise-ai-safety,Certification Ready,True,False,Required module missing; Manager approval missing,high,Block certification release until missing evidence is resolved,2026-06-06
L03105,E03105,cert-enterprise-ai-safety,Certification Ready,True,False,HR eligibility missing; Required module missing; Required lab missing; Manager approval missing,high,Block certification release until missing evidence is resolved,2026-06-06
L03106,E03106,cert-enterprise-ai-safety,Certification Ready,True,False,Required module missing; Required lab missing; Manager approval missing,high,Block certification release until missing evidence is resolved,2026-06-06
L03107,E03107,cert-enterprise-ai-safety,Certification Ready,True,False,Required module missing; Required lab missing; Assessment below 80,high,Block certification release until missing evidence is resolved,2026-06-06
L03110,E03110,cert-enterprise-ai-safety,Certification Ready,True,False,HR eligibility missing; Assessment below 80,high,Block certification release until missing evidence is resolved,2026-06-06
L03112,E03112,cert-enterprise-ai-safety,Certification Ready,True,False,Assessment below 80,medium,Block certification release until missing evidence is resolved,2026-06-06
L03113,E03113,cert-enterprise-ai-safety,Certification Ready,True,False,Required module missing,medium,Block certification release until missing evidence is resolved,2026-06-06
L03117,E03117,cert-enterprise-ai-safety,Certification Ready,True,False,Required module missing; Manager approval missing,high,Block certification release until missing evidence is resolved,2026-06-06
L03119,E03119,cert-enterprise-ai-safety,Certification Ready,True,False,Required module missing; Required lab missing; Manager approval missing,high,Block certification release until missing evidence is resolved,2026-06-06
L03121,E03121,cert-enterprise-ai-safety,Certification Ready,True,False,HR eligibility missing; Required module missing; Assessment below 80,high,Block certification release until missing evidence is resolved,2026-06-06
L03131,E03131,cert-enterprise-ai-safety,Certification Ready,True,False,Required module missing; Required lab missing; Assessment below 80,high,Block certification release until missing evidence is resolved,2026-06-06
L03133,E03133,cert-enterprise-ai-safety,Certification Ready,True,False,HR eligibility missing; Required module missing; Required lab missing,high,Block certification release until missing evidence is resolved,2026-06-06
L03135,E03135,cert-enterprise-ai-safety,Certification Ready,True,False,HR eligibility missing; Required lab missing; Manager approval missing,high,Block certification release until missing evidence is resolved,2026-06-06
L03140,E03140,cert-enterprise-ai-safety,Certification Ready,True,False,Assessment below 80,medium,Block certification release until missing evidence is resolved,2026-06-06
L03141,E03141,cert-enterprise-ai-safety,Certification Ready,True,False,Manager approval missing,medium,Block certification release until missing evidence is resolved,2026-06-06
L03143,E03143,cert-enterprise-ai-safety,Certification Ready,True,False,HR eligibility missing; Required lab missing; Manager approval missing,high,Block certification release until missing evidence is resolved,2026-06-06
L03145,E03145,cert-enterprise-ai-safety,Certification Ready,True,False,HR eligibility missing; Required module missing; Required lab missing; Manager approval missing,high,Block certification release until missing evidence is resolved,2026-06-06
L03146,E03146,cert-enterprise-ai-safety,Certification Ready,True,False,Manager approval missing,medium,Block certification release until missing evidence is resolved,2026-06-06
L03150,E03150,cert-enterprise-ai-safety,Certification Ready,True,False,Assessment below 80,medium,Block certification release until missing evidence is resolved,2026-06-06
L03151,E03151,cert-enterprise-ai-safety,Certification Ready,True,False,Required lab missing; Assessment below 80,high,Block certification release until missing evidence is resolved,2026-06-06
L03153,E03153,cert-enterprise-ai-safety,Certification Ready,True,False,Required module missing; Assessment below 80; Manager approval missing,high,Block certification release until missing evidence is resolved,2026-06-06
L03156,E03156,cert-enterprise-ai-safety,Certification Ready,True,False,Required module missing,medium,Block certification release until missing evidence is resolved,2026-06-06
L03157,E03157,cert-enterprise-ai-safety,Certification Ready,True,False,Required lab missing,medium,Block certification release until missing evidence is resolved,2026-06-06
L03158,E03158,cert-enterprise-ai-safety,Certification Ready,True,False,Required module missing; Required lab missing; Manager approval missing,high,Block certification release until missing evidence is resolved,2026-06-06
L03159,E03159,cert-enterprise-ai-safety,Certification Ready,True,False,Required module missing,medium,Block certification release until missing evidence is resolved,2026-06-06
L03161,E03161,cert-enterprise-ai-safety,Certification Ready,True,False,Required module missing; Assessment below 80; Manager approval missing,high,Block certification release until missing evidence is resolved,2026-06-06
L03162,E03162,cert-enterprise-ai-safety,Certification Ready,True,False,HR eligibility missing; Required module missing; Required lab missing,high,Block certification release until missing evidence is resolved,2026-06-06
L03164,E03164,cert-enterprise-ai-safety,Certification Ready,True,False,HR eligibility missing; Required lab missing,high,Block certification release until missing evidence is resolved,2026-06-06
L03165,E03165,cert-enterprise-ai-safety,Certification Ready,True,False,Required module missing; Required lab missing,high,Block certification release until missing evidence is resolved,2026-06-06
L03166,E03166,cert-enterprise-ai-safety,Certification Ready,True,False,HR eligibility missing; Required module missing; Required lab missing; Manager approval missing,high,Block certification release until missing evidence is resolved,2026-06-06
L03167,E03167,cert-enterprise-ai-safety,Certification Ready,True,False,HR eligibility missing; Required module missing; Required lab missing; Assessment below 80; Manager approval missing,high,Block certification release until missing evidence is resolved,2026-06-06
L03169,E03169,cert-enterprise-ai-safety,Certification Ready,True,False,Required lab missing; Assessment below 80; Manager approval missing,high,Block certification release until missing evidence is resolved,2026-06-06
L03171,E03171,cert-enterprise-ai-safety,Certification Ready,True,False,Required module missing; Required lab missing,high,Block certification release until missing evidence is resolved,2026-06-06
L03172,E03172,cert-enterprise-ai-safety,Certification Ready,True,False,Required lab missing,medium,Block certification release until missing evidence is resolved,2026-06-06
L03175,E03175,cert-enterprise-ai-safety,Certification Ready,True,False,Required module missing; Required lab missing,high,Block certification release until missing evidence is resolved,2026-06-06
L03176,E03176,cert-enterprise-ai-safety,Certification Ready,True,False,Required lab missing,medium,Block certification release until missing evidence is resolved,2026-06-06
L03177,E03177,cert-enterprise-ai-safety,Certification Ready,True,False,HR eligibility missing; Required module missing; Manager approval missing,high,Block certification release until missing evidence is resolved,2026-06-06
L03179,E03179,cert-enterprise-ai-safety,Certification Ready,True,False,Required lab missing,medium,Block certification release until missing evidence is resolved,2026-06-06
L03180,E03180,cert-enterprise-ai-safety,Certification Ready,True,False,HR eligibility missing; Required lab missing,high,Block certification release until missing evidence is resolved,2026-06-06
L03182,E03182,cert-enterprise-ai-safety,Certification Ready,True,False,Required module missing; Required lab missing,high,Block certification release until missing evidence is resolved,2026-06-06
L03183,E03183,cert-enterprise-ai-safety,Certification Ready,True,False,Manager approval missing,medium,Block certification release until missing evidence is resolved,2026-06-06
L03186,E03186,cert-enterprise-ai-safety,Certification Ready,True,False,Required module missing; Required lab missing,high,Block certification release until missing evidence is resolved,2026-06-06
L03187,E03187,cert-enterprise-ai-safety,Certification Ready,True,False,Required module missing; Required lab missing,high,Block certification release until missing evidence is resolved,2026-06-06
L03189,E03189,cert-enterprise-ai-safety,Certification Ready,True,False,Required lab missing,medium,Block certification release until missing evidence is resolved,2026-06-06
L03190,E03190,cert-enterprise-ai-safety,Certification Ready,True,False,Required lab missing,medium,Block certification release until missing evidence is resolved,2026-06-06
L03191,E03191,cert-enterprise-ai-safety,Certification Ready,True,False,Required module missing; Required lab missing,high,Block certification release until missing evidence is resolved,2026-06-06
L03197,E03197,cert-enterprise-ai-safety,Certification Ready,True,False,Required module missing,medium,Block certification release until missing evidence is resolved,2026-06-06
L03198,E03198,cert-enterprise-ai-safety,Certification Ready,True,False,HR eligibility missing; Required lab missing; Manager approval missing,high,Block certification release until missing evidence is resolved,2026-06-06
L03199,E03199,cert-enterprise-ai-safety,Certification Ready,True,False,Required module missing; Required lab missing,high,Block certification release until missing evidence is resolved,2026-06-06
L03201,E03201,cert-enterprise-ai-safety,Certification Ready,True,False,Required lab missing; Assessment below 80,high,Block certification release until missing evidence is resolved,2026-06-06
L03204,E03204,cert-enterprise-ai-safety,Certification Ready,True,False,Required module missing; Required lab missing; Manager approval missing,high,Block certification release until missing evidence is resolved,2026-06-06
L03206,E03206,cert-enterprise-ai-safety,Certification Ready,True,False,Required lab missing; Assessment below 80; Manager approval missing,high,Block certification release until missing evidence is resolved,2026-06-06
L03208,E03208,cert-enterprise-ai-safety,Certification Ready,True,False,Required module missing,medium,Block certification release until missing evidence is resolved,2026-06-06
L03212,E03212,cert-enterprise-ai-safety,Certification Ready,True,False,Required lab missing; Assessment below 80,high,Block certification release until missing evidence is resolved,2026-06-06
L03216,E03216,cert-enterprise-ai-safety,Certification Ready,True,False,HR eligibility missing; Required module missing; Required lab missing; Assessment below 80,high,Block certification release until missing evidence is resolved,2026-06-06
L03217,E03217,cert-enterprise-ai-safety,Certification Ready,True,False,Required module missing; Required lab missing,high,Block certification release until missing evidence is resolved,2026-06-06
L03218,E03218,cert-enterprise-ai-safety,Certification Ready,True,False,Required module missing; Required lab missing; Manager approval missing,high,Block certification release until missing evidence is resolved,2026-06-06
L03223,E03223,cert-enterprise-ai-safety,Certification Ready,True,False,Required lab missing; Manager approval missing,high,Block certification release until missing evidence is resolved,2026-06-06
L03225,E03225,cert-enterprise-ai-safety,Certification Ready,True,False,Required module missing; Manager approval missing,high,Block certification release until missing evidence is resolved,2026-06-06
L03226,E03226,cert-enterprise-ai-safety,Certification Ready,True,False,Required module missing; Required lab missing,high,Block certification release until missing evidence is resolved,2026-06-06
L03229,E03229,cert-enterprise-ai-safety,Certification Ready,True,False,Assessment below 80,medium,Block certification release until missing evidence is resolved,2026-06-06
L03233,E03233,cert-enterprise-ai-safety,Certification Ready,True,False,HR eligibility missing; Required module missing; Required lab missing; Manager approval missing,high,Block certification release until missing evidence is resolved,2026-06-06
L03235,E03235,cert-enterprise-ai-safety,Certification Ready,True,False,Assessment below 80,medium,Block certification release until missing evidence is resolved,2026-06-06
L03236,E03236,cert-enterprise-ai-safety,Certification Ready,True,False,Required module missing; Required lab missing,high,Block certification release until missing evidence is resolved,2026-06-06
L03238,E03238,cert-enterprise-ai-safety,Certification Ready,True,False,HR eligibility missing; Required module missing; Required lab missing; Assessment below 80,high,Block certification release until missing evidence is resolved,2026-06-06
L03241,E03241,cert-enterprise-ai-safety,Certification Ready,True,False,Required lab missing; Manager approval missing,high,Block certification release until missing evidence is resolved,2026-06-06
L03244,E03244,cert-enterprise-ai-safety,Certification Ready,True,False,Required lab missing,medium,Block certification release until missing evidence is resolved,2026-06-06
L03246,E03246,cert-enterprise-ai-safety,Certification Ready,True,False,HR eligibility missing; Manager approval missing,high,Block certification release until missing evidence is resolved,2026-06-06
L03248,E03248,cert-enterprise-ai-safety,Certification Ready,True,False,Required module missing,medium,Block certification release until missing evidence is resolved,2026-06-06
L03252,E03252,cert-enterprise-ai-safety,Certification Ready,True,False,Required lab missing,medium,Block certification release until missing evidence is resolved,2026-06-06
L03253,E03253,cert-enterprise-ai-safety,Certification Ready,True,False,HR eligibility missing,medium,Block certification release until missing evidence is resolved,2026-06-06
L03254,E03254,cert-enterprise-ai-safety,Certification Ready,True,False,Required lab missing; Manager approval missing,high,Block certification release until missing evidence is resolved,2026-06-06
L03255,E03255,cert-enterprise-ai-safety,Certification Ready,True,False,Required module missing; Required lab missing,high,Block certification release until missing evidence is resolved,2026-06-06
L03257,E03257,cert-enterprise-ai-safety,Certification Ready,True,False,Required module missing,medium,Block certification release until missing evidence is resolved,2026-06-06
L03258,E03258,cert-enterprise-ai-safety,Certification Ready,True,False,Required lab missing,medium,Block certification release until missing evidence is resolved,2026-06-06
L03259,E03259,cert-enterprise-ai-safety,Certification Ready,True,False,HR eligibility missing; Required module missing,high,Block certification release until missing evidence is resolved,2026-06-06
L03260,E03260,cert-enterprise-ai-safety,Certification Ready,True,False,Required module missing; Required lab missing,high,Block certification release until missing evidence is resolved,2026-06-06
L03261,E03261,cert-enterprise-ai-safety,Certification Ready,True,False,Required module missing; Manager approval missing,high,Block certification release until missing evidence is resolved,2026-06-06
L03263,E03263,cert-enterprise-ai-safety,Certification Ready,True,False,Required lab missing; Manager approval missing,high,Block certification release until missing evidence is resolved,2026-06-06
L03264,E03264,cert-enterprise-ai-safety,Certification Ready,True,False,Required lab missing; Assessment below 80,high,Block certification release until missing evidence is resolved,2026-06-06
L03265,E03265,cert-enterprise-ai-safety,Certification Ready,True,False,Required module missing; Required lab missing,high,Block certification release until missing evidence is resolved,2026-06-06
L03268,E03268,cert-enterprise-ai-safety,Certification Ready,True,False,Required lab missing,medium,Block certification release until missing evidence is resolved,2026-06-06
L03271,E03271,cert-enterprise-ai-safety,Certification Ready,True,False,HR eligibility missing; Required lab missing,high,Block certification release until missing evidence is resolved,2026-06-06
L03274,E03274,cert-enterprise-ai-safety,Certification Ready,True,False,Required module missing,medium,Block certification release until missing evidence is resolved,2026-06-06
L03276,E03276,cert-enterprise-ai-safety,Certification Ready,True,False,Required module missing; Required lab missing; Manager approval missing,high,Block certification release until missing evidence is resolved,2026-06-06
L03277,E03277,cert-enterprise-ai-safety,Certification Ready,True,False,Required module missing; Assessment below 80,high,Block certification release until missing evidence is resolved,2026-06-06
L03278,E03278,cert-enterprise-ai-safety,Certification Ready,True,False,Required module missing; Manager approval missing,high,Block certification release until missing evidence is resolved,2026-06-06
L03279,E03279,cert-enterprise-ai-safety,Certification Ready,True,False,Required lab missing,medium,Block certification release until missing evidence is resolved,2026-06-06
L03280,E03280,cert-enterprise-ai-safety,Certification Ready,True,False,Required module missing; Manager approval missing,high,Block certification release until missing evidence is resolved,2026-06-06
L03281,E03281,cert-enterprise-ai-safety,Certification Ready,True,False,Required lab missing; Assessment below 80,high,Block certification release until missing evidence is resolved,2026-06-06
L03285,E03285,cert-enterprise-ai-safety,Certification Ready,True,False,HR eligibility missing; Assessment below 80,high,Block certification release until missing evidence is resolved,2026-06-06
L03291,E03291,cert-enterprise-ai-safety,Certification Ready,True,False,Required module missing; Required lab missing,high,Block certification release until missing evidence is resolved,2026-06-06
L03293,E03293,cert-enterprise-ai-safety,Certification Ready,True,False,HR eligibility missing; Required module missing; Required lab missing,high,Block certification release until missing evidence is resolved,2026-06-06
L03294,E03294,cert-enterprise-ai-safety,Certification Ready,True,False,Required module missing; Manager approval missing,high,Block certification release until missing evidence is resolved,2026-06-06
L03295,E03295,cert-enterprise-ai-safety,Certification Ready,True,False,HR eligibility missing,medium,Block certification release until missing evidence is resolved,2026-06-06
L03298,E03298,cert-enterprise-ai-safety,Certification Ready,True,False,Required module missing; Required lab missing; Manager approval missing,high,Block certification release until missing evidence is resolved,2026-06-06
L03299,E03299,cert-enterprise-ai-safety,Certification Ready,True,False,Required lab missing; Manager approval missing,high,Block certification release until missing evidence is resolved,2026-06-06
L03306,E03306,cert-enterprise-ai-safety,Certification Ready,True,False,Required module missing; Required lab missing; Assessment below 80,high,Block certification release until missing evidence is resolved,2026-06-06
L03309,E03309,cert-enterprise-ai-safety,Certification Ready,True,False,HR eligibility missing; Required module missing; Required lab missing; Manager approval missing,high,Block certification release until missing evidence is resolved,2026-06-06
L03310,E03310,cert-enterprise-ai-safety,Certification Ready,True,False,Required lab missing,medium,Block certification release until missing evidence is resolved,2026-06-06
L03312,E03312,cert-enterprise-ai-safety,Certification Ready,True,False,HR eligibility missing; Required lab missing,high,Block certification release until missing evidence is resolved,2026-06-06
L03316,E03316,cert-enterprise-ai-safety,Certification Ready,True,False,Required lab missing,medium,Block certification release until missing evidence is resolved,2026-06-06
L03318,E03318,cert-enterprise-ai-safety,Certification Ready,True,False,HR eligibility missing; Required module missing; Required lab missing,high,Block certification release until missing evidence is resolved,2026-06-06
L03327,E03327,cert-enterprise-ai-safety,Certification Ready,True,False,Required module missing; Required lab missing; Assessment below 80,high,Block certification release until missing evidence is resolved,2026-06-06
L03331,E03331,cert-enterprise-ai-safety,Certification Ready,True,False,Required module missing; Required lab missing; Manager approval missing,high,Block certification release until missing evidence is resolved,2026-06-06
L03334,E03334,cert-enterprise-ai-safety,Certification Ready,True,False,HR eligibility missing; Manager approval missing,high,Block certification release until missing evidence is resolved,2026-06-06
L03335,E03335,cert-enterprise-ai-safety,Certification Ready,True,False,Required module missing; Required lab missing; Assessment below 80,high,Block certification release until missing evidence is resolved,2026-06-06
L03350,E03350,cert-enterprise-ai-safety,Certification Ready,True,False,Required module missing; Assessment below 80; Manager approval missing,high,Block certification release until missing evidence is resolved,2026-06-06
L03351,E03351,cert-enterprise-ai-safety,Certification Ready,True,False,Required lab missing,medium,Block certification release until missing evidence is resolved,2026-06-06
L03352,E03352,cert-enterprise-ai-safety,Certification Ready,True,False,HR eligibility missing; Required module missing; Required lab missing,high,Block certification release until missing evidence is resolved,2026-06-06
L03355,E03355,cert-enterprise-ai-safety,Certification Ready,True,False,Required module missing; Required lab missing,high,Block certification release until missing evidence is resolved,2026-06-06
L03356,E03356,cert-enterprise-ai-safety,Certification Ready,True,False,Required lab missing,medium,Block certification release until missing evidence is resolved,2026-06-06
L03359,E03359,cert-enterprise-ai-safety,Certification Ready,True,False,Required module missing; Required lab missing; Assessment below 80; Manager approval missing,high,Block certification release until missing evidence is resolved,2026-06-06
L03360,E03360,cert-enterprise-ai-safety,Certification Ready,True,False,Required module missing; Manager approval missing,high,Block certification release until missing evidence is resolved,2026-06-06
L03365,E03365,cert-enterprise-ai-safety,Certification Ready,True,False,Required module missing; Required lab missing,high,Block certification release until missing evidence is resolved,2026-06-06
L03368,E03368,cert-enterprise-ai-safety,Certification Ready,True,False,Required module missing,medium,Block certification release until missing evidence is resolved,2026-06-06
L03372,E03372,cert-enterprise-ai-safety,Certification Ready,True,False,Manager approval missing,medium,Block certification release until missing evidence is resolved,2026-06-06
L03373,E03373,cert-enterprise-ai-safety,Certification Ready,True,False,Required module missing; Required lab missing,high,Block certification release until missing evidence is resolved,2026-06-06
L03375,E03375,cert-enterprise-ai-safety,Certification Ready,True,False,Required module missing; Required lab missing; Assessment below 80,high,Block certification release until missing evidence is resolved,2026-06-06
L03376,E03376,cert-enterprise-ai-safety,Certification Ready,True,False,HR eligibility missing; Required lab missing,high,Block certification release until missing evidence is resolved,2026-06-06
L03377,E03377,cert-enterprise-ai-safety,Certification Ready,True,False,Required module missing; Required lab missing; Manager approval missing,high,Block certification release until missing evidence is resolved,2026-06-06
L03378,E03378,cert-enterprise-ai-safety,Certification Ready,True,False,HR eligibility missing; Required module missing; Required lab missing,high,Block certification release until missing evidence is resolved,2026-06-06
L03379,E03379,cert-enterprise-ai-safety,Certification Ready,True,False,Required module missing,medium,Block certification release until missing evidence is resolved,2026-06-06
L03382,E03382,cert-enterprise-ai-safety,Certification Ready,True,False,Required module missing,medium,Block certification release until missing evidence is resolved,2026-06-06
L03383,E03383,cert-enterprise-ai-safety,Certification Ready,True,False,Required module missing; Required lab missing; Manager approval missing,high,Block certification release until missing evidence is resolved,2026-06-06
L03384,E03384,cert-enterprise-ai-safety,Certification Ready,True,False,Required module missing; Manager approval missing,high,Block certification release until missing evidence is resolved,2026-06-06
L03392,E03392,cert-enterprise-ai-safety,Certification Ready,True,False,HR eligibility missing; Required module missing,high,Block certification release until missing evidence is resolved,2026-06-06
L03393,E03393,cert-enterprise-ai-safety,Certification Ready,True,False,Required lab missing; Manager approval missing,high,Block certification release until missing evidence is resolved,2026-06-06
L03397,E03397,cert-enterprise-ai-safety,Certification Ready,True,False,Required module missing; Required lab missing,high,Block certification release until missing evidence is resolved,2026-06-06
L03399,E03399,cert-enterprise-ai-safety,Certification Ready,True,False,Required module missing; Manager approval missing,high,Block certification release until missing evidence is resolved,2026-06-06
L03400,E03400,cert-enterprise-ai-safety,Certification Ready,True,False,Required module missing; Required lab missing,high,Block certification release until missing evidence is resolved,2026-06-06
L03402,E03402,cert-enterprise-ai-safety,Certification Ready,True,False,Required module missing; Required lab missing,high,Block certification release until missing evidence is resolved,2026-06-06
L03403,E03403,cert-enterprise-ai-safety,Certification Ready,True,False,Required module missing,medium,Block certification release until missing evidence is resolved,2026-06-06
L03405,E03405,cert-enterprise-ai-safety,Certification Ready,True,False,Manager approval missing,medium,Block certification release until missing evidence is resolved,2026-06-06
L03408,E03408,cert-enterprise-ai-safety,Certification Ready,True,False,Required module missing; Required lab missing; Manager approval missing,high,Block certification release until missing evidence is resolved,2026-06-06
L03409,E03409,cert-enterprise-ai-safety,Certification Ready,True,False,Manager approval missing,medium,Block certification release until missing evidence is resolved,2026-06-06
L03410,E03410,cert-enterprise-ai-safety,Certification Ready,True,False,HR eligibility missing; Required lab missing,high,Block certification release until missing evidence is resolved,2026-06-06
L03411,E03411,cert-enterprise-ai-safety,Certification Ready,True,False,Required lab missing,medium,Block certification release until missing evidence is resolved,2026-06-06
L03415,E03415,cert-enterprise-ai-safety,Certification Ready,True,False,Required lab missing; Assessment below 80; Manager approval missing,high,Block certification release until missing evidence is resolved,2026-06-06
L03416,E03416,cert-enterprise-ai-safety,Certification Ready,True,False,Required module missing; Required lab missing,high,Block certification release until missing evidence is resolved,2026-06-06
L03418,E03418,cert-enterprise-ai-safety,Certification Ready,True,False,HR eligibility missing; Required module missing; Required lab missing; Assessment below 80,high,Block certification release until missing evidence is resolved,2026-06-06
L03420,E03420,cert-enterprise-ai-safety,Certification Ready,True,False,Required module missing,medium,Block certification release until missing evidence is resolved,2026-06-06
L03422,E03422,cert-enterprise-ai-safety,Certification Ready,True,False,HR eligibility missing,medium,Block certification release until missing evidence is resolved,2026-06-06
L03424,E03424,cert-enterprise-ai-safety,Certification Ready,True,False,Required lab missing,medium,Block certification release until missing evidence is resolved,2026-06-06
L03425,E03425,cert-enterprise-ai-safety,Certification Ready,True,False,Required lab missing; Assessment below 80,high,Block certification release until missing evidence is resolved,2026-06-06
L03427,E03427,cert-enterprise-ai-safety,Certification Ready,True,False,Required lab missing,medium,Block certification release until missing evidence is resolved,2026-06-06
L03430,E03430,cert-enterprise-ai-safety,Certification Ready,True,False,Required module missing; Required lab missing,high,Block certification release until missing evidence is resolved,2026-06-06
L03433,E03433,cert-enterprise-ai-safety,Certification Ready,True,False,Required module missing,medium,Block certification release until missing evidence is resolved,2026-06-06
L03434,E03434,cert-enterprise-ai-safety,Certification Ready,True,False,Required lab missing,medium,Block certification release until missing evidence is resolved,2026-06-06
L03435,E03435,cert-enterprise-ai-safety,Certification Ready,True,False,Manager approval missing,medium,Block certification release until missing evidence is resolved,2026-06-06
L03443,E03443,cert-enterprise-ai-safety,Certification Ready,True,False,Required module missing,medium,Block certification release until missing evidence is resolved,2026-06-06
L03445,E03445,cert-enterprise-ai-safety,Certification Ready,True,False,Required lab missing; Assessment below 80,high,Block certification release until missing evidence is resolved,2026-06-06
L03447,E03447,cert-enterprise-ai-safety,Certification Ready,True,False,HR eligibility missing; Required module missing; Required lab missing,high,Block certification release until missing evidence is resolved,2026-06-06
L03449,E03449,cert-enterprise-ai-safety,Certification Ready,True,False,Required module missing; Assessment below 80,high,Block certification release until missing evidence is resolved,2026-06-06
L03450,E03450,cert-enterprise-ai-safety,Certification Ready,True,False,HR eligibility missing; Required module missing; Required lab missing,high,Block certification release until missing evidence is resolved,2026-06-06
L03453,E03453,cert-enterprise-ai-safety,Certification Ready,True,False,Required module missing; Manager approval missing,high,Block certification release until missing evidence is resolved,2026-06-06
L03454,E03454,cert-enterprise-ai-safety,Certification Ready,True,False,Required lab missing,medium,Block certification release until missing evidence is resolved,2026-06-06
L03456,E03456,cert-enterprise-ai-safety,Certification Ready,True,False,HR eligibility missing; Required module missing; Required lab missing,high,Block certification release until missing evidence is resolved,2026-06-06
L03457,E03457,cert-enterprise-ai-safety,Certification Ready,True,False,Required lab missing; Manager approval missing,high,Block certification release until missing evidence is resolved,2026-06-06
L03461,E03461,cert-enterprise-ai-safety,Certification Ready,True,False,Required lab missing; Manager approval missing,high,Block certification release until missing evidence is resolved,2026-06-06
L03464,E03464,cert-enterprise-ai-safety,Certification Ready,True,False,HR eligibility missing; Required lab missing,high,Block certification release until missing evidence is resolved,2026-06-06
L03465,E03465,cert-enterprise-ai-safety,Certification Ready,True,False,Required lab missing; Manager approval missing,high,Block certification release until missing evidence is resolved,2026-06-06
L03466,E03466,cert-enterprise-ai-safety,Certification Ready,True,False,Required module missing; Required lab missing,high,Block certification release until missing evidence is resolved,2026-06-06
L03468,E03468,cert-enterprise-ai-safety,Certification Ready,True,False,Required lab missing; Assessment below 80,high,Block certification release until missing evidence is resolved,2026-06-06
L03470,E03470,cert-enterprise-ai-safety,Certification Ready,True,False,Required lab missing,medium,Block certification release until missing evidence is resolved,2026-06-06
L03472,E03472,cert-enterprise-ai-safety,Certification Ready,True,False,HR eligibility missing; Required module missing; Manager approval missing,high,Block certification release until missing evidence is resolved,2026-06-06
L03473,E03473,cert-enterprise-ai-safety,Certification Ready,True,False,Required module missing; Manager approval missing,high,Block certification release until missing evidence is resolved,2026-06-06
L03475,E03475,cert-enterprise-ai-safety,Certification Ready,True,False,Required module missing; Required lab missing; Assessment below 80; Manager approval missing,high,Block certification release until missing evidence is resolved,2026-06-06
L03479,E03479,cert-enterprise-ai-safety,Certification Ready,True,False,Required module missing; Required lab missing,high,Block certification release until missing evidence is resolved,2026-06-06
L03481,E03481,cert-enterprise-ai-safety,Certification Ready,True,False,Required module missing,medium,Block certification release until missing evidence is resolved,2026-06-06
L03483,E03483,cert-enterprise-ai-safety,Certification Ready,True,False,HR eligibility missing,medium,Block certification release until missing evidence is resolved,2026-06-06
L03484,E03484,cert-enterprise-ai-safety,Certification Ready,True,False,HR eligibility missing; Required lab missing; Assessment below 80,high,Block certification release until missing evidence is resolved,2026-06-06
L03486,E03486,cert-enterprise-ai-safety,Certification Ready,True,False,HR eligibility missing; Required module missing; Required lab missing,high,Block certification release until missing evidence is resolved,2026-06-06
L03488,E03488,cert-enterprise-ai-safety,Certification Ready,True,False,Assessment below 80,medium,Block certification release until missing evidence is resolved,2026-06-06
L03490,E03490,cert-enterprise-ai-safety,Certification Ready,True,False,Required module missing; Manager approval missing,high,Block certification release until missing evidence is resolved,2026-06-06
L03492,E03492,cert-enterprise-ai-safety,Certification Ready,True,False,Required lab missing; Manager approval missing,high,Block certification release until missing evidence is resolved,2026-06-06
L03495,E03495,cert-enterprise-ai-safety,Certification Ready,True,False,HR eligibility missing; Required module missing; Required lab missing,high,Block certification release until missing evidence is resolved,2026-06-06
L03497,E03497,cert-enterprise-ai-safety,Certification Ready,True,False,Required module missing; Required lab missing,high,Block certification release until missing evidence is resolved,2026-06-06
L03502,E03502,cert-enterprise-ai-safety,Certification Ready,True,False,Required module missing; Required lab missing,high,Block certification release until missing evidence is resolved,2026-06-06
L03507,E03507,cert-enterprise-ai-safety,Certification Ready,True,False,Required module missing; Assessment below 80; Manager approval missing,high,Block certification release until missing evidence is resolved,2026-06-06
L03509,E03509,cert-enterprise-ai-safety,Certification Ready,True,False,HR eligibility missing; Required module missing; Required lab missing,high,Block certification release until missing evidence is resolved,2026-06-06
L03510,E03510,cert-enterprise-ai-safety,Certification Ready,True,False,Required lab missing; Manager approval missing,high,Block certification release until missing evidence is resolved,2026-06-06
L03512,E03512,cert-enterprise-ai-safety,Certification Ready,True,False,HR eligibility missing,medium,Block certification release until missing evidence is resolved,2026-06-06
L03520,E03520,cert-enterprise-ai-safety,Certification Ready,True,False,Required module missing,medium,Block certification release until missing evidence is resolved,2026-06-06
L03521,E03521,cert-enterprise-ai-safety,Certification Ready,True,False,Required module missing,medium,Block certification release until missing evidence is resolved,2026-06-06
L03522,E03522,cert-enterprise-ai-safety,Certification Ready,True,False,Required module missing; Required lab missing; Manager approval missing,high,Block certification release until missing evidence is resolved,2026-06-06
L03524,E03524,cert-enterprise-ai-safety,Certification Ready,True,False,Required module missing; Required lab missing; Manager approval missing,high,Block certification release until missing evidence is resolved,2026-06-06
L03527,E03527,cert-enterprise-ai-safety,Certification Ready,True,False,Required lab missing; Assessment below 80,high,Block certification release until missing evidence is resolved,2026-06-06
L03528,E03528,cert-enterprise-ai-safety,Certification Ready,True,False,Assessment below 80; Manager approval missing,high,Block certification release until missing evidence is resolved,2026-06-06
L03533,E03533,cert-enterprise-ai-safety,Certification Ready,True,False,Required lab missing,medium,Block certification release until missing evidence is resolved,2026-06-06
L03535,E03535,cert-enterprise-ai-safety,Certification Ready,True,False,Required lab missing; Manager approval missing,high,Block certification release until missing evidence is resolved,2026-06-06
L03538,E03538,cert-enterprise-ai-safety,Certification Ready,True,False,Required module missing; Required lab missing,high,Block certification release until missing evidence is resolved,2026-06-06
L03540,E03540,cert-enterprise-ai-safety,Certification Ready,True,False,Required module missing; Required lab missing,high,Block certification release until missing evidence is resolved,2026-06-06
L03545,E03545,cert-enterprise-ai-safety,Certification Ready,True,False,Required module missing,medium,Block certification release until missing evidence is resolved,2026-06-06
L03546,E03546,cert-enterprise-ai-safety,Certification Ready,True,False,Required module missing; Required lab missing,high,Block certification release until missing evidence is resolved,2026-06-06
L03547,E03547,cert-enterprise-ai-safety,Certification Ready,True,False,Required lab missing,medium,Block certification release until missing evidence is resolved,2026-06-06
L03549,E03549,cert-enterprise-ai-safety,Certification Ready,True,False,Required lab missing,medium,Block certification release until missing evidence is resolved,2026-06-06
L03550,E03550,cert-enterprise-ai-safety,Certification Ready,True,False,Required module missing; Required lab missing,high,Block certification release until missing evidence is resolved,2026-06-06
L03552,E03552,cert-enterprise-ai-safety,Certification Ready,True,False,Required module missing,medium,Block certification release until missing evidence is resolved,2026-06-06
L03553,E03553,cert-enterprise-ai-safety,Certification Ready,True,False,Required module missing; Assessment below 80,high,Block certification release until missing evidence is resolved,2026-06-06
L03554,E03554,cert-enterprise-ai-safety,Certification Ready,True,False,Required module missing; Required lab missing; Assessment below 80; Manager approval missing,high,Block certification release until missing evidence is resolved,2026-06-06
L03556,E03556,cert-enterprise-ai-safety,Certification Ready,True,False,Required module missing,medium,Block certification release until missing evidence is resolved,2026-06-06
L03557,E03557,cert-enterprise-ai-safety,Certification Ready,True,False,Manager approval missing,medium,Block certification release until missing evidence is resolved,2026-06-06
L03560,E03560,cert-enterprise-ai-safety,Certification Ready,True,False,Required module missing; Required lab missing,high,Block certification release until missing evidence is resolved,2026-06-06
L03561,E03561,cert-enterprise-ai-safety,Certification Ready,True,False,HR eligibility missing; Required module missing; Required lab missing,high,Block certification release until missing evidence is resolved,2026-06-06
L03563,E03563,cert-enterprise-ai-safety,Certification Ready,True,False,Required lab missing,medium,Block certification release until missing evidence is resolved,2026-06-06
L03564,E03564,cert-enterprise-ai-safety,Certification Ready,True,False,HR eligibility missing; Required module missing; Required lab missing; Assessment below 80; Manager approval missing,high,Block certification release until missing evidence is resolved,2026-06-06
L03565,E03565,cert-enterprise-ai-safety,Certification Ready,True,False,Required lab missing,medium,Block certification release until missing evidence is resolved,2026-06-06
L03567,E03567,cert-enterprise-ai-safety,Certification Ready,True,False,Required lab missing,medium,Block certification release until missing evidence is resolved,2026-06-06
L03568,E03568,cert-enterprise-ai-safety,Certification Ready,True,False,Required lab missing,medium,Block certification release until missing evidence is resolved,2026-06-06
L03572,E03572,cert-enterprise-ai-safety,Certification Ready,True,False,Required module missing; Required lab missing,high,Block certification release until missing evidence is resolved,2026-06-06
L03576,E03576,cert-enterprise-ai-safety,Certification Ready,True,False,HR eligibility missing; Required module missing,high,Block certification release until missing evidence is resolved,2026-06-06
L03580,E03580,cert-enterprise-ai-safety,Certification Ready,True,False,Required lab missing,medium,Block certification release until missing evidence is resolved,2026-06-06
L03585,E03585,cert-enterprise-ai-safety,Certification Ready,True,False,Required lab missing; Assessment below 80,high,Block certification release until missing evidence is resolved,2026-06-06
L03586,E03586,cert-enterprise-ai-safety,Certification Ready,True,False,HR eligibility missing; Required module missing,high,Block certification release until missing evidence is resolved,2026-06-06
L03587,E03587,cert-enterprise-ai-safety,Certification Ready,True,False,Assessment below 80; Manager approval missing,high,Block certification release until missing evidence is resolved,2026-06-06
L03588,E03588,cert-enterprise-ai-safety,Certification Ready,True,False,Required lab missing; Assessment below 80,high,Block certification release until missing evidence is resolved,2026-06-06
L03590,E03590,cert-enterprise-ai-safety,Certification Ready,True,False,Required module missing; Required lab missing; Assessment below 80,high,Block certification release until missing evidence is resolved,2026-06-06
L03596,E03596,cert-enterprise-ai-safety,Certification Ready,True,False,Required module missing; Required lab missing,high,Block certification release until missing evidence is resolved,2026-06-06
L03597,E03597,cert-enterprise-ai-safety,Certification Ready,True,False,Required module missing,medium,Block certification release until missing evidence is resolved,2026-06-06
L03599,E03599,cert-enterprise-ai-safety,Certification Ready,True,False,Required module missing; Required lab missing; Manager approval missing,high,Block certification release until missing evidence is resolved,2026-06-06
L03601,E03601,cert-enterprise-ai-safety,Certification Ready,True,False,Required module missing,medium,Block certification release until missing evidence is resolved,2026-06-06
L03602,E03602,cert-enterprise-ai-safety,Certification Ready,True,False,HR eligibility missing; Required lab missing,high,Block certification release until missing evidence is resolved,2026-06-06
L03604,E03604,cert-enterprise-ai-safety,Certification Ready,True,False,Required module missing; Required lab missing,high,Block certification release until missing evidence is resolved,2026-06-06
L03607,E03607,cert-enterprise-ai-safety,Certification Ready,True,False,Required lab missing,medium,Block certification release until missing evidence is resolved,2026-06-06
L03610,E03610,cert-enterprise-ai-safety,Certification Ready,True,False,Required lab missing,medium,Block certification release until missing evidence is resolved,2026-06-06
L03612,E03612,cert-enterprise-ai-safety,Certification Ready,True,False,Required module missing; Required lab missing; Manager approval missing,high,Block certification release until missing evidence is resolved,2026-06-06
L03616,E03616,cert-enterprise-ai-safety,Certification Ready,True,False,Required lab missing,medium,Block certification release until missing evidence is resolved,2026-06-06
L03621,E03621,cert-enterprise-ai-safety,Certification Ready,True,False,Required lab missing,medium,Block certification release until missing evidence is resolved,2026-06-06
L03623,E03623,cert-enterprise-ai-safety,Certification Ready,True,False,Required module missing; Required lab missing; Manager approval missing,high,Block certification release until missing evidence is resolved,2026-06-06
L03625,E03625,cert-enterprise-ai-safety,Certification Ready,True,False,Required module missing; Required lab missing,high,Block certification release until missing evidence is resolved,2026-06-06
L03627,E03627,cert-enterprise-ai-safety,Certification Ready,True,False,Required lab missing,medium,Block certification release until missing evidence is resolved,2026-06-06
L03628,E03628,cert-enterprise-ai-safety,Certification Ready,True,False,Required lab missing; Manager approval missing,high,Block certification release until missing evidence is resolved,2026-06-06
L03630,E03630,cert-enterprise-ai-safety,Certification Ready,True,False,Required lab missing,medium,Block certification release until missing evidence is resolved,2026-06-06
L03632,E03632,cert-enterprise-ai-safety,Certification Ready,True,False,HR eligibility missing; Required lab missing,high,Block certification release until missing evidence is resolved,2026-06-06
L03633,E03633,cert-enterprise-ai-safety,Certification Ready,True,False,Required module missing; Assessment below 80,high,Block certification release until missing evidence is resolved,2026-06-06
L03635,E03635,cert-enterprise-ai-safety,Certification Ready,True,False,Required lab missing,medium,Block certification release until missing evidence is resolved,2026-06-06
L03636,E03636,cert-enterprise-ai-safety,Certification Ready,True,False,Required module missing; Required lab missing; Manager approval missing,high,Block certification release until missing evidence is resolved,2026-06-06
L03639,E03639,cert-enterprise-ai-safety,Certification Ready,True,False,Manager approval missing,medium,Block certification release until missing evidence is resolved,2026-06-06
L03641,E03641,cert-enterprise-ai-safety,Certification Ready,True,False,Required module missing; Required lab missing; Assessment below 80,high,Block certification release until missing evidence is resolved,2026-06-06
L03643,E03643,cert-enterprise-ai-safety,Certification Ready,True,False,Required module missing; Required lab missing; Manager approval missing,high,Block certification release until missing evidence is resolved,2026-06-06
L03644,E03644,cert-enterprise-ai-safety,Certification Ready,True,False,Required module missing; Required lab missing,high,Block certification release until missing evidence is resolved,2026-06-06
L03645,E03645,cert-enterprise-ai-safety,Certification Ready,True,False,Required lab missing,medium,Block certification release until missing evidence is resolved,2026-06-06
L03647,E03647,cert-enterprise-ai-safety,Certification Ready,True,False,HR eligibility missing; Required lab missing,high,Block certification release until missing evidence is resolved,2026-06-06
L03649,E03649,cert-enterprise-ai-safety,Certification Ready,True,False,Required module missing; Assessment below 80,high,Block certification release until missing evidence is resolved,2026-06-06
L03650,E03650,cert-enterprise-ai-safety,Certification Ready,True,False,Required module missing; Required lab missing,high,Block certification release until missing evidence is resolved,2026-06-06
L03653,E03653,cert-enterprise-ai-safety,Certification Ready,True,False,Required lab missing; Manager approval missing,high,Block certification release until missing evidence is resolved,2026-06-06
L03656,E03656,cert-enterprise-ai-safety,Certification Ready,True,False,Required module missing; Required lab missing,high,Block certification release until missing evidence is resolved,2026-06-06
L03657,E03657,cert-enterprise-ai-safety,Certification Ready,True,False,Required module missing; Manager approval missing,high,Block certification release until missing evidence is resolved,2026-06-06
L03659,E03659,cert-enterprise-ai-safety,Certification Ready,True,False,Required lab missing; Manager approval missing,high,Block certification release until missing evidence is resolved,2026-06-06
L03660,E03660,cert-enterprise-ai-safety,Certification Ready,True,False,Required lab missing; Manager approval missing,high,Block certification release until missing evidence is resolved,2026-06-06
L03661,E03661,cert-enterprise-ai-safety,Certification Ready,True,False,Required lab missing,medium,Block certification release until missing evidence is resolved,2026-06-06
L03663,E03663,cert-enterprise-ai-safety,Certification Ready,True,False,HR eligibility missing; Required lab missing,high,Block certification release until missing evidence is resolved,2026-06-06
L03664,E03664,cert-enterprise-ai-safety,Certification Ready,True,False,Required lab missing,medium,Block certification release until missing evidence is resolved,2026-06-06
L03669,E03669,cert-enterprise-ai-safety,Certification Ready,True,False,HR eligibility missing; Assessment below 80; Manager approval missing,high,Block certification release until missing evidence is resolved,2026-06-06
L03671,E03671,cert-enterprise-ai-safety,Certification Ready,True,False,HR eligibility missing; Required module missing; Required lab missing,high,Block certification release until missing evidence is resolved,2026-06-06
L03672,E03672,cert-enterprise-ai-safety,Certification Ready,True,False,Manager approval missing,medium,Block certification release until missing evidence is resolved,2026-06-06
L03674,E03674,cert-enterprise-ai-safety,Certification Ready,True,False,HR eligibility missing; Required lab missing,high,Block certification release until missing evidence is resolved,2026-06-06
L03675,E03675,cert-enterprise-ai-safety,Certification Ready,True,False,Required lab missing; Assessment below 80; Manager approval missing,high,Block certification release until missing evidence is resolved,2026-06-06
L03676,E03676,cert-enterprise-ai-safety,Certification Ready,True,False,Required module missing; Required lab missing,high,Block certification release until missing evidence is resolved,2026-06-06
L03679,E03679,cert-enterprise-ai-safety,Certification Ready,True,False,Required module missing; Required lab missing,high,Block certification release until missing evidence is resolved,2026-06-06
L03680,E03680,cert-enterprise-ai-safety,Certification Ready,True,False,Required module missing,medium,Block certification release until missing evidence is resolved,2026-06-06
L03681,E03681,cert-enterprise-ai-safety,Certification Ready,True,False,HR eligibility missing; Required module missing,high,Block certification release until missing evidence is resolved,2026-06-06
L03682,E03682,cert-enterprise-ai-safety,Certification Ready,True,False,Assessment below 80,medium,Block certification release until missing evidence is resolved,2026-06-06
L03684,E03684,cert-enterprise-ai-safety,Certification Ready,True,False,Required module missing; Required lab missing; Assessment below 80,high,Block certification release until missing evidence is resolved,2026-06-06
L03687,E03687,cert-enterprise-ai-safety,Certification Ready,True,False,Required module missing; Manager approval missing,high,Block certification release until missing evidence is resolved,2026-06-06
L03690,E03690,cert-enterprise-ai-safety,Certification Ready,True,False,Required module missing; Required lab missing; Assessment below 80; Manager approval missing,high,Block certification release until missing evidence is resolved,2026-06-06
L03691,E03691,cert-enterprise-ai-safety,Certification Ready,True,False,Required module missing; Required lab missing,high,Block certification release until missing evidence is resolved,2026-06-06
L03693,E03693,cert-enterprise-ai-safety,Certification Ready,True,False,Required module missing,medium,Block certification release until missing evidence is resolved,2026-06-06
L03695,E03695,cert-enterprise-ai-safety,Certification Ready,True,False,Required module missing,medium,Block certification release until missing evidence is resolved,2026-06-06
L03697,E03697,cert-enterprise-ai-safety,Certification Ready,True,False,Manager approval missing,medium,Block certification release until missing evidence is resolved,2026-06-06
L03698,E03698,cert-enterprise-ai-safety,Certification Ready,True,False,Required module missing; Required lab missing,high,Block certification release until missing evidence is resolved,2026-06-06
L03701,E03701,cert-enterprise-ai-safety,Certification Ready,True,False,Required lab missing,medium,Block certification release until missing evidence is resolved,2026-06-06
L03705,E03705,cert-enterprise-ai-safety,Certification Ready,True,False,Required lab missing,medium,Block certification release until missing evidence is resolved,2026-06-06
L03708,E03708,cert-enterprise-ai-safety,Certification Ready,True,False,HR eligibility missing; Required module missing; Required lab missing,high,Block certification release until missing evidence is resolved,2026-06-06
L03713,E03713,cert-enterprise-ai-safety,Certification Ready,True,False,Required module missing,medium,Block certification release until missing evidence is resolved,2026-06-06
L03720,E03720,cert-enterprise-ai-safety,Certification Ready,True,False,Required lab missing,medium,Block certification release until missing evidence is resolved,2026-06-06
L03721,E03721,cert-enterprise-ai-safety,Certification Ready,True,False,Manager approval missing,medium,Block certification release until missing evidence is resolved,2026-06-06
L03722,E03722,cert-enterprise-ai-safety,Certification Ready,True,False,Required lab missing; Manager approval missing,high,Block certification release until missing evidence is resolved,2026-06-06
L03723,E03723,cert-enterprise-ai-safety,Certification Ready,True,False,Required lab missing; Assessment below 80,high,Block certification release until missing evidence is resolved,2026-06-06
L03724,E03724,cert-enterprise-ai-safety,Certification Ready,True,False,Assessment below 80,medium,Block certification release until missing evidence is resolved,2026-06-06
L03725,E03725,cert-enterprise-ai-safety,Certification Ready,True,False,Required module missing,medium,Block certification release until missing evidence is resolved,2026-06-06
L03726,E03726,cert-enterprise-ai-safety,Certification Ready,True,False,Required lab missing; Manager approval missing,high,Block certification release until missing evidence is resolved,2026-06-06
L03727,E03727,cert-enterprise-ai-safety,Certification Ready,True,False,Required lab missing; Manager approval missing,high,Block certification release until missing evidence is resolved,2026-06-06
L03728,E03728,cert-enterprise-ai-safety,Certification Ready,True,False,Required lab missing,medium,Block certification release until missing evidence is resolved,2026-06-06
L03730,E03730,cert-enterprise-ai-safety,Certification Ready,True,False,Required module missing,medium,Block certification release until missing evidence is resolved,2026-06-06
L03731,E03731,cert-enterprise-ai-safety,Certification Ready,True,False,Assessment below 80,medium,Block certification release until missing evidence is resolved,2026-06-06
L03732,E03732,cert-enterprise-ai-safety,Certification Ready,True,False,HR eligibility missing; Required module missing; Required lab missing,high,Block certification release until missing evidence is resolved,2026-06-06
L03734,E03734,cert-enterprise-ai-safety,Certification Ready,True,False,Required lab missing,medium,Block certification release until missing evidence is resolved,2026-06-06
L03735,E03735,cert-enterprise-ai-safety,Certification Ready,True,False,HR eligibility missing,medium,Block certification release until missing evidence is resolved,2026-06-06
L03737,E03737,cert-enterprise-ai-safety,Certification Ready,True,False,HR eligibility missing; Required module missing; Required lab missing; Manager approval missing,high,Block certification release until missing evidence is resolved,2026-06-06
L03739,E03739,cert-enterprise-ai-safety,Certification Ready,True,False,Required lab missing; Manager approval missing,high,Block certification release until missing evidence is resolved,2026-06-06
L03740,E03740,cert-enterprise-ai-safety,Certification Ready,True,False,Required module missing,medium,Block certification release until missing evidence is resolved,2026-06-06
L03741,E03741,cert-enterprise-ai-safety,Certification Ready,True,False,Required lab missing,medium,Block certification release until missing evidence is resolved,2026-06-06
L03743,E03743,cert-enterprise-ai-safety,Certification Ready,True,False,Required lab missing,medium,Block certification release until missing evidence is resolved,2026-06-06
L03745,E03745,cert-enterprise-ai-safety,Certification Ready,True,False,Required module missing; Required lab missing,high,Block certification release until missing evidence is resolved,2026-06-06
L03757,E03757,cert-enterprise-ai-safety,Certification Ready,True,False,HR eligibility missing; Required lab missing,high,Block certification release until missing evidence is resolved,2026-06-06
L03758,E03758,cert-enterprise-ai-safety,Certification Ready,True,False,HR eligibility missing; Required module missing; Assessment below 80,high,Block certification release until missing evidence is resolved,2026-06-06
L03759,E03759,cert-enterprise-ai-safety,Certification Ready,True,False,Required module missing,medium,Block certification release until missing evidence is resolved,2026-06-06
L03760,E03760,cert-enterprise-ai-safety,Certification Ready,True,False,Assessment below 80,medium,Block certification release until missing evidence is resolved,2026-06-06
L03762,E03762,cert-enterprise-ai-safety,Certification Ready,True,False,Required lab missing,medium,Block certification release until missing evidence is resolved,2026-06-06
L03763,E03763,cert-enterprise-ai-safety,Certification Ready,True,False,HR eligibility missing; Required lab missing; Assessment below 80,high,Block certification release until missing evidence is resolved,2026-06-06
L03764,E03764,cert-enterprise-ai-safety,Certification Ready,True,False,Required module missing,medium,Block certification release until missing evidence is resolved,2026-06-06
L03766,E03766,cert-enterprise-ai-safety,Certification Ready,True,False,Required module missing; Required lab missing,high,Block certification release until missing evidence is resolved,2026-06-06
L03768,E03768,cert-enterprise-ai-safety,Certification Ready,True,False,Required module missing; Required lab missing; Manager approval missing,high,Block certification release until missing evidence is resolved,2026-06-06
L03769,E03769,cert-enterprise-ai-safety,Certification Ready,True,False,Required lab missing; Manager approval missing,high,Block certification release until missing evidence is resolved,2026-06-06
L03770,E03770,cert-enterprise-ai-safety,Certification Ready,True,False,Required module missing; Required lab missing; Manager approval missing,high,Block certification release until missing evidence is resolved,2026-06-06
L03771,E03771,cert-enterprise-ai-safety,Certification Ready,True,False,Required module missing,medium,Block certification release until missing evidence is resolved,2026-06-06
L03775,E03775,cert-enterprise-ai-safety,Certification Ready,True,False,Required lab missing,medium,Block certification release until missing evidence is resolved,2026-06-06
L03779,E03779,cert-enterprise-ai-safety,Certification Ready,True,False,Required module missing; Manager approval missing,high,Block certification release until missing evidence is resolved,2026-06-06
L03780,E03780,cert-enterprise-ai-safety,Certification Ready,True,False,Required lab missing; Manager approval missing,high,Block certification release until missing evidence is resolved,2026-06-06
L03783,E03783,cert-enterprise-ai-safety,Certification Ready,True,False,Required module missing; Manager approval missing,high,Block certification release until missing evidence is resolved,2026-06-06
L03784,E03784,cert-enterprise-ai-safety,Certification Ready,True,False,Required module missing,medium,Block certification release until missing evidence is resolved,2026-06-06
L03791,E03791,cert-enterprise-ai-safety,Certification Ready,True,False,Required module missing; Assessment below 80,high,Block certification release until missing evidence is resolved,2026-06-06
L03792,E03792,cert-enterprise-ai-safety,Certification Ready,True,False,HR eligibility missing; Required lab missing,high,Block certification release until missing evidence is resolved,2026-06-06
L03794,E03794,cert-enterprise-ai-safety,Certification Ready,True,False,Required lab missing; Assessment below 80; Manager approval missing,high,Block certification release until missing evidence is resolved,2026-06-06
L03795,E03795,cert-enterprise-ai-safety,Certification Ready,True,False,Required module missing; Required lab missing,high,Block certification release until missing evidence is resolved,2026-06-06
L03797,E03797,cert-enterprise-ai-safety,Certification Ready,True,False,Required module missing; Manager approval missing,high,Block certification release until missing evidence is resolved,2026-06-06
L03799,E03799,cert-enterprise-ai-safety,Certification Ready,True,False,Required module missing; Required lab missing,high,Block certification release until missing evidence is resolved,2026-06-06
L03802,E03802,cert-enterprise-ai-safety,Certification Ready,True,False,Required module missing,medium,Block certification release until missing evidence is resolved,2026-06-06
L03803,E03803,cert-enterprise-ai-safety,Certification Ready,True,False,Required module missing; Required lab missing,high,Block certification release until missing evidence is resolved,2026-06-06
L03804,E03804,cert-enterprise-ai-safety,Certification Ready,True,False,Required lab missing; Manager approval missing,high,Block certification release until missing evidence is resolved,2026-06-06
L03805,E03805,cert-enterprise-ai-safety,Certification Ready,True,False,Required module missing; Manager approval missing,high,Block certification release until missing evidence is resolved,2026-06-06
L03806,E03806,cert-enterprise-ai-safety,Certification Ready,True,False,Required module missing; Assessment below 80; Manager approval missing,high,Block certification release until missing evidence is resolved,2026-06-06
L03808,E03808,cert-enterprise-ai-safety,Certification Ready,True,False,Required module missing; Manager approval missing,high,Block certification release until missing evidence is resolved,2026-06-06
L03814,E03814,cert-enterprise-ai-safety,Certification Ready,True,False,HR eligibility missing,medium,Block certification release until missing evidence is resolved,2026-06-06
L03816,E03816,cert-enterprise-ai-safety,Certification Ready,True,False,Required module missing; Required lab missing,high,Block certification release until missing evidence is resolved,2026-06-06
L03817,E03817,cert-enterprise-ai-safety,Certification Ready,True,False,HR eligibility missing; Required module missing; Required lab missing; Manager approval missing,high,Block certification release until missing evidence is resolved,2026-06-06
L03818,E03818,cert-enterprise-ai-safety,Certification Ready,True,False,Required module missing; Required lab missing,high,Block certification release until missing evidence is resolved,2026-06-06
L03820,E03820,cert-enterprise-ai-safety,Certification Ready,True,False,Required module missing,medium,Block certification release until missing evidence is resolved,2026-06-06
L03824,E03824,cert-enterprise-ai-safety,Certification Ready,True,False,Required lab missing; Manager approval missing,high,Block certification release until missing evidence is resolved,2026-06-06
L03825,E03825,cert-enterprise-ai-safety,Certification Ready,True,False,Required lab missing,medium,Block certification release until missing evidence is resolved,2026-06-06
L03827,E03827,cert-enterprise-ai-safety,Certification Ready,True,False,Required lab missing; Manager approval missing,high,Block certification release until missing evidence is resolved,2026-06-06
L03828,E03828,cert-enterprise-ai-safety,Certification Ready,True,False,Required lab missing,medium,Block certification release until missing evidence is resolved,2026-06-06
L03830,E03830,cert-enterprise-ai-safety,Certification Ready,True,False,Required module missing; Required lab missing,high,Block certification release until missing evidence is resolved,2026-06-06
L03831,E03831,cert-enterprise-ai-safety,Certification Ready,True,False,HR eligibility missing; Required module missing,high,Block certification release until missing evidence is resolved,2026-06-06
L03834,E03834,cert-enterprise-ai-safety,Certification Ready,True,False,HR eligibility missing; Required module missing; Required lab missing,high,Block certification release until missing evidence is resolved,2026-06-06
L03836,E03836,cert-enterprise-ai-safety,Certification Ready,True,False,Assessment below 80,medium,Block certification release until missing evidence is resolved,2026-06-06
L03838,E03838,cert-enterprise-ai-safety,Certification Ready,True,False,HR eligibility missing; Required module missing,high,Block certification release until missing evidence is resolved,2026-06-06
L03839,E03839,cert-enterprise-ai-safety,Certification Ready,True,False,Required lab missing,medium,Block certification release until missing evidence is resolved,2026-06-06
L03841,E03841,cert-enterprise-ai-safety,Certification Ready,True,False,Required module missing; Required lab missing,high,Block certification release until missing evidence is resolved,2026-06-06
L03843,E03843,cert-enterprise-ai-safety,Certification Ready,True,False,Required module missing; Required lab missing,high,Block certification release until missing evidence is resolved,2026-06-06
L03847,E03847,cert-enterprise-ai-safety,Certification Ready,True,False,Required module missing; Required lab missing,high,Block certification release until missing evidence is resolved,2026-06-06
L03853,E03853,cert-enterprise-ai-safety,Certification Ready,True,False,Required module missing; Required lab missing,high,Block certification release until missing evidence is resolved,2026-06-06
L03855,E03855,cert-enterprise-ai-safety,Certification Ready,True,False,Required module missing; Required lab missing,high,Block certification release until missing evidence is resolved,2026-06-06
L03856,E03856,cert-enterprise-ai-safety,Certification Ready,True,False,Required module missing,medium,Block certification release until missing evidence is resolved,2026-06-06
L03857,E03857,cert-enterprise-ai-safety,Certification Ready,True,False,Required lab missing,medium,Block certification release until missing evidence is resolved,2026-06-06
L03858,E03858,cert-enterprise-ai-safety,Certification Ready,True,False,Required module missing,medium,Block certification release until missing evidence is resolved,2026-06-06
L03859,E03859,cert-enterprise-ai-safety,Certification Ready,True,False,Required lab missing,medium,Block certification release until missing evidence is resolved,2026-06-06
L03861,E03861,cert-enterprise-ai-safety,Certification Ready,True,False,Assessment below 80; Manager approval missing,high,Block certification release until missing evidence is resolved,2026-06-06
L03862,E03862,cert-enterprise-ai-safety,Certification Ready,True,False,Required lab missing; Assessment below 80; Manager approval missing,high,Block certification release until missing evidence is resolved,2026-06-06
L03863,E03863,cert-enterprise-ai-safety,Certification Ready,True,False,Required module missing; Required lab missing; Manager approval missing,high,Block certification release until missing evidence is resolved,2026-06-06
L03865,E03865,cert-enterprise-ai-safety,Certification Ready,True,False,Required module missing; Assessment below 80,high,Block certification release until missing evidence is resolved,2026-06-06
L03867,E03867,cert-enterprise-ai-safety,Certification Ready,True,False,HR eligibility missing; Assessment below 80,high,Block certification release until missing evidence is resolved,2026-06-06
L03868,E03868,cert-enterprise-ai-safety,Certification Ready,True,False,HR eligibility missing; Required lab missing; Assessment below 80; Manager approval missing,high,Block certification release until missing evidence is resolved,2026-06-06
L03869,E03869,cert-enterprise-ai-safety,Certification Ready,True,False,Required module missing,medium,Block certification release until missing evidence is resolved,2026-06-06
L03871,E03871,cert-enterprise-ai-safety,Certification Ready,True,False,Required module missing; Required lab missing; Assessment below 80,high,Block certification release until missing evidence is resolved,2026-06-06
L03873,E03873,cert-enterprise-ai-safety,Certification Ready,True,False,Required module missing; Required lab missing,high,Block certification release until missing evidence is resolved,2026-06-06
L03874,E03874,cert-enterprise-ai-safety,Certification Ready,True,False,Required module missing; Required lab missing,high,Block certification release until missing evidence is resolved,2026-06-06
L03876,E03876,cert-enterprise-ai-safety,Certification Ready,True,False,Required lab missing,medium,Block certification release until missing evidence is resolved,2026-06-06
L03877,E03877,cert-enterprise-ai-safety,Certification Ready,True,False,Manager approval missing,medium,Block certification release until missing evidence is resolved,2026-06-06
L03878,E03878,cert-enterprise-ai-safety,Certification Ready,True,False,Required lab missing,medium,Block certification release until missing evidence is resolved,2026-06-06
L03885,E03885,cert-enterprise-ai-safety,Certification Ready,True,False,Required module missing,medium,Block certification release until missing evidence is resolved,2026-06-06
L03888,E03888,cert-enterprise-ai-safety,Certification Ready,True,False,HR eligibility missing; Required lab missing; Manager approval missing,high,Block certification release until missing evidence is resolved,2026-06-06
L03892,E03892,cert-enterprise-ai-safety,Certification Ready,True,False,HR eligibility missing; Required lab missing,high,Block certification release until missing evidence is resolved,2026-06-06
L03896,E03896,cert-enterprise-ai-safety,Certification Ready,True,False,Required lab missing,medium,Block certification release until missing evidence is resolved,2026-06-06
L03898,E03898,cert-enterprise-ai-safety,Certification Ready,True,False,HR eligibility missing; Assessment below 80; Manager approval missing,high,Block certification release until missing evidence is resolved,2026-06-06
L03901,E03901,cert-enterprise-ai-safety,Certification Ready,True,False,Required module missing,medium,Block certification release until missing evidence is resolved,2026-06-06
L03902,E03902,cert-enterprise-ai-safety,Certification Ready,True,False,Required module missing; Required lab missing; Assessment below 80,high,Block certification release until missing evidence is resolved,2026-06-06
L03906,E03906,cert-enterprise-ai-safety,Certification Ready,True,False,Required lab missing; Manager approval missing,high,Block certification release until missing evidence is resolved,2026-06-06
L03909,E03909,cert-enterprise-ai-safety,Certification Ready,True,False,Required lab missing; Manager approval missing,high,Block certification release until missing evidence is resolved,2026-06-06
L03915,E03915,cert-enterprise-ai-safety,Certification Ready,True,False,Required module missing; Required lab missing; Assessment below 80,high,Block certification release until missing evidence is resolved,2026-06-06
L03920,E03920,cert-enterprise-ai-safety,Certification Ready,True,False,Required module missing; Assessment below 80; Manager approval missing,high,Block certification release until missing evidence is resolved,2026-06-06
L03923,E03923,cert-enterprise-ai-safety,Certification Ready,True,False,Required module missing; Required lab missing; Manager approval missing,high,Block certification release until missing evidence is resolved,2026-06-06
L03924,E03924,cert-enterprise-ai-safety,Certification Ready,True,False,Required lab missing,medium,Block certification release until missing evidence is resolved,2026-06-06
L03928,E03928,cert-enterprise-ai-safety,Certification Ready,True,False,Required lab missing; Assessment below 80; Manager approval missing,high,Block certification release until missing evidence is resolved,2026-06-06
L03929,E03929,cert-enterprise-ai-safety,Certification Ready,True,False,Required lab missing,medium,Block certification release until missing evidence is resolved,2026-06-06
L03930,E03930,cert-enterprise-ai-safety,Certification Ready,True,False,HR eligibility missing; Required module missing; Required lab missing,high,Block certification release until missing evidence is resolved,2026-06-06
L03931,E03931,cert-enterprise-ai-safety,Certification Ready,True,False,Required lab missing; Manager approval missing,high,Block certification release until missing evidence is resolved,2026-06-06
L03933,E03933,cert-enterprise-ai-safety,Certification Ready,True,False,Required lab missing; Manager approval missing,high,Block certification release until missing evidence is resolved,2026-06-06
L03935,E03935,cert-enterprise-ai-safety,Certification Ready,True,False,Required lab missing; Assessment below 80,high,Block certification release until missing evidence is resolved,2026-06-06
L03937,E03937,cert-enterprise-ai-safety,Certification Ready,True,False,Required module missing,medium,Block certification release until missing evidence is resolved,2026-06-06
L03938,E03938,cert-enterprise-ai-safety,Certification Ready,True,False,Manager approval missing,medium,Block certification release until missing evidence is resolved,2026-06-06
L03941,E03941,cert-enterprise-ai-safety,Certification Ready,True,False,Required module missing; Manager approval missing,high,Block certification release until missing evidence is resolved,2026-06-06
L03942,E03942,cert-enterprise-ai-safety,Certification Ready,True,False,HR eligibility missing; Required lab missing,high,Block certification release until missing evidence is resolved,2026-06-06
L03944,E03944,cert-enterprise-ai-safety,Certification Ready,True,False,HR eligibility missing,medium,Block certification release until missing evidence is resolved,2026-06-06
L03945,E03945,cert-enterprise-ai-safety,Certification Ready,True,False,Required module missing; Required lab missing,high,Block certification release until missing evidence is resolved,2026-06-06
L03947,E03947,cert-enterprise-ai-safety,Certification Ready,True,False,Required lab missing,medium,Block certification release until missing evidence is resolved,2026-06-06
L03948,E03948,cert-enterprise-ai-safety,Certification Ready,True,False,Required module missing; Assessment below 80; Manager approval missing,high,Block certification release until missing evidence is resolved,2026-06-06
L03949,E03949,cert-enterprise-ai-safety,Certification Ready,True,False,Required lab missing,medium,Block certification release until missing evidence is resolved,2026-06-06
L03955,E03955,cert-enterprise-ai-safety,Certification Ready,True,False,Required module missing; Required lab missing,high,Block certification release until missing evidence is resolved,2026-06-06
L03961,E03961,cert-enterprise-ai-safety,Certification Ready,True,False,Required lab missing,medium,Block certification release until missing evidence is resolved,2026-06-06
L03962,E03962,cert-enterprise-ai-safety,Certification Ready,True,False,Required module missing,medium,Block certification release until missing evidence is resolved,2026-06-06
L03964,E03964,cert-enterprise-ai-safety,Certification Ready,True,False,HR eligibility missing; Required module missing; Assessment below 80; Manager approval missing,high,Block certification release until missing evidence is resolved,2026-06-06
L03965,E03965,cert-enterprise-ai-safety,Certification Ready,True,False,HR eligibility missing; Required lab missing; Manager approval missing,high,Block certification release until missing evidence is resolved,2026-06-06
L03973,E03973,cert-enterprise-ai-safety,Certification Ready,True,False,HR eligibility missing; Required module missing; Required lab missing,high,Block certification release until missing evidence is resolved,2026-06-06
L03974,E03974,cert-enterprise-ai-safety,Certification Ready,True,False,HR eligibility missing; Required lab missing; Assessment below 80,high,Block certification release until missing evidence is resolved,2026-06-06
L03975,E03975,cert-enterprise-ai-safety,Certification Ready,True,False,Required lab missing,medium,Block certification release until missing evidence is resolved,2026-06-06
L03976,E03976,cert-enterprise-ai-safety,Certification Ready,True,False,Required lab missing; Manager approval missing,high,Block certification release until missing evidence is resolved,2026-06-06
L03979,E03979,cert-enterprise-ai-safety,Certification Ready,True,False,Manager approval missing,medium,Block certification release until missing evidence is resolved,2026-06-06
L03980,E03980,cert-enterprise-ai-safety,Certification Ready,True,False,HR eligibility missing; Required module missing,high,Block certification release until missing evidence is resolved,2026-06-06
L03982,E03982,cert-enterprise-ai-safety,Certification Ready,True,False,Required lab missing,medium,Block certification release until missing evidence is resolved,2026-06-06
L03988,E03988,cert-enterprise-ai-safety,Certification Ready,True,False,Required module missing; Assessment below 80,high,Block certification release until missing evidence is resolved,2026-06-06
L03989,E03989,cert-enterprise-ai-safety,Certification Ready,True,False,HR eligibility missing; Required module missing; Required lab missing; Manager approval missing,high,Block certification release until missing evidence is resolved,2026-06-06
L03991,E03991,cert-enterprise-ai-safety,Certification Ready,True,False,Required lab missing,medium,Block certification release until missing evidence is resolved,2026-06-06
L03994,E03994,cert-enterprise-ai-safety,Certification Ready,True,False,Required lab missing,medium,Block certification release until missing evidence is resolved,2026-06-06
L03998,E03998,cert-enterprise-ai-safety,Certification Ready,True,False,HR eligibility missing; Required lab missing,high,Block certification release until missing evidence is resolved,2026-06-06
L03999,E03999,cert-enterprise-ai-safety,Certification Ready,True,False,Required lab missing,medium,Block certification release until missing evidence is resolved,2026-06-06
L04000,E04000,cert-enterprise-ai-safety,Certification Ready,True,False,Required module missing; Assessment below 80,high,Block certification release until missing evidence is resolved,2026-06-06
L04004,E04004,cert-enterprise-ai-safety,Certification Ready,True,False,HR eligibility missing; Required lab missing,high,Block certification release until missing evidence is resolved,2026-06-06
L04006,E04006,cert-enterprise-ai-safety,Certification Ready,True,False,Required module missing,medium,Block certification release until missing evidence is resolved,2026-06-06
L04007,E04007,cert-enterprise-ai-safety,Certification Ready,True,False,Required module missing; Required lab missing,high,Block certification release until missing evidence is resolved,2026-06-06
L04009,E04009,cert-enterprise-ai-safety,Certification Ready,True,False,Required module missing; Required lab missing,high,Block certification release until missing evidence is resolved,2026-06-06
L04010,E04010,cert-enterprise-ai-safety,Certification Ready,True,False,HR eligibility missing; Required module missing,high,Block certification release until missing evidence is resolved,2026-06-06
L04013,E04013,cert-enterprise-ai-safety,Certification Ready,True,False,HR eligibility missing; Required lab missing,high,Block certification release until missing evidence is resolved,2026-06-06
L04018,E04018,cert-enterprise-ai-safety,Certification Ready,True,False,HR eligibility missing; Required module missing; Required lab missing,high,Block certification release until missing evidence is resolved,2026-06-06
L04022,E04022,cert-enterprise-ai-safety,Certification Ready,True,False,Required lab missing; Manager approval missing,high,Block certification release until missing evidence is resolved,2026-06-06
L04023,E04023,cert-enterprise-ai-safety,Certification Ready,True,False,Required lab missing,medium,Block certification release until missing evidence is resolved,2026-06-06
L04024,E04024,cert-enterprise-ai-safety,Certification Ready,True,False,Manager approval missing,medium,Block certification release until missing evidence is resolved,2026-06-06
L04025,E04025,cert-enterprise-ai-safety,Certification Ready,True,False,Required module missing,medium,Block certification release until missing evidence is resolved,2026-06-06
L04026,E04026,cert-enterprise-ai-safety,Certification Ready,True,False,Required lab missing,medium,Block certification release until missing evidence is resolved,2026-06-06
L04032,E04032,cert-enterprise-ai-safety,Certification Ready,True,False,Required lab missing,medium,Block certification release until missing evidence is resolved,2026-06-06
L04033,E04033,cert-enterprise-ai-safety,Certification Ready,True,False,Required module missing; Required lab missing,high,Block certification release until missing evidence is resolved,2026-06-06
L04037,E04037,cert-enterprise-ai-safety,Certification Ready,True,False,Required lab missing; Manager approval missing,high,Block certification release until missing evidence is resolved,2026-06-06
L04040,E04040,cert-enterprise-ai-safety,Certification Ready,True,False,Required module missing; Required lab missing,high,Block certification release until missing evidence is resolved,2026-06-06
L04041,E04041,cert-enterprise-ai-safety,Certification Ready,True,False,Required module missing; Manager approval missing,high,Block certification release until missing evidence is resolved,2026-06-06
L04045,E04045,cert-enterprise-ai-safety,Certification Ready,True,False,Required module missing; Manager approval missing,high,Block certification release until missing evidence is resolved,2026-06-06
L04046,E04046,cert-enterprise-ai-safety,Certification Ready,True,False,HR eligibility missing; Required module missing; Required lab missing; Assessment below 80,high,Block certification release until missing evidence is resolved,2026-06-06
L04049,E04049,cert-enterprise-ai-safety,Certification Ready,True,False,Required lab missing,medium,Block certification release until missing evidence is resolved,2026-06-06
L04050,E04050,cert-enterprise-ai-safety,Certification Ready,True,False,Required lab missing,medium,Block certification release until missing evidence is resolved,2026-06-06
L04051,E04051,cert-enterprise-ai-safety,Certification Ready,True,False,HR eligibility missing; Required module missing; Required lab missing; Assessment below 80,high,Block certification release until missing evidence is resolved,2026-06-06
L04054,E04054,cert-enterprise-ai-safety,Certification Ready,True,False,Required lab missing,medium,Block certification release until missing evidence is resolved,2026-06-06
L04056,E04056,cert-enterprise-ai-safety,Certification Ready,True,False,HR eligibility missing; Required module missing; Required lab missing; Manager approval missing,high,Block certification release until missing evidence is resolved,2026-06-06
L04060,E04060,cert-enterprise-ai-safety,Certification Ready,True,False,Required lab missing,medium,Block certification release until missing evidence is resolved,2026-06-06
L04061,E04061,cert-enterprise-ai-safety,Certification Ready,True,False,Assessment below 80,medium,Block certification release until missing evidence is resolved,2026-06-06
L04063,E04063,cert-enterprise-ai-safety,Certification Ready,True,False,Manager approval missing,medium,Block certification release until missing evidence is resolved,2026-06-06
L04064,E04064,cert-enterprise-ai-safety,Certification Ready,True,False,Required lab missing,medium,Block certification release until missing evidence is resolved,2026-06-06
L04065,E04065,cert-enterprise-ai-safety,Certification Ready,True,False,Required module missing; Required lab missing,high,Block certification release until missing evidence is resolved,2026-06-06
L04066,E04066,cert-enterprise-ai-safety,Certification Ready,True,False,Required module missing; Required lab missing,high,Block certification release until missing evidence is resolved,2026-06-06
L04067,E04067,cert-enterprise-ai-safety,Certification Ready,True,False,Required module missing; Required lab missing,high,Block certification release until missing evidence is resolved,2026-06-06
L04068,E04068,cert-enterprise-ai-safety,Certification Ready,True,False,Required lab missing; Manager approval missing,high,Block certification release until missing evidence is resolved,2026-06-06
L04071,E04071,cert-enterprise-ai-safety,Certification Ready,True,False,HR eligibility missing; Required module missing,high,Block certification release until missing evidence is resolved,2026-06-06
L04072,E04072,cert-enterprise-ai-safety,Certification Ready,True,False,HR eligibility missing,medium,Block certification release until missing evidence is resolved,2026-06-06
L04074,E04074,cert-enterprise-ai-safety,Certification Ready,True,False,Required lab missing,medium,Block certification release until missing evidence is resolved,2026-06-06
L04080,E04080,cert-enterprise-ai-safety,Certification Ready,True,False,Required module missing; Required lab missing,high,Block certification release until missing evidence is resolved,2026-06-06
L04082,E04082,cert-enterprise-ai-safety,Certification Ready,True,False,Required module missing; Required lab missing,high,Block certification release until missing evidence is resolved,2026-06-06
L04083,E04083,cert-enterprise-ai-safety,Certification Ready,True,False,Required lab missing; Manager approval missing,high,Block certification release until missing evidence is resolved,2026-06-06
L04084,E04084,cert-enterprise-ai-safety,Certification Ready,True,False,Required module missing,medium,Block certification release until missing evidence is resolved,2026-06-06
L04085,E04085,cert-enterprise-ai-safety,Certification Ready,True,False,Required module missing,medium,Block certification release until missing evidence is resolved,2026-06-06
L04086,E04086,cert-enterprise-ai-safety,Certification Ready,True,False,Required lab missing,medium,Block certification release until missing evidence is resolved,2026-06-06
L04087,E04087,cert-enterprise-ai-safety,Certification Ready,True,False,Required lab missing,medium,Block certification release until missing evidence is resolved,2026-06-06
L04088,E04088,cert-enterprise-ai-safety,Certification Ready,True,False,Required module missing; Required lab missing,high,Block certification release until missing evidence is resolved,2026-06-06
L04089,E04089,cert-enterprise-ai-safety,Certification Ready,True,False,Required module missing,medium,Block certification release until missing evidence is resolved,2026-06-06
L04091,E04091,cert-enterprise-ai-safety,Certification Ready,True,False,HR eligibility missing; Required lab missing,high,Block certification release until missing evidence is resolved,2026-06-06
L04099,E04099,cert-enterprise-ai-safety,Certification Ready,True,False,HR eligibility missing; Required module missing; Required lab missing,high,Block certification release until missing evidence is resolved,2026-06-06
L04100,E04100,cert-enterprise-ai-safety,Certification Ready,True,False,Assessment below 80,medium,Block certification release until missing evidence is resolved,2026-06-06
L04105,E04105,cert-enterprise-ai-safety,Certification Ready,True,False,HR eligibility missing; Required module missing; Required lab missing; Assessment below 80,high,Block certification release until missing evidence is resolved,2026-06-06
L04107,E04107,cert-enterprise-ai-safety,Certification Ready,True,False,Required module missing,medium,Block certification release until missing evidence is resolved,2026-06-06
L04109,E04109,cert-enterprise-ai-safety,Certification Ready,True,False,Required module missing; Required lab missing,high,Block certification release until missing evidence is resolved,2026-06-06
L04110,E04110,cert-enterprise-ai-safety,Certification Ready,True,False,Required lab missing; Manager approval missing,high,Block certification release until missing evidence is resolved,2026-06-06
L04111,E04111,cert-enterprise-ai-safety,Certification Ready,True,False,Required module missing,medium,Block certification release until missing evidence is resolved,2026-06-06
L04113,E04113,cert-enterprise-ai-safety,Certification Ready,True,False,Required lab missing,medium,Block certification release until missing evidence is resolved,2026-06-06
L04118,E04118,cert-enterprise-ai-safety,Certification Ready,True,False,Required module missing; Required lab missing; Assessment below 80; Manager approval missing,high,Block certification release until missing evidence is resolved,2026-06-06
L04119,E04119,cert-enterprise-ai-safety,Certification Ready,True,False,Required lab missing,medium,Block certification release until missing evidence is resolved,2026-06-06
L04121,E04121,cert-enterprise-ai-safety,Certification Ready,True,False,Required module missing; Required lab missing,high,Block certification release until missing evidence is resolved,2026-06-06
L04122,E04122,cert-enterprise-ai-safety,Certification Ready,True,False,Required module missing; Required lab missing,high,Block certification release until missing evidence is resolved,2026-06-06
L04124,E04124,cert-enterprise-ai-safety,Certification Ready,True,False,Required module missing; Assessment below 80; Manager approval missing,high,Block certification release until missing evidence is resolved,2026-06-06
L04125,E04125,cert-enterprise-ai-safety,Certification Ready,True,False,Required lab missing,medium,Block certification release until missing evidence is resolved,2026-06-06
L04129,E04129,cert-enterprise-ai-safety,Certification Ready,True,False,Required module missing; Required lab missing,high,Block certification release until missing evidence is resolved,2026-06-06
L04131,E04131,cert-enterprise-ai-safety,Certification Ready,True,False,Required module missing; Required lab missing; Manager approval missing,high,Block certification release until missing evidence is resolved,2026-06-06
L04132,E04132,cert-enterprise-ai-safety,Certification Ready,True,False,Required module missing; Required lab missing,high,Block certification release until missing evidence is resolved,2026-06-06
L04135,E04135,cert-enterprise-ai-safety,Certification Ready,True,False,Required module missing; Required lab missing; Manager approval missing,high,Block certification release until missing evidence is resolved,2026-06-06
L04136,E04136,cert-enterprise-ai-safety,Certification Ready,True,False,Required module missing; Required lab missing; Assessment below 80; Manager approval missing,high,Block certification release until missing evidence is resolved,2026-06-06
L04139,E04139,cert-enterprise-ai-safety,Certification Ready,True,False,Required lab missing,medium,Block certification release until missing evidence is resolved,2026-06-06
L04141,E04141,cert-enterprise-ai-safety,Certification Ready,True,False,Required module missing; Required lab missing; Assessment below 80,high,Block certification release until missing evidence is resolved,2026-06-06
L04143,E04143,cert-enterprise-ai-safety,Certification Ready,True,False,Required module missing; Required lab missing,high,Block certification release until missing evidence is resolved,2026-06-06
L04144,E04144,cert-enterprise-ai-safety,Certification Ready,True,False,Manager approval missing,medium,Block certification release until missing evidence is resolved,2026-06-06
L04146,E04146,cert-enterprise-ai-safety,Certification Ready,True,False,HR eligibility missing,medium,Block certification release until missing evidence is resolved,2026-06-06
L04147,E04147,cert-enterprise-ai-safety,Certification Ready,True,False,Required lab missing,medium,Block certification release until missing evidence is resolved,2026-06-06
L04148,E04148,cert-enterprise-ai-safety,Certification Ready,True,False,Required lab missing,medium,Block certification release until missing evidence is resolved,2026-06-06
L04149,E04149,cert-enterprise-ai-safety,Certification Ready,True,False,Required module missing,medium,Block certification release until missing evidence is resolved,2026-06-06
L04155,E04155,cert-enterprise-ai-safety,Certification Ready,True,False,Required module missing; Required lab missing,high,Block certification release until missing evidence is resolved,2026-06-06
L04158,E04158,cert-enterprise-ai-safety,Certification Ready,True,False,Required module missing,medium,Block certification release until missing evidence is resolved,2026-06-06
L04159,E04159,cert-enterprise-ai-safety,Certification Ready,True,False,Required module missing; Required lab missing; Manager approval missing,high,Block certification release until missing evidence is resolved,2026-06-06
L04160,E04160,cert-enterprise-ai-safety,Certification Ready,True,False,Required module missing,medium,Block certification release until missing evidence is resolved,2026-06-06
L04165,E04165,cert-enterprise-ai-safety,Certification Ready,True,False,Required lab missing,medium,Block certification release until missing evidence is resolved,2026-06-06
L04167,E04167,cert-enterprise-ai-safety,Certification Ready,True,False,Manager approval missing,medium,Block certification release until missing evidence is resolved,2026-06-06
L04170,E04170,cert-enterprise-ai-safety,Certification Ready,True,False,Required lab missing,medium,Block certification release until missing evidence is resolved,2026-06-06
L04173,E04173,cert-enterprise-ai-safety,Certification Ready,True,False,HR eligibility missing; Required module missing; Required lab missing; Manager approval missing,high,Block certification release until missing evidence is resolved,2026-06-06
L04175,E04175,cert-enterprise-ai-safety,Certification Ready,True,False,Required module missing,medium,Block certification release until missing evidence is resolved,2026-06-06
L04176,E04176,cert-enterprise-ai-safety,Certification Ready,True,False,Required module missing; Required lab missing,high,Block certification release until missing evidence is resolved,2026-06-06
L04186,E04186,cert-enterprise-ai-safety,Certification Ready,True,False,Required lab missing,medium,Block certification release until missing evidence is resolved,2026-06-06
L04188,E04188,cert-enterprise-ai-safety,Certification Ready,True,False,Required module missing; Required lab missing; Assessment below 80,high,Block certification release until missing evidence is resolved,2026-06-06
L04190,E04190,cert-enterprise-ai-safety,Certification Ready,True,False,Required lab missing; Manager approval missing,high,Block certification release until missing evidence is resolved,2026-06-06
L04194,E04194,cert-enterprise-ai-safety,Certification Ready,True,False,Manager approval missing,medium,Block certification release until missing evidence is resolved,2026-06-06
L04195,E04195,cert-enterprise-ai-safety,Certification Ready,True,False,Required module missing; Required lab missing,high,Block certification release until missing evidence is resolved,2026-06-06
L04196,E04196,cert-enterprise-ai-safety,Certification Ready,True,False,HR eligibility missing; Assessment below 80,high,Block certification release until missing evidence is resolved,2026-06-06
L04198,E04198,cert-enterprise-ai-safety,Certification Ready,True,False,Required lab missing,medium,Block certification release until missing evidence is resolved,2026-06-06
L04201,E04201,cert-enterprise-ai-safety,Certification Ready,True,False,Required module missing; Required lab missing,high,Block certification release until missing evidence is resolved,2026-06-06
L04202,E04202,cert-enterprise-ai-safety,Certification Ready,True,False,Required module missing; Required lab missing,high,Block certification release until missing evidence is resolved,2026-06-06
L04203,E04203,cert-enterprise-ai-safety,Certification Ready,True,False,Required lab missing,medium,Block certification release until missing evidence is resolved,2026-06-06
L04204,E04204,cert-enterprise-ai-safety,Certification Ready,True,False,Required lab missing,medium,Block certification release until missing evidence is resolved,2026-06-06
L04205,E04205,cert-enterprise-ai-safety,Certification Ready,True,False,Required module missing; Assessment below 80,high,Block certification release until missing evidence is resolved,2026-06-06
L04211,E04211,cert-enterprise-ai-safety,Certification Ready,True,False,Required module missing; Manager approval missing,high,Block certification release until missing evidence is resolved,2026-06-06
L04212,E04212,cert-enterprise-ai-safety,Certification Ready,True,False,HR eligibility missing,medium,Block certification release until missing evidence is resolved,2026-06-06
L04213,E04213,cert-enterprise-ai-safety,Certification Ready,True,False,Required lab missing,medium,Block certification release until missing evidence is resolved,2026-06-06
L04214,E04214,cert-enterprise-ai-safety,Certification Ready,True,False,Required lab missing,medium,Block certification release until missing evidence is resolved,2026-06-06
L04217,E04217,cert-enterprise-ai-safety,Certification Ready,True,False,Required lab missing; Manager approval missing,high,Block certification release until missing evidence is resolved,2026-06-06
L04219,E04219,cert-enterprise-ai-safety,Certification Ready,True,False,HR eligibility missing; Required module missing; Required lab missing,high,Block certification release until missing evidence is resolved,2026-06-06
L04220,E04220,cert-enterprise-ai-safety,Certification Ready,True,False,Required lab missing,medium,Block certification release until missing evidence is resolved,2026-06-06
L04221,E04221,cert-enterprise-ai-safety,Certification Ready,True,False,Required module missing; Required lab missing,high,Block certification release until missing evidence is resolved,2026-06-06
L04223,E04223,cert-enterprise-ai-safety,Certification Ready,True,False,Required lab missing,medium,Block certification release until missing evidence is resolved,2026-06-06
L04227,E04227,cert-enterprise-ai-safety,Certification Ready,True,False,HR eligibility missing; Required lab missing,high,Block certification release until missing evidence is resolved,2026-06-06
L04230,E04230,cert-enterprise-ai-safety,Certification Ready,True,False,Required module missing; Required lab missing; Manager approval missing,high,Block certification release until missing evidence is resolved,2026-06-06
L04231,E04231,cert-enterprise-ai-safety,Certification Ready,True,False,Required module missing; Required lab missing; Manager approval missing,high,Block certification release until missing evidence is resolved,2026-06-06
L04232,E04232,cert-enterprise-ai-safety,Certification Ready,True,False,Required lab missing; Manager approval missing,high,Block certification release until missing evidence is resolved,2026-06-06
L04233,E04233,cert-enterprise-ai-safety,Certification Ready,True,False,Required module missing; Required lab missing; Manager approval missing,high,Block certification release until missing evidence is resolved,2026-06-06
L04237,E04237,cert-enterprise-ai-safety,Certification Ready,True,False,Required lab missing,medium,Block certification release until missing evidence is resolved,2026-06-06
L04238,E04238,cert-enterprise-ai-safety,Certification Ready,True,False,Required module missing; Required lab missing,high,Block certification release until missing evidence is resolved,2026-06-06
L04239,E04239,cert-enterprise-ai-safety,Certification Ready,True,False,Required lab missing,medium,Block certification release until missing evidence is resolved,2026-06-06
L04241,E04241,cert-enterprise-ai-safety,Certification Ready,True,False,Required module missing; Manager approval missing,high,Block certification release until missing evidence is resolved,2026-06-06
L04243,E04243,cert-enterprise-ai-safety,Certification Ready,True,False,Required module missing; Required lab missing,high,Block certification release until missing evidence is resolved,2026-06-06
L04246,E04246,cert-enterprise-ai-safety,Certification Ready,True,False,Required module missing; Required lab missing; Manager approval missing,high,Block certification release until missing evidence is resolved,2026-06-06
L04248,E04248,cert-enterprise-ai-safety,Certification Ready,True,False,Required module missing; Manager approval missing,high,Block certification release until missing evidence is resolved,2026-06-06
L04253,E04253,cert-enterprise-ai-safety,Certification Ready,True,False,Required module missing; Required lab missing,high,Block certification release until missing evidence is resolved,2026-06-06
L04256,E04256,cert-enterprise-ai-safety,Certification Ready,True,False,Required module missing; Required lab missing,high,Block certification release until missing evidence is resolved,2026-06-06
L04260,E04260,cert-enterprise-ai-safety,Certification Ready,True,False,Required module missing; Required lab missing,high,Block certification release until missing evidence is resolved,2026-06-06
L04261,E04261,cert-enterprise-ai-safety,Certification Ready,True,False,Required module missing; Required lab missing,high,Block certification release until missing evidence is resolved,2026-06-06
L04262,E04262,cert-enterprise-ai-safety,Certification Ready,True,False,Required module missing; Assessment below 80,high,Block certification release until missing evidence is resolved,2026-06-06
L04263,E04263,cert-enterprise-ai-safety,Certification Ready,True,False,Required module missing; Required lab missing,high,Block certification release until missing evidence is resolved,2026-06-06
L04264,E04264,cert-enterprise-ai-safety,Certification Ready,True,False,HR eligibility missing; Required lab missing,high,Block certification release until missing evidence is resolved,2026-06-06
L04265,E04265,cert-enterprise-ai-safety,Certification Ready,True,False,Required lab missing; Manager approval missing,high,Block certification release until missing evidence is resolved,2026-06-06
L04266,E04266,cert-enterprise-ai-safety,Certification Ready,True,False,Manager approval missing,medium,Block certification release until missing evidence is resolved,2026-06-06
L04268,E04268,cert-enterprise-ai-safety,Certification Ready,True,False,Required lab missing; Assessment below 80; Manager approval missing,high,Block certification release until missing evidence is resolved,2026-06-06
L04270,E04270,cert-enterprise-ai-safety,Certification Ready,True,False,Required lab missing,medium,Block certification release until missing evidence is resolved,2026-06-06
L04271,E04271,cert-enterprise-ai-safety,Certification Ready,True,False,HR eligibility missing; Required lab missing,high,Block certification release until missing evidence is resolved,2026-06-06
L04276,E04276,cert-enterprise-ai-safety,Certification Ready,True,False,Required module missing,medium,Block certification release until missing evidence is resolved,2026-06-06
L04278,E04278,cert-enterprise-ai-safety,Certification Ready,True,False,Required lab missing,medium,Block certification release until missing evidence is resolved,2026-06-06
L04283,E04283,cert-enterprise-ai-safety,Certification Ready,True,False,Required module missing; Required lab missing; Manager approval missing,high,Block certification release until missing evidence is resolved,2026-06-06
L04285,E04285,cert-enterprise-ai-safety,Certification Ready,True,False,Required lab missing,medium,Block certification release until missing evidence is resolved,2026-06-06
L04287,E04287,cert-enterprise-ai-safety,Certification Ready,True,False,HR eligibility missing; Required lab missing,high,Block certification release until missing evidence is resolved,2026-06-06
L04290,E04290,cert-enterprise-ai-safety,Certification Ready,True,False,Required lab missing,medium,Block certification release until missing evidence is resolved,2026-06-06
L04293,E04293,cert-enterprise-ai-safety,Certification Ready,True,False,Required module missing,medium,Block certification release until missing evidence is resolved,2026-06-06
L04294,E04294,cert-enterprise-ai-safety,Certification Ready,True,False,Required module missing,medium,Block certification release until missing evidence is resolved,2026-06-06
L04299,E04299,cert-enterprise-ai-safety,Certification Ready,True,False,Required module missing; Manager approval missing,high,Block certification release until missing evidence is resolved,2026-06-06
L04307,E04307,cert-enterprise-ai-safety,Certification Ready,True,False,Required module missing; Required lab missing,high,Block certification release until missing evidence is resolved,2026-06-06
L04308,E04308,cert-enterprise-ai-safety,Certification Ready,True,False,HR eligibility missing; Required lab missing,high,Block certification release until missing evidence is resolved,2026-06-06
L04313,E04313,cert-enterprise-ai-safety,Certification Ready,True,False,Assessment below 80,medium,Block certification release until missing evidence is resolved,2026-06-06
L04314,E04314,cert-enterprise-ai-safety,Certification Ready,True,False,Required module missing; Required lab missing; Manager approval missing,high,Block certification release until missing evidence is resolved,2026-06-06
L04315,E04315,cert-enterprise-ai-safety,Certification Ready,True,False,Required module missing; Required lab missing,high,Block certification release until missing evidence is resolved,2026-06-06
L04317,E04317,cert-enterprise-ai-safety,Certification Ready,True,False,Required module missing,medium,Block certification release until missing evidence is resolved,2026-06-06
L04318,E04318,cert-enterprise-ai-safety,Certification Ready,True,False,Required lab missing,medium,Block certification release until missing evidence is resolved,2026-06-06
L04320,E04320,cert-enterprise-ai-safety,Certification Ready,True,False,Required lab missing,medium,Block certification release until missing evidence is resolved,2026-06-06
L04321,E04321,cert-enterprise-ai-safety,Certification Ready,True,False,Assessment below 80,medium,Block certification release until missing evidence is resolved,2026-06-06
L04323,E04323,cert-enterprise-ai-safety,Certification Ready,True,False,HR eligibility missing; Required module missing; Manager approval missing,high,Block certification release until missing evidence is resolved,2026-06-06
L04328,E04328,cert-enterprise-ai-safety,Certification Ready,True,False,Required module missing; Required lab missing,high,Block certification release until missing evidence is resolved,2026-06-06
L04329,E04329,cert-enterprise-ai-safety,Certification Ready,True,False,Required module missing,medium,Block certification release until missing evidence is resolved,2026-06-06
L04330,E04330,cert-enterprise-ai-safety,Certification Ready,True,False,Required module missing; Required lab missing; Assessment below 80,high,Block certification release until missing evidence is resolved,2026-06-06
L04332,E04332,cert-enterprise-ai-safety,Certification Ready,True,False,Required module missing; Required lab missing; Manager approval missing,high,Block certification release until missing evidence is resolved,2026-06-06
L04335,E04335,cert-enterprise-ai-safety,Certification Ready,True,False,Required lab missing,medium,Block certification release until missing evidence is resolved,2026-06-06
L04336,E04336,cert-enterprise-ai-safety,Certification Ready,True,False,Required module missing; Required lab missing; Assessment below 80; Manager approval missing,high,Block certification release until missing evidence is resolved,2026-06-06
L04341,E04341,cert-enterprise-ai-safety,Certification Ready,True,False,Required module missing,medium,Block certification release until missing evidence is resolved,2026-06-06
L04343,E04343,cert-enterprise-ai-safety,Certification Ready,True,False,Manager approval missing,medium,Block certification release until missing evidence is resolved,2026-06-06
L04344,E04344,cert-enterprise-ai-safety,Certification Ready,True,False,Required module missing; Required lab missing,high,Block certification release until missing evidence is resolved,2026-06-06
L04349,E04349,cert-enterprise-ai-safety,Certification Ready,True,False,Required module missing; Required lab missing; Assessment below 80; Manager approval missing,high,Block certification release until missing evidence is resolved,2026-06-06
L04350,E04350,cert-enterprise-ai-safety,Certification Ready,True,False,Required lab missing; Assessment below 80,high,Block certification release until missing evidence is resolved,2026-06-06
L04352,E04352,cert-enterprise-ai-safety,Certification Ready,True,False,HR eligibility missing,medium,Block certification release until missing evidence is resolved,2026-06-06
L04353,E04353,cert-enterprise-ai-safety,Certification Ready,True,False,Required module missing,medium,Block certification release until missing evidence is resolved,2026-06-06
L04354,E04354,cert-enterprise-ai-safety,Certification Ready,True,False,Assessment below 80; Manager approval missing,high,Block certification release until missing evidence is resolved,2026-06-06
L04355,E04355,cert-enterprise-ai-safety,Certification Ready,True,False,Manager approval missing,medium,Block certification release until missing evidence is resolved,2026-06-06
L04358,E04358,cert-enterprise-ai-safety,Certification Ready,True,False,HR eligibility missing; Required module missing,high,Block certification release until missing evidence is resolved,2026-06-06
L04360,E04360,cert-enterprise-ai-safety,Certification Ready,True,False,Required module missing; Assessment below 80; Manager approval missing,high,Block certification release until missing evidence is resolved,2026-06-06
L04361,E04361,cert-enterprise-ai-safety,Certification Ready,True,False,Required module missing; Required lab missing; Assessment below 80,high,Block certification release until missing evidence is resolved,2026-06-06
L04363,E04363,cert-enterprise-ai-safety,Certification Ready,True,False,HR eligibility missing; Required lab missing,high,Block certification release until missing evidence is resolved,2026-06-06
L04366,E04366,cert-enterprise-ai-safety,Certification Ready,True,False,HR eligibility missing; Required module missing,high,Block certification release until missing evidence is resolved,2026-06-06
L04372,E04372,cert-enterprise-ai-safety,Certification Ready,True,False,HR eligibility missing; Required lab missing; Manager approval missing,high,Block certification release until missing evidence is resolved,2026-06-06
L04373,E04373,cert-enterprise-ai-safety,Certification Ready,True,False,Manager approval missing,medium,Block certification release until missing evidence is resolved,2026-06-06
L04374,E04374,cert-enterprise-ai-safety,Certification Ready,True,False,Required module missing,medium,Block certification release until missing evidence is resolved,2026-06-06
L04376,E04376,cert-enterprise-ai-safety,Certification Ready,True,False,Required module missing; Manager approval missing,high,Block certification release until missing evidence is resolved,2026-06-06
L04377,E04377,cert-enterprise-ai-safety,Certification Ready,True,False,Required lab missing; Manager approval missing,high,Block certification release until missing evidence is resolved,2026-06-06
L04378,E04378,cert-enterprise-ai-safety,Certification Ready,True,False,Required module missing,medium,Block certification release until missing evidence is resolved,2026-06-06
L04380,E04380,cert-enterprise-ai-safety,Certification Ready,True,False,Required lab missing; Assessment below 80,high,Block certification release until missing evidence is resolved,2026-06-06
L04382,E04382,cert-enterprise-ai-safety,Certification Ready,True,False,Required lab missing,medium,Block certification release until missing evidence is resolved,2026-06-06
L04383,E04383,cert-enterprise-ai-safety,Certification Ready,True,False,Required module missing; Required lab missing; Assessment below 80,high,Block certification release until missing evidence is resolved,2026-06-06
L04384,E04384,cert-enterprise-ai-safety,Certification Ready,True,False,Manager approval missing,medium,Block certification release until missing evidence is resolved,2026-06-06
L04385,E04385,cert-enterprise-ai-safety,Certification Ready,True,False,Required module missing,medium,Block certification release until missing evidence is resolved,2026-06-06
L04386,E04386,cert-enterprise-ai-safety,Certification Ready,True,False,HR eligibility missing; Required module missing; Required lab missing; Assessment below 80,high,Block certification release until missing evidence is resolved,2026-06-06
L04387,E04387,cert-enterprise-ai-safety,Certification Ready,True,False,Required module missing,medium,Block certification release until missing evidence is resolved,2026-06-06
L04391,E04391,cert-enterprise-ai-safety,Certification Ready,True,False,Required module missing; Required lab missing,high,Block certification release until missing evidence is resolved,2026-06-06
L04392,E04392,cert-enterprise-ai-safety,Certification Ready,True,False,Required module missing; Required lab missing; Manager approval missing,high,Block certification release until missing evidence is resolved,2026-06-06
L04393,E04393,cert-enterprise-ai-safety,Certification Ready,True,False,Required module missing; Required lab missing; Assessment below 80,high,Block certification release until missing evidence is resolved,2026-06-06
L04395,E04395,cert-enterprise-ai-safety,Certification Ready,True,False,Assessment below 80,medium,Block certification release until missing evidence is resolved,2026-06-06
L04397,E04397,cert-enterprise-ai-safety,Certification Ready,True,False,Assessment below 80,medium,Block certification release until missing evidence is resolved,2026-06-06
L04398,E04398,cert-enterprise-ai-safety,Certification Ready,True,False,Required module missing; Required lab missing,high,Block certification release until missing evidence is resolved,2026-06-06
L04401,E04401,cert-enterprise-ai-safety,Certification Ready,True,False,Required module missing; Required lab missing; Manager approval missing,high,Block certification release until missing evidence is resolved,2026-06-06
L04402,E04402,cert-enterprise-ai-safety,Certification Ready,True,False,Required module missing,medium,Block certification release until missing evidence is resolved,2026-06-06
L04403,E04403,cert-enterprise-ai-safety,Certification Ready,True,False,Required module missing,medium,Block certification release until missing evidence is resolved,2026-06-06
L04406,E04406,cert-enterprise-ai-safety,Certification Ready,True,False,Required module missing; Required lab missing; Manager approval missing,high,Block certification release until missing evidence is resolved,2026-06-06
L04409,E04409,cert-enterprise-ai-safety,Certification Ready,True,False,HR eligibility missing,medium,Block certification release until missing evidence is resolved,2026-06-06
L04412,E04412,cert-enterprise-ai-safety,Certification Ready,True,False,Required lab missing; Manager approval missing,high,Block certification release until missing evidence is resolved,2026-06-06
L04413,E04413,cert-enterprise-ai-safety,Certification Ready,True,False,Required lab missing,medium,Block certification release until missing evidence is resolved,2026-06-06
L04416,E04416,cert-enterprise-ai-safety,Certification Ready,True,False,Required module missing,medium,Block certification release until missing evidence is resolved,2026-06-06
L04417,E04417,cert-enterprise-ai-safety,Certification Ready,True,False,Required module missing; Manager approval missing,high,Block certification release until missing evidence is resolved,2026-06-06
L04421,E04421,cert-enterprise-ai-safety,Certification Ready,True,False,Required module missing; Assessment below 80,high,Block certification release until missing evidence is resolved,2026-06-06
L04423,E04423,cert-enterprise-ai-safety,Certification Ready,True,False,Required lab missing; Manager approval missing,high,Block certification release until missing evidence is resolved,2026-06-06
L04424,E04424,cert-enterprise-ai-safety,Certification Ready,True,False,Required module missing; Required lab missing; Assessment below 80,high,Block certification release until missing evidence is resolved,2026-06-06
L04432,E04432,cert-enterprise-ai-safety,Certification Ready,True,False,Required lab missing; Manager approval missing,high,Block certification release until missing evidence is resolved,2026-06-06
L04437,E04437,cert-enterprise-ai-safety,Certification Ready,True,False,HR eligibility missing; Required lab missing; Manager approval missing,high,Block certification release until missing evidence is resolved,2026-06-06
L04438,E04438,cert-enterprise-ai-safety,Certification Ready,True,False,Required module missing; Required lab missing,high,Block certification release until missing evidence is resolved,2026-06-06
L04439,E04439,cert-enterprise-ai-safety,Certification Ready,True,False,Assessment below 80,medium,Block certification release until missing evidence is resolved,2026-06-06
L04443,E04443,cert-enterprise-ai-safety,Certification Ready,True,False,Required module missing; Required lab missing,high,Block certification release until missing evidence is resolved,2026-06-06
L04444,E04444,cert-enterprise-ai-safety,Certification Ready,True,False,HR eligibility missing; Required lab missing; Assessment below 80; Manager approval missing,high,Block certification release until missing evidence is resolved,2026-06-06
L04448,E04448,cert-enterprise-ai-safety,Certification Ready,True,False,Required module missing; Required lab missing,high,Block certification release until missing evidence is resolved,2026-06-06
L04450,E04450,cert-enterprise-ai-safety,Certification Ready,True,False,Required module missing,medium,Block certification release until missing evidence is resolved,2026-06-06
L04452,E04452,cert-enterprise-ai-safety,Certification Ready,True,False,Required lab missing,medium,Block certification release until missing evidence is resolved,2026-06-06
L04453,E04453,cert-enterprise-ai-safety,Certification Ready,True,False,Required module missing,medium,Block certification release until missing evidence is resolved,2026-06-06
L04459,E04459,cert-enterprise-ai-safety,Certification Ready,True,False,Required module missing; Required lab missing,high,Block certification release until missing evidence is resolved,2026-06-06
L04460,E04460,cert-enterprise-ai-safety,Certification Ready,True,False,Required lab missing; Manager approval missing,high,Block certification release until missing evidence is resolved,2026-06-06
L04461,E04461,cert-enterprise-ai-safety,Certification Ready,True,False,Required lab missing,medium,Block certification release until missing evidence is resolved,2026-06-06
L04462,E04462,cert-enterprise-ai-safety,Certification Ready,True,False,HR eligibility missing; Required module missing,high,Block certification release until missing evidence is resolved,2026-06-06
L04464,E04464,cert-enterprise-ai-safety,Certification Ready,True,False,Required lab missing,medium,Block certification release until missing evidence is resolved,2026-06-06
L04468,E04468,cert-enterprise-ai-safety,Certification Ready,True,False,HR eligibility missing; Required lab missing; Manager approval missing,high,Block certification release until missing evidence is resolved,2026-06-06
L04471,E04471,cert-enterprise-ai-safety,Certification Ready,True,False,Required module missing,medium,Block certification release until missing evidence is resolved,2026-06-06
L04474,E04474,cert-enterprise-ai-safety,Certification Ready,True,False,Required module missing; Required lab missing,high,Block certification release until missing evidence is resolved,2026-06-06
L04475,E04475,cert-enterprise-ai-safety,Certification Ready,True,False,Required lab missing,medium,Block certification release until missing evidence is resolved,2026-06-06
L04478,E04478,cert-enterprise-ai-safety,Certification Ready,True,False,Required module missing; Required lab missing,high,Block certification release until missing evidence is resolved,2026-06-06
L04479,E04479,cert-enterprise-ai-safety,Certification Ready,True,False,Required lab missing,medium,Block certification release until missing evidence is resolved,2026-06-06
L04487,E04487,cert-enterprise-ai-safety,Certification Ready,True,False,Required module missing,medium,Block certification release until missing evidence is resolved,2026-06-06
L04488,E04488,cert-enterprise-ai-safety,Certification Ready,True,False,Required lab missing,medium,Block certification release until missing evidence is resolved,2026-06-06
L04490,E04490,cert-enterprise-ai-safety,Certification Ready,True,False,Required module missing; Required lab missing; Manager approval missing,high,Block certification release until missing evidence is resolved,2026-06-06
L04492,E04492,cert-enterprise-ai-safety,Certification Ready,True,False,Required lab missing,medium,Block certification release until missing evidence is resolved,2026-06-06
L04496,E04496,cert-enterprise-ai-safety,Certification Ready,True,False,Required module missing; Required lab missing,high,Block certification release until missing evidence is resolved,2026-06-06
L04498,E04498,cert-enterprise-ai-safety,Certification Ready,True,False,Required lab missing,medium,Block certification release until missing evidence is resolved,2026-06-06
L04505,E04505,cert-enterprise-ai-safety,Certification Ready,True,False,Required module missing; Manager approval missing,high,Block certification release until missing evidence is resolved,2026-06-06
L04506,E04506,cert-enterprise-ai-safety,Certification Ready,True,False,Required lab missing,medium,Block certification release until missing evidence is resolved,2026-06-06
L04511,E04511,cert-enterprise-ai-safety,Certification Ready,True,False,Required module missing,medium,Block certification release until missing evidence is resolved,2026-06-06
L04512,E04512,cert-enterprise-ai-safety,Certification Ready,True,False,Required module missing,medium,Block certification release until missing evidence is resolved,2026-06-06
L04515,E04515,cert-enterprise-ai-safety,Certification Ready,True,False,Assessment below 80,medium,Block certification release until missing evidence is resolved,2026-06-06
L04519,E04519,cert-enterprise-ai-safety,Certification Ready,True,False,Required module missing,medium,Block certification release until missing evidence is resolved,2026-06-06
L04526,E04526,cert-enterprise-ai-safety,Certification Ready,True,False,Required module missing; Required lab missing; Assessment below 80,high,Block certification release until missing evidence is resolved,2026-06-06
L04527,E04527,cert-enterprise-ai-safety,Certification Ready,True,False,Required module missing; Required lab missing,high,Block certification release until missing evidence is resolved,2026-06-06
L04528,E04528,cert-enterprise-ai-safety,Certification Ready,True,False,Required module missing; Required lab missing; Manager approval missing,high,Block certification release until missing evidence is resolved,2026-06-06
L04529,E04529,cert-enterprise-ai-safety,Certification Ready,True,False,Required module missing; Required lab missing,high,Block certification release until missing evidence is resolved,2026-06-06
L04530,E04530,cert-enterprise-ai-safety,Certification Ready,True,False,Required module missing,medium,Block certification release until missing evidence is resolved,2026-06-06
L04533,E04533,cert-enterprise-ai-safety,Certification Ready,True,False,HR eligibility missing; Required module missing; Required lab missing,high,Block certification release until missing evidence is resolved,2026-06-06
L04534,E04534,cert-enterprise-ai-safety,Certification Ready,True,False,Required module missing; Required lab missing,high,Block certification release until missing evidence is resolved,2026-06-06
L04535,E04535,cert-enterprise-ai-safety,Certification Ready,True,False,HR eligibility missing; Required module missing; Required lab missing,high,Block certification release until missing evidence is resolved,2026-06-06
L04537,E04537,cert-enterprise-ai-safety,Certification Ready,True,False,Manager approval missing,medium,Block certification release until missing evidence is resolved,2026-06-06
L04541,E04541,cert-enterprise-ai-safety,Certification Ready,True,False,Required lab missing,medium,Block certification release until missing evidence is resolved,2026-06-06
L04546,E04546,cert-enterprise-ai-safety,Certification Ready,True,False,Required module missing; Required lab missing; Manager approval missing,high,Block certification release until missing evidence is resolved,2026-06-06
L04547,E04547,cert-enterprise-ai-safety,Certification Ready,True,False,Required module missing; Required lab missing,high,Block certification release until missing evidence is resolved,2026-06-06
L04549,E04549,cert-enterprise-ai-safety,Certification Ready,True,False,Manager approval missing,medium,Block certification release until missing evidence is resolved,2026-06-06
L04552,E04552,cert-enterprise-ai-safety,Certification Ready,True,False,Required module missing; Required lab missing,high,Block certification release until missing evidence is resolved,2026-06-06
L04553,E04553,cert-enterprise-ai-safety,Certification Ready,True,False,Required module missing; Required lab missing,high,Block certification release until missing evidence is resolved,2026-06-06
L04556,E04556,cert-enterprise-ai-safety,Certification Ready,True,False,Required module missing; Assessment below 80,high,Block certification release until missing evidence is resolved,2026-06-06
L04557,E04557,cert-enterprise-ai-safety,Certification Ready,True,False,Required module missing; Required lab missing,high,Block certification release until missing evidence is resolved,2026-06-06
L04560,E04560,cert-enterprise-ai-safety,Certification Ready,True,False,Required module missing; Required lab missing; Manager approval missing,high,Block certification release until missing evidence is resolved,2026-06-06
L04562,E04562,cert-enterprise-ai-safety,Certification Ready,True,False,Required lab missing,medium,Block certification release until missing evidence is resolved,2026-06-06
L04566,E04566,cert-enterprise-ai-safety,Certification Ready,True,False,Required module missing; Required lab missing,high,Block certification release until missing evidence is resolved,2026-06-06
L04567,E04567,cert-enterprise-ai-safety,Certification Ready,True,False,Assessment below 80; Manager approval missing,high,Block certification release until missing evidence is resolved,2026-06-06
L04578,E04578,cert-enterprise-ai-safety,Certification Ready,True,False,Required lab missing,medium,Block certification release until missing evidence is resolved,2026-06-06
L04579,E04579,cert-enterprise-ai-safety,Certification Ready,True,False,Required lab missing; Manager approval missing,high,Block certification release until missing evidence is resolved,2026-06-06
L04580,E04580,cert-enterprise-ai-safety,Certification Ready,True,False,Required module missing; Required lab missing; Manager approval missing,high,Block certification release until missing evidence is resolved,2026-06-06
L04583,E04583,cert-enterprise-ai-safety,Certification Ready,True,False,HR eligibility missing; Required module missing; Required lab missing,high,Block certification release until missing evidence is resolved,2026-06-06
L04586,E04586,cert-enterprise-ai-safety,Certification Ready,True,False,Required module missing; Required lab missing,high,Block certification release until missing evidence is resolved,2026-06-06
L04587,E04587,cert-enterprise-ai-safety,Certification Ready,True,False,Required lab missing; Assessment below 80,high,Block certification release until missing evidence is resolved,2026-06-06
L04588,E04588,cert-enterprise-ai-safety,Certification Ready,True,False,Required module missing,medium,Block certification release until missing evidence is resolved,2026-06-06
L04589,E04589,cert-enterprise-ai-safety,Certification Ready,True,False,Required module missing; Required lab missing,high,Block certification release until missing evidence is resolved,2026-06-06
L04592,E04592,cert-enterprise-ai-safety,Certification Ready,True,False,Required module missing; Required lab missing; Manager approval missing,high,Block certification release until missing evidence is resolved,2026-06-06
L04595,E04595,cert-enterprise-ai-safety,Certification Ready,True,False,Required lab missing,medium,Block certification release until missing evidence is resolved,2026-06-06
L04596,E04596,cert-enterprise-ai-safety,Certification Ready,True,False,Required lab missing; Manager approval missing,high,Block certification release until missing evidence is resolved,2026-06-06
L04598,E04598,cert-enterprise-ai-safety,Certification Ready,True,False,Required module missing; Required lab missing,high,Block certification release until missing evidence is resolved,2026-06-06
L04599,E04599,cert-enterprise-ai-safety,Certification Ready,True,False,Required module missing; Required lab missing; Manager approval missing,high,Block certification release until missing evidence is resolved,2026-06-06
L04600,E04600,cert-enterprise-ai-safety,Certification Ready,True,False,Assessment below 80,medium,Block certification release until missing evidence is resolved,2026-06-06
L04601,E04601,cert-enterprise-ai-safety,Certification Ready,True,False,HR eligibility missing; Required lab missing; Manager approval missing,high,Block certification release until missing evidence is resolved,2026-06-06
L04603,E04603,cert-enterprise-ai-safety,Certification Ready,True,False,Required lab missing,medium,Block certification release until missing evidence is resolved,2026-06-06
L04606,E04606,cert-enterprise-ai-safety,Certification Ready,True,False,Required lab missing,medium,Block certification release until missing evidence is resolved,2026-06-06
L04608,E04608,cert-enterprise-ai-safety,Certification Ready,True,False,HR eligibility missing; Assessment below 80,high,Block certification release until missing evidence is resolved,2026-06-06
L04610,E04610,cert-enterprise-ai-safety,Certification Ready,True,False,Required lab missing; Manager approval missing,high,Block certification release until missing evidence is resolved,2026-06-06
L04613,E04613,cert-enterprise-ai-safety,Certification Ready,True,False,Required module missing; Required lab missing; Manager approval missing,high,Block certification release until missing evidence is resolved,2026-06-06
L04616,E04616,cert-enterprise-ai-safety,Certification Ready,True,False,Manager approval missing,medium,Block certification release until missing evidence is resolved,2026-06-06
L04618,E04618,cert-enterprise-ai-safety,Certification Ready,True,False,Required module missing; Assessment below 80,high,Block certification release until missing evidence is resolved,2026-06-06
L04619,E04619,cert-enterprise-ai-safety,Certification Ready,True,False,Required module missing; Required lab missing; Assessment below 80,high,Block certification release until missing evidence is resolved,2026-06-06
L04622,E04622,cert-enterprise-ai-safety,Certification Ready,True,False,HR eligibility missing,medium,Block certification release until missing evidence is resolved,2026-06-06
L04623,E04623,cert-enterprise-ai-safety,Certification Ready,True,False,HR eligibility missing; Manager approval missing,high,Block certification release until missing evidence is resolved,2026-06-06
L04624,E04624,cert-enterprise-ai-safety,Certification Ready,True,False,Required module missing; Required lab missing; Assessment below 80; Manager approval missing,high,Block certification release until missing evidence is resolved,2026-06-06
L04627,E04627,cert-enterprise-ai-safety,Certification Ready,True,False,HR eligibility missing; Required module missing; Required lab missing,high,Block certification release until missing evidence is resolved,2026-06-06
L04628,E04628,cert-enterprise-ai-safety,Certification Ready,True,False,Required module missing,medium,Block certification release until missing evidence is resolved,2026-06-06
L04632,E04632,cert-enterprise-ai-safety,Certification Ready,True,False,HR eligibility missing; Required module missing,high,Block certification release until missing evidence is resolved,2026-06-06
L04633,E04633,cert-enterprise-ai-safety,Certification Ready,True,False,Required lab missing; Assessment below 80,high,Block certification release until missing evidence is resolved,2026-06-06
L04637,E04637,cert-enterprise-ai-safety,Certification Ready,True,False,Required lab missing,medium,Block certification release until missing evidence is resolved,2026-06-06
L04638,E04638,cert-enterprise-ai-safety,Certification Ready,True,False,Required lab missing,medium,Block certification release until missing evidence is resolved,2026-06-06
L04639,E04639,cert-enterprise-ai-safety,Certification Ready,True,False,Required lab missing,medium,Block certification release until missing evidence is resolved,2026-06-06
L04645,E04645,cert-enterprise-ai-safety,Certification Ready,True,False,Required module missing; Assessment below 80; Manager approval missing,high,Block certification release until missing evidence is resolved,2026-06-06
L04646,E04646,cert-enterprise-ai-safety,Certification Ready,True,False,HR eligibility missing; Required module missing; Required lab missing,high,Block certification release until missing evidence is resolved,2026-06-06
L04647,E04647,cert-enterprise-ai-safety,Certification Ready,True,False,HR eligibility missing; Required module missing; Required lab missing; Assessment below 80,high,Block certification release until missing evidence is resolved,2026-06-06
L04649,E04649,cert-enterprise-ai-safety,Certification Ready,True,False,Required module missing,medium,Block certification release until missing evidence is resolved,2026-06-06
L04650,E04650,cert-enterprise-ai-safety,Certification Ready,True,False,HR eligibility missing; Required lab missing,high,Block certification release until missing evidence is resolved,2026-06-06
L04651,E04651,cert-enterprise-ai-safety,Certification Ready,True,False,Manager approval missing,medium,Block certification release until missing evidence is resolved,2026-06-06
L04652,E04652,cert-enterprise-ai-safety,Certification Ready,True,False,Required lab missing,medium,Block certification release until missing evidence is resolved,2026-06-06
L04653,E04653,cert-enterprise-ai-safety,Certification Ready,True,False,HR eligibility missing; Required module missing,high,Block certification release until missing evidence is resolved,2026-06-06
L04655,E04655,cert-enterprise-ai-safety,Certification Ready,True,False,Required lab missing,medium,Block certification release until missing evidence is resolved,2026-06-06
L04656,E04656,cert-enterprise-ai-safety,Certification Ready,True,False,Required lab missing; Assessment below 80,high,Block certification release until missing evidence is resolved,2026-06-06
L04657,E04657,cert-enterprise-ai-safety,Certification Ready,True,False,HR eligibility missing,medium,Block certification release until missing evidence is resolved,2026-06-06
L04659,E04659,cert-enterprise-ai-safety,Certification Ready,True,False,Required module missing; Required lab missing,high,Block certification release until missing evidence is resolved,2026-06-06
L04661,E04661,cert-enterprise-ai-safety,Certification Ready,True,False,HR eligibility missing; Assessment below 80,high,Block certification release until missing evidence is resolved,2026-06-06
L04662,E04662,cert-enterprise-ai-safety,Certification Ready,True,False,Required module missing; Required lab missing; Assessment below 80; Manager approval missing,high,Block certification release until missing evidence is resolved,2026-06-06
L04663,E04663,cert-enterprise-ai-safety,Certification Ready,True,False,Required lab missing,medium,Block certification release until missing evidence is resolved,2026-06-06
L04664,E04664,cert-enterprise-ai-safety,Certification Ready,True,False,Required module missing,medium,Block certification release until missing evidence is resolved,2026-06-06
L04666,E04666,cert-enterprise-ai-safety,Certification Ready,True,False,Required module missing; Assessment below 80; Manager approval missing,high,Block certification release until missing evidence is resolved,2026-06-06
L04672,E04672,cert-enterprise-ai-safety,Certification Ready,True,False,Required lab missing; Assessment below 80,high,Block certification release until missing evidence is resolved,2026-06-06
L04675,E04675,cert-enterprise-ai-safety,Certification Ready,True,False,Required module missing; Required lab missing; Manager approval missing,high,Block certification release until missing evidence is resolved,2026-06-06
L04677,E04677,cert-enterprise-ai-safety,Certification Ready,True,False,HR eligibility missing; Required module missing; Assessment below 80,high,Block certification release until missing evidence is resolved,2026-06-06
L04680,E04680,cert-enterprise-ai-safety,Certification Ready,True,False,Required lab missing; Manager approval missing,high,Block certification release until missing evidence is resolved,2026-06-06
L04682,E04682,cert-enterprise-ai-safety,Certification Ready,True,False,Required lab missing,medium,Block certification release until missing evidence is resolved,2026-06-06
L04684,E04684,cert-enterprise-ai-safety,Certification Ready,True,False,HR eligibility missing,medium,Block certification release until missing evidence is resolved,2026-06-06
L04687,E04687,cert-enterprise-ai-safety,Certification Ready,True,False,Required module missing,medium,Block certification release until missing evidence is resolved,2026-06-06
L04689,E04689,cert-enterprise-ai-safety,Certification Ready,True,False,Required lab missing; Manager approval missing,high,Block certification release until missing evidence is resolved,2026-06-06
L04690,E04690,cert-enterprise-ai-safety,Certification Ready,True,False,Required lab missing,medium,Block certification release until missing evidence is resolved,2026-06-06
L04692,E04692,cert-enterprise-ai-safety,Certification Ready,True,False,Required lab missing,medium,Block certification release until missing evidence is resolved,2026-06-06
L04693,E04693,cert-enterprise-ai-safety,Certification Ready,True,False,Assessment below 80; Manager approval missing,high,Block certification release until missing evidence is resolved,2026-06-06
L04694,E04694,cert-enterprise-ai-safety,Certification Ready,True,False,Required module missing; Required lab missing,high,Block certification release until missing evidence is resolved,2026-06-06
L04699,E04699,cert-enterprise-ai-safety,Certification Ready,True,False,Required lab missing,medium,Block certification release until missing evidence is resolved,2026-06-06
L04708,E04708,cert-enterprise-ai-safety,Certification Ready,True,False,Required module missing; Required lab missing,high,Block certification release until missing evidence is resolved,2026-06-06
L04716,E04716,cert-enterprise-ai-safety,Certification Ready,True,False,Manager approval missing,medium,Block certification release until missing evidence is resolved,2026-06-06
L04722,E04722,cert-enterprise-ai-safety,Certification Ready,True,False,Required module missing,medium,Block certification release until missing evidence is resolved,2026-06-06
L04723,E04723,cert-enterprise-ai-safety,Certification Ready,True,False,Required lab missing,medium,Block certification release until missing evidence is resolved,2026-06-06
L04724,E04724,cert-enterprise-ai-safety,Certification Ready,True,False,Required module missing,medium,Block certification release until missing evidence is resolved,2026-06-06
L04728,E04728,cert-enterprise-ai-safety,Certification Ready,True,False,Assessment below 80,medium,Block certification release until missing evidence is resolved,2026-06-06
L04729,E04729,cert-enterprise-ai-safety,Certification Ready,True,False,Manager approval missing,medium,Block certification release until missing evidence is resolved,2026-06-06
L04730,E04730,cert-enterprise-ai-safety,Certification Ready,True,False,Required module missing,medium,Block certification release until missing evidence is resolved,2026-06-06
L04731,E04731,cert-enterprise-ai-safety,Certification Ready,True,False,Required lab missing; Assessment below 80,high,Block certification release until missing evidence is resolved,2026-06-06
L04732,E04732,cert-enterprise-ai-safety,Certification Ready,True,False,HR eligibility missing; Required module missing; Assessment below 80,high,Block certification release until missing evidence is resolved,2026-06-06
L04733,E04733,cert-enterprise-ai-safety,Certification Ready,True,False,Required module missing; Required lab missing,high,Block certification release until missing evidence is resolved,2026-06-06
L04734,E04734,cert-enterprise-ai-safety,Certification Ready,True,False,Required lab missing,medium,Block certification release until missing evidence is resolved,2026-06-06
L04736,E04736,cert-enterprise-ai-safety,Certification Ready,True,False,Required lab missing; Manager approval missing,high,Block certification release until missing evidence is resolved,2026-06-06
L04737,E04737,cert-enterprise-ai-safety,Certification Ready,True,False,HR eligibility missing; Required module missing; Required lab missing,high,Block certification release until missing evidence is resolved,2026-06-06
L04738,E04738,cert-enterprise-ai-safety,Certification Ready,True,False,Manager approval missing,medium,Block certification release until missing evidence is resolved,2026-06-06
L04741,E04741,cert-enterprise-ai-safety,Certification Ready,True,False,HR eligibility missing,medium,Block certification release until missing evidence is resolved,2026-06-06
L04742,E04742,cert-enterprise-ai-safety,Certification Ready,True,False,Required lab missing; Manager approval missing,high,Block certification release until missing evidence is resolved,2026-06-06
L04744,E04744,cert-enterprise-ai-safety,Certification Ready,True,False,Required module missing; Required lab missing,high,Block certification release until missing evidence is resolved,2026-06-06
L04745,E04745,cert-enterprise-ai-safety,Certification Ready,True,False,Required module missing; Manager approval missing,high,Block certification release until missing evidence is resolved,2026-06-06
L04752,E04752,cert-enterprise-ai-safety,Certification Ready,True,False,Required lab missing; Manager approval missing,high,Block certification release until missing evidence is resolved,2026-06-06
L04754,E04754,cert-enterprise-ai-safety,Certification Ready,True,False,Required lab missing,medium,Block certification release until missing evidence is resolved,2026-06-06
L04755,E04755,cert-enterprise-ai-safety,Certification Ready,True,False,Required lab missing,medium,Block certification release until missing evidence is resolved,2026-06-06
L04756,E04756,cert-enterprise-ai-safety,Certification Ready,True,False,Assessment below 80,medium,Block certification release until missing evidence is resolved,2026-06-06
L04758,E04758,cert-enterprise-ai-safety,Certification Ready,True,False,HR eligibility missing; Required lab missing; Assessment below 80; Manager approval missing,high,Block certification release until missing evidence is resolved,2026-06-06
L04761,E04761,cert-enterprise-ai-safety,Certification Ready,True,False,Required lab missing,medium,Block certification release until missing evidence is resolved,2026-06-06
L04763,E04763,cert-enterprise-ai-safety,Certification Ready,True,False,HR eligibility missing; Required module missing; Required lab missing; Manager approval missing,high,Block certification release until missing evidence is resolved,2026-06-06
L04764,E04764,cert-enterprise-ai-safety,Certification Ready,True,False,Required module missing; Assessment below 80; Manager approval missing,high,Block certification release until missing evidence is resolved,2026-06-06
L04765,E04765,cert-enterprise-ai-safety,Certification Ready,True,False,Required module missing; Required lab missing; Assessment below 80,high,Block certification release until missing evidence is resolved,2026-06-06
L04766,E04766,cert-enterprise-ai-safety,Certification Ready,True,False,HR eligibility missing; Required lab missing; Manager approval missing,high,Block certification release until missing evidence is resolved,2026-06-06
L04769,E04769,cert-enterprise-ai-safety,Certification Ready,True,False,Required module missing,medium,Block certification release until missing evidence is resolved,2026-06-06
L04772,E04772,cert-enterprise-ai-safety,Certification Ready,True,False,Assessment below 80,medium,Block certification release until missing evidence is resolved,2026-06-06
L04775,E04775,cert-enterprise-ai-safety,Certification Ready,True,False,Manager approval missing,medium,Block certification release until missing evidence is resolved,2026-06-06
L04780,E04780,cert-enterprise-ai-safety,Certification Ready,True,False,HR eligibility missing; Required module missing; Required lab missing,high,Block certification release until missing evidence is resolved,2026-06-06
L04782,E04782,cert-enterprise-ai-safety,Certification Ready,True,False,HR eligibility missing; Required lab missing,high,Block certification release until missing evidence is resolved,2026-06-06
L04783,E04783,cert-enterprise-ai-safety,Certification Ready,True,False,Required module missing; Required lab missing,high,Block certification release until missing evidence is resolved,2026-06-06
L04784,E04784,cert-enterprise-ai-safety,Certification Ready,True,False,Required module missing,medium,Block certification release until missing evidence is resolved,2026-06-06
L04785,E04785,cert-enterprise-ai-safety,Certification Ready,True,False,HR eligibility missing; Required lab missing,high,Block certification release until missing evidence is resolved,2026-06-06
L04791,E04791,cert-enterprise-ai-safety,Certification Ready,True,False,HR eligibility missing; Required module missing; Required lab missing,high,Block certification release until missing evidence is resolved,2026-06-06
L04792,E04792,cert-enterprise-ai-safety,Certification Ready,True,False,Required lab missing; Manager approval missing,high,Block certification release until missing evidence is resolved,2026-06-06
L04793,E04793,cert-enterprise-ai-safety,Certification Ready,True,False,HR eligibility missing; Required module missing; Required lab missing,high,Block certification release until missing evidence is resolved,2026-06-06
L04794,E04794,cert-enterprise-ai-safety,Certification Ready,True,False,Required module missing; Required lab missing,high,Block certification release until missing evidence is resolved,2026-06-06
L04795,E04795,cert-enterprise-ai-safety,Certification Ready,True,False,HR eligibility missing; Required lab missing,high,Block certification release until missing evidence is resolved,2026-06-06
L04797,E04797,cert-enterprise-ai-safety,Certification Ready,True,False,Required module missing; Required lab missing; Manager approval missing,high,Block certification release until missing evidence is resolved,2026-06-06
L04798,E04798,cert-enterprise-ai-safety,Certification Ready,True,False,HR eligibility missing; Required lab missing; Manager approval missing,high,Block certification release until missing evidence is resolved,2026-06-06
L04799,E04799,cert-enterprise-ai-safety,Certification Ready,True,False,Required module missing,medium,Block certification release until missing evidence is resolved,2026-06-06
L04802,E04802,cert-enterprise-ai-safety,Certification Ready,True,False,HR eligibility missing; Required module missing; Required lab missing; Manager approval missing,high,Block certification release until missing evidence is resolved,2026-06-06
L04803,E04803,cert-enterprise-ai-safety,Certification Ready,True,False,Required module missing; Required lab missing,high,Block certification release until missing evidence is resolved,2026-06-06
L04805,E04805,cert-enterprise-ai-safety,Certification Ready,True,False,HR eligibility missing; Required module missing; Required lab missing,high,Block certification release until missing evidence is resolved,2026-06-06
L04806,E04806,cert-enterprise-ai-safety,Certification Ready,True,False,Required module missing; Manager approval missing,high,Block certification release until missing evidence is resolved,2026-06-06
L04807,E04807,cert-enterprise-ai-safety,Certification Ready,True,False,Required module missing; Required lab missing; Assessment below 80; Manager approval missing,high,Block certification release until missing evidence is resolved,2026-06-06
L04808,E04808,cert-enterprise-ai-safety,Certification Ready,True,False,Required lab missing; Assessment below 80,high,Block certification release until missing evidence is resolved,2026-06-06
L04809,E04809,cert-enterprise-ai-safety,Certification Ready,True,False,Required module missing; Required lab missing,high,Block certification release until missing evidence is resolved,2026-06-06
L04810,E04810,cert-enterprise-ai-safety,Certification Ready,True,False,HR eligibility missing; Required lab missing,high,Block certification release until missing evidence is resolved,2026-06-06
L04812,E04812,cert-enterprise-ai-safety,Certification Ready,True,False,Required module missing,medium,Block certification release until missing evidence is resolved,2026-06-06
L04814,E04814,cert-enterprise-ai-safety,Certification Ready,True,False,Required module missing; Required lab missing,high,Block certification release until missing evidence is resolved,2026-06-06
L04816,E04816,cert-enterprise-ai-safety,Certification Ready,True,False,HR eligibility missing; Required lab missing; Manager approval missing,high,Block certification release until missing evidence is resolved,2026-06-06
L04817,E04817,cert-enterprise-ai-safety,Certification Ready,True,False,Required module missing; Required lab missing,high,Block certification release until missing evidence is resolved,2026-06-06
L04818,E04818,cert-enterprise-ai-safety,Certification Ready,True,False,Required module missing; Assessment below 80,high,Block certification release until missing evidence is resolved,2026-06-06
L04820,E04820,cert-enterprise-ai-safety,Certification Ready,True,False,Required lab missing; Assessment below 80,high,Block certification release until missing evidence is resolved,2026-06-06
L04822,E04822,cert-enterprise-ai-safety,Certification Ready,True,False,Required module missing; Required lab missing,high,Block certification release until missing evidence is resolved,2026-06-06
L04824,E04824,cert-enterprise-ai-safety,Certification Ready,True,False,Required lab missing; Assessment below 80,high,Block certification release until missing evidence is resolved,2026-06-06
L04831,E04831,cert-enterprise-ai-safety,Certification Ready,True,False,Required lab missing,medium,Block certification release until missing evidence is resolved,2026-06-06
L04832,E04832,cert-enterprise-ai-safety,Certification Ready,True,False,Required module missing; Required lab missing,high,Block certification release until missing evidence is resolved,2026-06-06
L04833,E04833,cert-enterprise-ai-safety,Certification Ready,True,False,Required module missing; Required lab missing,high,Block certification release until missing evidence is resolved,2026-06-06
L04834,E04834,cert-enterprise-ai-safety,Certification Ready,True,False,Required module missing; Required lab missing; Manager approval missing,high,Block certification release until missing evidence is resolved,2026-06-06
L04837,E04837,cert-enterprise-ai-safety,Certification Ready,True,False,HR eligibility missing; Required module missing; Required lab missing; Assessment below 80,high,Block certification release until missing evidence is resolved,2026-06-06
L04838,E04838,cert-enterprise-ai-safety,Certification Ready,True,False,Required module missing; Required lab missing,high,Block certification release until missing evidence is resolved,2026-06-06
L04843,E04843,cert-enterprise-ai-safety,Certification Ready,True,False,Required module missing,medium,Block certification release until missing evidence is resolved,2026-06-06
L04844,E04844,cert-enterprise-ai-safety,Certification Ready,True,False,Manager approval missing,medium,Block certification release until missing evidence is resolved,2026-06-06
L04847,E04847,cert-enterprise-ai-safety,Certification Ready,True,False,HR eligibility missing; Required lab missing,high,Block certification release until missing evidence is resolved,2026-06-06
L04848,E04848,cert-enterprise-ai-safety,Certification Ready,True,False,Required lab missing,medium,Block certification release until missing evidence is resolved,2026-06-06
L04849,E04849,cert-enterprise-ai-safety,Certification Ready,True,False,Required module missing,medium,Block certification release until missing evidence is resolved,2026-06-06
L04850,E04850,cert-enterprise-ai-safety,Certification Ready,True,False,Assessment below 80,medium,Block certification release until missing evidence is resolved,2026-06-06
L04853,E04853,cert-enterprise-ai-safety,Certification Ready,True,False,HR eligibility missing; Required lab missing,high,Block certification release until missing evidence is resolved,2026-06-06
L04855,E04855,cert-enterprise-ai-safety,Certification Ready,True,False,Required module missing; Required lab missing; Assessment below 80; Manager approval missing,high,Block certification release until missing evidence is resolved,2026-06-06
L04858,E04858,cert-enterprise-ai-safety,Certification Ready,True,False,HR eligibility missing; Required module missing; Manager approval missing,high,Block certification release until missing evidence is resolved,2026-06-06
L04861,E04861,cert-enterprise-ai-safety,Certification Ready,True,False,Required lab missing; Manager approval missing,high,Block certification release until missing evidence is resolved,2026-06-06
L04862,E04862,cert-enterprise-ai-safety,Certification Ready,True,False,Required lab missing,medium,Block certification release until missing evidence is resolved,2026-06-06
L04865,E04865,cert-enterprise-ai-safety,Certification Ready,True,False,Required module missing,medium,Block certification release until missing evidence is resolved,2026-06-06
L04872,E04872,cert-enterprise-ai-safety,Certification Ready,True,False,Required module missing; Required lab missing,high,Block certification release until missing evidence is resolved,2026-06-06
L04873,E04873,cert-enterprise-ai-safety,Certification Ready,True,False,HR eligibility missing; Required lab missing,high,Block certification release until missing evidence is resolved,2026-06-06
L04875,E04875,cert-enterprise-ai-safety,Certification Ready,True,False,Required lab missing,medium,Block certification release until missing evidence is resolved,2026-06-06
L04876,E04876,cert-enterprise-ai-safety,Certification Ready,True,False,Required module missing; Required lab missing; Manager approval missing,high,Block certification release until missing evidence is resolved,2026-06-06
L04878,E04878,cert-enterprise-ai-safety,Certification Ready,True,False,Required module missing; Required lab missing; Assessment below 80; Manager approval missing,high,Block certification release until missing evidence is resolved,2026-06-06
L04886,E04886,cert-enterprise-ai-safety,Certification Ready,True,False,Required lab missing,medium,Block certification release until missing evidence is resolved,2026-06-06
L04888,E04888,cert-enterprise-ai-safety,Certification Ready,True,False,Required module missing; Required lab missing,high,Block certification release until missing evidence is resolved,2026-06-06
L04891,E04891,cert-enterprise-ai-safety,Certification Ready,True,False,HR eligibility missing; Required module missing; Required lab missing; Manager approval missing,high,Block certification release until missing evidence is resolved,2026-06-06
L04894,E04894,cert-enterprise-ai-safety,Certification Ready,True,False,Assessment below 80,medium,Block certification release until missing evidence is resolved,2026-06-06
L04898,E04898,cert-enterprise-ai-safety,Certification Ready,True,False,Manager approval missing,medium,Block certification release until missing evidence is resolved,2026-06-06
L04906,E04906,cert-enterprise-ai-safety,Certification Ready,True,False,Required lab missing,medium,Block certification release until missing evidence is resolved,2026-06-06
L04907,E04907,cert-enterprise-ai-safety,Certification Ready,True,False,HR eligibility missing; Required module missing; Assessment below 80,high,Block certification release until missing evidence is resolved,2026-06-06
L04908,E04908,cert-enterprise-ai-safety,Certification Ready,True,False,HR eligibility missing; Required module missing; Required lab missing,high,Block certification release until missing evidence is resolved,2026-06-06
L04911,E04911,cert-enterprise-ai-safety,Certification Ready,True,False,Required lab missing,medium,Block certification release until missing evidence is resolved,2026-06-06
L04912,E04912,cert-enterprise-ai-safety,Certification Ready,True,False,Required module missing; Required lab missing; Manager approval missing,high,Block certification release until missing evidence is resolved,2026-06-06
L04914,E04914,cert-enterprise-ai-safety,Certification Ready,True,False,Manager approval missing,medium,Block certification release until missing evidence is resolved,2026-06-06
L04916,E04916,cert-enterprise-ai-safety,Certification Ready,True,False,Manager approval missing,medium,Block certification release until missing evidence is resolved,2026-06-06
L04919,E04919,cert-enterprise-ai-safety,Certification Ready,True,False,Required module missing; Required lab missing,high,Block certification release until missing evidence is resolved,2026-06-06
L04920,E04920,cert-enterprise-ai-safety,Certification Ready,True,False,Required module missing; Manager approval missing,high,Block certification release until missing evidence is resolved,2026-06-06
L04922,E04922,cert-enterprise-ai-safety,Certification Ready,True,False,Required module missing; Required lab missing; Assessment below 80,high,Block certification release until missing evidence is resolved,2026-06-06
L04923,E04923,cert-enterprise-ai-safety,Certification Ready,True,False,Required lab missing; Assessment below 80,high,Block certification release until missing evidence is resolved,2026-06-06
L04925,E04925,cert-enterprise-ai-safety,Certification Ready,True,False,HR eligibility missing; Assessment below 80,high,Block certification release until missing evidence is resolved,2026-06-06
L04930,E04930,cert-enterprise-ai-safety,Certification Ready,True,False,Required lab missing,medium,Block certification release until missing evidence is resolved,2026-06-06
L04934,E04934,cert-enterprise-ai-safety,Certification Ready,True,False,HR eligibility missing; Required lab missing,high,Block certification release until missing evidence is resolved,2026-06-06
L04935,E04935,cert-enterprise-ai-safety,Certification Ready,True,False,Required module missing,medium,Block certification release until missing evidence is resolved,2026-06-06
L04936,E04936,cert-enterprise-ai-safety,Certification Ready,True,False,Manager approval missing,medium,Block certification release until missing evidence is resolved,2026-06-06
L04937,E04937,cert-enterprise-ai-safety,Certification Ready,True,False,Required module missing; Assessment below 80; Manager approval missing,high,Block certification release until missing evidence is resolved,2026-06-06
L04938,E04938,cert-enterprise-ai-safety,Certification Ready,True,False,Required module missing; Required lab missing; Assessment below 80,high,Block certification release until missing evidence is resolved,2026-06-06
L04939,E04939,cert-enterprise-ai-safety,Certification Ready,True,False,Required module missing; Required lab missing; Assessment below 80,high,Block certification release until missing evidence is resolved,2026-06-06
L04941,E04941,cert-enterprise-ai-safety,Certification Ready,True,False,HR eligibility missing; Required module missing; Required lab missing; Manager approval missing,high,Block certification release until missing evidence is resolved,2026-06-06
L04942,E04942,cert-enterprise-ai-safety,Certification Ready,True,False,Required module missing; Assessment below 80,high,Block certification release until missing evidence is resolved,2026-06-06
L04943,E04943,cert-enterprise-ai-safety,Certification Ready,True,False,HR eligibility missing; Required module missing,high,Block certification release until missing evidence is resolved,2026-06-06
L04944,E04944,cert-enterprise-ai-safety,Certification Ready,True,False,Required module missing; Required lab missing; Assessment below 80,high,Block certification release until missing evidence is resolved,2026-06-06
L04945,E04945,cert-enterprise-ai-safety,Certification Ready,True,False,Required module missing; Required lab missing,high,Block certification release until missing evidence is resolved,2026-06-06
L04946,E04946,cert-enterprise-ai-safety,Certification Ready,True,False,Required lab missing,medium,Block certification release until missing evidence is resolved,2026-06-06
L04950,E04950,cert-enterprise-ai-safety,Certification Ready,True,False,Required module missing; Required lab missing; Manager approval missing,high,Block certification release until missing evidence is resolved,2026-06-06
L04952,E04952,cert-enterprise-ai-safety,Certification Ready,True,False,Required module missing; Required lab missing; Assessment below 80,high,Block certification release until missing evidence is resolved,2026-06-06
L04955,E04955,cert-enterprise-ai-safety,Certification Ready,True,False,HR eligibility missing; Assessment below 80,high,Block certification release until missing evidence is resolved,2026-06-06
L04957,E04957,cert-enterprise-ai-safety,Certification Ready,True,False,Required module missing; Required lab missing,high,Block certification release until missing evidence is resolved,2026-06-06
L04959,E04959,cert-enterprise-ai-safety,Certification Ready,True,False,Required module missing; Assessment below 80; Manager approval missing,high,Block certification release until missing evidence is resolved,2026-06-06
L04964,E04964,cert-enterprise-ai-safety,Certification Ready,True,False,Required module missing; Required lab missing; Manager approval missing,high,Block certification release until missing evidence is resolved,2026-06-06
L04965,E04965,cert-enterprise-ai-safety,Certification Ready,True,False,HR eligibility missing; Required module missing; Required lab missing,high,Block certification release until missing evidence is resolved,2026-06-06
L04966,E04966,cert-enterprise-ai-safety,Certification Ready,True,False,Required module missing,medium,Block certification release until missing evidence is resolved,2026-06-06
L04967,E04967,cert-enterprise-ai-safety,Certification Ready,True,False,Required module missing; Required lab missing,high,Block certification release until missing evidence is resolved,2026-06-06
L04968,E04968,cert-enterprise-ai-safety,Certification Ready,True,False,Required module missing; Manager approval missing,high,Block certification release until missing evidence is resolved,2026-06-06
L04971,E04971,cert-enterprise-ai-safety,Certification Ready,True,False,HR eligibility missing; Required lab missing; Assessment below 80,high,Block certification release until missing evidence is resolved,2026-06-06
L04982,E04982,cert-enterprise-ai-safety,Certification Ready,True,False,Manager approval missing,medium,Block certification release until missing evidence is resolved,2026-06-06
L04983,E04983,cert-enterprise-ai-safety,Certification Ready,True,False,HR eligibility missing; Required module missing,high,Block certification release until missing evidence is resolved,2026-06-06
L04985,E04985,cert-enterprise-ai-safety,Certification Ready,True,False,Required lab missing; Manager approval missing,high,Block certification release until missing evidence is resolved,2026-06-06
L04992,E04992,cert-enterprise-ai-safety,Certification Ready,True,False,Required module missing; Required lab missing,high,Block certification release until missing evidence is resolved,2026-06-06
L04993,E04993,cert-enterprise-ai-safety,Certification Ready,True,False,Manager approval missing,medium,Block certification release until missing evidence is resolved,2026-06-06
L04994,E04994,cert-enterprise-ai-safety,Certification Ready,True,False,Required module missing; Required lab missing,high,Block certification release until missing evidence is resolved,2026-06-06
L04995,E04995,cert-enterprise-ai-safety,Certification Ready,True,False,HR eligibility missing; Assessment below 80; Manager approval missing,high,Block certification release until missing evidence is resolved,2026-06-06
L04996,E04996,cert-enterprise-ai-safety,Certification Ready,True,False,Required module missing; Required lab missing,high,Block certification release until missing evidence is resolved,2026-06-06
L04997,E04997,cert-enterprise-ai-safety,Certification Ready,True,False,Required module missing; Assessment below 80; Manager approval missing,high,Block certification release until missing evidence is resolved,2026-06-06
L04999,E04999,cert-enterprise-ai-safety,Certification Ready,True,False,Required lab missing; Assessment below 80,high,Block certification release until missing evidence is resolved,2026-06-06
L05001,E05001,cert-enterprise-ai-safety,Certification Ready,True,False,Required lab missing; Assessment below 80,high,Block certification release until missing evidence is resolved,2026-06-06
L05004,E05004,cert-enterprise-ai-safety,Certification Ready,True,False,HR eligibility missing; Required module missing,high,Block certification release until missing evidence is resolved,2026-06-06
L05007,E05007,cert-enterprise-ai-safety,Certification Ready,True,False,Required lab missing,medium,Block certification release until missing evidence is resolved,2026-06-06
L05013,E05013,cert-enterprise-ai-safety,Certification Ready,True,False,Required lab missing; Assessment below 80,high,Block certification release until missing evidence is resolved,2026-06-06
L05023,E05023,cert-enterprise-ai-safety,Certification Ready,True,False,Assessment below 80,medium,Block certification release until missing evidence is resolved,2026-06-06
L05028,E05028,cert-enterprise-ai-safety,Certification Ready,True,False,Required lab missing,medium,Block certification release until missing evidence is resolved,2026-06-06
L05030,E05030,cert-enterprise-ai-safety,Certification Ready,True,False,Required lab missing,medium,Block certification release until missing evidence is resolved,2026-06-06
L05032,E05032,cert-enterprise-ai-safety,Certification Ready,True,False,Required module missing; Required lab missing,high,Block certification release until missing evidence is resolved,2026-06-06
L05045,E05045,cert-enterprise-ai-safety,Certification Ready,True,False,HR eligibility missing; Required module missing; Required lab missing,high,Block certification release until missing evidence is resolved,2026-06-06
L05046,E05046,cert-enterprise-ai-safety,Certification Ready,True,False,Required module missing; Required lab missing; Manager approval missing,high,Block certification release until missing evidence is resolved,2026-06-06
L05047,E05047,cert-enterprise-ai-safety,Certification Ready,True,False,Required module missing; Required lab missing,high,Block certification release until missing evidence is resolved,2026-06-06
L05049,E05049,cert-enterprise-ai-safety,Certification Ready,True,False,Required module missing; Required lab missing,high,Block certification release until missing evidence is resolved,2026-06-06
L05050,E05050,cert-enterprise-ai-safety,Certification Ready,True,False,Required module missing; Required lab missing; Manager approval missing,high,Block certification release until missing evidence is resolved,2026-06-06
L05051,E05051,cert-enterprise-ai-safety,Certification Ready,True,False,Required lab missing,medium,Block certification release until missing evidence is resolved,2026-06-06
L05052,E05052,cert-enterprise-ai-safety,Certification Ready,True,False,Required module missing,medium,Block certification release until missing evidence is resolved,2026-06-06
L05053,E05053,cert-enterprise-ai-safety,Certification Ready,True,False,Assessment below 80,medium,Block certification release until missing evidence is resolved,2026-06-06
L05055,E05055,cert-enterprise-ai-safety,Certification Ready,True,False,HR eligibility missing,medium,Block certification release until missing evidence is resolved,2026-06-06
L05056,E05056,cert-enterprise-ai-safety,Certification Ready,True,False,HR eligibility missing; Required lab missing,high,Block certification release until missing evidence is resolved,2026-06-06
L05057,E05057,cert-enterprise-ai-safety,Certification Ready,True,False,Required module missing; Required lab missing,high,Block certification release until missing evidence is resolved,2026-06-06
L05063,E05063,cert-enterprise-ai-safety,Certification Ready,True,False,Required module missing; Required lab missing,high,Block certification release until missing evidence is resolved,2026-06-06
L05064,E05064,cert-enterprise-ai-safety,Certification Ready,True,False,Required module missing,medium,Block certification release until missing evidence is resolved,2026-06-06
L05066,E05066,cert-enterprise-ai-safety,Certification Ready,True,False,Required module missing,medium,Block certification release until missing evidence is resolved,2026-06-06
L05069,E05069,cert-enterprise-ai-safety,Certification Ready,True,False,Required module missing; Assessment below 80,high,Block certification release until missing evidence is resolved,2026-06-06
L05071,E05071,cert-enterprise-ai-safety,Certification Ready,True,False,Required module missing; Required lab missing,high,Block certification release until missing evidence is resolved,2026-06-06
L05072,E05072,cert-enterprise-ai-safety,Certification Ready,True,False,Required module missing; Required lab missing,high,Block certification release until missing evidence is resolved,2026-06-06
L05074,E05074,cert-enterprise-ai-safety,Certification Ready,True,False,Required module missing,medium,Block certification release until missing evidence is resolved,2026-06-06
L05076,E05076,cert-enterprise-ai-safety,Certification Ready,True,False,HR eligibility missing; Required module missing,high,Block certification release until missing evidence is resolved,2026-06-06
L05077,E05077,cert-enterprise-ai-safety,Certification Ready,True,False,Assessment below 80,medium,Block certification release until missing evidence is resolved,2026-06-06
L05080,E05080,cert-enterprise-ai-safety,Certification Ready,True,False,Required module missing; Manager approval missing,high,Block certification release until missing evidence is resolved,2026-06-06
L05081,E05081,cert-enterprise-ai-safety,Certification Ready,True,False,Required module missing,medium,Block certification release until missing evidence is resolved,2026-06-06
L05083,E05083,cert-enterprise-ai-safety,Certification Ready,True,False,Required module missing; Required lab missing,high,Block certification release until missing evidence is resolved,2026-06-06
L05084,E05084,cert-enterprise-ai-safety,Certification Ready,True,False,HR eligibility missing; Required lab missing; Assessment below 80; Manager approval missing,high,Block certification release until missing evidence is resolved,2026-06-06
L05085,E05085,cert-enterprise-ai-safety,Certification Ready,True,False,Required module missing; Required lab missing,high,Block certification release until missing evidence is resolved,2026-06-06
L05086,E05086,cert-enterprise-ai-safety,Certification Ready,True,False,Required lab missing,medium,Block certification release until missing evidence is resolved,2026-06-06
L05087,E05087,cert-enterprise-ai-safety,Certification Ready,True,False,Required module missing,medium,Block certification release until missing evidence is resolved,2026-06-06
L05090,E05090,cert-enterprise-ai-safety,Certification Ready,True,False,Required lab missing,medium,Block certification release until missing evidence is resolved,2026-06-06
L05092,E05092,cert-enterprise-ai-safety,Certification Ready,True,False,HR eligibility missing; Required lab missing; Assessment below 80,high,Block certification release until missing evidence is resolved,2026-06-06
L05095,E05095,cert-enterprise-ai-safety,Certification Ready,True,False,Assessment below 80,medium,Block certification release until missing evidence is resolved,2026-06-06
L05099,E05099,cert-enterprise-ai-safety,Certification Ready,True,False,HR eligibility missing,medium,Block certification release until missing evidence is resolved,2026-06-06
L05102,E05102,cert-enterprise-ai-safety,Certification Ready,True,False,Required module missing; Required lab missing; Manager approval missing,high,Block certification release until missing evidence is resolved,2026-06-06
L05103,E05103,cert-enterprise-ai-safety,Certification Ready,True,False,Required lab missing; Assessment below 80,high,Block certification release until missing evidence is resolved,2026-06-06
L05104,E05104,cert-enterprise-ai-safety,Certification Ready,True,False,Required module missing; Required lab missing; Assessment below 80,high,Block certification release until missing evidence is resolved,2026-06-06
L05106,E05106,cert-enterprise-ai-safety,Certification Ready,True,False,Required module missing; Assessment below 80; Manager approval missing,high,Block certification release until missing evidence is resolved,2026-06-06
L05110,E05110,cert-enterprise-ai-safety,Certification Ready,True,False,Required lab missing,medium,Block certification release until missing evidence is resolved,2026-06-06
L05112,E05112,cert-enterprise-ai-safety,Certification Ready,True,False,Required lab missing; Assessment below 80,high,Block certification release until missing evidence is resolved,2026-06-06
L05113,E05113,cert-enterprise-ai-safety,Certification Ready,True,False,Required module missing; Required lab missing; Assessment below 80,high,Block certification release until missing evidence is resolved,2026-06-06
L05121,E05121,cert-enterprise-ai-safety,Certification Ready,True,False,Required module missing; Required lab missing; Assessment below 80,high,Block certification release until missing evidence is resolved,2026-06-06
L05122,E05122,cert-enterprise-ai-safety,Certification Ready,True,False,Required lab missing,medium,Block certification release until missing evidence is resolved,2026-06-06
L05123,E05123,cert-enterprise-ai-safety,Certification Ready,True,False,HR eligibility missing; Required lab missing,high,Block certification release until missing evidence is resolved,2026-06-06
L05126,E05126,cert-enterprise-ai-safety,Certification Ready,True,False,Required module missing,medium,Block certification release until missing evidence is resolved,2026-06-06
L05129,E05129,cert-enterprise-ai-safety,Certification Ready,True,False,Required lab missing,medium,Block certification release until missing evidence is resolved,2026-06-06
L05131,E05131,cert-enterprise-ai-safety,Certification Ready,True,False,Required lab missing,medium,Block certification release until missing evidence is resolved,2026-06-06
L05132,E05132,cert-enterprise-ai-safety,Certification Ready,True,False,Manager approval missing,medium,Block certification release until missing evidence is resolved,2026-06-06
L05134,E05134,cert-enterprise-ai-safety,Certification Ready,True,False,Required module missing; Assessment below 80,high,Block certification release until missing evidence is resolved,2026-06-06
L05136,E05136,cert-enterprise-ai-safety,Certification Ready,True,False,Required lab missing,medium,Block certification release until missing evidence is resolved,2026-06-06
L05139,E05139,cert-enterprise-ai-safety,Certification Ready,True,False,Required module missing,medium,Block certification release until missing evidence is resolved,2026-06-06
L05140,E05140,cert-enterprise-ai-safety,Certification Ready,True,False,Manager approval missing,medium,Block certification release until missing evidence is resolved,2026-06-06
L05144,E05144,cert-enterprise-ai-safety,Certification Ready,True,False,Required module missing; Required lab missing,high,Block certification release until missing evidence is resolved,2026-06-06
L05147,E05147,cert-enterprise-ai-safety,Certification Ready,True,False,Manager approval missing,medium,Block certification release until missing evidence is resolved,2026-06-06
L05149,E05149,cert-enterprise-ai-safety,Certification Ready,True,False,Manager approval missing,medium,Block certification release until missing evidence is resolved,2026-06-06
L05151,E05151,cert-enterprise-ai-safety,Certification Ready,True,False,Required lab missing,medium,Block certification release until missing evidence is resolved,2026-06-06
L05157,E05157,cert-enterprise-ai-safety,Certification Ready,True,False,Required lab missing,medium,Block certification release until missing evidence is resolved,2026-06-06
L05159,E05159,cert-enterprise-ai-safety,Certification Ready,True,False,HR eligibility missing; Required module missing; Assessment below 80,high,Block certification release until missing evidence is resolved,2026-06-06
L05160,E05160,cert-enterprise-ai-safety,Certification Ready,True,False,Required lab missing,medium,Block certification release until missing evidence is resolved,2026-06-06
L05164,E05164,cert-enterprise-ai-safety,Certification Ready,True,False,Required module missing; Assessment below 80,high,Block certification release until missing evidence is resolved,2026-06-06
L05165,E05165,cert-enterprise-ai-safety,Certification Ready,True,False,Required lab missing,medium,Block certification release until missing evidence is resolved,2026-06-06
L05166,E05166,cert-enterprise-ai-safety,Certification Ready,True,False,Required module missing; Required lab missing; Manager approval missing,high,Block certification release until missing evidence is resolved,2026-06-06
L05171,E05171,cert-enterprise-ai-safety,Certification Ready,True,False,Required lab missing,medium,Block certification release until missing evidence is resolved,2026-06-06
L05172,E05172,cert-enterprise-ai-safety,Certification Ready,True,False,Required lab missing; Assessment below 80,high,Block certification release until missing evidence is resolved,2026-06-06
L05175,E05175,cert-enterprise-ai-safety,Certification Ready,True,False,Required module missing; Required lab missing; Manager approval missing,high,Block certification release until missing evidence is resolved,2026-06-06
L05176,E05176,cert-enterprise-ai-safety,Certification Ready,True,False,Required lab missing,medium,Block certification release until missing evidence is resolved,2026-06-06
L05179,E05179,cert-enterprise-ai-safety,Certification Ready,True,False,Required module missing; Required lab missing,high,Block certification release until missing evidence is resolved,2026-06-06
L05180,E05180,cert-enterprise-ai-safety,Certification Ready,True,False,Required lab missing,medium,Block certification release until missing evidence is resolved,2026-06-06
L05181,E05181,cert-enterprise-ai-safety,Certification Ready,True,False,HR eligibility missing; Required module missing; Required lab missing,high,Block certification release until missing evidence is resolved,2026-06-06
L05183,E05183,cert-enterprise-ai-safety,Certification Ready,True,False,Required module missing,medium,Block certification release until missing evidence is resolved,2026-06-06
L05185,E05185,cert-enterprise-ai-safety,Certification Ready,True,False,Required lab missing; Manager approval missing,high,Block certification release until missing evidence is resolved,2026-06-06
L05188,E05188,cert-enterprise-ai-safety,Certification Ready,True,False,Required module missing,medium,Block certification release until missing evidence is resolved,2026-06-06
L05189,E05189,cert-enterprise-ai-safety,Certification Ready,True,False,Required module missing,medium,Block certification release until missing evidence is resolved,2026-06-06
L05191,E05191,cert-enterprise-ai-safety,Certification Ready,True,False,HR eligibility missing; Required lab missing,high,Block certification release until missing evidence is resolved,2026-06-06
L05194,E05194,cert-enterprise-ai-safety,Certification Ready,True,False,Required lab missing,medium,Block certification release until missing evidence is resolved,2026-06-06
L05196,E05196,cert-enterprise-ai-safety,Certification Ready,True,False,Required module missing; Assessment below 80; Manager approval missing,high,Block certification release until missing evidence is resolved,2026-06-06
L05198,E05198,cert-enterprise-ai-safety,Certification Ready,True,False,HR eligibility missing; Required module missing; Required lab missing; Manager approval missing,high,Block certification release until missing evidence is resolved,2026-06-06
L05199,E05199,cert-enterprise-ai-safety,Certification Ready,True,False,Required lab missing,medium,Block certification release until missing evidence is resolved,2026-06-06
L05200,E05200,cert-enterprise-ai-safety,Certification Ready,True,False,Required module missing; Required lab missing,high,Block certification release until missing evidence is resolved,2026-06-06
L05202,E05202,cert-enterprise-ai-safety,Certification Ready,True,False,Required lab missing,medium,Block certification release until missing evidence is resolved,2026-06-06
L05205,E05205,cert-enterprise-ai-safety,Certification Ready,True,False,Required lab missing,medium,Block certification release until missing evidence is resolved,2026-06-06
L05206,E05206,cert-enterprise-ai-safety,Certification Ready,True,False,Manager approval missing,medium,Block certification release until missing evidence is resolved,2026-06-06
L05207,E05207,cert-enterprise-ai-safety,Certification Ready,True,False,Required lab missing; Manager approval missing,high,Block certification release until missing evidence is resolved,2026-06-06
L05208,E05208,cert-enterprise-ai-safety,Certification Ready,True,False,Required module missing; Required lab missing; Assessment below 80; Manager approval missing,high,Block certification release until missing evidence is resolved,2026-06-06
L05209,E05209,cert-enterprise-ai-safety,Certification Ready,True,False,Required lab missing,medium,Block certification release until missing evidence is resolved,2026-06-06
L05211,E05211,cert-enterprise-ai-safety,Certification Ready,True,False,HR eligibility missing; Required lab missing; Assessment below 80,high,Block certification release until missing evidence is resolved,2026-06-06
L05212,E05212,cert-enterprise-ai-safety,Certification Ready,True,False,Required module missing; Assessment below 80,high,Block certification release until missing evidence is resolved,2026-06-06
L05220,E05220,cert-enterprise-ai-safety,Certification Ready,True,False,Required module missing,medium,Block certification release until missing evidence is resolved,2026-06-06
L05222,E05222,cert-enterprise-ai-safety,Certification Ready,True,False,Required lab missing,medium,Block certification release until missing evidence is resolved,2026-06-06
L05227,E05227,cert-enterprise-ai-safety,Certification Ready,True,False,Required module missing,medium,Block certification release until missing evidence is resolved,2026-06-06
L05229,E05229,cert-enterprise-ai-safety,Certification Ready,True,False,Required module missing; Required lab missing; Assessment below 80,high,Block certification release until missing evidence is resolved,2026-06-06
L05232,E05232,cert-enterprise-ai-safety,Certification Ready,True,False,Required module missing; Required lab missing,high,Block certification release until missing evidence is resolved,2026-06-06
L05234,E05234,cert-enterprise-ai-safety,Certification Ready,True,False,Required lab missing; Manager approval missing,high,Block certification release until missing evidence is resolved,2026-06-06
L05235,E05235,cert-enterprise-ai-safety,Certification Ready,True,False,HR eligibility missing; Required lab missing,high,Block certification release until missing evidence is resolved,2026-06-06
L05236,E05236,cert-enterprise-ai-safety,Certification Ready,True,False,Required module missing; Manager approval missing,high,Block certification release until missing evidence is resolved,2026-06-06
L05237,E05237,cert-enterprise-ai-safety,Certification Ready,True,False,Required lab missing; Assessment below 80; Manager approval missing,high,Block certification release until missing evidence is resolved,2026-06-06
L05239,E05239,cert-enterprise-ai-safety,Certification Ready,True,False,Manager approval missing,medium,Block certification release until missing evidence is resolved,2026-06-06
L05241,E05241,cert-enterprise-ai-safety,Certification Ready,True,False,Required module missing; Required lab missing; Assessment below 80,high,Block certification release until missing evidence is resolved,2026-06-06
L05242,E05242,cert-enterprise-ai-safety,Certification Ready,True,False,Required module missing,medium,Block certification release until missing evidence is resolved,2026-06-06
L05243,E05243,cert-enterprise-ai-safety,Certification Ready,True,False,Required lab missing; Assessment below 80; Manager approval missing,high,Block certification release until missing evidence is resolved,2026-06-06
L05246,E05246,cert-enterprise-ai-safety,Certification Ready,True,False,HR eligibility missing; Required lab missing,high,Block certification release until missing evidence is resolved,2026-06-06
L05247,E05247,cert-enterprise-ai-safety,Certification Ready,True,False,Required lab missing; Assessment below 80,high,Block certification release until missing evidence is resolved,2026-06-06
L05248,E05248,cert-enterprise-ai-safety,Certification Ready,True,False,Required module missing; Required lab missing,high,Block certification release until missing evidence is resolved,2026-06-06
L05249,E05249,cert-enterprise-ai-safety,Certification Ready,True,False,HR eligibility missing,medium,Block certification release until missing evidence is resolved,2026-06-06
L05250,E05250,cert-enterprise-ai-safety,Certification Ready,True,False,Required lab missing,medium,Block certification release until missing evidence is resolved,2026-06-06
L05253,E05253,cert-enterprise-ai-safety,Certification Ready,True,False,Required module missing; Required lab missing,high,Block certification release until missing evidence is resolved,2026-06-06
L05255,E05255,cert-enterprise-ai-safety,Certification Ready,True,False,Required lab missing; Assessment below 80,high,Block certification release until missing evidence is resolved,2026-06-06
L05257,E05257,cert-enterprise-ai-safety,Certification Ready,True,False,Required module missing; Required lab missing; Assessment below 80,high,Block certification release until missing evidence is resolved,2026-06-06
L05258,E05258,cert-enterprise-ai-safety,Certification Ready,True,False,Required module missing; Assessment below 80,high,Block certification release until missing evidence is resolved,2026-06-06
L05259,E05259,cert-enterprise-ai-safety,Certification Ready,True,False,Required lab missing; Manager approval missing,high,Block certification release until missing evidence is resolved,2026-06-06
L05261,E05261,cert-enterprise-ai-safety,Certification Ready,True,False,Required module missing; Manager approval missing,high,Block certification release until missing evidence is resolved,2026-06-06
L05263,E05263,cert-enterprise-ai-safety,Certification Ready,True,False,Required lab missing; Assessment below 80,high,Block certification release until missing evidence is resolved,2026-06-06
L05267,E05267,cert-enterprise-ai-safety,Certification Ready,True,False,Required module missing; Required lab missing,high,Block certification release until missing evidence is resolved,2026-06-06
L05269,E05269,cert-enterprise-ai-safety,Certification Ready,True,False,Required module missing,medium,Block certification release until missing evidence is resolved,2026-06-06
L05271,E05271,cert-enterprise-ai-safety,Certification Ready,True,False,Required module missing; Required lab missing; Assessment below 80,high,Block certification release until missing evidence is resolved,2026-06-06
L05273,E05273,cert-enterprise-ai-safety,Certification Ready,True,False,Required module missing; Required lab missing,high,Block certification release until missing evidence is resolved,2026-06-06
L05279,E05279,cert-enterprise-ai-safety,Certification Ready,True,False,Required lab missing; Assessment below 80,high,Block certification release until missing evidence is resolved,2026-06-06
L05281,E05281,cert-enterprise-ai-safety,Certification Ready,True,False,Required lab missing,medium,Block certification release until missing evidence is resolved,2026-06-06
L05296,E05296,cert-enterprise-ai-safety,Certification Ready,True,False,Required module missing; Required lab missing,high,Block certification release until missing evidence is resolved,2026-06-06
L05297,E05297,cert-enterprise-ai-safety,Certification Ready,True,False,Required lab missing; Manager approval missing,high,Block certification release until missing evidence is resolved,2026-06-06
L05299,E05299,cert-enterprise-ai-safety,Certification Ready,True,False,Required module missing; Required lab missing; Manager approval missing,high,Block certification release until missing evidence is resolved,2026-06-06
L05300,E05300,cert-enterprise-ai-safety,Certification Ready,True,False,Required module missing; Required lab missing,high,Block certification release until missing evidence is resolved,2026-06-06
L05303,E05303,cert-enterprise-ai-safety,Certification Ready,True,False,Required module missing; Required lab missing,high,Block certification release until missing evidence is resolved,2026-06-06
L05304,E05304,cert-enterprise-ai-safety,Certification Ready,True,False,Required lab missing; Assessment below 80,high,Block certification release until missing evidence is resolved,2026-06-06
L05305,E05305,cert-enterprise-ai-safety,Certification Ready,True,False,Required module missing; Required lab missing,high,Block certification release until missing evidence is resolved,2026-06-06
L05309,E05309,cert-enterprise-ai-safety,Certification Ready,True,False,Required module missing,medium,Block certification release until missing evidence is resolved,2026-06-06
L05310,E05310,cert-enterprise-ai-safety,Certification Ready,True,False,Required lab missing; Manager approval missing,high,Block certification release until missing evidence is resolved,2026-06-06
L05311,E05311,cert-enterprise-ai-safety,Certification Ready,True,False,Required module missing; Required lab missing,high,Block certification release until missing evidence is resolved,2026-06-06
L05315,E05315,cert-enterprise-ai-safety,Certification Ready,True,False,Required module missing; Required lab missing; Manager approval missing,high,Block certification release until missing evidence is resolved,2026-06-06
L05319,E05319,cert-enterprise-ai-safety,Certification Ready,True,False,Required lab missing; Manager approval missing,high,Block certification release until missing evidence is resolved,2026-06-06
L05321,E05321,cert-enterprise-ai-safety,Certification Ready,True,False,Required module missing; Required lab missing,high,Block certification release until missing evidence is resolved,2026-06-06
L05324,E05324,cert-enterprise-ai-safety,Certification Ready,True,False,Required lab missing; Assessment below 80,high,Block certification release until missing evidence is resolved,2026-06-06
L05325,E05325,cert-enterprise-ai-safety,Certification Ready,True,False,Required module missing,medium,Block certification release until missing evidence is resolved,2026-06-06
L05327,E05327,cert-enterprise-ai-safety,Certification Ready,True,False,Required module missing; Required lab missing,high,Block certification release until missing evidence is resolved,2026-06-06
L05328,E05328,cert-enterprise-ai-safety,Certification Ready,True,False,Required lab missing; Manager approval missing,high,Block certification release until missing evidence is resolved,2026-06-06
L05330,E05330,cert-enterprise-ai-safety,Certification Ready,True,False,Required module missing,medium,Block certification release until missing evidence is resolved,2026-06-06
L05331,E05331,cert-enterprise-ai-safety,Certification Ready,True,False,HR eligibility missing; Required lab missing; Manager approval missing,high,Block certification release until missing evidence is resolved,2026-06-06
L05333,E05333,cert-enterprise-ai-safety,Certification Ready,True,False,Required lab missing; Assessment below 80,high,Block certification release until missing evidence is resolved,2026-06-06
L05337,E05337,cert-enterprise-ai-safety,Certification Ready,True,False,Required module missing; Required lab missing; Assessment below 80; Manager approval missing,high,Block certification release until missing evidence is resolved,2026-06-06
L05338,E05338,cert-enterprise-ai-safety,Certification Ready,True,False,Required module missing,medium,Block certification release until missing evidence is resolved,2026-06-06
L05343,E05343,cert-enterprise-ai-safety,Certification Ready,True,False,HR eligibility missing; Required module missing; Required lab missing; Manager approval missing,high,Block certification release until missing evidence is resolved,2026-06-06
L05344,E05344,cert-enterprise-ai-safety,Certification Ready,True,False,Required module missing; Assessment below 80,high,Block certification release until missing evidence is resolved,2026-06-06
L05347,E05347,cert-enterprise-ai-safety,Certification Ready,True,False,Required module missing,medium,Block certification release until missing evidence is resolved,2026-06-06
L05348,E05348,cert-enterprise-ai-safety,Certification Ready,True,False,Manager approval missing,medium,Block certification release until missing evidence is resolved,2026-06-06
L05352,E05352,cert-enterprise-ai-safety,Certification Ready,True,False,Required lab missing; Assessment below 80; Manager approval missing,high,Block certification release until missing evidence is resolved,2026-06-06
L05353,E05353,cert-enterprise-ai-safety,Certification Ready,True,False,Required lab missing,medium,Block certification release until missing evidence is resolved,2026-06-06
L05354,E05354,cert-enterprise-ai-safety,Certification Ready,True,False,HR eligibility missing; Required module missing; Assessment below 80,high,Block certification release until missing evidence is resolved,2026-06-06
L05355,E05355,cert-enterprise-ai-safety,Certification Ready,True,False,HR eligibility missing; Required module missing; Required lab missing,high,Block certification release until missing evidence is resolved,2026-06-06
L05356,E05356,cert-enterprise-ai-safety,Certification Ready,True,False,Required module missing,medium,Block certification release until missing evidence is resolved,2026-06-06
L05357,E05357,cert-enterprise-ai-safety,Certification Ready,True,False,HR eligibility missing; Required lab missing,high,Block certification release until missing evidence is resolved,2026-06-06
L05359,E05359,cert-enterprise-ai-safety,Certification Ready,True,False,Required lab missing,medium,Block certification release until missing evidence is resolved,2026-06-06
L05361,E05361,cert-enterprise-ai-safety,Certification Ready,True,False,Required module missing,medium,Block certification release until missing evidence is resolved,2026-06-06
L05366,E05366,cert-enterprise-ai-safety,Certification Ready,True,False,HR eligibility missing; Required lab missing; Manager approval missing,high,Block certification release until missing evidence is resolved,2026-06-06
L05369,E05369,cert-enterprise-ai-safety,Certification Ready,True,False,Required lab missing,medium,Block certification release until missing evidence is resolved,2026-06-06
L05370,E05370,cert-enterprise-ai-safety,Certification Ready,True,False,Required lab missing,medium,Block certification release until missing evidence is resolved,2026-06-06
L05371,E05371,cert-enterprise-ai-safety,Certification Ready,True,False,HR eligibility missing; Required module missing; Required lab missing,high,Block certification release until missing evidence is resolved,2026-06-06
L05372,E05372,cert-enterprise-ai-safety,Certification Ready,True,False,Required lab missing; Assessment below 80; Manager approval missing,high,Block certification release until missing evidence is resolved,2026-06-06
L05377,E05377,cert-enterprise-ai-safety,Certification Ready,True,False,Required module missing; Required lab missing,high,Block certification release until missing evidence is resolved,2026-06-06
L05379,E05379,cert-enterprise-ai-safety,Certification Ready,True,False,Assessment below 80,medium,Block certification release until missing evidence is resolved,2026-06-06
L05380,E05380,cert-enterprise-ai-safety,Certification Ready,True,False,Required module missing; Manager approval missing,high,Block certification release until missing evidence is resolved,2026-06-06
L05381,E05381,cert-enterprise-ai-safety,Certification Ready,True,False,HR eligibility missing; Required module missing; Manager approval missing,high,Block certification release until missing evidence is resolved,2026-06-06
L05383,E05383,cert-enterprise-ai-safety,Certification Ready,True,False,HR eligibility missing; Required module missing; Manager approval missing,high,Block certification release until missing evidence is resolved,2026-06-06
L05384,E05384,cert-enterprise-ai-safety,Certification Ready,True,False,Required lab missing; Assessment below 80,high,Block certification release until missing evidence is resolved,2026-06-06
L05387,E05387,cert-enterprise-ai-safety,Certification Ready,True,False,Required module missing; Required lab missing; Manager approval missing,high,Block certification release until missing evidence is resolved,2026-06-06
L05390,E05390,cert-enterprise-ai-safety,Certification Ready,True,False,Required lab missing; Assessment below 80,high,Block certification release until missing evidence is resolved,2026-06-06
L05391,E05391,cert-enterprise-ai-safety,Certification Ready,True,False,Required lab missing,medium,Block certification release until missing evidence is resolved,2026-06-06
L05393,E05393,cert-enterprise-ai-safety,Certification Ready,True,False,HR eligibility missing; Required module missing; Required lab missing,high,Block certification release until missing evidence is resolved,2026-06-06
L05394,E05394,cert-enterprise-ai-safety,Certification Ready,True,False,Required lab missing,medium,Block certification release until missing evidence is resolved,2026-06-06
L05396,E05396,cert-enterprise-ai-safety,Certification Ready,True,False,HR eligibility missing; Required lab missing; Assessment below 80; Manager approval missing,high,Block certification release until missing evidence is resolved,2026-06-06
L05399,E05399,cert-enterprise-ai-safety,Certification Ready,True,False,Required module missing,medium,Block certification release until missing evidence is resolved,2026-06-06
L05400,E05400,cert-enterprise-ai-safety,Certification Ready,True,False,Required lab missing; Manager approval missing,high,Block certification release until missing evidence is resolved,2026-06-06
L05401,E05401,cert-enterprise-ai-safety,Certification Ready,True,False,Required module missing; Required lab missing; Manager approval missing,high,Block certification release until missing evidence is resolved,2026-06-06
L05406,E05406,cert-enterprise-ai-safety,Certification Ready,True,False,Assessment below 80,medium,Block certification release until missing evidence is resolved,2026-06-06
L05407,E05407,cert-enterprise-ai-safety,Certification Ready,True,False,HR eligibility missing; Required module missing; Manager approval missing,high,Block certification release until missing evidence is resolved,2026-06-06
L05409,E05409,cert-enterprise-ai-safety,Certification Ready,True,False,Required module missing,medium,Block certification release until missing evidence is resolved,2026-06-06
L05411,E05411,cert-enterprise-ai-safety,Certification Ready,True,False,HR eligibility missing; Required module missing; Required lab missing,high,Block certification release until missing evidence is resolved,2026-06-06
L05417,E05417,cert-enterprise-ai-safety,Certification Ready,True,False,HR eligibility missing; Required lab missing,high,Block certification release until missing evidence is resolved,2026-06-06
L05422,E05422,cert-enterprise-ai-safety,Certification Ready,True,False,Required module missing; Required lab missing; Manager approval missing,high,Block certification release until missing evidence is resolved,2026-06-06
L05423,E05423,cert-enterprise-ai-safety,Certification Ready,True,False,HR eligibility missing; Manager approval missing,high,Block certification release until missing evidence is resolved,2026-06-06
L05426,E05426,cert-enterprise-ai-safety,Certification Ready,True,False,Required module missing; Required lab missing,high,Block certification release until missing evidence is resolved,2026-06-06
L05427,E05427,cert-enterprise-ai-safety,Certification Ready,True,False,Required lab missing; Manager approval missing,high,Block certification release until missing evidence is resolved,2026-06-06
L05429,E05429,cert-enterprise-ai-safety,Certification Ready,True,False,Required module missing,medium,Block certification release until missing evidence is resolved,2026-06-06
L05431,E05431,cert-enterprise-ai-safety,Certification Ready,True,False,Required module missing; Required lab missing,high,Block certification release until missing evidence is resolved,2026-06-06
L05432,E05432,cert-enterprise-ai-safety,Certification Ready,True,False,Required module missing,medium,Block certification release until missing evidence is resolved,2026-06-06
L05434,E05434,cert-enterprise-ai-safety,Certification Ready,True,False,Required module missing; Required lab missing; Manager approval missing,high,Block certification release until missing evidence is resolved,2026-06-06
L05435,E05435,cert-enterprise-ai-safety,Certification Ready,True,False,Required lab missing; Assessment below 80,high,Block certification release until missing evidence is resolved,2026-06-06
L05439,E05439,cert-enterprise-ai-safety,Certification Ready,True,False,Required module missing; Manager approval missing,high,Block certification release until missing evidence is resolved,2026-06-06
L05441,E05441,cert-enterprise-ai-safety,Certification Ready,True,False,Required module missing; Required lab missing,high,Block certification release until missing evidence is resolved,2026-06-06
L05442,E05442,cert-enterprise-ai-safety,Certification Ready,True,False,HR eligibility missing; Manager approval missing,high,Block certification release until missing evidence is resolved,2026-06-06
L05443,E05443,cert-enterprise-ai-safety,Certification Ready,True,False,Required lab missing,medium,Block certification release until missing evidence is resolved,2026-06-06
L05446,E05446,cert-enterprise-ai-safety,Certification Ready,True,False,Required lab missing,medium,Block certification release until missing evidence is resolved,2026-06-06
L05448,E05448,cert-enterprise-ai-safety,Certification Ready,True,False,Required lab missing,medium,Block certification release until missing evidence is resolved,2026-06-06
L05451,E05451,cert-enterprise-ai-safety,Certification Ready,True,False,Required module missing; Required lab missing,high,Block certification release until missing evidence is resolved,2026-06-06
L05454,E05454,cert-enterprise-ai-safety,Certification Ready,True,False,Required lab missing,medium,Block certification release until missing evidence is resolved,2026-06-06
L05458,E05458,cert-enterprise-ai-safety,Certification Ready,True,False,Required module missing; Assessment below 80,high,Block certification release until missing evidence is resolved,2026-06-06
L05463,E05463,cert-enterprise-ai-safety,Certification Ready,True,False,Required lab missing; Assessment below 80,high,Block certification release until missing evidence is resolved,2026-06-06
L05464,E05464,cert-enterprise-ai-safety,Certification Ready,True,False,Required module missing; Assessment below 80,high,Block certification release until missing evidence is resolved,2026-06-06
L05466,E05466,cert-enterprise-ai-safety,Certification Ready,True,False,Required module missing; Required lab missing; Manager approval missing,high,Block certification release until missing evidence is resolved,2026-06-06
L05468,E05468,cert-enterprise-ai-safety,Certification Ready,True,False,Manager approval missing,medium,Block certification release until missing evidence is resolved,2026-06-06
L05470,E05470,cert-enterprise-ai-safety,Certification Ready,True,False,Required module missing; Required lab missing; Manager approval missing,high,Block certification release until missing evidence is resolved,2026-06-06
L05471,E05471,cert-enterprise-ai-safety,Certification Ready,True,False,HR eligibility missing; Required module missing; Required lab missing,high,Block certification release until missing evidence is resolved,2026-06-06
L05472,E05472,cert-enterprise-ai-safety,Certification Ready,True,False,Manager approval missing,medium,Block certification release until missing evidence is resolved,2026-06-06
L05484,E05484,cert-enterprise-ai-safety,Certification Ready,True,False,Required module missing; Required lab missing; Manager approval missing,high,Block certification release until missing evidence is resolved,2026-06-06
L05485,E05485,cert-enterprise-ai-safety,Certification Ready,True,False,Required lab missing; Manager approval missing,high,Block certification release until missing evidence is resolved,2026-06-06
L05487,E05487,cert-enterprise-ai-safety,Certification Ready,True,False,Required module missing; Required lab missing,high,Block certification release until missing evidence is resolved,2026-06-06
L05489,E05489,cert-enterprise-ai-safety,Certification Ready,True,False,Required lab missing,medium,Block certification release until missing evidence is resolved,2026-06-06
L05491,E05491,cert-enterprise-ai-safety,Certification Ready,True,False,Required module missing; Assessment below 80,high,Block certification release until missing evidence is resolved,2026-06-06
L05496,E05496,cert-enterprise-ai-safety,Certification Ready,True,False,Required lab missing; Manager approval missing,high,Block certification release until missing evidence is resolved,2026-06-06
L05497,E05497,cert-enterprise-ai-safety,Certification Ready,True,False,Required module missing; Required lab missing; Manager approval missing,high,Block certification release until missing evidence is resolved,2026-06-06
L05502,E05502,cert-enterprise-ai-safety,Certification Ready,True,False,Required lab missing,medium,Block certification release until missing evidence is resolved,2026-06-06
L05504,E05504,cert-enterprise-ai-safety,Certification Ready,True,False,Required lab missing,medium,Block certification release until missing evidence is resolved,2026-06-06
L05505,E05505,cert-enterprise-ai-safety,Certification Ready,True,False,Required lab missing; Manager approval missing,high,Block certification release until missing evidence is resolved,2026-06-06
L05513,E05513,cert-enterprise-ai-safety,Certification Ready,True,False,Required module missing; Assessment below 80,high,Block certification release until missing evidence is resolved,2026-06-06
L05514,E05514,cert-enterprise-ai-safety,Certification Ready,True,False,HR eligibility missing; Manager approval missing,high,Block certification release until missing evidence is resolved,2026-06-06
L05516,E05516,cert-enterprise-ai-safety,Certification Ready,True,False,Required module missing; Required lab missing; Manager approval missing,high,Block certification release until missing evidence is resolved,2026-06-06
L05517,E05517,cert-enterprise-ai-safety,Certification Ready,True,False,Required lab missing; Manager approval missing,high,Block certification release until missing evidence is resolved,2026-06-06
L05520,E05520,cert-enterprise-ai-safety,Certification Ready,True,False,Required lab missing; Manager approval missing,high,Block certification release until missing evidence is resolved,2026-06-06
L05523,E05523,cert-enterprise-ai-safety,Certification Ready,True,False,Required module missing; Required lab missing,high,Block certification release until missing evidence is resolved,2026-06-06
L05524,E05524,cert-enterprise-ai-safety,Certification Ready,True,False,HR eligibility missing; Required lab missing,high,Block certification release until missing evidence is resolved,2026-06-06
L05526,E05526,cert-enterprise-ai-safety,Certification Ready,True,False,Manager approval missing,medium,Block certification release until missing evidence is resolved,2026-06-06
L05527,E05527,cert-enterprise-ai-safety,Certification Ready,True,False,Required lab missing,medium,Block certification release until missing evidence is resolved,2026-06-06
L05528,E05528,cert-enterprise-ai-safety,Certification Ready,True,False,Required lab missing; Assessment below 80,high,Block certification release until missing evidence is resolved,2026-06-06
L05533,E05533,cert-enterprise-ai-safety,Certification Ready,True,False,Required module missing; Required lab missing,high,Block certification release until missing evidence is resolved,2026-06-06
L05534,E05534,cert-enterprise-ai-safety,Certification Ready,True,False,Manager approval missing,medium,Block certification release until missing evidence is resolved,2026-06-06
L05535,E05535,cert-enterprise-ai-safety,Certification Ready,True,False,Required module missing; Required lab missing,high,Block certification release until missing evidence is resolved,2026-06-06
L05536,E05536,cert-enterprise-ai-safety,Certification Ready,True,False,Required module missing,medium,Block certification release until missing evidence is resolved,2026-06-06
L05539,E05539,cert-enterprise-ai-safety,Certification Ready,True,False,Required lab missing,medium,Block certification release until missing evidence is resolved,2026-06-06
L05540,E05540,cert-enterprise-ai-safety,Certification Ready,True,False,HR eligibility missing,medium,Block certification release until missing evidence is resolved,2026-06-06
L05542,E05542,cert-enterprise-ai-safety,Certification Ready,True,False,HR eligibility missing; Required lab missing,high,Block certification release until missing evidence is resolved,2026-06-06
L05545,E05545,cert-enterprise-ai-safety,Certification Ready,True,False,Required lab missing; Manager approval missing,high,Block certification release until missing evidence is resolved,2026-06-06
L05547,E05547,cert-enterprise-ai-safety,Certification Ready,True,False,Required module missing; Required lab missing,high,Block certification release until missing evidence is resolved,2026-06-06
L05548,E05548,cert-enterprise-ai-safety,Certification Ready,True,False,HR eligibility missing; Required lab missing,high,Block certification release until missing evidence is resolved,2026-06-06
L05553,E05553,cert-enterprise-ai-safety,Certification Ready,True,False,Required module missing; Required lab missing,high,Block certification release until missing evidence is resolved,2026-06-06
L05554,E05554,cert-enterprise-ai-safety,Certification Ready,True,False,Required module missing,medium,Block certification release until missing evidence is resolved,2026-06-06
L05557,E05557,cert-enterprise-ai-safety,Certification Ready,True,False,Required module missing,medium,Block certification release until missing evidence is resolved,2026-06-06
L05559,E05559,cert-enterprise-ai-safety,Certification Ready,True,False,Required module missing; Manager approval missing,high,Block certification release until missing evidence is resolved,2026-06-06
L05561,E05561,cert-enterprise-ai-safety,Certification Ready,True,False,Assessment below 80,medium,Block certification release until missing evidence is resolved,2026-06-06
L05562,E05562,cert-enterprise-ai-safety,Certification Ready,True,False,Required module missing; Required lab missing,high,Block certification release until missing evidence is resolved,2026-06-06
L05566,E05566,cert-enterprise-ai-safety,Certification Ready,True,False,Required module missing; Required lab missing,high,Block certification release until missing evidence is resolved,2026-06-06
L05567,E05567,cert-enterprise-ai-safety,Certification Ready,True,False,Required lab missing,medium,Block certification release until missing evidence is resolved,2026-06-06
L05569,E05569,cert-enterprise-ai-safety,Certification Ready,True,False,Required module missing; Required lab missing; Assessment below 80; Manager approval missing,high,Block certification release until missing evidence is resolved,2026-06-06
L05570,E05570,cert-enterprise-ai-safety,Certification Ready,True,False,Required module missing; Manager approval missing,high,Block certification release until missing evidence is resolved,2026-06-06
L05572,E05572,cert-enterprise-ai-safety,Certification Ready,True,False,Assessment below 80,medium,Block certification release until missing evidence is resolved,2026-06-06
L05577,E05577,cert-enterprise-ai-safety,Certification Ready,True,False,Required module missing,medium,Block certification release until missing evidence is resolved,2026-06-06
L05578,E05578,cert-enterprise-ai-safety,Certification Ready,True,False,HR eligibility missing; Required lab missing; Assessment below 80; Manager approval missing,high,Block certification release until missing evidence is resolved,2026-06-06
L05586,E05586,cert-enterprise-ai-safety,Certification Ready,True,False,Required lab missing; Manager approval missing,high,Block certification release until missing evidence is resolved,2026-06-06
L05588,E05588,cert-enterprise-ai-safety,Certification Ready,True,False,Required module missing; Required lab missing,high,Block certification release until missing evidence is resolved,2026-06-06
L05589,E05589,cert-enterprise-ai-safety,Certification Ready,True,False,Required lab missing,medium,Block certification release until missing evidence is resolved,2026-06-06
L05596,E05596,cert-enterprise-ai-safety,Certification Ready,True,False,Required module missing; Required lab missing,high,Block certification release until missing evidence is resolved,2026-06-06
L05597,E05597,cert-enterprise-ai-safety,Certification Ready,True,False,Required lab missing,medium,Block certification release until missing evidence is resolved,2026-06-06
L05602,E05602,cert-enterprise-ai-safety,Certification Ready,True,False,HR eligibility missing; Required module missing; Assessment below 80,high,Block certification release until missing evidence is resolved,2026-06-06
L05604,E05604,cert-enterprise-ai-safety,Certification Ready,True,False,HR eligibility missing; Required module missing; Manager approval missing,high,Block certification release until missing evidence is resolved,2026-06-06
L05606,E05606,cert-enterprise-ai-safety,Certification Ready,True,False,Required lab missing; Assessment below 80; Manager approval missing,high,Block certification release until missing evidence is resolved,2026-06-06
L05607,E05607,cert-enterprise-ai-safety,Certification Ready,True,False,Required module missing; Required lab missing; Assessment below 80; Manager approval missing,high,Block certification release until missing evidence is resolved,2026-06-06
L05609,E05609,cert-enterprise-ai-safety,Certification Ready,True,False,Required module missing; Required lab missing,high,Block certification release until missing evidence is resolved,2026-06-06
L05610,E05610,cert-enterprise-ai-safety,Certification Ready,True,False,Manager approval missing,medium,Block certification release until missing evidence is resolved,2026-06-06
L05612,E05612,cert-enterprise-ai-safety,Certification Ready,True,False,Required lab missing; Manager approval missing,high,Block certification release until missing evidence is resolved,2026-06-06
L05613,E05613,cert-enterprise-ai-safety,Certification Ready,True,False,Required lab missing; Assessment below 80,high,Block certification release until missing evidence is resolved,2026-06-06
L05615,E05615,cert-enterprise-ai-safety,Certification Ready,True,False,Required module missing; Required lab missing,high,Block certification release until missing evidence is resolved,2026-06-06
L05620,E05620,cert-enterprise-ai-safety,Certification Ready,True,False,Required module missing; Required lab missing,high,Block certification release until missing evidence is resolved,2026-06-06
L05622,E05622,cert-enterprise-ai-safety,Certification Ready,True,False,Required lab missing,medium,Block certification release until missing evidence is resolved,2026-06-06
L05624,E05624,cert-enterprise-ai-safety,Certification Ready,True,False,HR eligibility missing; Required module missing,high,Block certification release until missing evidence is resolved,2026-06-06
L05625,E05625,cert-enterprise-ai-safety,Certification Ready,True,False,HR eligibility missing; Required module missing,high,Block certification release until missing evidence is resolved,2026-06-06
L05626,E05626,cert-enterprise-ai-safety,Certification Ready,True,False,Required lab missing; Assessment below 80; Manager approval missing,high,Block certification release until missing evidence is resolved,2026-06-06
L05629,E05629,cert-enterprise-ai-safety,Certification Ready,True,False,Required module missing; Required lab missing,high,Block certification release until missing evidence is resolved,2026-06-06
L05630,E05630,cert-enterprise-ai-safety,Certification Ready,True,False,Required module missing; Assessment below 80,high,Block certification release until missing evidence is resolved,2026-06-06
L05631,E05631,cert-enterprise-ai-safety,Certification Ready,True,False,HR eligibility missing; Required module missing; Required lab missing; Assessment below 80,high,Block certification release until missing evidence is resolved,2026-06-06
L05633,E05633,cert-enterprise-ai-safety,Certification Ready,True,False,Required module missing; Required lab missing,high,Block certification release until missing evidence is resolved,2026-06-06
L05636,E05636,cert-enterprise-ai-safety,Certification Ready,True,False,Required lab missing; Manager approval missing,high,Block certification release until missing evidence is resolved,2026-06-06
L05637,E05637,cert-enterprise-ai-safety,Certification Ready,True,False,Required module missing; Required lab missing,high,Block certification release until missing evidence is resolved,2026-06-06
L05639,E05639,cert-enterprise-ai-safety,Certification Ready,True,False,Required lab missing,medium,Block certification release until missing evidence is resolved,2026-06-06
L05640,E05640,cert-enterprise-ai-safety,Certification Ready,True,False,Manager approval missing,medium,Block certification release until missing evidence is resolved,2026-06-06
L05641,E05641,cert-enterprise-ai-safety,Certification Ready,True,False,Assessment below 80,medium,Block certification release until missing evidence is resolved,2026-06-06
L05642,E05642,cert-enterprise-ai-safety,Certification Ready,True,False,Required module missing,medium,Block certification release until missing evidence is resolved,2026-06-06
L05644,E05644,cert-enterprise-ai-safety,Certification Ready,True,False,HR eligibility missing; Required lab missing,high,Block certification release until missing evidence is resolved,2026-06-06
L05645,E05645,cert-enterprise-ai-safety,Certification Ready,True,False,Required module missing; Required lab missing; Assessment below 80; Manager approval missing,high,Block certification release until missing evidence is resolved,2026-06-06
L05646,E05646,cert-enterprise-ai-safety,Certification Ready,True,False,HR eligibility missing; Required module missing,high,Block certification release until missing evidence is resolved,2026-06-06
L05651,E05651,cert-enterprise-ai-safety,Certification Ready,True,False,Required module missing; Required lab missing; Manager approval missing,high,Block certification release until missing evidence is resolved,2026-06-06
L05652,E05652,cert-enterprise-ai-safety,Certification Ready,True,False,Required module missing; Required lab missing,high,Block certification release until missing evidence is resolved,2026-06-06
L05659,E05659,cert-enterprise-ai-safety,Certification Ready,True,False,Required lab missing,medium,Block certification release until missing evidence is resolved,2026-06-06
L05660,E05660,cert-enterprise-ai-safety,Certification Ready,True,False,Required module missing,medium,Block certification release until missing evidence is resolved,2026-06-06
L05663,E05663,cert-enterprise-ai-safety,Certification Ready,True,False,Manager approval missing,medium,Block certification release until missing evidence is resolved,2026-06-06
L05666,E05666,cert-enterprise-ai-safety,Certification Ready,True,False,Required module missing; Required lab missing,high,Block certification release until missing evidence is resolved,2026-06-06
L05667,E05667,cert-enterprise-ai-safety,Certification Ready,True,False,Required module missing; Required lab missing,high,Block certification release until missing evidence is resolved,2026-06-06
L05668,E05668,cert-enterprise-ai-safety,Certification Ready,True,False,Required lab missing; Assessment below 80; Manager approval missing,high,Block certification release until missing evidence is resolved,2026-06-06
L05675,E05675,cert-enterprise-ai-safety,Certification Ready,True,False,Required lab missing; Assessment below 80,high,Block certification release until missing evidence is resolved,2026-06-06
L05678,E05678,cert-enterprise-ai-safety,Certification Ready,True,False,Required module missing; Required lab missing,high,Block certification release until missing evidence is resolved,2026-06-06
L05679,E05679,cert-enterprise-ai-safety,Certification Ready,True,False,HR eligibility missing; Required module missing; Assessment below 80,high,Block certification release until missing evidence is resolved,2026-06-06
L05681,E05681,cert-enterprise-ai-safety,Certification Ready,True,False,Required module missing; Manager approval missing,high,Block certification release until missing evidence is resolved,2026-06-06
L05682,E05682,cert-enterprise-ai-safety,Certification Ready,True,False,HR eligibility missing; Required lab missing; Assessment below 80; Manager approval missing,high,Block certification release until missing evidence is resolved,2026-06-06
L05684,E05684,cert-enterprise-ai-safety,Certification Ready,True,False,Required module missing; Manager approval missing,high,Block certification release until missing evidence is resolved,2026-06-06
L05689,E05689,cert-enterprise-ai-safety,Certification Ready,True,False,Required module missing; Required lab missing; Assessment below 80,high,Block certification release until missing evidence is resolved,2026-06-06
L05690,E05690,cert-enterprise-ai-safety,Certification Ready,True,False,HR eligibility missing; Required module missing,high,Block certification release until missing evidence is resolved,2026-06-06
L05692,E05692,cert-enterprise-ai-safety,Certification Ready,True,False,Assessment below 80,medium,Block certification release until missing evidence is resolved,2026-06-06
L05695,E05695,cert-enterprise-ai-safety,Certification Ready,True,False,Required module missing; Required lab missing,high,Block certification release until missing evidence is resolved,2026-06-06
L05696,E05696,cert-enterprise-ai-safety,Certification Ready,True,False,Required lab missing,medium,Block certification release until missing evidence is resolved,2026-06-06
L05698,E05698,cert-enterprise-ai-safety,Certification Ready,True,False,Required module missing; Required lab missing,high,Block certification release until missing evidence is resolved,2026-06-06
L05699,E05699,cert-enterprise-ai-safety,Certification Ready,True,False,Required lab missing,medium,Block certification release until missing evidence is resolved,2026-06-06
L05702,E05702,cert-enterprise-ai-safety,Certification Ready,True,False,HR eligibility missing,medium,Block certification release until missing evidence is resolved,2026-06-06
L05703,E05703,cert-enterprise-ai-safety,Certification Ready,True,False,Required module missing; Required lab missing; Manager approval missing,high,Block certification release until missing evidence is resolved,2026-06-06
L05709,E05709,cert-enterprise-ai-safety,Certification Ready,True,False,Required module missing; Required lab missing; Assessment below 80; Manager approval missing,high,Block certification release until missing evidence is resolved,2026-06-06
L05713,E05713,cert-enterprise-ai-safety,Certification Ready,True,False,Required module missing; Assessment below 80; Manager approval missing,high,Block certification release until missing evidence is resolved,2026-06-06
L05726,E05726,cert-enterprise-ai-safety,Certification Ready,True,False,Required module missing,medium,Block certification release until missing evidence is resolved,2026-06-06
L05733,E05733,cert-enterprise-ai-safety,Certification Ready,True,False,HR eligibility missing,medium,Block certification release until missing evidence is resolved,2026-06-06
L05737,E05737,cert-enterprise-ai-safety,Certification Ready,True,False,Required module missing; Required lab missing,high,Block certification release until missing evidence is resolved,2026-06-06
L05740,E05740,cert-enterprise-ai-safety,Certification Ready,True,False,Required lab missing; Manager approval missing,high,Block certification release until missing evidence is resolved,2026-06-06
L05744,E05744,cert-enterprise-ai-safety,Certification Ready,True,False,Required lab missing; Manager approval missing,high,Block certification release until missing evidence is resolved,2026-06-06
L05746,E05746,cert-enterprise-ai-safety,Certification Ready,True,False,Required module missing,medium,Block certification release until missing evidence is resolved,2026-06-06
L05747,E05747,cert-enterprise-ai-safety,Certification Ready,True,False,HR eligibility missing; Required module missing,high,Block certification release until missing evidence is resolved,2026-06-06
L05751,E05751,cert-enterprise-ai-safety,Certification Ready,True,False,Assessment below 80; Manager approval missing,high,Block certification release until missing evidence is resolved,2026-06-06
L05758,E05758,cert-enterprise-ai-safety,Certification Ready,True,False,Required module missing; Required lab missing,high,Block certification release until missing evidence is resolved,2026-06-06
L05759,E05759,cert-enterprise-ai-safety,Certification Ready,True,False,Required module missing; Required lab missing,high,Block certification release until missing evidence is resolved,2026-06-06
L05767,E05767,cert-enterprise-ai-safety,Certification Ready,True,False,Required module missing; Required lab missing,high,Block certification release until missing evidence is resolved,2026-06-06
L05771,E05771,cert-enterprise-ai-safety,Certification Ready,True,False,Required module missing; Required lab missing,high,Block certification release until missing evidence is resolved,2026-06-06
L05772,E05772,cert-enterprise-ai-safety,Certification Ready,True,False,Required lab missing,medium,Block certification release until missing evidence is resolved,2026-06-06
L05774,E05774,cert-enterprise-ai-safety,Certification Ready,True,False,Required module missing; Required lab missing; Manager approval missing,high,Block certification release until missing evidence is resolved,2026-06-06
L05780,E05780,cert-enterprise-ai-safety,Certification Ready,True,False,Required lab missing,medium,Block certification release until missing evidence is resolved,2026-06-06
L05781,E05781,cert-enterprise-ai-safety,Certification Ready,True,False,Required module missing; Required lab missing,high,Block certification release until missing evidence is resolved,2026-06-06
L05782,E05782,cert-enterprise-ai-safety,Certification Ready,True,False,HR eligibility missing; Required module missing; Required lab missing; Assessment below 80,high,Block certification release until missing evidence is resolved,2026-06-06
L05783,E05783,cert-enterprise-ai-safety,Certification Ready,True,False,Required lab missing; Assessment below 80,high,Block certification release until missing evidence is resolved,2026-06-06
L05785,E05785,cert-enterprise-ai-safety,Certification Ready,True,False,Required module missing; Manager approval missing,high,Block certification release until missing evidence is resolved,2026-06-06
L05787,E05787,cert-enterprise-ai-safety,Certification Ready,True,False,Required module missing; Required lab missing,high,Block certification release until missing evidence is resolved,2026-06-06
L05789,E05789,cert-enterprise-ai-safety,Certification Ready,True,False,Required module missing,medium,Block certification release until missing evidence is resolved,2026-06-06
L05790,E05790,cert-enterprise-ai-safety,Certification Ready,True,False,Required lab missing,medium,Block certification release until missing evidence is resolved,2026-06-06
L05792,E05792,cert-enterprise-ai-safety,Certification Ready,True,False,Required module missing; Required lab missing; Manager approval missing,high,Block certification release until missing evidence is resolved,2026-06-06
L05794,E05794,cert-enterprise-ai-safety,Certification Ready,True,False,Required module missing; Assessment below 80,high,Block certification release until missing evidence is resolved,2026-06-06
L05796,E05796,cert-enterprise-ai-safety,Certification Ready,True,False,Required module missing; Required lab missing; Assessment below 80; Manager approval missing,high,Block certification release until missing evidence is resolved,2026-06-06
L05799,E05799,cert-enterprise-ai-safety,Certification Ready,True,False,Required module missing; Required lab missing; Manager approval missing,high,Block certification release until missing evidence is resolved,2026-06-06
L05806,E05806,cert-enterprise-ai-safety,Certification Ready,True,False,Required module missing; Assessment below 80,high,Block certification release until missing evidence is resolved,2026-06-06
L05807,E05807,cert-enterprise-ai-safety,Certification Ready,True,False,Required module missing; Required lab missing,high,Block certification release until missing evidence is resolved,2026-06-06
L05809,E05809,cert-enterprise-ai-safety,Certification Ready,True,False,Required module missing,medium,Block certification release until missing evidence is resolved,2026-06-06
L05811,E05811,cert-enterprise-ai-safety,Certification Ready,True,False,Required module missing; Manager approval missing,high,Block certification release until missing evidence is resolved,2026-06-06
L05818,E05818,cert-enterprise-ai-safety,Certification Ready,True,False,Manager approval missing,medium,Block certification release until missing evidence is resolved,2026-06-06
L05820,E05820,cert-enterprise-ai-safety,Certification Ready,True,False,HR eligibility missing; Required module missing; Required lab missing,high,Block certification release until missing evidence is resolved,2026-06-06
L05821,E05821,cert-enterprise-ai-safety,Certification Ready,True,False,Required module missing; Required lab missing,high,Block certification release until missing evidence is resolved,2026-06-06
L05824,E05824,cert-enterprise-ai-safety,Certification Ready,True,False,Required module missing; Required lab missing; Manager approval missing,high,Block certification release until missing evidence is resolved,2026-06-06
L05825,E05825,cert-enterprise-ai-safety,Certification Ready,True,False,Required lab missing; Assessment below 80,high,Block certification release until missing evidence is resolved,2026-06-06
L05827,E05827,cert-enterprise-ai-safety,Certification Ready,True,False,HR eligibility missing; Required lab missing,high,Block certification release until missing evidence is resolved,2026-06-06
L05828,E05828,cert-enterprise-ai-safety,Certification Ready,True,False,Required module missing,medium,Block certification release until missing evidence is resolved,2026-06-06
L05831,E05831,cert-enterprise-ai-safety,Certification Ready,True,False,Required lab missing,medium,Block certification release until missing evidence is resolved,2026-06-06
L05836,E05836,cert-enterprise-ai-safety,Certification Ready,True,False,Required module missing; Required lab missing; Assessment below 80,high,Block certification release until missing evidence is resolved,2026-06-06
L05839,E05839,cert-enterprise-ai-safety,Certification Ready,True,False,Required lab missing,medium,Block certification release until missing evidence is resolved,2026-06-06
L05840,E05840,cert-enterprise-ai-safety,Certification Ready,True,False,Required module missing; Assessment below 80; Manager approval missing,high,Block certification release until missing evidence is resolved,2026-06-06
L05841,E05841,cert-enterprise-ai-safety,Certification Ready,True,False,HR eligibility missing; Required module missing; Assessment below 80,high,Block certification release until missing evidence is resolved,2026-06-06
L05843,E05843,cert-enterprise-ai-safety,Certification Ready,True,False,Required lab missing,medium,Block certification release until missing evidence is resolved,2026-06-06
L05846,E05846,cert-enterprise-ai-safety,Certification Ready,True,False,Required module missing; Required lab missing,high,Block certification release until missing evidence is resolved,2026-06-06
L05847,E05847,cert-enterprise-ai-safety,Certification Ready,True,False,Required lab missing,medium,Block certification release until missing evidence is resolved,2026-06-06
L05848,E05848,cert-enterprise-ai-safety,Certification Ready,True,False,Required lab missing; Assessment below 80,high,Block certification release until missing evidence is resolved,2026-06-06
L05849,E05849,cert-enterprise-ai-safety,Certification Ready,True,False,Assessment below 80,medium,Block certification release until missing evidence is resolved,2026-06-06
L05854,E05854,cert-enterprise-ai-safety,Certification Ready,True,False,Required module missing,medium,Block certification release until missing evidence is resolved,2026-06-06
L05856,E05856,cert-enterprise-ai-safety,Certification Ready,True,False,HR eligibility missing; Required module missing,high,Block certification release until missing evidence is resolved,2026-06-06
L05859,E05859,cert-enterprise-ai-safety,Certification Ready,True,False,Required lab missing,medium,Block certification release until missing evidence is resolved,2026-06-06
L05863,E05863,cert-enterprise-ai-safety,Certification Ready,True,False,HR eligibility missing; Required lab missing,high,Block certification release until missing evidence is resolved,2026-06-06
L05866,E05866,cert-enterprise-ai-safety,Certification Ready,True,False,HR eligibility missing; Required module missing; Required lab missing,high,Block certification release until missing evidence is resolved,2026-06-06
L05867,E05867,cert-enterprise-ai-safety,Certification Ready,True,False,Required lab missing; Assessment below 80,high,Block certification release until missing evidence is resolved,2026-06-06
L05870,E05870,cert-enterprise-ai-safety,Certification Ready,True,False,Required module missing; Manager approval missing,high,Block certification release until missing evidence is resolved,2026-06-06
L05872,E05872,cert-enterprise-ai-safety,Certification Ready,True,False,Manager approval missing,medium,Block certification release until missing evidence is resolved,2026-06-06
L05873,E05873,cert-enterprise-ai-safety,Certification Ready,True,False,Required lab missing; Assessment below 80,high,Block certification release until missing evidence is resolved,2026-06-06
L05875,E05875,cert-enterprise-ai-safety,Certification Ready,True,False,Required module missing,medium,Block certification release until missing evidence is resolved,2026-06-06
L05880,E05880,cert-enterprise-ai-safety,Certification Ready,True,False,Required module missing; Required lab missing; Manager approval missing,high,Block certification release until missing evidence is resolved,2026-06-06
L05883,E05883,cert-enterprise-ai-safety,Certification Ready,True,False,Manager approval missing,medium,Block certification release until missing evidence is resolved,2026-06-06
L05885,E05885,cert-enterprise-ai-safety,Certification Ready,True,False,Required module missing; Required lab missing,high,Block certification release until missing evidence is resolved,2026-06-06
L05888,E05888,cert-enterprise-ai-safety,Certification Ready,True,False,Required lab missing; Assessment below 80,high,Block certification release until missing evidence is resolved,2026-06-06
L05891,E05891,cert-enterprise-ai-safety,Certification Ready,True,False,Required module missing; Required lab missing,high,Block certification release until missing evidence is resolved,2026-06-06
L05892,E05892,cert-enterprise-ai-safety,Certification Ready,True,False,Required module missing,medium,Block certification release until missing evidence is resolved,2026-06-06
L05893,E05893,cert-enterprise-ai-safety,Certification Ready,True,False,Required lab missing,medium,Block certification release until missing evidence is resolved,2026-06-06
L05897,E05897,cert-enterprise-ai-safety,Certification Ready,True,False,Required module missing,medium,Block certification release until missing evidence is resolved,2026-06-06
L05898,E05898,cert-enterprise-ai-safety,Certification Ready,True,False,Required module missing; Required lab missing,high,Block certification release until missing evidence is resolved,2026-06-06
L05900,E05900,cert-enterprise-ai-safety,Certification Ready,True,False,Required lab missing,medium,Block certification release until missing evidence is resolved,2026-06-06
L05901,E05901,cert-enterprise-ai-safety,Certification Ready,True,False,Required module missing,medium,Block certification release until missing evidence is resolved,2026-06-06
L05902,E05902,cert-enterprise-ai-safety,Certification Ready,True,False,HR eligibility missing; Manager approval missing,high,Block certification release until missing evidence is resolved,2026-06-06
L05906,E05906,cert-enterprise-ai-safety,Certification Ready,True,False,Required module missing; Required lab missing; Assessment below 80,high,Block certification release until missing evidence is resolved,2026-06-06
L05907,E05907,cert-enterprise-ai-safety,Certification Ready,True,False,HR eligibility missing; Required lab missing; Manager approval missing,high,Block certification release until missing evidence is resolved,2026-06-06
L05909,E05909,cert-enterprise-ai-safety,Certification Ready,True,False,Required lab missing,medium,Block certification release until missing evidence is resolved,2026-06-06
L05910,E05910,cert-enterprise-ai-safety,Certification Ready,True,False,Required module missing; Assessment below 80,high,Block certification release until missing evidence is resolved,2026-06-06
L05911,E05911,cert-enterprise-ai-safety,Certification Ready,True,False,HR eligibility missing; Required module missing; Required lab missing; Manager approval missing,high,Block certification release until missing evidence is resolved,2026-06-06
L05915,E05915,cert-enterprise-ai-safety,Certification Ready,True,False,HR eligibility missing,medium,Block certification release until missing evidence is resolved,2026-06-06
L05916,E05916,cert-enterprise-ai-safety,Certification Ready,True,False,Required lab missing,medium,Block certification release until missing evidence is resolved,2026-06-06
L05919,E05919,cert-enterprise-ai-safety,Certification Ready,True,False,Required module missing; Required lab missing; Assessment below 80,high,Block certification release until missing evidence is resolved,2026-06-06
L05920,E05920,cert-enterprise-ai-safety,Certification Ready,True,False,Required module missing,medium,Block certification release until missing evidence is resolved,2026-06-06
L05922,E05922,cert-enterprise-ai-safety,Certification Ready,True,False,Required lab missing; Assessment below 80; Manager approval missing,high,Block certification release until missing evidence is resolved,2026-06-06
L05923,E05923,cert-enterprise-ai-safety,Certification Ready,True,False,Assessment below 80,medium,Block certification release until missing evidence is resolved,2026-06-06
L05924,E05924,cert-enterprise-ai-safety,Certification Ready,True,False,Required lab missing; Manager approval missing,high,Block certification release until missing evidence is resolved,2026-06-06
L05925,E05925,cert-enterprise-ai-safety,Certification Ready,True,False,HR eligibility missing,medium,Block certification release until missing evidence is resolved,2026-06-06
L05927,E05927,cert-enterprise-ai-safety,Certification Ready,True,False,Required module missing; Required lab missing,high,Block certification release until missing evidence is resolved,2026-06-06
L05930,E05930,cert-enterprise-ai-safety,Certification Ready,True,False,Required lab missing; Assessment below 80,high,Block certification release until missing evidence is resolved,2026-06-06
L05931,E05931,cert-enterprise-ai-safety,Certification Ready,True,False,Required module missing,medium,Block certification release until missing evidence is resolved,2026-06-06
L05932,E05932,cert-enterprise-ai-safety,Certification Ready,True,False,HR eligibility missing; Required module missing; Required lab missing,high,Block certification release until missing evidence is resolved,2026-06-06
L05937,E05937,cert-enterprise-ai-safety,Certification Ready,True,False,Required module missing; Required lab missing,high,Block certification release until missing evidence is resolved,2026-06-06
L05940,E05940,cert-enterprise-ai-safety,Certification Ready,True,False,HR eligibility missing; Manager approval missing,high,Block certification release until missing evidence is resolved,2026-06-06
L05943,E05943,cert-enterprise-ai-safety,Certification Ready,True,False,Required lab missing,medium,Block certification release until missing evidence is resolved,2026-06-06
L05945,E05945,cert-enterprise-ai-safety,Certification Ready,True,False,HR eligibility missing,medium,Block certification release until missing evidence is resolved,2026-06-06
L05948,E05948,cert-enterprise-ai-safety,Certification Ready,True,False,HR eligibility missing,medium,Block certification release until missing evidence is resolved,2026-06-06
L05952,E05952,cert-enterprise-ai-safety,Certification Ready,True,False,Required lab missing; Assessment below 80,high,Block certification release until missing evidence is resolved,2026-06-06
L05953,E05953,cert-enterprise-ai-safety,Certification Ready,True,False,Required lab missing,medium,Block certification release until missing evidence is resolved,2026-06-06
L05954,E05954,cert-enterprise-ai-safety,Certification Ready,True,False,Required lab missing,medium,Block certification release until missing evidence is resolved,2026-06-06
L05957,E05957,cert-enterprise-ai-safety,Certification Ready,True,False,HR eligibility missing; Required module missing; Assessment below 80,high,Block certification release until missing evidence is resolved,2026-06-06
L05958,E05958,cert-enterprise-ai-safety,Certification Ready,True,False,Required lab missing,medium,Block certification release until missing evidence is resolved,2026-06-06
L05959,E05959,cert-enterprise-ai-safety,Certification Ready,True,False,HR eligibility missing; Manager approval missing,high,Block certification release until missing evidence is resolved,2026-06-06
L05960,E05960,cert-enterprise-ai-safety,Certification Ready,True,False,Required module missing; Required lab missing; Manager approval missing,high,Block certification release until missing evidence is resolved,2026-06-06
L05967,E05967,cert-enterprise-ai-safety,Certification Ready,True,False,Required lab missing; Assessment below 80,high,Block certification release until missing evidence is resolved,2026-06-06
L05968,E05968,cert-enterprise-ai-safety,Certification Ready,True,False,Required module missing; Required lab missing,high,Block certification release until missing evidence is resolved,2026-06-06
L05969,E05969,cert-enterprise-ai-safety,Certification Ready,True,False,Required module missing; Assessment below 80,high,Block certification release until missing evidence is resolved,2026-06-06
L05970,E05970,cert-enterprise-ai-safety,Certification Ready,True,False,Required module missing; Required lab missing; Manager approval missing,high,Block certification release until missing evidence is resolved,2026-06-06
L05973,E05973,cert-enterprise-ai-safety,Certification Ready,True,False,HR eligibility missing; Required module missing; Required lab missing,high,Block certification release until missing evidence is resolved,2026-06-06
L05975,E05975,cert-enterprise-ai-safety,Certification Ready,True,False,Required module missing,medium,Block certification release until missing evidence is resolved,2026-06-06
L05977,E05977,cert-enterprise-ai-safety,Certification Ready,True,False,Required module missing,medium,Block certification release until missing evidence is resolved,2026-06-06
L05981,E05981,cert-enterprise-ai-safety,Certification Ready,True,False,Required module missing; Required lab missing; Manager approval missing,high,Block certification release until missing evidence is resolved,2026-06-06
L05983,E05983,cert-enterprise-ai-safety,Certification Ready,True,False,Required module missing,medium,Block certification release until missing evidence is resolved,2026-06-06
L05985,E05985,cert-enterprise-ai-safety,Certification Ready,True,False,Required module missing; Required lab missing,high,Block certification release until missing evidence is resolved,2026-06-06
L05988,E05988,cert-enterprise-ai-safety,Certification Ready,True,False,Required module missing; Assessment below 80,high,Block certification release until missing evidence is resolved,2026-06-06
L05989,E05989,cert-enterprise-ai-safety,Certification Ready,True,False,Required lab missing; Manager approval missing,high,Block certification release until missing evidence is resolved,2026-06-06
L05990,E05990,cert-enterprise-ai-safety,Certification Ready,True,False,Required module missing; Manager approval missing,high,Block certification release until missing evidence is resolved,2026-06-06
L05992,E05992,cert-enterprise-ai-safety,Certification Ready,True,False,Required module missing; Required lab missing,high,Block certification release until missing evidence is resolved,2026-06-06
L05994,E05994,cert-enterprise-ai-safety,Certification Ready,True,False,Required module missing; Required lab missing; Manager approval missing,high,Block certification release until missing evidence is resolved,2026-06-06
L05996,E05996,cert-enterprise-ai-safety,Certification Ready,True,False,Required lab missing,medium,Block certification release until missing evidence is resolved,2026-06-06
L05997,E05997,cert-enterprise-ai-safety,Certification Ready,True,False,Required lab missing,medium,Block certification release until missing evidence is resolved,2026-06-06
L05998,E05998,cert-enterprise-ai-safety,Certification Ready,True,False,Required lab missing,medium,Block certification release until missing evidence is resolved,2026-06-06
L06000,E06000,cert-enterprise-ai-safety,Certification Ready,True,False,Required module missing,medium,Block certification release until missing evidence is resolved,2026-06-06
L06001,E06001,cert-enterprise-ai-safety,Certification Ready,True,False,Required module missing,medium,Block certification release until missing evidence is resolved,2026-06-06
L06002,E06002,cert-enterprise-ai-safety,Certification Ready,True,False,Required lab missing; Manager approval missing,high,Block certification release until missing evidence is resolved,2026-06-06
L06003,E06003,cert-enterprise-ai-safety,Certification Ready,True,False,Required lab missing; Manager approval missing,high,Block certification release until missing evidence is resolved,2026-06-06
L06004,E06004,cert-enterprise-ai-safety,Certification Ready,True,False,HR eligibility missing; Assessment below 80,high,Block certification release until missing evidence is resolved,2026-06-06
L06011,E06011,cert-enterprise-ai-safety,Certification Ready,True,False,Required module missing,medium,Block certification release until missing evidence is resolved,2026-06-06
L06017,E06017,cert-enterprise-ai-safety,Certification Ready,True,False,Required lab missing,medium,Block certification release until missing evidence is resolved,2026-06-06
L06021,E06021,cert-enterprise-ai-safety,Certification Ready,True,False,HR eligibility missing; Required module missing; Required lab missing; Manager approval missing,high,Block certification release until missing evidence is resolved,2026-06-06
L06026,E06026,cert-enterprise-ai-safety,Certification Ready,True,False,Required lab missing; Manager approval missing,high,Block certification release until missing evidence is resolved,2026-06-06
L06027,E06027,cert-enterprise-ai-safety,Certification Ready,True,False,Required module missing; Required lab missing,high,Block certification release until missing evidence is resolved,2026-06-06
L06028,E06028,cert-enterprise-ai-safety,Certification Ready,True,False,Required module missing,medium,Block certification release until missing evidence is resolved,2026-06-06
L06029,E06029,cert-enterprise-ai-safety,Certification Ready,True,False,Required module missing,medium,Block certification release until missing evidence is resolved,2026-06-06
L06030,E06030,cert-enterprise-ai-safety,Certification Ready,True,False,Required module missing; Required lab missing,high,Block certification release until missing evidence is resolved,2026-06-06
L06032,E06032,cert-enterprise-ai-safety,Certification Ready,True,False,Required module missing; Required lab missing; Assessment below 80; Manager approval missing,high,Block certification release until missing evidence is resolved,2026-06-06
L06035,E06035,cert-enterprise-ai-safety,Certification Ready,True,False,HR eligibility missing; Required module missing,high,Block certification release until missing evidence is resolved,2026-06-06
L06037,E06037,cert-enterprise-ai-safety,Certification Ready,True,False,Required module missing; Manager approval missing,high,Block certification release until missing evidence is resolved,2026-06-06
L06038,E06038,cert-enterprise-ai-safety,Certification Ready,True,False,Required lab missing,medium,Block certification release until missing evidence is resolved,2026-06-06
L06040,E06040,cert-enterprise-ai-safety,Certification Ready,True,False,Required lab missing,medium,Block certification release until missing evidence is resolved,2026-06-06
L06042,E06042,cert-enterprise-ai-safety,Certification Ready,True,False,Required module missing; Required lab missing; Manager approval missing,high,Block certification release until missing evidence is resolved,2026-06-06
L06043,E06043,cert-enterprise-ai-safety,Certification Ready,True,False,Required lab missing,medium,Block certification release until missing evidence is resolved,2026-06-06
L06044,E06044,cert-enterprise-ai-safety,Certification Ready,True,False,HR eligibility missing,medium,Block certification release until missing evidence is resolved,2026-06-06
L06046,E06046,cert-enterprise-ai-safety,Certification Ready,True,False,HR eligibility missing,medium,Block certification release until missing evidence is resolved,2026-06-06
L06048,E06048,cert-enterprise-ai-safety,Certification Ready,True,False,Required module missing; Assessment below 80,high,Block certification release until missing evidence is resolved,2026-06-06
L06049,E06049,cert-enterprise-ai-safety,Certification Ready,True,False,Required module missing; Assessment below 80,high,Block certification release until missing evidence is resolved,2026-06-06
L06051,E06051,cert-enterprise-ai-safety,Certification Ready,True,False,Required module missing; Required lab missing,high,Block certification release until missing evidence is resolved,2026-06-06
L06052,E06052,cert-enterprise-ai-safety,Certification Ready,True,False,Required lab missing,medium,Block certification release until missing evidence is resolved,2026-06-06
L06053,E06053,cert-enterprise-ai-safety,Certification Ready,True,False,Required lab missing,medium,Block certification release until missing evidence is resolved,2026-06-06
L06054,E06054,cert-enterprise-ai-safety,Certification Ready,True,False,Required lab missing; Manager approval missing,high,Block certification release until missing evidence is resolved,2026-06-06
L06058,E06058,cert-enterprise-ai-safety,Certification Ready,True,False,Required lab missing; Assessment below 80,high,Block certification release until missing evidence is resolved,2026-06-06
L06060,E06060,cert-enterprise-ai-safety,Certification Ready,True,False,HR eligibility missing; Required lab missing; Manager approval missing,high,Block certification release until missing evidence is resolved,2026-06-06
L06062,E06062,cert-enterprise-ai-safety,Certification Ready,True,False,Required lab missing; Manager approval missing,high,Block certification release until missing evidence is resolved,2026-06-06
L06063,E06063,cert-enterprise-ai-safety,Certification Ready,True,False,Required module missing; Required lab missing; Assessment below 80,high,Block certification release until missing evidence is resolved,2026-06-06
L06064,E06064,cert-enterprise-ai-safety,Certification Ready,True,False,HR eligibility missing; Required module missing; Required lab missing; Assessment below 80,high,Block certification release until missing evidence is resolved,2026-06-06
L06066,E06066,cert-enterprise-ai-safety,Certification Ready,True,False,Required module missing,medium,Block certification release until missing evidence is resolved,2026-06-06
L06068,E06068,cert-enterprise-ai-safety,Certification Ready,True,False,Required lab missing; Assessment below 80,high,Block certification release until missing evidence is resolved,2026-06-06
L06069,E06069,cert-enterprise-ai-safety,Certification Ready,True,False,Required lab missing,medium,Block certification release until missing evidence is resolved,2026-06-06
L06075,E06075,cert-enterprise-ai-safety,Certification Ready,True,False,Required module missing; Required lab missing,high,Block certification release until missing evidence is resolved,2026-06-06
L06076,E06076,cert-enterprise-ai-safety,Certification Ready,True,False,Assessment below 80,medium,Block certification release until missing evidence is resolved,2026-06-06
L06077,E06077,cert-enterprise-ai-safety,Certification Ready,True,False,HR eligibility missing; Required module missing; Manager approval missing,high,Block certification release until missing evidence is resolved,2026-06-06
L06078,E06078,cert-enterprise-ai-safety,Certification Ready,True,False,Assessment below 80,medium,Block certification release until missing evidence is resolved,2026-06-06
L06080,E06080,cert-enterprise-ai-safety,Certification Ready,True,False,Required module missing; Required lab missing,high,Block certification release until missing evidence is resolved,2026-06-06
L06087,E06087,cert-enterprise-ai-safety,Certification Ready,True,False,Required module missing; Required lab missing; Manager approval missing,high,Block certification release until missing evidence is resolved,2026-06-06
L06088,E06088,cert-enterprise-ai-safety,Certification Ready,True,False,Required module missing; Required lab missing,high,Block certification release until missing evidence is resolved,2026-06-06
L06093,E06093,cert-enterprise-ai-safety,Certification Ready,True,False,Required module missing,medium,Block certification release until missing evidence is resolved,2026-06-06
L06095,E06095,cert-enterprise-ai-safety,Certification Ready,True,False,Required module missing,medium,Block certification release until missing evidence is resolved,2026-06-06
L06096,E06096,cert-enterprise-ai-safety,Certification Ready,True,False,Required lab missing; Manager approval missing,high,Block certification release until missing evidence is resolved,2026-06-06
L06097,E06097,cert-enterprise-ai-safety,Certification Ready,True,False,Required module missing; Required lab missing; Manager approval missing,high,Block certification release until missing evidence is resolved,2026-06-06
L06099,E06099,cert-enterprise-ai-safety,Certification Ready,True,False,Required module missing; Assessment below 80,high,Block certification release until missing evidence is resolved,2026-06-06
L06101,E06101,cert-enterprise-ai-safety,Certification Ready,True,False,Required lab missing; Assessment below 80,high,Block certification release until missing evidence is resolved,2026-06-06
L06102,E06102,cert-enterprise-ai-safety,Certification Ready,True,False,Required lab missing,medium,Block certification release until missing evidence is resolved,2026-06-06
L06103,E06103,cert-enterprise-ai-safety,Certification Ready,True,False,Manager approval missing,medium,Block certification release until missing evidence is resolved,2026-06-06
L06105,E06105,cert-enterprise-ai-safety,Certification Ready,True,False,Required lab missing,medium,Block certification release until missing evidence is resolved,2026-06-06
L06110,E06110,cert-enterprise-ai-safety,Certification Ready,True,False,Required module missing; Required lab missing; Manager approval missing,high,Block certification release until missing evidence is resolved,2026-06-06
L06113,E06113,cert-enterprise-ai-safety,Certification Ready,True,False,Required lab missing,medium,Block certification release until missing evidence is resolved,2026-06-06
L06114,E06114,cert-enterprise-ai-safety,Certification Ready,True,False,Required lab missing,medium,Block certification release until missing evidence is resolved,2026-06-06
L06116,E06116,cert-enterprise-ai-safety,Certification Ready,True,False,HR eligibility missing; Required lab missing,high,Block certification release until missing evidence is resolved,2026-06-06
L06117,E06117,cert-enterprise-ai-safety,Certification Ready,True,False,Required module missing; Required lab missing; Assessment below 80; Manager approval missing,high,Block certification release until missing evidence is resolved,2026-06-06
L06120,E06120,cert-enterprise-ai-safety,Certification Ready,True,False,Required module missing; Required lab missing; Assessment below 80,high,Block certification release until missing evidence is resolved,2026-06-06
L06123,E06123,cert-enterprise-ai-safety,Certification Ready,True,False,HR eligibility missing; Required lab missing,high,Block certification release until missing evidence is resolved,2026-06-06
L06125,E06125,cert-enterprise-ai-safety,Certification Ready,True,False,Required module missing; Required lab missing,high,Block certification release until missing evidence is resolved,2026-06-06
L06128,E06128,cert-enterprise-ai-safety,Certification Ready,True,False,Required lab missing; Assessment below 80,high,Block certification release until missing evidence is resolved,2026-06-06
L06129,E06129,cert-enterprise-ai-safety,Certification Ready,True,False,Required module missing; Required lab missing,high,Block certification release until missing evidence is resolved,2026-06-06
L06132,E06132,cert-enterprise-ai-safety,Certification Ready,True,False,Required module missing; Assessment below 80,high,Block certification release until missing evidence is resolved,2026-06-06
L06134,E06134,cert-enterprise-ai-safety,Certification Ready,True,False,Required lab missing,medium,Block certification release until missing evidence is resolved,2026-06-06
L06136,E06136,cert-enterprise-ai-safety,Certification Ready,True,False,Required module missing,medium,Block certification release until missing evidence is resolved,2026-06-06
L06141,E06141,cert-enterprise-ai-safety,Certification Ready,True,False,HR eligibility missing; Required module missing,high,Block certification release until missing evidence is resolved,2026-06-06
L06152,E06152,cert-enterprise-ai-safety,Certification Ready,True,False,Required module missing; Required lab missing,high,Block certification release until missing evidence is resolved,2026-06-06
L06153,E06153,cert-enterprise-ai-safety,Certification Ready,True,False,HR eligibility missing; Required lab missing; Assessment below 80,high,Block certification release until missing evidence is resolved,2026-06-06
L06156,E06156,cert-enterprise-ai-safety,Certification Ready,True,False,HR eligibility missing; Required lab missing,high,Block certification release until missing evidence is resolved,2026-06-06
L06158,E06158,cert-enterprise-ai-safety,Certification Ready,True,False,Required module missing; Required lab missing; Assessment below 80; Manager approval missing,high,Block certification release until missing evidence is resolved,2026-06-06
L06159,E06159,cert-enterprise-ai-safety,Certification Ready,True,False,HR eligibility missing; Required module missing; Required lab missing; Manager approval missing,high,Block certification release until missing evidence is resolved,2026-06-06
L06162,E06162,cert-enterprise-ai-safety,Certification Ready,True,False,Required module missing; Required lab missing; Assessment below 80; Manager approval missing,high,Block certification release until missing evidence is resolved,2026-06-06
L06167,E06167,cert-enterprise-ai-safety,Certification Ready,True,False,Manager approval missing,medium,Block certification release until missing evidence is resolved,2026-06-06
L06169,E06169,cert-enterprise-ai-safety,Certification Ready,True,False,Required module missing; Required lab missing,high,Block certification release until missing evidence is resolved,2026-06-06
L06170,E06170,cert-enterprise-ai-safety,Certification Ready,True,False,Required module missing; Required lab missing,high,Block certification release until missing evidence is resolved,2026-06-06
L06171,E06171,cert-enterprise-ai-safety,Certification Ready,True,False,Required module missing; Required lab missing; Assessment below 80,high,Block certification release until missing evidence is resolved,2026-06-06
L06172,E06172,cert-enterprise-ai-safety,Certification Ready,True,False,Required module missing; Required lab missing; Manager approval missing,high,Block certification release until missing evidence is resolved,2026-06-06
L06174,E06174,cert-enterprise-ai-safety,Certification Ready,True,False,HR eligibility missing; Required lab missing; Manager approval missing,high,Block certification release until missing evidence is resolved,2026-06-06
L06176,E06176,cert-enterprise-ai-safety,Certification Ready,True,False,Manager approval missing,medium,Block certification release until missing evidence is resolved,2026-06-06
L06177,E06177,cert-enterprise-ai-safety,Certification Ready,True,False,Required module missing,medium,Block certification release until missing evidence is resolved,2026-06-06
L06178,E06178,cert-enterprise-ai-safety,Certification Ready,True,False,Required lab missing,medium,Block certification release until missing evidence is resolved,2026-06-06
L06179,E06179,cert-enterprise-ai-safety,Certification Ready,True,False,Required lab missing,medium,Block certification release until missing evidence is resolved,2026-06-06
L06181,E06181,cert-enterprise-ai-safety,Certification Ready,True,False,Required module missing; Required lab missing,high,Block certification release until missing evidence is resolved,2026-06-06
L06184,E06184,cert-enterprise-ai-safety,Certification Ready,True,False,Required lab missing,medium,Block certification release until missing evidence is resolved,2026-06-06
L06185,E06185,cert-enterprise-ai-safety,Certification Ready,True,False,Required module missing,medium,Block certification release until missing evidence is resolved,2026-06-06
L06188,E06188,cert-enterprise-ai-safety,Certification Ready,True,False,Required module missing; Required lab missing,high,Block certification release until missing evidence is resolved,2026-06-06
L06190,E06190,cert-enterprise-ai-safety,Certification Ready,True,False,Required module missing; Required lab missing; Manager approval missing,high,Block certification release until missing evidence is resolved,2026-06-06
L06191,E06191,cert-enterprise-ai-safety,Certification Ready,True,False,Required module missing; Required lab missing; Assessment below 80; Manager approval missing,high,Block certification release until missing evidence is resolved,2026-06-06
L06193,E06193,cert-enterprise-ai-safety,Certification Ready,True,False,HR eligibility missing,medium,Block certification release until missing evidence is resolved,2026-06-06
L06194,E06194,cert-enterprise-ai-safety,Certification Ready,True,False,HR eligibility missing; Required lab missing,high,Block certification release until missing evidence is resolved,2026-06-06
L06195,E06195,cert-enterprise-ai-safety,Certification Ready,True,False,Required lab missing,medium,Block certification release until missing evidence is resolved,2026-06-06
L06206,E06206,cert-enterprise-ai-safety,Certification Ready,True,False,Required module missing; Required lab missing,high,Block certification release until missing evidence is resolved,2026-06-06
L06207,E06207,cert-enterprise-ai-safety,Certification Ready,True,False,Required lab missing,medium,Block certification release until missing evidence is resolved,2026-06-06
L06208,E06208,cert-enterprise-ai-safety,Certification Ready,True,False,Required lab missing,medium,Block certification release until missing evidence is resolved,2026-06-06
L06209,E06209,cert-enterprise-ai-safety,Certification Ready,True,False,HR eligibility missing; Required lab missing,high,Block certification release until missing evidence is resolved,2026-06-06
L06210,E06210,cert-enterprise-ai-safety,Certification Ready,True,False,Required lab missing; Assessment below 80,high,Block certification release until missing evidence is resolved,2026-06-06
L06211,E06211,cert-enterprise-ai-safety,Certification Ready,True,False,Required lab missing,medium,Block certification release until missing evidence is resolved,2026-06-06
L06214,E06214,cert-enterprise-ai-safety,Certification Ready,True,False,Required module missing; Required lab missing; Manager approval missing,high,Block certification release until missing evidence is resolved,2026-06-06
L06215,E06215,cert-enterprise-ai-safety,Certification Ready,True,False,Required module missing; Required lab missing; Manager approval missing,high,Block certification release until missing evidence is resolved,2026-06-06
L06218,E06218,cert-enterprise-ai-safety,Certification Ready,True,False,Required module missing; Required lab missing,high,Block certification release until missing evidence is resolved,2026-06-06
L06220,E06220,cert-enterprise-ai-safety,Certification Ready,True,False,Assessment below 80; Manager approval missing,high,Block certification release until missing evidence is resolved,2026-06-06
L06224,E06224,cert-enterprise-ai-safety,Certification Ready,True,False,Required lab missing,medium,Block certification release until missing evidence is resolved,2026-06-06
L06225,E06225,cert-enterprise-ai-safety,Certification Ready,True,False,HR eligibility missing; Required module missing; Required lab missing,high,Block certification release until missing evidence is resolved,2026-06-06
L06229,E06229,cert-enterprise-ai-safety,Certification Ready,True,False,Required module missing; Required lab missing,high,Block certification release until missing evidence is resolved,2026-06-06
L06233,E06233,cert-enterprise-ai-safety,Certification Ready,True,False,Required module missing; Manager approval missing,high,Block certification release until missing evidence is resolved,2026-06-06
L06234,E06234,cert-enterprise-ai-safety,Certification Ready,True,False,Required module missing; Assessment below 80; Manager approval missing,high,Block certification release until missing evidence is resolved,2026-06-06
L06235,E06235,cert-enterprise-ai-safety,Certification Ready,True,False,Required module missing; Required lab missing,high,Block certification release until missing evidence is resolved,2026-06-06
L06238,E06238,cert-enterprise-ai-safety,Certification Ready,True,False,Assessment below 80,medium,Block certification release until missing evidence is resolved,2026-06-06
L06246,E06246,cert-enterprise-ai-safety,Certification Ready,True,False,HR eligibility missing; Required lab missing; Manager approval missing,high,Block certification release until missing evidence is resolved,2026-06-06
L06248,E06248,cert-enterprise-ai-safety,Certification Ready,True,False,Manager approval missing,medium,Block certification release until missing evidence is resolved,2026-06-06
L06250,E06250,cert-enterprise-ai-safety,Certification Ready,True,False,Required module missing,medium,Block certification release until missing evidence is resolved,2026-06-06
L06251,E06251,cert-enterprise-ai-safety,Certification Ready,True,False,Assessment below 80,medium,Block certification release until missing evidence is resolved,2026-06-06
L06252,E06252,cert-enterprise-ai-safety,Certification Ready,True,False,HR eligibility missing; Required module missing,high,Block certification release until missing evidence is resolved,2026-06-06
L06253,E06253,cert-enterprise-ai-safety,Certification Ready,True,False,Required module missing,medium,Block certification release until missing evidence is resolved,2026-06-06
L06255,E06255,cert-enterprise-ai-safety,Certification Ready,True,False,Required module missing; Required lab missing,high,Block certification release until missing evidence is resolved,2026-06-06
L06256,E06256,cert-enterprise-ai-safety,Certification Ready,True,False,Required module missing; Required lab missing; Assessment below 80; Manager approval missing,high,Block certification release until missing evidence is resolved,2026-06-06
L06266,E06266,cert-enterprise-ai-safety,Certification Ready,True,False,Required lab missing; Assessment below 80,high,Block certification release until missing evidence is resolved,2026-06-06
L06268,E06268,cert-enterprise-ai-safety,Certification Ready,True,False,Required module missing; Required lab missing,high,Block certification release until missing evidence is resolved,2026-06-06
L06273,E06273,cert-enterprise-ai-safety,Certification Ready,True,False,Required module missing,medium,Block certification release until missing evidence is resolved,2026-06-06
L06276,E06276,cert-enterprise-ai-safety,Certification Ready,True,False,Required lab missing; Assessment below 80,high,Block certification release until missing evidence is resolved,2026-06-06
L06280,E06280,cert-enterprise-ai-safety,Certification Ready,True,False,Required module missing; Required lab missing,high,Block certification release until missing evidence is resolved,2026-06-06
L06281,E06281,cert-enterprise-ai-safety,Certification Ready,True,False,Required lab missing,medium,Block certification release until missing evidence is resolved,2026-06-06
L06284,E06284,cert-enterprise-ai-safety,Certification Ready,True,False,HR eligibility missing; Required module missing; Required lab missing; Manager approval missing,high,Block certification release until missing evidence is resolved,2026-06-06
L06285,E06285,cert-enterprise-ai-safety,Certification Ready,True,False,Required module missing; Manager approval missing,high,Block certification release until missing evidence is resolved,2026-06-06
L06288,E06288,cert-enterprise-ai-safety,Certification Ready,True,False,Required module missing; Required lab missing,high,Block certification release until missing evidence is resolved,2026-06-06
L06289,E06289,cert-enterprise-ai-safety,Certification Ready,True,False,Required module missing,medium,Block certification release until missing evidence is resolved,2026-06-06
L06292,E06292,cert-enterprise-ai-safety,Certification Ready,True,False,HR eligibility missing; Required module missing; Assessment below 80; Manager approval missing,high,Block certification release until missing evidence is resolved,2026-06-06
L06294,E06294,cert-enterprise-ai-safety,Certification Ready,True,False,Required module missing; Required lab missing; Manager approval missing,high,Block certification release until missing evidence is resolved,2026-06-06
L06296,E06296,cert-enterprise-ai-safety,Certification Ready,True,False,Required module missing; Required lab missing; Assessment below 80; Manager approval missing,high,Block certification release until missing evidence is resolved,2026-06-06
L06297,E06297,cert-enterprise-ai-safety,Certification Ready,True,False,Required module missing,medium,Block certification release until missing evidence is resolved,2026-06-06
L06299,E06299,cert-enterprise-ai-safety,Certification Ready,True,False,Required lab missing; Assessment below 80; Manager approval missing,high,Block certification release until missing evidence is resolved,2026-06-06
L06301,E06301,cert-enterprise-ai-safety,Certification Ready,True,False,Manager approval missing,medium,Block certification release until missing evidence is resolved,2026-06-06
L06308,E06308,cert-enterprise-ai-safety,Certification Ready,True,False,Required module missing,medium,Block certification release until missing evidence is resolved,2026-06-06
L06309,E06309,cert-enterprise-ai-safety,Certification Ready,True,False,Required module missing; Required lab missing,high,Block certification release until missing evidence is resolved,2026-06-06
L06310,E06310,cert-enterprise-ai-safety,Certification Ready,True,False,Required module missing,medium,Block certification release until missing evidence is resolved,2026-06-06
L06311,E06311,cert-enterprise-ai-safety,Certification Ready,True,False,Required module missing; Required lab missing; Manager approval missing,high,Block certification release until missing evidence is resolved,2026-06-06
L06313,E06313,cert-enterprise-ai-safety,Certification Ready,True,False,HR eligibility missing; Required module missing; Required lab missing; Assessment below 80,high,Block certification release until missing evidence is resolved,2026-06-06
L06314,E06314,cert-enterprise-ai-safety,Certification Ready,True,False,Assessment below 80; Manager approval missing,high,Block certification release until missing evidence is resolved,2026-06-06
L06315,E06315,cert-enterprise-ai-safety,Certification Ready,True,False,Required lab missing,medium,Block certification release until missing evidence is resolved,2026-06-06
L06320,E06320,cert-enterprise-ai-safety,Certification Ready,True,False,Required module missing; Required lab missing,high,Block certification release until missing evidence is resolved,2026-06-06
L06321,E06321,cert-enterprise-ai-safety,Certification Ready,True,False,HR eligibility missing; Required lab missing; Manager approval missing,high,Block certification release until missing evidence is resolved,2026-06-06
L06322,E06322,cert-enterprise-ai-safety,Certification Ready,True,False,Assessment below 80,medium,Block certification release until missing evidence is resolved,2026-06-06
L06323,E06323,cert-enterprise-ai-safety,Certification Ready,True,False,Required module missing; Required lab missing,high,Block certification release until missing evidence is resolved,2026-06-06
L06325,E06325,cert-enterprise-ai-safety,Certification Ready,True,False,Required lab missing; Assessment below 80,high,Block certification release until missing evidence is resolved,2026-06-06
L06327,E06327,cert-enterprise-ai-safety,Certification Ready,True,False,HR eligibility missing; Required module missing; Required lab missing; Manager approval missing,high,Block certification release until missing evidence is resolved,2026-06-06
L06328,E06328,cert-enterprise-ai-safety,Certification Ready,True,False,Required module missing; Required lab missing; Manager approval missing,high,Block certification release until missing evidence is resolved,2026-06-06
L06329,E06329,cert-enterprise-ai-safety,Certification Ready,True,False,HR eligibility missing; Required module missing; Required lab missing,high,Block certification release until missing evidence is resolved,2026-06-06
L06332,E06332,cert-enterprise-ai-safety,Certification Ready,True,False,HR eligibility missing; Required lab missing; Assessment below 80,high,Block certification release until missing evidence is resolved,2026-06-06
L06334,E06334,cert-enterprise-ai-safety,Certification Ready,True,False,Required module missing; Required lab missing,high,Block certification release until missing evidence is resolved,2026-06-06
L06335,E06335,cert-enterprise-ai-safety,Certification Ready,True,False,Required module missing; Manager approval missing,high,Block certification release until missing evidence is resolved,2026-06-06
L06342,E06342,cert-enterprise-ai-safety,Certification Ready,True,False,Required module missing; Required lab missing,high,Block certification release until missing evidence is resolved,2026-06-06
L06346,E06346,cert-enterprise-ai-safety,Certification Ready,True,False,Required lab missing; Manager approval missing,high,Block certification release until missing evidence is resolved,2026-06-06
L06348,E06348,cert-enterprise-ai-safety,Certification Ready,True,False,Required lab missing,medium,Block certification release until missing evidence is resolved,2026-06-06
L06349,E06349,cert-enterprise-ai-safety,Certification Ready,True,False,Assessment below 80,medium,Block certification release until missing evidence is resolved,2026-06-06
L06350,E06350,cert-enterprise-ai-safety,Certification Ready,True,False,HR eligibility missing; Required module missing; Required lab missing; Assessment below 80; Manager approval missing,high,Block certification release until missing evidence is resolved,2026-06-06
L06351,E06351,cert-enterprise-ai-safety,Certification Ready,True,False,Required module missing; Manager approval missing,high,Block certification release until missing evidence is resolved,2026-06-06
L06352,E06352,cert-enterprise-ai-safety,Certification Ready,True,False,HR eligibility missing; Required module missing; Required lab missing; Manager approval missing,high,Block certification release until missing evidence is resolved,2026-06-06
L06354,E06354,cert-enterprise-ai-safety,Certification Ready,True,False,Required module missing,medium,Block certification release until missing evidence is resolved,2026-06-06
L06355,E06355,cert-enterprise-ai-safety,Certification Ready,True,False,HR eligibility missing; Required lab missing,high,Block certification release until missing evidence is resolved,2026-06-06
L06358,E06358,cert-enterprise-ai-safety,Certification Ready,True,False,Required lab missing,medium,Block certification release until missing evidence is resolved,2026-06-06
L06359,E06359,cert-enterprise-ai-safety,Certification Ready,True,False,HR eligibility missing,medium,Block certification release until missing evidence is resolved,2026-06-06
L06360,E06360,cert-enterprise-ai-safety,Certification Ready,True,False,HR eligibility missing; Required module missing; Manager approval missing,high,Block certification release until missing evidence is resolved,2026-06-06
L06367,E06367,cert-enterprise-ai-safety,Certification Ready,True,False,Required module missing; Required lab missing,high,Block certification release until missing evidence is resolved,2026-06-06
L06368,E06368,cert-enterprise-ai-safety,Certification Ready,True,False,Required lab missing,medium,Block certification release until missing evidence is resolved,2026-06-06
L06371,E06371,cert-enterprise-ai-safety,Certification Ready,True,False,Required module missing; Assessment below 80,high,Block certification release until missing evidence is resolved,2026-06-06
L06374,E06374,cert-enterprise-ai-safety,Certification Ready,True,False,Required lab missing,medium,Block certification release until missing evidence is resolved,2026-06-06
L06378,E06378,cert-enterprise-ai-safety,Certification Ready,True,False,Required lab missing,medium,Block certification release until missing evidence is resolved,2026-06-06
L06380,E06380,cert-enterprise-ai-safety,Certification Ready,True,False,Required module missing; Required lab missing,high,Block certification release until missing evidence is resolved,2026-06-06
L06381,E06381,cert-enterprise-ai-safety,Certification Ready,True,False,Required module missing; Required lab missing; Assessment below 80,high,Block certification release until missing evidence is resolved,2026-06-06
L06382,E06382,cert-enterprise-ai-safety,Certification Ready,True,False,Required lab missing,medium,Block certification release until missing evidence is resolved,2026-06-06
L06384,E06384,cert-enterprise-ai-safety,Certification Ready,True,False,Required lab missing,medium,Block certification release until missing evidence is resolved,2026-06-06
L06385,E06385,cert-enterprise-ai-safety,Certification Ready,True,False,Required lab missing; Manager approval missing,high,Block certification release until missing evidence is resolved,2026-06-06
L06388,E06388,cert-enterprise-ai-safety,Certification Ready,True,False,Required module missing; Required lab missing,high,Block certification release until missing evidence is resolved,2026-06-06
L06389,E06389,cert-enterprise-ai-safety,Certification Ready,True,False,Required module missing,medium,Block certification release until missing evidence is resolved,2026-06-06
L06391,E06391,cert-enterprise-ai-safety,Certification Ready,True,False,Required module missing; Assessment below 80,high,Block certification release until missing evidence is resolved,2026-06-06
L06395,E06395,cert-enterprise-ai-safety,Certification Ready,True,False,Required module missing,medium,Block certification release until missing evidence is resolved,2026-06-06
L06398,E06398,cert-enterprise-ai-safety,Certification Ready,True,False,Required module missing; Required lab missing,high,Block certification release until missing evidence is resolved,2026-06-06
L06400,E06400,cert-enterprise-ai-safety,Certification Ready,True,False,HR eligibility missing; Required module missing,high,Block certification release until missing evidence is resolved,2026-06-06
L06410,E06410,cert-enterprise-ai-safety,Certification Ready,True,False,Required module missing; Manager approval missing,high,Block certification release until missing evidence is resolved,2026-06-06
L06411,E06411,cert-enterprise-ai-safety,Certification Ready,True,False,Required module missing; Required lab missing; Manager approval missing,high,Block certification release until missing evidence is resolved,2026-06-06
L06413,E06413,cert-enterprise-ai-safety,Certification Ready,True,False,Required module missing; Assessment below 80,high,Block certification release until missing evidence is resolved,2026-06-06
L06415,E06415,cert-enterprise-ai-safety,Certification Ready,True,False,Required lab missing; Assessment below 80,high,Block certification release until missing evidence is resolved,2026-06-06
L06416,E06416,cert-enterprise-ai-safety,Certification Ready,True,False,HR eligibility missing; Required module missing; Required lab missing,high,Block certification release until missing evidence is resolved,2026-06-06
L06420,E06420,cert-enterprise-ai-safety,Certification Ready,True,False,Required lab missing; Assessment below 80; Manager approval missing,high,Block certification release until missing evidence is resolved,2026-06-06
L06421,E06421,cert-enterprise-ai-safety,Certification Ready,True,False,Required module missing,medium,Block certification release until missing evidence is resolved,2026-06-06
L06422,E06422,cert-enterprise-ai-safety,Certification Ready,True,False,Required lab missing,medium,Block certification release until missing evidence is resolved,2026-06-06
L06425,E06425,cert-enterprise-ai-safety,Certification Ready,True,False,Manager approval missing,medium,Block certification release until missing evidence is resolved,2026-06-06
L06426,E06426,cert-enterprise-ai-safety,Certification Ready,True,False,HR eligibility missing; Required lab missing; Manager approval missing,high,Block certification release until missing evidence is resolved,2026-06-06
L06428,E06428,cert-enterprise-ai-safety,Certification Ready,True,False,Required lab missing; Assessment below 80,high,Block certification release until missing evidence is resolved,2026-06-06
L06431,E06431,cert-enterprise-ai-safety,Certification Ready,True,False,HR eligibility missing; Required lab missing; Assessment below 80,high,Block certification release until missing evidence is resolved,2026-06-06
L06438,E06438,cert-enterprise-ai-safety,Certification Ready,True,False,Required module missing; Required lab missing,high,Block certification release until missing evidence is resolved,2026-06-06
L06439,E06439,cert-enterprise-ai-safety,Certification Ready,True,False,Required lab missing,medium,Block certification release until missing evidence is resolved,2026-06-06
L06440,E06440,cert-enterprise-ai-safety,Certification Ready,True,False,HR eligibility missing; Required module missing; Assessment below 80,high,Block certification release until missing evidence is resolved,2026-06-06
L06441,E06441,cert-enterprise-ai-safety,Certification Ready,True,False,Required lab missing,medium,Block certification release until missing evidence is resolved,2026-06-06
L06442,E06442,cert-enterprise-ai-safety,Certification Ready,True,False,Required module missing; Required lab missing,high,Block certification release until missing evidence is resolved,2026-06-06
L06443,E06443,cert-enterprise-ai-safety,Certification Ready,True,False,Required lab missing,medium,Block certification release until missing evidence is resolved,2026-06-06
L06446,E06446,cert-enterprise-ai-safety,Certification Ready,True,False,HR eligibility missing; Required module missing; Required lab missing,high,Block certification release until missing evidence is resolved,2026-06-06
L06451,E06451,cert-enterprise-ai-safety,Certification Ready,True,False,Required module missing; Required lab missing,high,Block certification release until missing evidence is resolved,2026-06-06
L06453,E06453,cert-enterprise-ai-safety,Certification Ready,True,False,HR eligibility missing; Required lab missing,high,Block certification release until missing evidence is resolved,2026-06-06
L06458,E06458,cert-enterprise-ai-safety,Certification Ready,True,False,Required module missing; Manager approval missing,high,Block certification release until missing evidence is resolved,2026-06-06
L06461,E06461,cert-enterprise-ai-safety,Certification Ready,True,False,HR eligibility missing,medium,Block certification release until missing evidence is resolved,2026-06-06
L06464,E06464,cert-enterprise-ai-safety,Certification Ready,True,False,Required lab missing,medium,Block certification release until missing evidence is resolved,2026-06-06
L06465,E06465,cert-enterprise-ai-safety,Certification Ready,True,False,Required lab missing,medium,Block certification release until missing evidence is resolved,2026-06-06
L06469,E06469,cert-enterprise-ai-safety,Certification Ready,True,False,Required lab missing,medium,Block certification release until missing evidence is resolved,2026-06-06
L06476,E06476,cert-enterprise-ai-safety,Certification Ready,True,False,Required lab missing,medium,Block certification release until missing evidence is resolved,2026-06-06
L06478,E06478,cert-enterprise-ai-safety,Certification Ready,True,False,Required module missing; Required lab missing; Manager approval missing,high,Block certification release until missing evidence is resolved,2026-06-06
L06482,E06482,cert-enterprise-ai-safety,Certification Ready,True,False,Assessment below 80,medium,Block certification release until missing evidence is resolved,2026-06-06
L06485,E06485,cert-enterprise-ai-safety,Certification Ready,True,False,Required lab missing,medium,Block certification release until missing evidence is resolved,2026-06-06
L06487,E06487,cert-enterprise-ai-safety,Certification Ready,True,False,Assessment below 80; Manager approval missing,high,Block certification release until missing evidence is resolved,2026-06-06
L06489,E06489,cert-enterprise-ai-safety,Certification Ready,True,False,Required lab missing,medium,Block certification release until missing evidence is resolved,2026-06-06
L06490,E06490,cert-enterprise-ai-safety,Certification Ready,True,False,Required module missing; Required lab missing,high,Block certification release until missing evidence is resolved,2026-06-06
L06491,E06491,cert-enterprise-ai-safety,Certification Ready,True,False,Assessment below 80,medium,Block certification release until missing evidence is resolved,2026-06-06
L06492,E06492,cert-enterprise-ai-safety,Certification Ready,True,False,HR eligibility missing; Required lab missing; Manager approval missing,high,Block certification release until missing evidence is resolved,2026-06-06
L06496,E06496,cert-enterprise-ai-safety,Certification Ready,True,False,Required module missing; Required lab missing,high,Block certification release until missing evidence is resolved,2026-06-06
L06497,E06497,cert-enterprise-ai-safety,Certification Ready,True,False,Required module missing; Required lab missing; Manager approval missing,high,Block certification release until missing evidence is resolved,2026-06-06
L06499,E06499,cert-enterprise-ai-safety,Certification Ready,True,False,Required module missing; Required lab missing,high,Block certification release until missing evidence is resolved,2026-06-06
L06502,E06502,cert-enterprise-ai-safety,Certification Ready,True,False,Required module missing; Required lab missing; Assessment below 80; Manager approval missing,high,Block certification release until missing evidence is resolved,2026-06-06
L06504,E06504,cert-enterprise-ai-safety,Certification Ready,True,False,Required module missing; Manager approval missing,high,Block certification release until missing evidence is resolved,2026-06-06
L06507,E06507,cert-enterprise-ai-safety,Certification Ready,True,False,Required module missing; Required lab missing,high,Block certification release until missing evidence is resolved,2026-06-06
L06509,E06509,cert-enterprise-ai-safety,Certification Ready,True,False,Required lab missing,medium,Block certification release until missing evidence is resolved,2026-06-06
L06511,E06511,cert-enterprise-ai-safety,Certification Ready,True,False,Required module missing; Required lab missing,high,Block certification release until missing evidence is resolved,2026-06-06
L06516,E06516,cert-enterprise-ai-safety,Certification Ready,True,False,Required lab missing,medium,Block certification release until missing evidence is resolved,2026-06-06
L06520,E06520,cert-enterprise-ai-safety,Certification Ready,True,False,Required lab missing,medium,Block certification release until missing evidence is resolved,2026-06-06
L06521,E06521,cert-enterprise-ai-safety,Certification Ready,True,False,Required lab missing,medium,Block certification release until missing evidence is resolved,2026-06-06
L06524,E06524,cert-enterprise-ai-safety,Certification Ready,True,False,HR eligibility missing; Required module missing; Manager approval missing,high,Block certification release until missing evidence is resolved,2026-06-06
L06527,E06527,cert-enterprise-ai-safety,Certification Ready,True,False,Required module missing; Manager approval missing,high,Block certification release until missing evidence is resolved,2026-06-06
L06530,E06530,cert-enterprise-ai-safety,Certification Ready,True,False,Required module missing; Required lab missing,high,Block certification release until missing evidence is resolved,2026-06-06
L06531,E06531,cert-enterprise-ai-safety,Certification Ready,True,False,Required module missing; Assessment below 80,high,Block certification release until missing evidence is resolved,2026-06-06
L06533,E06533,cert-enterprise-ai-safety,Certification Ready,True,False,Required module missing; Assessment below 80,high,Block certification release until missing evidence is resolved,2026-06-06
L06534,E06534,cert-enterprise-ai-safety,Certification Ready,True,False,Required module missing; Assessment below 80; Manager approval missing,high,Block certification release until missing evidence is resolved,2026-06-06
L06541,E06541,cert-enterprise-ai-safety,Certification Ready,True,False,Required module missing; Required lab missing; Manager approval missing,high,Block certification release until missing evidence is resolved,2026-06-06
L06542,E06542,cert-enterprise-ai-safety,Certification Ready,True,False,HR eligibility missing; Required lab missing; Assessment below 80,high,Block certification release until missing evidence is resolved,2026-06-06
L06543,E06543,cert-enterprise-ai-safety,Certification Ready,True,False,Manager approval missing,medium,Block certification release until missing evidence is resolved,2026-06-06
L06544,E06544,cert-enterprise-ai-safety,Certification Ready,True,False,Required lab missing,medium,Block certification release until missing evidence is resolved,2026-06-06
L06551,E06551,cert-enterprise-ai-safety,Certification Ready,True,False,Required module missing; Required lab missing,high,Block certification release until missing evidence is resolved,2026-06-06
L06554,E06554,cert-enterprise-ai-safety,Certification Ready,True,False,HR eligibility missing; Required module missing,high,Block certification release until missing evidence is resolved,2026-06-06
L06556,E06556,cert-enterprise-ai-safety,Certification Ready,True,False,Required lab missing,medium,Block certification release until missing evidence is resolved,2026-06-06
L06557,E06557,cert-enterprise-ai-safety,Certification Ready,True,False,Required module missing,medium,Block certification release until missing evidence is resolved,2026-06-06
L06561,E06561,cert-enterprise-ai-safety,Certification Ready,True,False,Required module missing; Assessment below 80; Manager approval missing,high,Block certification release until missing evidence is resolved,2026-06-06
L06564,E06564,cert-enterprise-ai-safety,Certification Ready,True,False,HR eligibility missing; Required module missing; Required lab missing,high,Block certification release until missing evidence is resolved,2026-06-06
L06566,E06566,cert-enterprise-ai-safety,Certification Ready,True,False,HR eligibility missing; Required module missing,high,Block certification release until missing evidence is resolved,2026-06-06
L06567,E06567,cert-enterprise-ai-safety,Certification Ready,True,False,Required lab missing,medium,Block certification release until missing evidence is resolved,2026-06-06
L06573,E06573,cert-enterprise-ai-safety,Certification Ready,True,False,Required module missing,medium,Block certification release until missing evidence is resolved,2026-06-06
L06574,E06574,cert-enterprise-ai-safety,Certification Ready,True,False,Required lab missing; Manager approval missing,high,Block certification release until missing evidence is resolved,2026-06-06
L06580,E06580,cert-enterprise-ai-safety,Certification Ready,True,False,Required module missing; Required lab missing,high,Block certification release until missing evidence is resolved,2026-06-06
L06581,E06581,cert-enterprise-ai-safety,Certification Ready,True,False,Required module missing; Required lab missing; Manager approval missing,high,Block certification release until missing evidence is resolved,2026-06-06
L06582,E06582,cert-enterprise-ai-safety,Certification Ready,True,False,Required module missing; Required lab missing; Assessment below 80,high,Block certification release until missing evidence is resolved,2026-06-06
L06584,E06584,cert-enterprise-ai-safety,Certification Ready,True,False,HR eligibility missing; Required module missing; Required lab missing; Assessment below 80,high,Block certification release until missing evidence is resolved,2026-06-06
L06588,E06588,cert-enterprise-ai-safety,Certification Ready,True,False,Required module missing; Assessment below 80,high,Block certification release until missing evidence is resolved,2026-06-06
L06589,E06589,cert-enterprise-ai-safety,Certification Ready,True,False,Required module missing,medium,Block certification release until missing evidence is resolved,2026-06-06
L06592,E06592,cert-enterprise-ai-safety,Certification Ready,True,False,Manager approval missing,medium,Block certification release until missing evidence is resolved,2026-06-06
L06595,E06595,cert-enterprise-ai-safety,Certification Ready,True,False,Required module missing; Required lab missing; Manager approval missing,high,Block certification release until missing evidence is resolved,2026-06-06
L06597,E06597,cert-enterprise-ai-safety,Certification Ready,True,False,HR eligibility missing; Required lab missing; Assessment below 80,high,Block certification release until missing evidence is resolved,2026-06-06
L06598,E06598,cert-enterprise-ai-safety,Certification Ready,True,False,Required module missing; Required lab missing,high,Block certification release until missing evidence is resolved,2026-06-06
L06599,E06599,cert-enterprise-ai-safety,Certification Ready,True,False,HR eligibility missing,medium,Block certification release until missing evidence is resolved,2026-06-06
L06600,E06600,cert-enterprise-ai-safety,Certification Ready,True,False,Required module missing; Required lab missing; Assessment below 80,high,Block certification release until missing evidence is resolved,2026-06-06
L06603,E06603,cert-enterprise-ai-safety,Certification Ready,True,False,Required lab missing,medium,Block certification release until missing evidence is resolved,2026-06-06
L06604,E06604,cert-enterprise-ai-safety,Certification Ready,True,False,Required module missing; Required lab missing; Manager approval missing,high,Block certification release until missing evidence is resolved,2026-06-06
L06606,E06606,cert-enterprise-ai-safety,Certification Ready,True,False,Required lab missing; Manager approval missing,high,Block certification release until missing evidence is resolved,2026-06-06
L06609,E06609,cert-enterprise-ai-safety,Certification Ready,True,False,Required module missing; Required lab missing,high,Block certification release until missing evidence is resolved,2026-06-06
L06611,E06611,cert-enterprise-ai-safety,Certification Ready,True,False,Required module missing; Required lab missing,high,Block certification release until missing evidence is resolved,2026-06-06
L06612,E06612,cert-enterprise-ai-safety,Certification Ready,True,False,Required module missing; Required lab missing; Assessment below 80,high,Block certification release until missing evidence is resolved,2026-06-06
L06613,E06613,cert-enterprise-ai-safety,Certification Ready,True,False,Required module missing,medium,Block certification release until missing evidence is resolved,2026-06-06
L06614,E06614,cert-enterprise-ai-safety,Certification Ready,True,False,HR eligibility missing,medium,Block certification release until missing evidence is resolved,2026-06-06
L06616,E06616,cert-enterprise-ai-safety,Certification Ready,True,False,Required lab missing,medium,Block certification release until missing evidence is resolved,2026-06-06
L06617,E06617,cert-enterprise-ai-safety,Certification Ready,True,False,Required module missing; Required lab missing; Manager approval missing,high,Block certification release until missing evidence is resolved,2026-06-06
L06622,E06622,cert-enterprise-ai-safety,Certification Ready,True,False,Required module missing; Required lab missing; Assessment below 80,high,Block certification release until missing evidence is resolved,2026-06-06
L06623,E06623,cert-enterprise-ai-safety,Certification Ready,True,False,Required lab missing; Manager approval missing,high,Block certification release until missing evidence is resolved,2026-06-06
L06625,E06625,cert-enterprise-ai-safety,Certification Ready,True,False,Required lab missing,medium,Block certification release until missing evidence is resolved,2026-06-06
L06626,E06626,cert-enterprise-ai-safety,Certification Ready,True,False,Required module missing; Assessment below 80,high,Block certification release until missing evidence is resolved,2026-06-06
L06631,E06631,cert-enterprise-ai-safety,Certification Ready,True,False,Required module missing; Required lab missing; Manager approval missing,high,Block certification release until missing evidence is resolved,2026-06-06
L06633,E06633,cert-enterprise-ai-safety,Certification Ready,True,False,Required lab missing; Manager approval missing,high,Block certification release until missing evidence is resolved,2026-06-06
L06635,E06635,cert-enterprise-ai-safety,Certification Ready,True,False,Required module missing,medium,Block certification release until missing evidence is resolved,2026-06-06
L06638,E06638,cert-enterprise-ai-safety,Certification Ready,True,False,Assessment below 80; Manager approval missing,high,Block certification release until missing evidence is resolved,2026-06-06
L06639,E06639,cert-enterprise-ai-safety,Certification Ready,True,False,Required module missing,medium,Block certification release until missing evidence is resolved,2026-06-06
L06640,E06640,cert-enterprise-ai-safety,Certification Ready,True,False,Required module missing; Required lab missing,high,Block certification release until missing evidence is resolved,2026-06-06
L06646,E06646,cert-enterprise-ai-safety,Certification Ready,True,False,Manager approval missing,medium,Block certification release until missing evidence is resolved,2026-06-06
L06651,E06651,cert-enterprise-ai-safety,Certification Ready,True,False,HR eligibility missing; Required lab missing; Assessment below 80,high,Block certification release until missing evidence is resolved,2026-06-06
L06652,E06652,cert-enterprise-ai-safety,Certification Ready,True,False,Required module missing; Required lab missing; Assessment below 80,high,Block certification release until missing evidence is resolved,2026-06-06
L06655,E06655,cert-enterprise-ai-safety,Certification Ready,True,False,Required module missing; Assessment below 80,high,Block certification release until missing evidence is resolved,2026-06-06
L06658,E06658,cert-enterprise-ai-safety,Certification Ready,True,False,HR eligibility missing; Required module missing; Required lab missing,high,Block certification release until missing evidence is resolved,2026-06-06
L06662,E06662,cert-enterprise-ai-safety,Certification Ready,True,False,Required module missing; Manager approval missing,high,Block certification release until missing evidence is resolved,2026-06-06
L06664,E06664,cert-enterprise-ai-safety,Certification Ready,True,False,Required module missing; Manager approval missing,high,Block certification release until missing evidence is resolved,2026-06-06
L06667,E06667,cert-enterprise-ai-safety,Certification Ready,True,False,Manager approval missing,medium,Block certification release until missing evidence is resolved,2026-06-06
L06671,E06671,cert-enterprise-ai-safety,Certification Ready,True,False,Required module missing; Required lab missing; Assessment below 80; Manager approval missing,high,Block certification release until missing evidence is resolved,2026-06-06
L06677,E06677,cert-enterprise-ai-safety,Certification Ready,True,False,HR eligibility missing; Required lab missing,high,Block certification release until missing evidence is resolved,2026-06-06
L06678,E06678,cert-enterprise-ai-safety,Certification Ready,True,False,Required module missing; Required lab missing; Assessment below 80,high,Block certification release until missing evidence is resolved,2026-06-06
L06679,E06679,cert-enterprise-ai-safety,Certification Ready,True,False,HR eligibility missing; Required module missing; Manager approval missing,high,Block certification release until missing evidence is resolved,2026-06-06
L06682,E06682,cert-enterprise-ai-safety,Certification Ready,True,False,Assessment below 80,medium,Block certification release until missing evidence is resolved,2026-06-06
L06683,E06683,cert-enterprise-ai-safety,Certification Ready,True,False,Required lab missing,medium,Block certification release until missing evidence is resolved,2026-06-06
L06685,E06685,cert-enterprise-ai-safety,Certification Ready,True,False,Required module missing,medium,Block certification release until missing evidence is resolved,2026-06-06
L06688,E06688,cert-enterprise-ai-safety,Certification Ready,True,False,Required module missing; Required lab missing,high,Block certification release until missing evidence is resolved,2026-06-06
L06690,E06690,cert-enterprise-ai-safety,Certification Ready,True,False,HR eligibility missing; Required lab missing,high,Block certification release until missing evidence is resolved,2026-06-06
L06695,E06695,cert-enterprise-ai-safety,Certification Ready,True,False,Required module missing; Assessment below 80; Manager approval missing,high,Block certification release until missing evidence is resolved,2026-06-06
L06698,E06698,cert-enterprise-ai-safety,Certification Ready,True,False,Required module missing; Required lab missing,high,Block certification release until missing evidence is resolved,2026-06-06
L06699,E06699,cert-enterprise-ai-safety,Certification Ready,True,False,HR eligibility missing; Required module missing; Required lab missing; Manager approval missing,high,Block certification release until missing evidence is resolved,2026-06-06
L06700,E06700,cert-enterprise-ai-safety,Certification Ready,True,False,HR eligibility missing; Required module missing; Manager approval missing,high,Block certification release until missing evidence is resolved,2026-06-06
L06701,E06701,cert-enterprise-ai-safety,Certification Ready,True,False,Required module missing,medium,Block certification release until missing evidence is resolved,2026-06-06
L06703,E06703,cert-enterprise-ai-safety,Certification Ready,True,False,Required lab missing; Manager approval missing,high,Block certification release until missing evidence is resolved,2026-06-06
L06704,E06704,cert-enterprise-ai-safety,Certification Ready,True,False,Required module missing; Manager approval missing,high,Block certification release until missing evidence is resolved,2026-06-06
L06705,E06705,cert-enterprise-ai-safety,Certification Ready,True,False,Required lab missing; Assessment below 80; Manager approval missing,high,Block certification release until missing evidence is resolved,2026-06-06
L06706,E06706,cert-enterprise-ai-safety,Certification Ready,True,False,HR eligibility missing; Manager approval missing,high,Block certification release until missing evidence is resolved,2026-06-06
L06709,E06709,cert-enterprise-ai-safety,Certification Ready,True,False,Required module missing,medium,Block certification release until missing evidence is resolved,2026-06-06
L06710,E06710,cert-enterprise-ai-safety,Certification Ready,True,False,Required module missing; Assessment below 80,high,Block certification release until missing evidence is resolved,2026-06-06
L06711,E06711,cert-enterprise-ai-safety,Certification Ready,True,False,Required lab missing,medium,Block certification release until missing evidence is resolved,2026-06-06
L06715,E06715,cert-enterprise-ai-safety,Certification Ready,True,False,Assessment below 80,medium,Block certification release until missing evidence is resolved,2026-06-06
L06718,E06718,cert-enterprise-ai-safety,Certification Ready,True,False,Required module missing; Required lab missing; Assessment below 80; Manager approval missing,high,Block certification release until missing evidence is resolved,2026-06-06
L06721,E06721,cert-enterprise-ai-safety,Certification Ready,True,False,Required module missing,medium,Block certification release until missing evidence is resolved,2026-06-06
L06722,E06722,cert-enterprise-ai-safety,Certification Ready,True,False,Required module missing; Required lab missing,high,Block certification release until missing evidence is resolved,2026-06-06
L06727,E06727,cert-enterprise-ai-safety,Certification Ready,True,False,HR eligibility missing,medium,Block certification release until missing evidence is resolved,2026-06-06
L06730,E06730,cert-enterprise-ai-safety,Certification Ready,True,False,Required module missing; Required lab missing; Assessment below 80,high,Block certification release until missing evidence is resolved,2026-06-06
L06736,E06736,cert-enterprise-ai-safety,Certification Ready,True,False,Required module missing; Required lab missing,high,Block certification release until missing evidence is resolved,2026-06-06
L06738,E06738,cert-enterprise-ai-safety,Certification Ready,True,False,Required lab missing; Assessment below 80,high,Block certification release until missing evidence is resolved,2026-06-06
L06739,E06739,cert-enterprise-ai-safety,Certification Ready,True,False,Required module missing; Required lab missing; Manager approval missing,high,Block certification release until missing evidence is resolved,2026-06-06
L06740,E06740,cert-enterprise-ai-safety,Certification Ready,True,False,Required module missing,medium,Block certification release until missing evidence is resolved,2026-06-06
L06746,E06746,cert-enterprise-ai-safety,Certification Ready,True,False,Required module missing; Required lab missing,high,Block certification release until missing evidence is resolved,2026-06-06
L06747,E06747,cert-enterprise-ai-safety,Certification Ready,True,False,Required module missing; Required lab missing; Assessment below 80,high,Block certification release until missing evidence is resolved,2026-06-06
L06748,E06748,cert-enterprise-ai-safety,Certification Ready,True,False,HR eligibility missing; Required module missing; Required lab missing,high,Block certification release until missing evidence is resolved,2026-06-06
L06751,E06751,cert-enterprise-ai-safety,Certification Ready,True,False,Required lab missing; Manager approval missing,high,Block certification release until missing evidence is resolved,2026-06-06
L06762,E06762,cert-enterprise-ai-safety,Certification Ready,True,False,Manager approval missing,medium,Block certification release until missing evidence is resolved,2026-06-06
L06764,E06764,cert-enterprise-ai-safety,Certification Ready,True,False,Required module missing; Required lab missing,high,Block certification release until missing evidence is resolved,2026-06-06
L06769,E06769,cert-enterprise-ai-safety,Certification Ready,True,False,Required lab missing; Manager approval missing,high,Block certification release until missing evidence is resolved,2026-06-06
L06771,E06771,cert-enterprise-ai-safety,Certification Ready,True,False,Required module missing; Required lab missing; Manager approval missing,high,Block certification release until missing evidence is resolved,2026-06-06
L06772,E06772,cert-enterprise-ai-safety,Certification Ready,True,False,Required module missing; Required lab missing,high,Block certification release until missing evidence is resolved,2026-06-06
L06773,E06773,cert-enterprise-ai-safety,Certification Ready,True,False,Required module missing; Required lab missing; Manager approval missing,high,Block certification release until missing evidence is resolved,2026-06-06
L06774,E06774,cert-enterprise-ai-safety,Certification Ready,True,False,Required lab missing,medium,Block certification release until missing evidence is resolved,2026-06-06
L06776,E06776,cert-enterprise-ai-safety,Certification Ready,True,False,Required lab missing; Assessment below 80; Manager approval missing,high,Block certification release until missing evidence is resolved,2026-06-06
L06778,E06778,cert-enterprise-ai-safety,Certification Ready,True,False,HR eligibility missing; Required lab missing,high,Block certification release until missing evidence is resolved,2026-06-06
L06779,E06779,cert-enterprise-ai-safety,Certification Ready,True,False,Required lab missing; Manager approval missing,high,Block certification release until missing evidence is resolved,2026-06-06
L06781,E06781,cert-enterprise-ai-safety,Certification Ready,True,False,Required module missing,medium,Block certification release until missing evidence is resolved,2026-06-06
L06784,E06784,cert-enterprise-ai-safety,Certification Ready,True,False,Required module missing; Required lab missing,high,Block certification release until missing evidence is resolved,2026-06-06
L06787,E06787,cert-enterprise-ai-safety,Certification Ready,True,False,Required module missing; Manager approval missing,high,Block certification release until missing evidence is resolved,2026-06-06
L06788,E06788,cert-enterprise-ai-safety,Certification Ready,True,False,HR eligibility missing; Required module missing; Required lab missing,high,Block certification release until missing evidence is resolved,2026-06-06
L06794,E06794,cert-enterprise-ai-safety,Certification Ready,True,False,HR eligibility missing; Required lab missing; Assessment below 80,high,Block certification release until missing evidence is resolved,2026-06-06
L06798,E06798,cert-enterprise-ai-safety,Certification Ready,True,False,Required module missing; Required lab missing; Assessment below 80,high,Block certification release until missing evidence is resolved,2026-06-06
L06800,E06800,cert-enterprise-ai-safety,Certification Ready,True,False,Required module missing; Required lab missing,high,Block certification release until missing evidence is resolved,2026-06-06
L06804,E06804,cert-enterprise-ai-safety,Certification Ready,True,False,HR eligibility missing; Required lab missing,high,Block certification release until missing evidence is resolved,2026-06-06
L06806,E06806,cert-enterprise-ai-safety,Certification Ready,True,False,Required module missing; Required lab missing; Manager approval missing,high,Block certification release until missing evidence is resolved,2026-06-06
L06807,E06807,cert-enterprise-ai-safety,Certification Ready,True,False,HR eligibility missing; Required module missing; Manager approval missing,high,Block certification release until missing evidence is resolved,2026-06-06
L06808,E06808,cert-enterprise-ai-safety,Certification Ready,True,False,Required module missing; Required lab missing,high,Block certification release until missing evidence is resolved,2026-06-06
L06811,E06811,cert-enterprise-ai-safety,Certification Ready,True,False,Required lab missing; Assessment below 80,high,Block certification release until missing evidence is resolved,2026-06-06
L06817,E06817,cert-enterprise-ai-safety,Certification Ready,True,False,Manager approval missing,medium,Block certification release until missing evidence is resolved,2026-06-06
L06818,E06818,cert-enterprise-ai-safety,Certification Ready,True,False,HR eligibility missing; Required lab missing,high,Block certification release until missing evidence is resolved,2026-06-06
L06826,E06826,cert-enterprise-ai-safety,Certification Ready,True,False,Required lab missing,medium,Block certification release until missing evidence is resolved,2026-06-06
L06827,E06827,cert-enterprise-ai-safety,Certification Ready,True,False,HR eligibility missing; Required lab missing; Manager approval missing,high,Block certification release until missing evidence is resolved,2026-06-06
L06828,E06828,cert-enterprise-ai-safety,Certification Ready,True,False,Required module missing,medium,Block certification release until missing evidence is resolved,2026-06-06
L06829,E06829,cert-enterprise-ai-safety,Certification Ready,True,False,Required module missing; Required lab missing; Manager approval missing,high,Block certification release until missing evidence is resolved,2026-06-06
L06832,E06832,cert-enterprise-ai-safety,Certification Ready,True,False,Required lab missing; Manager approval missing,high,Block certification release until missing evidence is resolved,2026-06-06
L06833,E06833,cert-enterprise-ai-safety,Certification Ready,True,False,Required module missing,medium,Block certification release until missing evidence is resolved,2026-06-06
L06834,E06834,cert-enterprise-ai-safety,Certification Ready,True,False,Required module missing,medium,Block certification release until missing evidence is resolved,2026-06-06
L06836,E06836,cert-enterprise-ai-safety,Certification Ready,True,False,Required module missing; Required lab missing; Manager approval missing,high,Block certification release until missing evidence is resolved,2026-06-06
L06837,E06837,cert-enterprise-ai-safety,Certification Ready,True,False,Required module missing; Required lab missing; Assessment below 80,high,Block certification release until missing evidence is resolved,2026-06-06
L06838,E06838,cert-enterprise-ai-safety,Certification Ready,True,False,Required module missing; Required lab missing; Manager approval missing,high,Block certification release until missing evidence is resolved,2026-06-06
L06840,E06840,cert-enterprise-ai-safety,Certification Ready,True,False,Required module missing,medium,Block certification release until missing evidence is resolved,2026-06-06
L06842,E06842,cert-enterprise-ai-safety,Certification Ready,True,False,HR eligibility missing; Required lab missing; Manager approval missing,high,Block certification release until missing evidence is resolved,2026-06-06
L06844,E06844,cert-enterprise-ai-safety,Certification Ready,True,False,Required module missing; Manager approval missing,high,Block certification release until missing evidence is resolved,2026-06-06
L06846,E06846,cert-enterprise-ai-safety,Certification Ready,True,False,Required module missing; Required lab missing,high,Block certification release until missing evidence is resolved,2026-06-06
L06847,E06847,cert-enterprise-ai-safety,Certification Ready,True,False,Required module missing; Required lab missing; Assessment below 80,high,Block certification release until missing evidence is resolved,2026-06-06
L06848,E06848,cert-enterprise-ai-safety,Certification Ready,True,False,Required lab missing,medium,Block certification release until missing evidence is resolved,2026-06-06
L06849,E06849,cert-enterprise-ai-safety,Certification Ready,True,False,Required lab missing,medium,Block certification release until missing evidence is resolved,2026-06-06
L06850,E06850,cert-enterprise-ai-safety,Certification Ready,True,False,Required lab missing; Assessment below 80,high,Block certification release until missing evidence is resolved,2026-06-06
L06851,E06851,cert-enterprise-ai-safety,Certification Ready,True,False,Required module missing; Required lab missing,high,Block certification release until missing evidence is resolved,2026-06-06
L06854,E06854,cert-enterprise-ai-safety,Certification Ready,True,False,Required module missing; Required lab missing; Manager approval missing,high,Block certification release until missing evidence is resolved,2026-06-06
L06855,E06855,cert-enterprise-ai-safety,Certification Ready,True,False,Required module missing; Required lab missing,high,Block certification release until missing evidence is resolved,2026-06-06
L06858,E06858,cert-enterprise-ai-safety,Certification Ready,True,False,Required lab missing,medium,Block certification release until missing evidence is resolved,2026-06-06
L06859,E06859,cert-enterprise-ai-safety,Certification Ready,True,False,Required lab missing; Assessment below 80,high,Block certification release until missing evidence is resolved,2026-06-06
L06860,E06860,cert-enterprise-ai-safety,Certification Ready,True,False,Required module missing; Required lab missing,high,Block certification release until missing evidence is resolved,2026-06-06
L06864,E06864,cert-enterprise-ai-safety,Certification Ready,True,False,Required module missing; Required lab missing,high,Block certification release until missing evidence is resolved,2026-06-06
L06865,E06865,cert-enterprise-ai-safety,Certification Ready,True,False,HR eligibility missing; Required module missing,high,Block certification release until missing evidence is resolved,2026-06-06
L06866,E06866,cert-enterprise-ai-safety,Certification Ready,True,False,Required lab missing; Assessment below 80,high,Block certification release until missing evidence is resolved,2026-06-06
L06869,E06869,cert-enterprise-ai-safety,Certification Ready,True,False,Required module missing,medium,Block certification release until missing evidence is resolved,2026-06-06
L06870,E06870,cert-enterprise-ai-safety,Certification Ready,True,False,Required module missing; Manager approval missing,high,Block certification release until missing evidence is resolved,2026-06-06
L06871,E06871,cert-enterprise-ai-safety,Certification Ready,True,False,Required module missing; Required lab missing; Assessment below 80,high,Block certification release until missing evidence is resolved,2026-06-06
L06874,E06874,cert-enterprise-ai-safety,Certification Ready,True,False,Required lab missing,medium,Block certification release until missing evidence is resolved,2026-06-06
L06879,E06879,cert-enterprise-ai-safety,Certification Ready,True,False,HR eligibility missing; Required module missing; Required lab missing; Assessment below 80,high,Block certification release until missing evidence is resolved,2026-06-06
L06885,E06885,cert-enterprise-ai-safety,Certification Ready,True,False,Required module missing; Required lab missing,high,Block certification release until missing evidence is resolved,2026-06-06
L06889,E06889,cert-enterprise-ai-safety,Certification Ready,True,False,HR eligibility missing; Required module missing; Required lab missing; Assessment below 80,high,Block certification release until missing evidence is resolved,2026-06-06
L06891,E06891,cert-enterprise-ai-safety,Certification Ready,True,False,Required module missing; Required lab missing; Manager approval missing,high,Block certification release until missing evidence is resolved,2026-06-06
L06892,E06892,cert-enterprise-ai-safety,Certification Ready,True,False,Required lab missing; Manager approval missing,high,Block certification release until missing evidence is resolved,2026-06-06
L06893,E06893,cert-enterprise-ai-safety,Certification Ready,True,False,Required module missing; Required lab missing; Assessment below 80,high,Block certification release until missing evidence is resolved,2026-06-06
L06894,E06894,cert-enterprise-ai-safety,Certification Ready,True,False,Required lab missing; Manager approval missing,high,Block certification release until missing evidence is resolved,2026-06-06
L06898,E06898,cert-enterprise-ai-safety,Certification Ready,True,False,Assessment below 80,medium,Block certification release until missing evidence is resolved,2026-06-06
L06900,E06900,cert-enterprise-ai-safety,Certification Ready,True,False,Required lab missing,medium,Block certification release until missing evidence is resolved,2026-06-06
L06902,E06902,cert-enterprise-ai-safety,Certification Ready,True,False,HR eligibility missing; Required module missing,high,Block certification release until missing evidence is resolved,2026-06-06
L06906,E06906,cert-enterprise-ai-safety,Certification Ready,True,False,Required module missing; Manager approval missing,high,Block certification release until missing evidence is resolved,2026-06-06
L06907,E06907,cert-enterprise-ai-safety,Certification Ready,True,False,Required lab missing,medium,Block certification release until missing evidence is resolved,2026-06-06
L06908,E06908,cert-enterprise-ai-safety,Certification Ready,True,False,Required module missing; Required lab missing,high,Block certification release until missing evidence is resolved,2026-06-06
L06909,E06909,cert-enterprise-ai-safety,Certification Ready,True,False,Required module missing; Required lab missing; Manager approval missing,high,Block certification release until missing evidence is resolved,2026-06-06
L06912,E06912,cert-enterprise-ai-safety,Certification Ready,True,False,Manager approval missing,medium,Block certification release until missing evidence is resolved,2026-06-06
L06916,E06916,cert-enterprise-ai-safety,Certification Ready,True,False,Required module missing; Required lab missing,high,Block certification release until missing evidence is resolved,2026-06-06
L06918,E06918,cert-enterprise-ai-safety,Certification Ready,True,False,Required module missing; Required lab missing,high,Block certification release until missing evidence is resolved,2026-06-06
L06919,E06919,cert-enterprise-ai-safety,Certification Ready,True,False,Required module missing,medium,Block certification release until missing evidence is resolved,2026-06-06
L06923,E06923,cert-enterprise-ai-safety,Certification Ready,True,False,Required module missing,medium,Block certification release until missing evidence is resolved,2026-06-06
L06925,E06925,cert-enterprise-ai-safety,Certification Ready,True,False,Required module missing; Manager approval missing,high,Block certification release until missing evidence is resolved,2026-06-06
L06926,E06926,cert-enterprise-ai-safety,Certification Ready,True,False,Required module missing; Manager approval missing,high,Block certification release until missing evidence is resolved,2026-06-06
L06927,E06927,cert-enterprise-ai-safety,Certification Ready,True,False,Required module missing,medium,Block certification release until missing evidence is resolved,2026-06-06
L06930,E06930,cert-enterprise-ai-safety,Certification Ready,True,False,Required module missing,medium,Block certification release until missing evidence is resolved,2026-06-06
L06931,E06931,cert-enterprise-ai-safety,Certification Ready,True,False,Required module missing,medium,Block certification release until missing evidence is resolved,2026-06-06
L06934,E06934,cert-enterprise-ai-safety,Certification Ready,True,False,Required lab missing,medium,Block certification release until missing evidence is resolved,2026-06-06
L06936,E06936,cert-enterprise-ai-safety,Certification Ready,True,False,Required module missing; Assessment below 80; Manager approval missing,high,Block certification release until missing evidence is resolved,2026-06-06
L06937,E06937,cert-enterprise-ai-safety,Certification Ready,True,False,Required module missing,medium,Block certification release until missing evidence is resolved,2026-06-06
L06942,E06942,cert-enterprise-ai-safety,Certification Ready,True,False,Manager approval missing,medium,Block certification release until missing evidence is resolved,2026-06-06
L06943,E06943,cert-enterprise-ai-safety,Certification Ready,True,False,HR eligibility missing; Required lab missing; Manager approval missing,high,Block certification release until missing evidence is resolved,2026-06-06
L06944,E06944,cert-enterprise-ai-safety,Certification Ready,True,False,Required module missing; Required lab missing,high,Block certification release until missing evidence is resolved,2026-06-06
L06946,E06946,cert-enterprise-ai-safety,Certification Ready,True,False,Required module missing; Assessment below 80,high,Block certification release until missing evidence is resolved,2026-06-06
L06950,E06950,cert-enterprise-ai-safety,Certification Ready,True,False,Required module missing; Required lab missing,high,Block certification release until missing evidence is resolved,2026-06-06
L06951,E06951,cert-enterprise-ai-safety,Certification Ready,True,False,Required lab missing; Manager approval missing,high,Block certification release until missing evidence is resolved,2026-06-06
L06952,E06952,cert-enterprise-ai-safety,Certification Ready,True,False,Required lab missing,medium,Block certification release until missing evidence is resolved,2026-06-06
L06954,E06954,cert-enterprise-ai-safety,Certification Ready,True,False,Required lab missing; Assessment below 80; Manager approval missing,high,Block certification release until missing evidence is resolved,2026-06-06
L06957,E06957,cert-enterprise-ai-safety,Certification Ready,True,False,HR eligibility missing,medium,Block certification release until missing evidence is resolved,2026-06-06
L06958,E06958,cert-enterprise-ai-safety,Certification Ready,True,False,HR eligibility missing; Required module missing; Assessment below 80,high,Block certification release until missing evidence is resolved,2026-06-06
L06959,E06959,cert-enterprise-ai-safety,Certification Ready,True,False,HR eligibility missing; Required module missing; Required lab missing,high,Block certification release until missing evidence is resolved,2026-06-06
L06961,E06961,cert-enterprise-ai-safety,Certification Ready,True,False,HR eligibility missing; Required module missing; Required lab missing; Assessment below 80,high,Block certification release until missing evidence is resolved,2026-06-06
L06962,E06962,cert-enterprise-ai-safety,Certification Ready,True,False,Required module missing; Required lab missing; Assessment below 80,high,Block certification release until missing evidence is resolved,2026-06-06
L06963,E06963,cert-enterprise-ai-safety,Certification Ready,True,False,Required lab missing,medium,Block certification release until missing evidence is resolved,2026-06-06
L06964,E06964,cert-enterprise-ai-safety,Certification Ready,True,False,Required lab missing,medium,Block certification release until missing evidence is resolved,2026-06-06
L06967,E06967,cert-enterprise-ai-safety,Certification Ready,True,False,Required lab missing,medium,Block certification release until missing evidence is resolved,2026-06-06
L06968,E06968,cert-enterprise-ai-safety,Certification Ready,True,False,Required module missing; Required lab missing; Assessment below 80,high,Block certification release until missing evidence is resolved,2026-06-06
L06971,E06971,cert-enterprise-ai-safety,Certification Ready,True,False,Required module missing,medium,Block certification release until missing evidence is resolved,2026-06-06
L06973,E06973,cert-enterprise-ai-safety,Certification Ready,True,False,Required module missing,medium,Block certification release until missing evidence is resolved,2026-06-06
L06982,E06982,cert-enterprise-ai-safety,Certification Ready,True,False,Required lab missing,medium,Block certification release until missing evidence is resolved,2026-06-06
L06983,E06983,cert-enterprise-ai-safety,Certification Ready,True,False,Required module missing; Required lab missing; Manager approval missing,high,Block certification release until missing evidence is resolved,2026-06-06
L06986,E06986,cert-enterprise-ai-safety,Certification Ready,True,False,Required lab missing,medium,Block certification release until missing evidence is resolved,2026-06-06
L06988,E06988,cert-enterprise-ai-safety,Certification Ready,True,False,Manager approval missing,medium,Block certification release until missing evidence is resolved,2026-06-06
L06989,E06989,cert-enterprise-ai-safety,Certification Ready,True,False,Required module missing; Assessment below 80,high,Block certification release until missing evidence is resolved,2026-06-06
L06993,E06993,cert-enterprise-ai-safety,Certification Ready,True,False,Required lab missing; Assessment below 80; Manager approval missing,high,Block certification release until missing evidence is resolved,2026-06-06
L06995,E06995,cert-enterprise-ai-safety,Certification Ready,True,False,Required module missing; Required lab missing,high,Block certification release until missing evidence is resolved,2026-06-06
L06997,E06997,cert-enterprise-ai-safety,Certification Ready,True,False,Required module missing; Required lab missing,high,Block certification release until missing evidence is resolved,2026-06-06
L06998,E06998,cert-enterprise-ai-safety,Certification Ready,True,False,HR eligibility missing; Required module missing,high,Block certification release until missing evidence is resolved,2026-06-06
L07005,E07005,cert-enterprise-ai-safety,Certification Ready,True,False,Required lab missing,medium,Block certification release until missing evidence is resolved,2026-06-06
L07010,E07010,cert-enterprise-ai-safety,Certification Ready,True,False,Manager approval missing,medium,Block certification release until missing evidence is resolved,2026-06-06
L07011,E07011,cert-enterprise-ai-safety,Certification Ready,True,False,Required module missing; Assessment below 80,high,Block certification release until missing evidence is resolved,2026-06-06
L07012,E07012,cert-enterprise-ai-safety,Certification Ready,True,False,Required lab missing; Manager approval missing,high,Block certification release until missing evidence is resolved,2026-06-06
L07015,E07015,cert-enterprise-ai-safety,Certification Ready,True,False,Required module missing,medium,Block certification release until missing evidence is resolved,2026-06-06
L07019,E07019,cert-enterprise-ai-safety,Certification Ready,True,False,Required module missing; Required lab missing,high,Block certification release until missing evidence is resolved,2026-06-06
L07021,E07021,cert-enterprise-ai-safety,Certification Ready,True,False,Required module missing; Required lab missing,high,Block certification release until missing evidence is resolved,2026-06-06
L07024,E07024,cert-enterprise-ai-safety,Certification Ready,True,False,Required module missing; Required lab missing,high,Block certification release until missing evidence is resolved,2026-06-06
L07026,E07026,cert-enterprise-ai-safety,Certification Ready,True,False,Required module missing; Required lab missing,high,Block certification release until missing evidence is resolved,2026-06-06
L07029,E07029,cert-enterprise-ai-safety,Certification Ready,True,False,Required lab missing,medium,Block certification release until missing evidence is resolved,2026-06-06
L07030,E07030,cert-enterprise-ai-safety,Certification Ready,True,False,Required lab missing; Manager approval missing,high,Block certification release until missing evidence is resolved,2026-06-06
L07031,E07031,cert-enterprise-ai-safety,Certification Ready,True,False,HR eligibility missing; Required lab missing,high,Block certification release until missing evidence is resolved,2026-06-06
L07033,E07033,cert-enterprise-ai-safety,Certification Ready,True,False,Required lab missing,medium,Block certification release until missing evidence is resolved,2026-06-06
L07034,E07034,cert-enterprise-ai-safety,Certification Ready,True,False,Required module missing,medium,Block certification release until missing evidence is resolved,2026-06-06
L07036,E07036,cert-enterprise-ai-safety,Certification Ready,True,False,Required module missing; Required lab missing,high,Block certification release until missing evidence is resolved,2026-06-06
L07042,E07042,cert-enterprise-ai-safety,Certification Ready,True,False,Required module missing; Required lab missing,high,Block certification release until missing evidence is resolved,2026-06-06
L07043,E07043,cert-enterprise-ai-safety,Certification Ready,True,False,Required module missing; Required lab missing; Manager approval missing,high,Block certification release until missing evidence is resolved,2026-06-06
L07045,E07045,cert-enterprise-ai-safety,Certification Ready,True,False,Required module missing; Required lab missing,high,Block certification release until missing evidence is resolved,2026-06-06
L07047,E07047,cert-enterprise-ai-safety,Certification Ready,True,False,Required module missing,medium,Block certification release until missing evidence is resolved,2026-06-06
L07050,E07050,cert-enterprise-ai-safety,Certification Ready,True,False,Required lab missing; Manager approval missing,high,Block certification release until missing evidence is resolved,2026-06-06
L07051,E07051,cert-enterprise-ai-safety,Certification Ready,True,False,Manager approval missing,medium,Block certification release until missing evidence is resolved,2026-06-06
L07059,E07059,cert-enterprise-ai-safety,Certification Ready,True,False,Required lab missing,medium,Block certification release until missing evidence is resolved,2026-06-06
L07062,E07062,cert-enterprise-ai-safety,Certification Ready,True,False,Required module missing; Required lab missing; Manager approval missing,high,Block certification release until missing evidence is resolved,2026-06-06
L07063,E07063,cert-enterprise-ai-safety,Certification Ready,True,False,Required module missing; Required lab missing; Manager approval missing,high,Block certification release until missing evidence is resolved,2026-06-06
L07064,E07064,cert-enterprise-ai-safety,Certification Ready,True,False,Assessment below 80,medium,Block certification release until missing evidence is resolved,2026-06-06
L07069,E07069,cert-enterprise-ai-safety,Certification Ready,True,False,Required module missing; Required lab missing,high,Block certification release until missing evidence is resolved,2026-06-06
L07070,E07070,cert-enterprise-ai-safety,Certification Ready,True,False,Manager approval missing,medium,Block certification release until missing evidence is resolved,2026-06-06
L07071,E07071,cert-enterprise-ai-safety,Certification Ready,True,False,HR eligibility missing; Required module missing; Manager approval missing,high,Block certification release until missing evidence is resolved,2026-06-06
L07072,E07072,cert-enterprise-ai-safety,Certification Ready,True,False,Required module missing; Required lab missing,high,Block certification release until missing evidence is resolved,2026-06-06
L07073,E07073,cert-enterprise-ai-safety,Certification Ready,True,False,Required module missing; Manager approval missing,high,Block certification release until missing evidence is resolved,2026-06-06
L07074,E07074,cert-enterprise-ai-safety,Certification Ready,True,False,HR eligibility missing; Required module missing; Required lab missing; Manager approval missing,high,Block certification release until missing evidence is resolved,2026-06-06
L07078,E07078,cert-enterprise-ai-safety,Certification Ready,True,False,Required lab missing,medium,Block certification release until missing evidence is resolved,2026-06-06
L07080,E07080,cert-enterprise-ai-safety,Certification Ready,True,False,HR eligibility missing; Assessment below 80,high,Block certification release until missing evidence is resolved,2026-06-06
L07081,E07081,cert-enterprise-ai-safety,Certification Ready,True,False,Required module missing; Required lab missing,high,Block certification release until missing evidence is resolved,2026-06-06
L07083,E07083,cert-enterprise-ai-safety,Certification Ready,True,False,Manager approval missing,medium,Block certification release until missing evidence is resolved,2026-06-06
L07088,E07088,cert-enterprise-ai-safety,Certification Ready,True,False,Required lab missing; Assessment below 80,high,Block certification release until missing evidence is resolved,2026-06-06
L07091,E07091,cert-enterprise-ai-safety,Certification Ready,True,False,Required module missing,medium,Block certification release until missing evidence is resolved,2026-06-06
L07092,E07092,cert-enterprise-ai-safety,Certification Ready,True,False,Manager approval missing,medium,Block certification release until missing evidence is resolved,2026-06-06
L07093,E07093,cert-enterprise-ai-safety,Certification Ready,True,False,Required lab missing,medium,Block certification release until missing evidence is resolved,2026-06-06
L07094,E07094,cert-enterprise-ai-safety,Certification Ready,True,False,Required module missing; Manager approval missing,high,Block certification release until missing evidence is resolved,2026-06-06
L07096,E07096,cert-enterprise-ai-safety,Certification Ready,True,False,Required lab missing,medium,Block certification release until missing evidence is resolved,2026-06-06
L07099,E07099,cert-enterprise-ai-safety,Certification Ready,True,False,Required lab missing; Manager approval missing,high,Block certification release until missing evidence is resolved,2026-06-06
L07100,E07100,cert-enterprise-ai-safety,Certification Ready,True,False,Required module missing; Required lab missing,high,Block certification release until missing evidence is resolved,2026-06-06
L07101,E07101,cert-enterprise-ai-safety,Certification Ready,True,False,Required module missing; Required lab missing; Assessment below 80,high,Block certification release until missing evidence is resolved,2026-06-06
L07103,E07103,cert-enterprise-ai-safety,Certification Ready,True,False,Required module missing; Required lab missing; Manager approval missing,high,Block certification release until missing evidence is resolved,2026-06-06
L07105,E07105,cert-enterprise-ai-safety,Certification Ready,True,False,Required module missing; Required lab missing,high,Block certification release until missing evidence is resolved,2026-06-06
L07106,E07106,cert-enterprise-ai-safety,Certification Ready,True,False,Required lab missing,medium,Block certification release until missing evidence is resolved,2026-06-06
L07107,E07107,cert-enterprise-ai-safety,Certification Ready,True,False,Required module missing; Required lab missing; Assessment below 80,high,Block certification release until missing evidence is resolved,2026-06-06
L07112,E07112,cert-enterprise-ai-safety,Certification Ready,True,False,Required module missing; Assessment below 80,high,Block certification release until missing evidence is resolved,2026-06-06
L07113,E07113,cert-enterprise-ai-safety,Certification Ready,True,False,Required module missing,medium,Block certification release until missing evidence is resolved,2026-06-06
L07116,E07116,cert-enterprise-ai-safety,Certification Ready,True,False,HR eligibility missing,medium,Block certification release until missing evidence is resolved,2026-06-06
L07120,E07120,cert-enterprise-ai-safety,Certification Ready,True,False,Required lab missing; Manager approval missing,high,Block certification release until missing evidence is resolved,2026-06-06
L07128,E07128,cert-enterprise-ai-safety,Certification Ready,True,False,Required module missing; Required lab missing,high,Block certification release until missing evidence is resolved,2026-06-06
L07130,E07130,cert-enterprise-ai-safety,Certification Ready,True,False,Required module missing; Required lab missing; Assessment below 80,high,Block certification release until missing evidence is resolved,2026-06-06
L07134,E07134,cert-enterprise-ai-safety,Certification Ready,True,False,Required lab missing,medium,Block certification release until missing evidence is resolved,2026-06-06
L07137,E07137,cert-enterprise-ai-safety,Certification Ready,True,False,Manager approval missing,medium,Block certification release until missing evidence is resolved,2026-06-06
L07138,E07138,cert-enterprise-ai-safety,Certification Ready,True,False,Required module missing; Required lab missing,high,Block certification release until missing evidence is resolved,2026-06-06
L07142,E07142,cert-enterprise-ai-safety,Certification Ready,True,False,HR eligibility missing,medium,Block certification release until missing evidence is resolved,2026-06-06
L07149,E07149,cert-enterprise-ai-safety,Certification Ready,True,False,Required lab missing,medium,Block certification release until missing evidence is resolved,2026-06-06
L07150,E07150,cert-enterprise-ai-safety,Certification Ready,True,False,HR eligibility missing; Manager approval missing,high,Block certification release until missing evidence is resolved,2026-06-06
L07155,E07155,cert-enterprise-ai-safety,Certification Ready,True,False,Required module missing; Required lab missing; Assessment below 80,high,Block certification release until missing evidence is resolved,2026-06-06
L07159,E07159,cert-enterprise-ai-safety,Certification Ready,True,False,Manager approval missing,medium,Block certification release until missing evidence is resolved,2026-06-06
L07161,E07161,cert-enterprise-ai-safety,Certification Ready,True,False,Required module missing,medium,Block certification release until missing evidence is resolved,2026-06-06
L07162,E07162,cert-enterprise-ai-safety,Certification Ready,True,False,Required module missing; Required lab missing,high,Block certification release until missing evidence is resolved,2026-06-06
L07163,E07163,cert-enterprise-ai-safety,Certification Ready,True,False,Assessment below 80,medium,Block certification release until missing evidence is resolved,2026-06-06
L07165,E07165,cert-enterprise-ai-safety,Certification Ready,True,False,Required module missing; Required lab missing,high,Block certification release until missing evidence is resolved,2026-06-06
L07166,E07166,cert-enterprise-ai-safety,Certification Ready,True,False,Required module missing; Required lab missing,high,Block certification release until missing evidence is resolved,2026-06-06
L07167,E07167,cert-enterprise-ai-safety,Certification Ready,True,False,Manager approval missing,medium,Block certification release until missing evidence is resolved,2026-06-06
L07170,E07170,cert-enterprise-ai-safety,Certification Ready,True,False,Required module missing; Required lab missing; Manager approval missing,high,Block certification release until missing evidence is resolved,2026-06-06
L07172,E07172,cert-enterprise-ai-safety,Certification Ready,True,False,Required lab missing; Assessment below 80,high,Block certification release until missing evidence is resolved,2026-06-06
L07174,E07174,cert-enterprise-ai-safety,Certification Ready,True,False,Required lab missing,medium,Block certification release until missing evidence is resolved,2026-06-06
L07175,E07175,cert-enterprise-ai-safety,Certification Ready,True,False,Required lab missing,medium,Block certification release until missing evidence is resolved,2026-06-06
L07181,E07181,cert-enterprise-ai-safety,Certification Ready,True,False,Required lab missing,medium,Block certification release until missing evidence is resolved,2026-06-06
L07184,E07184,cert-enterprise-ai-safety,Certification Ready,True,False,Assessment below 80,medium,Block certification release until missing evidence is resolved,2026-06-06
L07185,E07185,cert-enterprise-ai-safety,Certification Ready,True,False,Required module missing; Required lab missing,high,Block certification release until missing evidence is resolved,2026-06-06
L07186,E07186,cert-enterprise-ai-safety,Certification Ready,True,False,Manager approval missing,medium,Block certification release until missing evidence is resolved,2026-06-06
L07187,E07187,cert-enterprise-ai-safety,Certification Ready,True,False,HR eligibility missing,medium,Block certification release until missing evidence is resolved,2026-06-06
L07188,E07188,cert-enterprise-ai-safety,Certification Ready,True,False,Required lab missing,medium,Block certification release until missing evidence is resolved,2026-06-06
L07190,E07190,cert-enterprise-ai-safety,Certification Ready,True,False,Required module missing,medium,Block certification release until missing evidence is resolved,2026-06-06
L07191,E07191,cert-enterprise-ai-safety,Certification Ready,True,False,HR eligibility missing; Required module missing; Required lab missing; Assessment below 80,high,Block certification release until missing evidence is resolved,2026-06-06
L07193,E07193,cert-enterprise-ai-safety,Certification Ready,True,False,Required module missing; Required lab missing,high,Block certification release until missing evidence is resolved,2026-06-06
L07194,E07194,cert-enterprise-ai-safety,Certification Ready,True,False,Manager approval missing,medium,Block certification release until missing evidence is resolved,2026-06-06
L07198,E07198,cert-enterprise-ai-safety,Certification Ready,True,False,Manager approval missing,medium,Block certification release until missing evidence is resolved,2026-06-06
L07199,E07199,cert-enterprise-ai-safety,Certification Ready,True,False,Required module missing; Required lab missing; Manager approval missing,high,Block certification release until missing evidence is resolved,2026-06-06
L07201,E07201,cert-enterprise-ai-safety,Certification Ready,True,False,Required module missing; Required lab missing,high,Block certification release until missing evidence is resolved,2026-06-06
L07203,E07203,cert-enterprise-ai-safety,Certification Ready,True,False,Required lab missing; Assessment below 80,high,Block certification release until missing evidence is resolved,2026-06-06
L07204,E07204,cert-enterprise-ai-safety,Certification Ready,True,False,Required module missing,medium,Block certification release until missing evidence is resolved,2026-06-06
L07207,E07207,cert-enterprise-ai-safety,Certification Ready,True,False,Required module missing; Required lab missing; Manager approval missing,high,Block certification release until missing evidence is resolved,2026-06-06
L07209,E07209,cert-enterprise-ai-safety,Certification Ready,True,False,HR eligibility missing; Required module missing; Assessment below 80,high,Block certification release until missing evidence is resolved,2026-06-06
L07210,E07210,cert-enterprise-ai-safety,Certification Ready,True,False,Required lab missing,medium,Block certification release until missing evidence is resolved,2026-06-06
L07219,E07219,cert-enterprise-ai-safety,Certification Ready,True,False,Assessment below 80; Manager approval missing,high,Block certification release until missing evidence is resolved,2026-06-06
L07221,E07221,cert-enterprise-ai-safety,Certification Ready,True,False,HR eligibility missing; Manager approval missing,high,Block certification release until missing evidence is resolved,2026-06-06
L07223,E07223,cert-enterprise-ai-safety,Certification Ready,True,False,Required module missing,medium,Block certification release until missing evidence is resolved,2026-06-06
L07227,E07227,cert-enterprise-ai-safety,Certification Ready,True,False,Required module missing; Manager approval missing,high,Block certification release until missing evidence is resolved,2026-06-06
L07228,E07228,cert-enterprise-ai-safety,Certification Ready,True,False,Required lab missing,medium,Block certification release until missing evidence is resolved,2026-06-06
L07230,E07230,cert-enterprise-ai-safety,Certification Ready,True,False,Required module missing,medium,Block certification release until missing evidence is resolved,2026-06-06
L07231,E07231,cert-enterprise-ai-safety,Certification Ready,True,False,HR eligibility missing; Required module missing,high,Block certification release until missing evidence is resolved,2026-06-06
L07232,E07232,cert-enterprise-ai-safety,Certification Ready,True,False,Required module missing,medium,Block certification release until missing evidence is resolved,2026-06-06
L07233,E07233,cert-enterprise-ai-safety,Certification Ready,True,False,Required lab missing,medium,Block certification release until missing evidence is resolved,2026-06-06
L07234,E07234,cert-enterprise-ai-safety,Certification Ready,True,False,Assessment below 80,medium,Block certification release until missing evidence is resolved,2026-06-06
L07238,E07238,cert-enterprise-ai-safety,Certification Ready,True,False,Manager approval missing,medium,Block certification release until missing evidence is resolved,2026-06-06
L07240,E07240,cert-enterprise-ai-safety,Certification Ready,True,False,Required module missing; Required lab missing,high,Block certification release until missing evidence is resolved,2026-06-06
L07241,E07241,cert-enterprise-ai-safety,Certification Ready,True,False,Required module missing; Assessment below 80,high,Block certification release until missing evidence is resolved,2026-06-06
L07242,E07242,cert-enterprise-ai-safety,Certification Ready,True,False,Required module missing,medium,Block certification release until missing evidence is resolved,2026-06-06
L07243,E07243,cert-enterprise-ai-safety,Certification Ready,True,False,Required module missing; Required lab missing,high,Block certification release until missing evidence is resolved,2026-06-06
L07245,E07245,cert-enterprise-ai-safety,Certification Ready,True,False,Required module missing; Manager approval missing,high,Block certification release until missing evidence is resolved,2026-06-06
L07246,E07246,cert-enterprise-ai-safety,Certification Ready,True,False,Required module missing; Required lab missing,high,Block certification release until missing evidence is resolved,2026-06-06
L07247,E07247,cert-enterprise-ai-safety,Certification Ready,True,False,Required module missing; Required lab missing,high,Block certification release until missing evidence is resolved,2026-06-06
L07249,E07249,cert-enterprise-ai-safety,Certification Ready,True,False,Required module missing; Required lab missing; Manager approval missing,high,Block certification release until missing evidence is resolved,2026-06-06
L07251,E07251,cert-enterprise-ai-safety,Certification Ready,True,False,Required module missing; Required lab missing,high,Block certification release until missing evidence is resolved,2026-06-06
L07254,E07254,cert-enterprise-ai-safety,Certification Ready,True,False,Required lab missing,medium,Block certification release until missing evidence is resolved,2026-06-06
L07258,E07258,cert-enterprise-ai-safety,Certification Ready,True,False,Required module missing; Required lab missing; Assessment below 80; Manager approval missing,high,Block certification release until missing evidence is resolved,2026-06-06
L07259,E07259,cert-enterprise-ai-safety,Certification Ready,True,False,HR eligibility missing; Required lab missing; Manager approval missing,high,Block certification release until missing evidence is resolved,2026-06-06
L07260,E07260,cert-enterprise-ai-safety,Certification Ready,True,False,Required module missing; Required lab missing; Manager approval missing,high,Block certification release until missing evidence is resolved,2026-06-06
L07261,E07261,cert-enterprise-ai-safety,Certification Ready,True,False,Required module missing; Required lab missing,high,Block certification release until missing evidence is resolved,2026-06-06
L07267,E07267,cert-enterprise-ai-safety,Certification Ready,True,False,Required module missing,medium,Block certification release until missing evidence is resolved,2026-06-06
L07268,E07268,cert-enterprise-ai-safety,Certification Ready,True,False,Required lab missing,medium,Block certification release until missing evidence is resolved,2026-06-06
L07269,E07269,cert-enterprise-ai-safety,Certification Ready,True,False,Required module missing,medium,Block certification release until missing evidence is resolved,2026-06-06
L07270,E07270,cert-enterprise-ai-safety,Certification Ready,True,False,HR eligibility missing; Required lab missing; Manager approval missing,high,Block certification release until missing evidence is resolved,2026-06-06
L07272,E07272,cert-enterprise-ai-safety,Certification Ready,True,False,HR eligibility missing; Required lab missing,high,Block certification release until missing evidence is resolved,2026-06-06
L07275,E07275,cert-enterprise-ai-safety,Certification Ready,True,False,Required module missing; Required lab missing; Assessment below 80,high,Block certification release until missing evidence is resolved,2026-06-06
L07276,E07276,cert-enterprise-ai-safety,Certification Ready,True,False,Required module missing; Required lab missing; Manager approval missing,high,Block certification release until missing evidence is resolved,2026-06-06
L07279,E07279,cert-enterprise-ai-safety,Certification Ready,True,False,HR eligibility missing; Required module missing,high,Block certification release until missing evidence is resolved,2026-06-06
L07281,E07281,cert-enterprise-ai-safety,Certification Ready,True,False,Required module missing,medium,Block certification release until missing evidence is resolved,2026-06-06
L07282,E07282,cert-enterprise-ai-safety,Certification Ready,True,False,Required lab missing; Manager approval missing,high,Block certification release until missing evidence is resolved,2026-06-06
L07283,E07283,cert-enterprise-ai-safety,Certification Ready,True,False,Required lab missing; Assessment below 80,high,Block certification release until missing evidence is resolved,2026-06-06
L07285,E07285,cert-enterprise-ai-safety,Certification Ready,True,False,Required module missing,medium,Block certification release until missing evidence is resolved,2026-06-06
L07286,E07286,cert-enterprise-ai-safety,Certification Ready,True,False,Required module missing,medium,Block certification release until missing evidence is resolved,2026-06-06
L07290,E07290,cert-enterprise-ai-safety,Certification Ready,True,False,Required module missing; Required lab missing; Assessment below 80,high,Block certification release until missing evidence is resolved,2026-06-06
L07294,E07294,cert-enterprise-ai-safety,Certification Ready,True,False,Required module missing; Required lab missing; Manager approval missing,high,Block certification release until missing evidence is resolved,2026-06-06
L07298,E07298,cert-enterprise-ai-safety,Certification Ready,True,False,Required module missing,medium,Block certification release until missing evidence is resolved,2026-06-06
L07300,E07300,cert-enterprise-ai-safety,Certification Ready,True,False,HR eligibility missing,medium,Block certification release until missing evidence is resolved,2026-06-06
L07301,E07301,cert-enterprise-ai-safety,Certification Ready,True,False,Manager approval missing,medium,Block certification release until missing evidence is resolved,2026-06-06
L07302,E07302,cert-enterprise-ai-safety,Certification Ready,True,False,Required module missing,medium,Block certification release until missing evidence is resolved,2026-06-06
L07303,E07303,cert-enterprise-ai-safety,Certification Ready,True,False,Required lab missing; Assessment below 80,high,Block certification release until missing evidence is resolved,2026-06-06
L07309,E07309,cert-enterprise-ai-safety,Certification Ready,True,False,HR eligibility missing; Required module missing; Required lab missing; Assessment below 80,high,Block certification release until missing evidence is resolved,2026-06-06
L07310,E07310,cert-enterprise-ai-safety,Certification Ready,True,False,Required lab missing; Assessment below 80,high,Block certification release until missing evidence is resolved,2026-06-06
L07311,E07311,cert-enterprise-ai-safety,Certification Ready,True,False,Required lab missing; Assessment below 80; Manager approval missing,high,Block certification release until missing evidence is resolved,2026-06-06
L07313,E07313,cert-enterprise-ai-safety,Certification Ready,True,False,Required module missing; Required lab missing,high,Block certification release until missing evidence is resolved,2026-06-06
L07315,E07315,cert-enterprise-ai-safety,Certification Ready,True,False,Required module missing,medium,Block certification release until missing evidence is resolved,2026-06-06
L07321,E07321,cert-enterprise-ai-safety,Certification Ready,True,False,Required module missing,medium,Block certification release until missing evidence is resolved,2026-06-06
L07326,E07326,cert-enterprise-ai-safety,Certification Ready,True,False,Required lab missing,medium,Block certification release until missing evidence is resolved,2026-06-06
L07327,E07327,cert-enterprise-ai-safety,Certification Ready,True,False,HR eligibility missing; Required lab missing,high,Block certification release until missing evidence is resolved,2026-06-06
L07328,E07328,cert-enterprise-ai-safety,Certification Ready,True,False,Manager approval missing,medium,Block certification release until missing evidence is resolved,2026-06-06
L07331,E07331,cert-enterprise-ai-safety,Certification Ready,True,False,Required lab missing; Assessment below 80; Manager approval missing,high,Block certification release until missing evidence is resolved,2026-06-06
L07332,E07332,cert-enterprise-ai-safety,Certification Ready,True,False,Required lab missing; Manager approval missing,high,Block certification release until missing evidence is resolved,2026-06-06
L07333,E07333,cert-enterprise-ai-safety,Certification Ready,True,False,Required lab missing; Manager approval missing,high,Block certification release until missing evidence is resolved,2026-06-06
L07340,E07340,cert-enterprise-ai-safety,Certification Ready,True,False,Required module missing; Required lab missing,high,Block certification release until missing evidence is resolved,2026-06-06
L07343,E07343,cert-enterprise-ai-safety,Certification Ready,True,False,HR eligibility missing; Required lab missing; Manager approval missing,high,Block certification release until missing evidence is resolved,2026-06-06
L07344,E07344,cert-enterprise-ai-safety,Certification Ready,True,False,Required lab missing,medium,Block certification release until missing evidence is resolved,2026-06-06
L07345,E07345,cert-enterprise-ai-safety,Certification Ready,True,False,Assessment below 80,medium,Block certification release until missing evidence is resolved,2026-06-06
L07348,E07348,cert-enterprise-ai-safety,Certification Ready,True,False,Required lab missing,medium,Block certification release until missing evidence is resolved,2026-06-06
L07350,E07350,cert-enterprise-ai-safety,Certification Ready,True,False,Required lab missing,medium,Block certification release until missing evidence is resolved,2026-06-06
L07353,E07353,cert-enterprise-ai-safety,Certification Ready,True,False,Required module missing; Required lab missing; Assessment below 80,high,Block certification release until missing evidence is resolved,2026-06-06
L07354,E07354,cert-enterprise-ai-safety,Certification Ready,True,False,HR eligibility missing,medium,Block certification release until missing evidence is resolved,2026-06-06
L07355,E07355,cert-enterprise-ai-safety,Certification Ready,True,False,Manager approval missing,medium,Block certification release until missing evidence is resolved,2026-06-06
L07357,E07357,cert-enterprise-ai-safety,Certification Ready,True,False,HR eligibility missing; Required module missing,high,Block certification release until missing evidence is resolved,2026-06-06
L07363,E07363,cert-enterprise-ai-safety,Certification Ready,True,False,Required lab missing,medium,Block certification release until missing evidence is resolved,2026-06-06
L07364,E07364,cert-enterprise-ai-safety,Certification Ready,True,False,Required module missing; Assessment below 80,high,Block certification release until missing evidence is resolved,2026-06-06
L07365,E07365,cert-enterprise-ai-safety,Certification Ready,True,False,Required lab missing; Assessment below 80,high,Block certification release until missing evidence is resolved,2026-06-06
L07367,E07367,cert-enterprise-ai-safety,Certification Ready,True,False,HR eligibility missing; Required module missing; Assessment below 80; Manager approval missing,high,Block certification release until missing evidence is resolved,2026-06-06
L07369,E07369,cert-enterprise-ai-safety,Certification Ready,True,False,Required lab missing,medium,Block certification release until missing evidence is resolved,2026-06-06
L07370,E07370,cert-enterprise-ai-safety,Certification Ready,True,False,Required module missing,medium,Block certification release until missing evidence is resolved,2026-06-06
L07372,E07372,cert-enterprise-ai-safety,Certification Ready,True,False,Required module missing; Required lab missing,high,Block certification release until missing evidence is resolved,2026-06-06
L07376,E07376,cert-enterprise-ai-safety,Certification Ready,True,False,Required module missing; Required lab missing; Manager approval missing,high,Block certification release until missing evidence is resolved,2026-06-06
L07385,E07385,cert-enterprise-ai-safety,Certification Ready,True,False,Required lab missing,medium,Block certification release until missing evidence is resolved,2026-06-06
L07388,E07388,cert-enterprise-ai-safety,Certification Ready,True,False,Required module missing; Required lab missing,high,Block certification release until missing evidence is resolved,2026-06-06
L07393,E07393,cert-enterprise-ai-safety,Certification Ready,True,False,Required module missing; Required lab missing; Manager approval missing,high,Block certification release until missing evidence is resolved,2026-06-06
L07401,E07401,cert-enterprise-ai-safety,Certification Ready,True,False,HR eligibility missing; Required lab missing,high,Block certification release until missing evidence is resolved,2026-06-06
L07402,E07402,cert-enterprise-ai-safety,Certification Ready,True,False,Required lab missing,medium,Block certification release until missing evidence is resolved,2026-06-06
L07403,E07403,cert-enterprise-ai-safety,Certification Ready,True,False,HR eligibility missing; Required lab missing,high,Block certification release until missing evidence is resolved,2026-06-06
L07404,E07404,cert-enterprise-ai-safety,Certification Ready,True,False,HR eligibility missing; Required module missing; Required lab missing; Assessment below 80,high,Block certification release until missing evidence is resolved,2026-06-06
L07405,E07405,cert-enterprise-ai-safety,Certification Ready,True,False,Required lab missing; Manager approval missing,high,Block certification release until missing evidence is resolved,2026-06-06
L07407,E07407,cert-enterprise-ai-safety,Certification Ready,True,False,Required module missing; Required lab missing; Assessment below 80,high,Block certification release until missing evidence is resolved,2026-06-06
L07413,E07413,cert-enterprise-ai-safety,Certification Ready,True,False,Required module missing,medium,Block certification release until missing evidence is resolved,2026-06-06
L07414,E07414,cert-enterprise-ai-safety,Certification Ready,True,False,Required lab missing,medium,Block certification release until missing evidence is resolved,2026-06-06
L07421,E07421,cert-enterprise-ai-safety,Certification Ready,True,False,Required lab missing,medium,Block certification release until missing evidence is resolved,2026-06-06
L07426,E07426,cert-enterprise-ai-safety,Certification Ready,True,False,HR eligibility missing; Required module missing; Required lab missing,high,Block certification release until missing evidence is resolved,2026-06-06
L07429,E07429,cert-enterprise-ai-safety,Certification Ready,True,False,HR eligibility missing; Required module missing; Required lab missing; Manager approval missing,high,Block certification release until missing evidence is resolved,2026-06-06
L07431,E07431,cert-enterprise-ai-safety,Certification Ready,True,False,Required lab missing,medium,Block certification release until missing evidence is resolved,2026-06-06
L07433,E07433,cert-enterprise-ai-safety,Certification Ready,True,False,HR eligibility missing; Required lab missing,high,Block certification release until missing evidence is resolved,2026-06-06
L07436,E07436,cert-enterprise-ai-safety,Certification Ready,True,False,HR eligibility missing,medium,Block certification release until missing evidence is resolved,2026-06-06
L07437,E07437,cert-enterprise-ai-safety,Certification Ready,True,False,HR eligibility missing; Required module missing,high,Block certification release until missing evidence is resolved,2026-06-06
L07438,E07438,cert-enterprise-ai-safety,Certification Ready,True,False,Required lab missing,medium,Block certification release until missing evidence is resolved,2026-06-06
L07440,E07440,cert-enterprise-ai-safety,Certification Ready,True,False,Required module missing; Required lab missing,high,Block certification release until missing evidence is resolved,2026-06-06
L07441,E07441,cert-enterprise-ai-safety,Certification Ready,True,False,HR eligibility missing; Manager approval missing,high,Block certification release until missing evidence is resolved,2026-06-06
L07447,E07447,cert-enterprise-ai-safety,Certification Ready,True,False,Required lab missing; Manager approval missing,high,Block certification release until missing evidence is resolved,2026-06-06
L07448,E07448,cert-enterprise-ai-safety,Certification Ready,True,False,Required module missing; Required lab missing,high,Block certification release until missing evidence is resolved,2026-06-06
L07451,E07451,cert-enterprise-ai-safety,Certification Ready,True,False,Assessment below 80; Manager approval missing,high,Block certification release until missing evidence is resolved,2026-06-06
L07452,E07452,cert-enterprise-ai-safety,Certification Ready,True,False,HR eligibility missing,medium,Block certification release until missing evidence is resolved,2026-06-06
L07457,E07457,cert-enterprise-ai-safety,Certification Ready,True,False,Manager approval missing,medium,Block certification release until missing evidence is resolved,2026-06-06
L07458,E07458,cert-enterprise-ai-safety,Certification Ready,True,False,Required lab missing,medium,Block certification release until missing evidence is resolved,2026-06-06
L07460,E07460,cert-enterprise-ai-safety,Certification Ready,True,False,Required lab missing,medium,Block certification release until missing evidence is resolved,2026-06-06
L07461,E07461,cert-enterprise-ai-safety,Certification Ready,True,False,HR eligibility missing,medium,Block certification release until missing evidence is resolved,2026-06-06
L07462,E07462,cert-enterprise-ai-safety,Certification Ready,True,False,Required lab missing; Manager approval missing,high,Block certification release until missing evidence is resolved,2026-06-06
L07463,E07463,cert-enterprise-ai-safety,Certification Ready,True,False,Required lab missing,medium,Block certification release until missing evidence is resolved,2026-06-06
L07465,E07465,cert-enterprise-ai-safety,Certification Ready,True,False,Required module missing; Required lab missing,high,Block certification release until missing evidence is resolved,2026-06-06
L07466,E07466,cert-enterprise-ai-safety,Certification Ready,True,False,HR eligibility missing; Required module missing,high,Block certification release until missing evidence is resolved,2026-06-06
L07469,E07469,cert-enterprise-ai-safety,Certification Ready,True,False,Assessment below 80,medium,Block certification release until missing evidence is resolved,2026-06-06
L07471,E07471,cert-enterprise-ai-safety,Certification Ready,True,False,HR eligibility missing; Required module missing,high,Block certification release until missing evidence is resolved,2026-06-06
L07472,E07472,cert-enterprise-ai-safety,Certification Ready,True,False,HR eligibility missing; Required lab missing,high,Block certification release until missing evidence is resolved,2026-06-06
L07473,E07473,cert-enterprise-ai-safety,Certification Ready,True,False,Required lab missing,medium,Block certification release until missing evidence is resolved,2026-06-06
L07477,E07477,cert-enterprise-ai-safety,Certification Ready,True,False,Required lab missing,medium,Block certification release until missing evidence is resolved,2026-06-06
L07478,E07478,cert-enterprise-ai-safety,Certification Ready,True,False,Required lab missing,medium,Block certification release until missing evidence is resolved,2026-06-06
L07479,E07479,cert-enterprise-ai-safety,Certification Ready,True,False,Required lab missing,medium,Block certification release until missing evidence is resolved,2026-06-06
L07481,E07481,cert-enterprise-ai-safety,Certification Ready,True,False,Required module missing,medium,Block certification release until missing evidence is resolved,2026-06-06
L07488,E07488,cert-enterprise-ai-safety,Certification Ready,True,False,Required module missing; Assessment below 80,high,Block certification release until missing evidence is resolved,2026-06-06
L07489,E07489,cert-enterprise-ai-safety,Certification Ready,True,False,HR eligibility missing; Required lab missing,high,Block certification release until missing evidence is resolved,2026-06-06
L07493,E07493,cert-enterprise-ai-safety,Certification Ready,True,False,HR eligibility missing; Required lab missing,high,Block certification release until missing evidence is resolved,2026-06-06
L07496,E07496,cert-enterprise-ai-safety,Certification Ready,True,False,Required lab missing; Manager approval missing,high,Block certification release until missing evidence is resolved,2026-06-06
L07498,E07498,cert-enterprise-ai-safety,Certification Ready,True,False,HR eligibility missing; Required lab missing; Assessment below 80,high,Block certification release until missing evidence is resolved,2026-06-06
L07503,E07503,cert-enterprise-ai-safety,Certification Ready,True,False,Required lab missing; Manager approval missing,high,Block certification release until missing evidence is resolved,2026-06-06
L07504,E07504,cert-enterprise-ai-safety,Certification Ready,True,False,Required module missing; Required lab missing; Assessment below 80,high,Block certification release until missing evidence is resolved,2026-06-06
L07507,E07507,cert-enterprise-ai-safety,Certification Ready,True,False,Required module missing,medium,Block certification release until missing evidence is resolved,2026-06-06
L07509,E07509,cert-enterprise-ai-safety,Certification Ready,True,False,Required module missing; Required lab missing,high,Block certification release until missing evidence is resolved,2026-06-06
L07515,E07515,cert-enterprise-ai-safety,Certification Ready,True,False,Required lab missing,medium,Block certification release until missing evidence is resolved,2026-06-06
L07518,E07518,cert-enterprise-ai-safety,Certification Ready,True,False,Required lab missing,medium,Block certification release until missing evidence is resolved,2026-06-06
L07519,E07519,cert-enterprise-ai-safety,Certification Ready,True,False,HR eligibility missing,medium,Block certification release until missing evidence is resolved,2026-06-06
L07522,E07522,cert-enterprise-ai-safety,Certification Ready,True,False,Required module missing; Required lab missing; Assessment below 80; Manager approval missing,high,Block certification release until missing evidence is resolved,2026-06-06
L07527,E07527,cert-enterprise-ai-safety,Certification Ready,True,False,Required module missing; Assessment below 80,high,Block certification release until missing evidence is resolved,2026-06-06
L07528,E07528,cert-enterprise-ai-safety,Certification Ready,True,False,Required module missing; Required lab missing; Assessment below 80,high,Block certification release until missing evidence is resolved,2026-06-06
L07530,E07530,cert-enterprise-ai-safety,Certification Ready,True,False,HR eligibility missing; Required module missing; Required lab missing,high,Block certification release until missing evidence is resolved,2026-06-06
L07533,E07533,cert-enterprise-ai-safety,Certification Ready,True,False,HR eligibility missing; Required module missing; Required lab missing,high,Block certification release until missing evidence is resolved,2026-06-06
L07534,E07534,cert-enterprise-ai-safety,Certification Ready,True,False,HR eligibility missing; Required module missing; Required lab missing; Assessment below 80; Manager approval missing,high,Block certification release until missing evidence is resolved,2026-06-06
L07537,E07537,cert-enterprise-ai-safety,Certification Ready,True,False,Required lab missing,medium,Block certification release until missing evidence is resolved,2026-06-06
L07538,E07538,cert-enterprise-ai-safety,Certification Ready,True,False,Required module missing; Required lab missing; Assessment below 80,high,Block certification release until missing evidence is resolved,2026-06-06
L07540,E07540,cert-enterprise-ai-safety,Certification Ready,True,False,Required module missing; Assessment below 80; Manager approval missing,high,Block certification release until missing evidence is resolved,2026-06-06
L07541,E07541,cert-enterprise-ai-safety,Certification Ready,True,False,Required module missing; Required lab missing; Assessment below 80,high,Block certification release until missing evidence is resolved,2026-06-06
L07542,E07542,cert-enterprise-ai-safety,Certification Ready,True,False,Assessment below 80,medium,Block certification release until missing evidence is resolved,2026-06-06
L07543,E07543,cert-enterprise-ai-safety,Certification Ready,True,False,HR eligibility missing,medium,Block certification release until missing evidence is resolved,2026-06-06
L07544,E07544,cert-enterprise-ai-safety,Certification Ready,True,False,Required module missing,medium,Block certification release until missing evidence is resolved,2026-06-06
L07546,E07546,cert-enterprise-ai-safety,Certification Ready,True,False,Required module missing; Required lab missing,high,Block certification release until missing evidence is resolved,2026-06-06
L07548,E07548,cert-enterprise-ai-safety,Certification Ready,True,False,Required module missing; Manager approval missing,high,Block certification release until missing evidence is resolved,2026-06-06
L07549,E07549,cert-enterprise-ai-safety,Certification Ready,True,False,Required module missing,medium,Block certification release until missing evidence is resolved,2026-06-06
L07550,E07550,cert-enterprise-ai-safety,Certification Ready,True,False,Required module missing; Required lab missing,high,Block certification release until missing evidence is resolved,2026-06-06
L07552,E07552,cert-enterprise-ai-safety,Certification Ready,True,False,Required lab missing,medium,Block certification release until missing evidence is resolved,2026-06-06
L07553,E07553,cert-enterprise-ai-safety,Certification Ready,True,False,Required module missing; Required lab missing,high,Block certification release until missing evidence is resolved,2026-06-06
L07555,E07555,cert-enterprise-ai-safety,Certification Ready,True,False,Required module missing; Required lab missing,high,Block certification release until missing evidence is resolved,2026-06-06
L07556,E07556,cert-enterprise-ai-safety,Certification Ready,True,False,Required module missing; Required lab missing,high,Block certification release until missing evidence is resolved,2026-06-06
L07557,E07557,cert-enterprise-ai-safety,Certification Ready,True,False,Required module missing; Required lab missing; Assessment below 80,high,Block certification release until missing evidence is resolved,2026-06-06
L07558,E07558,cert-enterprise-ai-safety,Certification Ready,True,False,Required module missing; Required lab missing,high,Block certification release until missing evidence is resolved,2026-06-06
L07561,E07561,cert-enterprise-ai-safety,Certification Ready,True,False,Manager approval missing,medium,Block certification release until missing evidence is resolved,2026-06-06
L07566,E07566,cert-enterprise-ai-safety,Certification Ready,True,False,Required module missing; Manager approval missing,high,Block certification release until missing evidence is resolved,2026-06-06
L07567,E07567,cert-enterprise-ai-safety,Certification Ready,True,False,Required lab missing; Manager approval missing,high,Block certification release until missing evidence is resolved,2026-06-06
L07572,E07572,cert-enterprise-ai-safety,Certification Ready,True,False,Required module missing,medium,Block certification release until missing evidence is resolved,2026-06-06
L07575,E07575,cert-enterprise-ai-safety,Certification Ready,True,False,Required module missing,medium,Block certification release until missing evidence is resolved,2026-06-06
L07577,E07577,cert-enterprise-ai-safety,Certification Ready,True,False,HR eligibility missing,medium,Block certification release until missing evidence is resolved,2026-06-06
L07578,E07578,cert-enterprise-ai-safety,Certification Ready,True,False,Required module missing; Required lab missing,high,Block certification release until missing evidence is resolved,2026-06-06
L07580,E07580,cert-enterprise-ai-safety,Certification Ready,True,False,Required module missing; Required lab missing,high,Block certification release until missing evidence is resolved,2026-06-06
L07582,E07582,cert-enterprise-ai-safety,Certification Ready,True,False,Required lab missing; Assessment below 80,high,Block certification release until missing evidence is resolved,2026-06-06
L07585,E07585,cert-enterprise-ai-safety,Certification Ready,True,False,Required module missing; Required lab missing,high,Block certification release until missing evidence is resolved,2026-06-06
L07586,E07586,cert-enterprise-ai-safety,Certification Ready,True,False,Manager approval missing,medium,Block certification release until missing evidence is resolved,2026-06-06
L07588,E07588,cert-enterprise-ai-safety,Certification Ready,True,False,Required lab missing; Manager approval missing,high,Block certification release until missing evidence is resolved,2026-06-06
L07591,E07591,cert-enterprise-ai-safety,Certification Ready,True,False,HR eligibility missing; Required module missing; Required lab missing,high,Block certification release until missing evidence is resolved,2026-06-06
L07593,E07593,cert-enterprise-ai-safety,Certification Ready,True,False,Required module missing,medium,Block certification release until missing evidence is resolved,2026-06-06
L07594,E07594,cert-enterprise-ai-safety,Certification Ready,True,False,Required module missing; Required lab missing; Assessment below 80,high,Block certification release until missing evidence is resolved,2026-06-06
L07596,E07596,cert-enterprise-ai-safety,Certification Ready,True,False,Required lab missing; Assessment below 80; Manager approval missing,high,Block certification release until missing evidence is resolved,2026-06-06
L07597,E07597,cert-enterprise-ai-safety,Certification Ready,True,False,HR eligibility missing; Required module missing,high,Block certification release until missing evidence is resolved,2026-06-06
L07599,E07599,cert-enterprise-ai-safety,Certification Ready,True,False,Required lab missing,medium,Block certification release until missing evidence is resolved,2026-06-06
L07604,E07604,cert-enterprise-ai-safety,Certification Ready,True,False,Assessment below 80,medium,Block certification release until missing evidence is resolved,2026-06-06
L07610,E07610,cert-enterprise-ai-safety,Certification Ready,True,False,Assessment below 80; Manager approval missing,high,Block certification release until missing evidence is resolved,2026-06-06
L07611,E07611,cert-enterprise-ai-safety,Certification Ready,True,False,Required module missing,medium,Block certification release until missing evidence is resolved,2026-06-06
L07612,E07612,cert-enterprise-ai-safety,Certification Ready,True,False,Required module missing; Required lab missing,high,Block certification release until missing evidence is resolved,2026-06-06
L07617,E07617,cert-enterprise-ai-safety,Certification Ready,True,False,Required module missing; Required lab missing; Manager approval missing,high,Block certification release until missing evidence is resolved,2026-06-06
L07619,E07619,cert-enterprise-ai-safety,Certification Ready,True,False,Required module missing; Manager approval missing,high,Block certification release until missing evidence is resolved,2026-06-06
L07625,E07625,cert-enterprise-ai-safety,Certification Ready,True,False,Required module missing; Required lab missing,high,Block certification release until missing evidence is resolved,2026-06-06
L07627,E07627,cert-enterprise-ai-safety,Certification Ready,True,False,HR eligibility missing; Manager approval missing,high,Block certification release until missing evidence is resolved,2026-06-06
L07632,E07632,cert-enterprise-ai-safety,Certification Ready,True,False,HR eligibility missing; Required module missing,high,Block certification release until missing evidence is resolved,2026-06-06
L07634,E07634,cert-enterprise-ai-safety,Certification Ready,True,False,Required module missing; Required lab missing,high,Block certification release until missing evidence is resolved,2026-06-06
L07635,E07635,cert-enterprise-ai-safety,Certification Ready,True,False,Required module missing; Required lab missing; Assessment below 80,high,Block certification release until missing evidence is resolved,2026-06-06
L07636,E07636,cert-enterprise-ai-safety,Certification Ready,True,False,Required module missing; Manager approval missing,high,Block certification release until missing evidence is resolved,2026-06-06
L07639,E07639,cert-enterprise-ai-safety,Certification Ready,True,False,Required module missing; Manager approval missing,high,Block certification release until missing evidence is resolved,2026-06-06
L07643,E07643,cert-enterprise-ai-safety,Certification Ready,True,False,Required lab missing,medium,Block certification release until missing evidence is resolved,2026-06-06
L07645,E07645,cert-enterprise-ai-safety,Certification Ready,True,False,Required module missing; Required lab missing,high,Block certification release until missing evidence is resolved,2026-06-06
L07650,E07650,cert-enterprise-ai-safety,Certification Ready,True,False,HR eligibility missing; Required module missing,high,Block certification release until missing evidence is resolved,2026-06-06
L07653,E07653,cert-enterprise-ai-safety,Certification Ready,True,False,Required module missing; Required lab missing,high,Block certification release until missing evidence is resolved,2026-06-06
L07656,E07656,cert-enterprise-ai-safety,Certification Ready,True,False,Manager approval missing,medium,Block certification release until missing evidence is resolved,2026-06-06
L07657,E07657,cert-enterprise-ai-safety,Certification Ready,True,False,HR eligibility missing; Required module missing; Required lab missing; Manager approval missing,high,Block certification release until missing evidence is resolved,2026-06-06
L07658,E07658,cert-enterprise-ai-safety,Certification Ready,True,False,Required module missing,medium,Block certification release until missing evidence is resolved,2026-06-06
L07662,E07662,cert-enterprise-ai-safety,Certification Ready,True,False,Required module missing; Required lab missing,high,Block certification release until missing evidence is resolved,2026-06-06
L07663,E07663,cert-enterprise-ai-safety,Certification Ready,True,False,Required lab missing; Assessment below 80,high,Block certification release until missing evidence is resolved,2026-06-06
L07665,E07665,cert-enterprise-ai-safety,Certification Ready,True,False,Assessment below 80,medium,Block certification release until missing evidence is resolved,2026-06-06
L07667,E07667,cert-enterprise-ai-safety,Certification Ready,True,False,Required lab missing; Manager approval missing,high,Block certification release until missing evidence is resolved,2026-06-06
L07669,E07669,cert-enterprise-ai-safety,Certification Ready,True,False,Required module missing; Required lab missing; Assessment below 80,high,Block certification release until missing evidence is resolved,2026-06-06
L07670,E07670,cert-enterprise-ai-safety,Certification Ready,True,False,Required lab missing,medium,Block certification release until missing evidence is resolved,2026-06-06
L07673,E07673,cert-enterprise-ai-safety,Certification Ready,True,False,Required module missing; Required lab missing; Assessment below 80,high,Block certification release until missing evidence is resolved,2026-06-06
L07675,E07675,cert-enterprise-ai-safety,Certification Ready,True,False,Required lab missing,medium,Block certification release until missing evidence is resolved,2026-06-06
L07676,E07676,cert-enterprise-ai-safety,Certification Ready,True,False,Required module missing; Required lab missing,high,Block certification release until missing evidence is resolved,2026-06-06
L07677,E07677,cert-enterprise-ai-safety,Certification Ready,True,False,Required lab missing,medium,Block certification release until missing evidence is resolved,2026-06-06
L07679,E07679,cert-enterprise-ai-safety,Certification Ready,True,False,Assessment below 80,medium,Block certification release until missing evidence is resolved,2026-06-06
L07680,E07680,cert-enterprise-ai-safety,Certification Ready,True,False,Required lab missing,medium,Block certification release until missing evidence is resolved,2026-06-06
L07681,E07681,cert-enterprise-ai-safety,Certification Ready,True,False,Required lab missing,medium,Block certification release until missing evidence is resolved,2026-06-06
L07683,E07683,cert-enterprise-ai-safety,Certification Ready,True,False,Required lab missing,medium,Block certification release until missing evidence is resolved,2026-06-06
L07684,E07684,cert-enterprise-ai-safety,Certification Ready,True,False,HR eligibility missing; Required module missing; Required lab missing,high,Block certification release until missing evidence is resolved,2026-06-06
L07688,E07688,cert-enterprise-ai-safety,Certification Ready,True,False,HR eligibility missing; Required lab missing,high,Block certification release until missing evidence is resolved,2026-06-06
L07689,E07689,cert-enterprise-ai-safety,Certification Ready,True,False,HR eligibility missing; Required module missing; Required lab missing; Assessment below 80,high,Block certification release until missing evidence is resolved,2026-06-06
L07691,E07691,cert-enterprise-ai-safety,Certification Ready,True,False,HR eligibility missing; Required module missing; Required lab missing,high,Block certification release until missing evidence is resolved,2026-06-06
L07694,E07694,cert-enterprise-ai-safety,Certification Ready,True,False,Required module missing; Required lab missing,high,Block certification release until missing evidence is resolved,2026-06-06
L07696,E07696,cert-enterprise-ai-safety,Certification Ready,True,False,Required lab missing,medium,Block certification release until missing evidence is resolved,2026-06-06
L07698,E07698,cert-enterprise-ai-safety,Certification Ready,True,False,HR eligibility missing,medium,Block certification release until missing evidence is resolved,2026-06-06
L07700,E07700,cert-enterprise-ai-safety,Certification Ready,True,False,Required lab missing,medium,Block certification release until missing evidence is resolved,2026-06-06
L07703,E07703,cert-enterprise-ai-safety,Certification Ready,True,False,HR eligibility missing; Required lab missing; Assessment below 80,high,Block certification release until missing evidence is resolved,2026-06-06
L07704,E07704,cert-enterprise-ai-safety,Certification Ready,True,False,Required module missing,medium,Block certification release until missing evidence is resolved,2026-06-06
L07705,E07705,cert-enterprise-ai-safety,Certification Ready,True,False,Required lab missing,medium,Block certification release until missing evidence is resolved,2026-06-06
L07713,E07713,cert-enterprise-ai-safety,Certification Ready,True,False,Required lab missing; Manager approval missing,high,Block certification release until missing evidence is resolved,2026-06-06
L07715,E07715,cert-enterprise-ai-safety,Certification Ready,True,False,Required lab missing; Assessment below 80,high,Block certification release until missing evidence is resolved,2026-06-06
L07719,E07719,cert-enterprise-ai-safety,Certification Ready,True,False,Required module missing,medium,Block certification release until missing evidence is resolved,2026-06-06
L07720,E07720,cert-enterprise-ai-safety,Certification Ready,True,False,Required lab missing,medium,Block certification release until missing evidence is resolved,2026-06-06
L07721,E07721,cert-enterprise-ai-safety,Certification Ready,True,False,Required module missing; Required lab missing,high,Block certification release until missing evidence is resolved,2026-06-06
L07724,E07724,cert-enterprise-ai-safety,Certification Ready,True,False,Required module missing,medium,Block certification release until missing evidence is resolved,2026-06-06
L07726,E07726,cert-enterprise-ai-safety,Certification Ready,True,False,Manager approval missing,medium,Block certification release until missing evidence is resolved,2026-06-06
L07732,E07732,cert-enterprise-ai-safety,Certification Ready,True,False,Required module missing; Required lab missing,high,Block certification release until missing evidence is resolved,2026-06-06
L07733,E07733,cert-enterprise-ai-safety,Certification Ready,True,False,Required module missing,medium,Block certification release until missing evidence is resolved,2026-06-06
L07735,E07735,cert-enterprise-ai-safety,Certification Ready,True,False,Required lab missing,medium,Block certification release until missing evidence is resolved,2026-06-06
L07738,E07738,cert-enterprise-ai-safety,Certification Ready,True,False,Required module missing; Required lab missing; Assessment below 80; Manager approval missing,high,Block certification release until missing evidence is resolved,2026-06-06
L07740,E07740,cert-enterprise-ai-safety,Certification Ready,True,False,Required lab missing,medium,Block certification release until missing evidence is resolved,2026-06-06
L07742,E07742,cert-enterprise-ai-safety,Certification Ready,True,False,HR eligibility missing; Required lab missing,high,Block certification release until missing evidence is resolved,2026-06-06
L07743,E07743,cert-enterprise-ai-safety,Certification Ready,True,False,Required module missing,medium,Block certification release until missing evidence is resolved,2026-06-06
L07744,E07744,cert-enterprise-ai-safety,Certification Ready,True,False,Required module missing; Required lab missing; Assessment below 80; Manager approval missing,high,Block certification release until missing evidence is resolved,2026-06-06
L07747,E07747,cert-enterprise-ai-safety,Certification Ready,True,False,Required module missing; Manager approval missing,high,Block certification release until missing evidence is resolved,2026-06-06
L07748,E07748,cert-enterprise-ai-safety,Certification Ready,True,False,Required module missing; Required lab missing,high,Block certification release until missing evidence is resolved,2026-06-06
L07752,E07752,cert-enterprise-ai-safety,Certification Ready,True,False,HR eligibility missing; Assessment below 80,high,Block certification release until missing evidence is resolved,2026-06-06
L07757,E07757,cert-enterprise-ai-safety,Certification Ready,True,False,Required lab missing; Assessment below 80,high,Block certification release until missing evidence is resolved,2026-06-06
L07758,E07758,cert-enterprise-ai-safety,Certification Ready,True,False,Assessment below 80,medium,Block certification release until missing evidence is resolved,2026-06-06
L07759,E07759,cert-enterprise-ai-safety,Certification Ready,True,False,HR eligibility missing; Required lab missing; Assessment below 80,high,Block certification release until missing evidence is resolved,2026-06-06
L07762,E07762,cert-enterprise-ai-safety,Certification Ready,True,False,Required lab missing,medium,Block certification release until missing evidence is resolved,2026-06-06
L07763,E07763,cert-enterprise-ai-safety,Certification Ready,True,False,HR eligibility missing; Required module missing,high,Block certification release until missing evidence is resolved,2026-06-06
L07764,E07764,cert-enterprise-ai-safety,Certification Ready,True,False,Required module missing; Required lab missing; Manager approval missing,high,Block certification release until missing evidence is resolved,2026-06-06
L07766,E07766,cert-enterprise-ai-safety,Certification Ready,True,False,Required lab missing; Assessment below 80,high,Block certification release until missing evidence is resolved,2026-06-06
L07768,E07768,cert-enterprise-ai-safety,Certification Ready,True,False,Required module missing; Manager approval missing,high,Block certification release until missing evidence is resolved,2026-06-06
L07769,E07769,cert-enterprise-ai-safety,Certification Ready,True,False,Required module missing; Required lab missing; Manager approval missing,high,Block certification release until missing evidence is resolved,2026-06-06
L07770,E07770,cert-enterprise-ai-safety,Certification Ready,True,False,Required lab missing; Manager approval missing,high,Block certification release until missing evidence is resolved,2026-06-06
L07771,E07771,cert-enterprise-ai-safety,Certification Ready,True,False,Required module missing; Required lab missing,high,Block certification release until missing evidence is resolved,2026-06-06
L07772,E07772,cert-enterprise-ai-safety,Certification Ready,True,False,Required lab missing; Manager approval missing,high,Block certification release until missing evidence is resolved,2026-06-06
L07774,E07774,cert-enterprise-ai-safety,Certification Ready,True,False,Required module missing; Required lab missing; Assessment below 80,high,Block certification release until missing evidence is resolved,2026-06-06
L07775,E07775,cert-enterprise-ai-safety,Certification Ready,True,False,Required module missing; Required lab missing,high,Block certification release until missing evidence is resolved,2026-06-06
L07777,E07777,cert-enterprise-ai-safety,Certification Ready,True,False,Required module missing; Required lab missing,high,Block certification release until missing evidence is resolved,2026-06-06
L07778,E07778,cert-enterprise-ai-safety,Certification Ready,True,False,Required module missing; Required lab missing; Assessment below 80,high,Block certification release until missing evidence is resolved,2026-06-06
L07779,E07779,cert-enterprise-ai-safety,Certification Ready,True,False,HR eligibility missing; Required module missing; Assessment below 80,high,Block certification release until missing evidence is resolved,2026-06-06
L07782,E07782,cert-enterprise-ai-safety,Certification Ready,True,False,HR eligibility missing,medium,Block certification release until missing evidence is resolved,2026-06-06
L07785,E07785,cert-enterprise-ai-safety,Certification Ready,True,False,Manager approval missing,medium,Block certification release until missing evidence is resolved,2026-06-06
L07786,E07786,cert-enterprise-ai-safety,Certification Ready,True,False,Required lab missing; Assessment below 80; Manager approval missing,high,Block certification release until missing evidence is resolved,2026-06-06
L07790,E07790,cert-enterprise-ai-safety,Certification Ready,True,False,Required module missing,medium,Block certification release until missing evidence is resolved,2026-06-06
L07793,E07793,cert-enterprise-ai-safety,Certification Ready,True,False,HR eligibility missing; Required lab missing; Manager approval missing,high,Block certification release until missing evidence is resolved,2026-06-06
L07794,E07794,cert-enterprise-ai-safety,Certification Ready,True,False,Required lab missing,medium,Block certification release until missing evidence is resolved,2026-06-06
L07797,E07797,cert-enterprise-ai-safety,Certification Ready,True,False,Required module missing; Required lab missing; Assessment below 80,high,Block certification release until missing evidence is resolved,2026-06-06
L07800,E07800,cert-enterprise-ai-safety,Certification Ready,True,False,Required lab missing; Assessment below 80; Manager approval missing,high,Block certification release until missing evidence is resolved,2026-06-06
L07801,E07801,cert-enterprise-ai-safety,Certification Ready,True,False,Required module missing; Required lab missing; Manager approval missing,high,Block certification release until missing evidence is resolved,2026-06-06
L07803,E07803,cert-enterprise-ai-safety,Certification Ready,True,False,Required module missing,medium,Block certification release until missing evidence is resolved,2026-06-06
L07805,E07805,cert-enterprise-ai-safety,Certification Ready,True,False,Required lab missing,medium,Block certification release until missing evidence is resolved,2026-06-06
L07806,E07806,cert-enterprise-ai-safety,Certification Ready,True,False,Required module missing; Required lab missing; Manager approval missing,high,Block certification release until missing evidence is resolved,2026-06-06
L07807,E07807,cert-enterprise-ai-safety,Certification Ready,True,False,HR eligibility missing; Required module missing; Required lab missing; Assessment below 80,high,Block certification release until missing evidence is resolved,2026-06-06
L07812,E07812,cert-enterprise-ai-safety,Certification Ready,True,False,Required module missing,medium,Block certification release until missing evidence is resolved,2026-06-06
L07813,E07813,cert-enterprise-ai-safety,Certification Ready,True,False,Required module missing,medium,Block certification release until missing evidence is resolved,2026-06-06
L07816,E07816,cert-enterprise-ai-safety,Certification Ready,True,False,Required lab missing; Assessment below 80,high,Block certification release until missing evidence is resolved,2026-06-06
L07817,E07817,cert-enterprise-ai-safety,Certification Ready,True,False,Required lab missing,medium,Block certification release until missing evidence is resolved,2026-06-06
L07818,E07818,cert-enterprise-ai-safety,Certification Ready,True,False,Required module missing,medium,Block certification release until missing evidence is resolved,2026-06-06
L07821,E07821,cert-enterprise-ai-safety,Certification Ready,True,False,Required module missing; Required lab missing; Manager approval missing,high,Block certification release until missing evidence is resolved,2026-06-06
L07825,E07825,cert-enterprise-ai-safety,Certification Ready,True,False,Required lab missing; Assessment below 80,high,Block certification release until missing evidence is resolved,2026-06-06
L07829,E07829,cert-enterprise-ai-safety,Certification Ready,True,False,HR eligibility missing; Required lab missing,high,Block certification release until missing evidence is resolved,2026-06-06
L07831,E07831,cert-enterprise-ai-safety,Certification Ready,True,False,Required module missing; Required lab missing,high,Block certification release until missing evidence is resolved,2026-06-06
L07832,E07832,cert-enterprise-ai-safety,Certification Ready,True,False,Required module missing; Assessment below 80,high,Block certification release until missing evidence is resolved,2026-06-06
L07833,E07833,cert-enterprise-ai-safety,Certification Ready,True,False,Required lab missing; Assessment below 80,high,Block certification release until missing evidence is resolved,2026-06-06
L07834,E07834,cert-enterprise-ai-safety,Certification Ready,True,False,Required module missing; Required lab missing,high,Block certification release until missing evidence is resolved,2026-06-06
L07835,E07835,cert-enterprise-ai-safety,Certification Ready,True,False,Required module missing,medium,Block certification release until missing evidence is resolved,2026-06-06
L07838,E07838,cert-enterprise-ai-safety,Certification Ready,True,False,Required lab missing,medium,Block certification release until missing evidence is resolved,2026-06-06
L07839,E07839,cert-enterprise-ai-safety,Certification Ready,True,False,Required module missing; Required lab missing,high,Block certification release until missing evidence is resolved,2026-06-06
L07846,E07846,cert-enterprise-ai-safety,Certification Ready,True,False,Required module missing,medium,Block certification release until missing evidence is resolved,2026-06-06
L07848,E07848,cert-enterprise-ai-safety,Certification Ready,True,False,Required module missing; Required lab missing; Assessment below 80,high,Block certification release until missing evidence is resolved,2026-06-06
L07850,E07850,cert-enterprise-ai-safety,Certification Ready,True,False,Required module missing,medium,Block certification release until missing evidence is resolved,2026-06-06
L07853,E07853,cert-enterprise-ai-safety,Certification Ready,True,False,Required lab missing,medium,Block certification release until missing evidence is resolved,2026-06-06
L07855,E07855,cert-enterprise-ai-safety,Certification Ready,True,False,Required module missing; Required lab missing,high,Block certification release until missing evidence is resolved,2026-06-06
L07856,E07856,cert-enterprise-ai-safety,Certification Ready,True,False,Required module missing; Assessment below 80; Manager approval missing,high,Block certification release until missing evidence is resolved,2026-06-06
L07858,E07858,cert-enterprise-ai-safety,Certification Ready,True,False,HR eligibility missing; Required lab missing,high,Block certification release until missing evidence is resolved,2026-06-06
L07860,E07860,cert-enterprise-ai-safety,Certification Ready,True,False,Required lab missing,medium,Block certification release until missing evidence is resolved,2026-06-06
L07862,E07862,cert-enterprise-ai-safety,Certification Ready,True,False,Required module missing; Required lab missing,high,Block certification release until missing evidence is resolved,2026-06-06
L07863,E07863,cert-enterprise-ai-safety,Certification Ready,True,False,Required module missing; Required lab missing,high,Block certification release until missing evidence is resolved,2026-06-06
L07865,E07865,cert-enterprise-ai-safety,Certification Ready,True,False,Required module missing; Required lab missing,high,Block certification release until missing evidence is resolved,2026-06-06
L07869,E07869,cert-enterprise-ai-safety,Certification Ready,True,False,Required module missing; Required lab missing; Assessment below 80; Manager approval missing,high,Block certification release until missing evidence is resolved,2026-06-06
L07873,E07873,cert-enterprise-ai-safety,Certification Ready,True,False,Required lab missing,medium,Block certification release until missing evidence is resolved,2026-06-06
L07879,E07879,cert-enterprise-ai-safety,Certification Ready,True,False,Required module missing; Assessment below 80,high,Block certification release until missing evidence is resolved,2026-06-06
L07880,E07880,cert-enterprise-ai-safety,Certification Ready,True,False,Required lab missing,medium,Block certification release until missing evidence is resolved,2026-06-06
L07882,E07882,cert-enterprise-ai-safety,Certification Ready,True,False,HR eligibility missing; Required lab missing,high,Block certification release until missing evidence is resolved,2026-06-06
L07885,E07885,cert-enterprise-ai-safety,Certification Ready,True,False,HR eligibility missing; Required module missing; Required lab missing; Assessment below 80; Manager approval missing,high,Block certification release until missing evidence is resolved,2026-06-06
L07887,E07887,cert-enterprise-ai-safety,Certification Ready,True,False,Required module missing,medium,Block certification release until missing evidence is resolved,2026-06-06
L07888,E07888,cert-enterprise-ai-safety,Certification Ready,True,False,Required lab missing,medium,Block certification release until missing evidence is resolved,2026-06-06
L07889,E07889,cert-enterprise-ai-safety,Certification Ready,True,False,Required module missing; Required lab missing,high,Block certification release until missing evidence is resolved,2026-06-06
L07890,E07890,cert-enterprise-ai-safety,Certification Ready,True,False,HR eligibility missing; Required module missing; Assessment below 80,high,Block certification release until missing evidence is resolved,2026-06-06
L07891,E07891,cert-enterprise-ai-safety,Certification Ready,True,False,Required module missing; Required lab missing,high,Block certification release until missing evidence is resolved,2026-06-06
L07893,E07893,cert-enterprise-ai-safety,Certification Ready,True,False,Required module missing; Required lab missing; Manager approval missing,high,Block certification release until missing evidence is resolved,2026-06-06
L07895,E07895,cert-enterprise-ai-safety,Certification Ready,True,False,Required module missing; Manager approval missing,high,Block certification release until missing evidence is resolved,2026-06-06
L07896,E07896,cert-enterprise-ai-safety,Certification Ready,True,False,HR eligibility missing; Required module missing,high,Block certification release until missing evidence is resolved,2026-06-06
L07898,E07898,cert-enterprise-ai-safety,Certification Ready,True,False,Required module missing; Required lab missing; Manager approval missing,high,Block certification release until missing evidence is resolved,2026-06-06
L07899,E07899,cert-enterprise-ai-safety,Certification Ready,True,False,Required lab missing,medium,Block certification release until missing evidence is resolved,2026-06-06
L07900,E07900,cert-enterprise-ai-safety,Certification Ready,True,False,Required module missing; Required lab missing,high,Block certification release until missing evidence is resolved,2026-06-06
L07901,E07901,cert-enterprise-ai-safety,Certification Ready,True,False,Required lab missing,medium,Block certification release until missing evidence is resolved,2026-06-06
L07904,E07904,cert-enterprise-ai-safety,Certification Ready,True,False,Required lab missing; Assessment below 80; Manager approval missing,high,Block certification release until missing evidence is resolved,2026-06-06
L07905,E07905,cert-enterprise-ai-safety,Certification Ready,True,False,Required module missing; Required lab missing,high,Block certification release until missing evidence is resolved,2026-06-06
L07906,E07906,cert-enterprise-ai-safety,Certification Ready,True,False,Required module missing; Required lab missing,high,Block certification release until missing evidence is resolved,2026-06-06
L07907,E07907,cert-enterprise-ai-safety,Certification Ready,True,False,Required lab missing; Assessment below 80,high,Block certification release until missing evidence is resolved,2026-06-06
L07911,E07911,cert-enterprise-ai-safety,Certification Ready,True,False,Required module missing; Required lab missing,high,Block certification release until missing evidence is resolved,2026-06-06
L07912,E07912,cert-enterprise-ai-safety,Certification Ready,True,False,Required module missing,medium,Block certification release until missing evidence is resolved,2026-06-06
L07918,E07918,cert-enterprise-ai-safety,Certification Ready,True,False,HR eligibility missing,medium,Block certification release until missing evidence is resolved,2026-06-06
L07919,E07919,cert-enterprise-ai-safety,Certification Ready,True,False,Required module missing; Required lab missing; Manager approval missing,high,Block certification release until missing evidence is resolved,2026-06-06
L07924,E07924,cert-enterprise-ai-safety,Certification Ready,True,False,Required module missing; Required lab missing,high,Block certification release until missing evidence is resolved,2026-06-06
L07925,E07925,cert-enterprise-ai-safety,Certification Ready,True,False,Required lab missing,medium,Block certification release until missing evidence is resolved,2026-06-06
L07928,E07928,cert-enterprise-ai-safety,Certification Ready,True,False,Required module missing; Required lab missing,high,Block certification release until missing evidence is resolved,2026-06-06
L07930,E07930,cert-enterprise-ai-safety,Certification Ready,True,False,Required module missing; Required lab missing; Assessment below 80,high,Block certification release until missing evidence is resolved,2026-06-06
L07932,E07932,cert-enterprise-ai-safety,Certification Ready,True,False,Required lab missing; Assessment below 80,high,Block certification release until missing evidence is resolved,2026-06-06
L07933,E07933,cert-enterprise-ai-safety,Certification Ready,True,False,Required module missing; Required lab missing,high,Block certification release until missing evidence is resolved,2026-06-06
L07934,E07934,cert-enterprise-ai-safety,Certification Ready,True,False,HR eligibility missing; Required lab missing,high,Block certification release until missing evidence is resolved,2026-06-06
L07936,E07936,cert-enterprise-ai-safety,Certification Ready,True,False,Required lab missing; Manager approval missing,high,Block certification release until missing evidence is resolved,2026-06-06
L07940,E07940,cert-enterprise-ai-safety,Certification Ready,True,False,Required module missing; Manager approval missing,high,Block certification release until missing evidence is resolved,2026-06-06
L07944,E07944,cert-enterprise-ai-safety,Certification Ready,True,False,Required module missing; Required lab missing; Assessment below 80; Manager approval missing,high,Block certification release until missing evidence is resolved,2026-06-06
L07945,E07945,cert-enterprise-ai-safety,Certification Ready,True,False,Required module missing; Required lab missing; Assessment below 80,high,Block certification release until missing evidence is resolved,2026-06-06
L07946,E07946,cert-enterprise-ai-safety,Certification Ready,True,False,HR eligibility missing; Manager approval missing,high,Block certification release until missing evidence is resolved,2026-06-06
L07947,E07947,cert-enterprise-ai-safety,Certification Ready,True,False,HR eligibility missing,medium,Block certification release until missing evidence is resolved,2026-06-06
L07948,E07948,cert-enterprise-ai-safety,Certification Ready,True,False,HR eligibility missing,medium,Block certification release until missing evidence is resolved,2026-06-06
L07950,E07950,cert-enterprise-ai-safety,Certification Ready,True,False,Required module missing; Required lab missing,high,Block certification release until missing evidence is resolved,2026-06-06
L07951,E07951,cert-enterprise-ai-safety,Certification Ready,True,False,Required lab missing; Assessment below 80,high,Block certification release until missing evidence is resolved,2026-06-06
L07954,E07954,cert-enterprise-ai-safety,Certification Ready,True,False,Required module missing; Required lab missing,high,Block certification release until missing evidence is resolved,2026-06-06
L07958,E07958,cert-enterprise-ai-safety,Certification Ready,True,False,Required module missing; Manager approval missing,high,Block certification release until missing evidence is resolved,2026-06-06
L07960,E07960,cert-enterprise-ai-safety,Certification Ready,True,False,Required lab missing; Assessment below 80,high,Block certification release until missing evidence is resolved,2026-06-06
L07963,E07963,cert-enterprise-ai-safety,Certification Ready,True,False,Assessment below 80,medium,Block certification release until missing evidence is resolved,2026-06-06
L07965,E07965,cert-enterprise-ai-safety,Certification Ready,True,False,Required lab missing; Manager approval missing,high,Block certification release until missing evidence is resolved,2026-06-06
L07967,E07967,cert-enterprise-ai-safety,Certification Ready,True,False,Required module missing; Required lab missing,high,Block certification release until missing evidence is resolved,2026-06-06
L07968,E07968,cert-enterprise-ai-safety,Certification Ready,True,False,Required lab missing; Assessment below 80,high,Block certification release until missing evidence is resolved,2026-06-06
L07971,E07971,cert-enterprise-ai-safety,Certification Ready,True,False,HR eligibility missing; Manager approval missing,high,Block certification release until missing evidence is resolved,2026-06-06
L07972,E07972,cert-enterprise-ai-safety,Certification Ready,True,False,Required module missing,medium,Block certification release until missing evidence is resolved,2026-06-06
L07975,E07975,cert-enterprise-ai-safety,Certification Ready,True,False,Required module missing; Required lab missing,high,Block certification release until missing evidence is resolved,2026-06-06
L07977,E07977,cert-enterprise-ai-safety,Certification Ready,True,False,Required module missing; Required lab missing; Manager approval missing,high,Block certification release until missing evidence is resolved,2026-06-06
L07978,E07978,cert-enterprise-ai-safety,Certification Ready,True,False,Required module missing; Manager approval missing,high,Block certification release until missing evidence is resolved,2026-06-06
L07980,E07980,cert-enterprise-ai-safety,Certification Ready,True,False,Assessment below 80,medium,Block certification release until missing evidence is resolved,2026-06-06
L07982,E07982,cert-enterprise-ai-safety,Certification Ready,True,False,Required lab missing; Manager approval missing,high,Block certification release until missing evidence is resolved,2026-06-06
L07990,E07990,cert-enterprise-ai-safety,Certification Ready,True,False,Required lab missing,medium,Block certification release until missing evidence is resolved,2026-06-06
L07991,E07991,cert-enterprise-ai-safety,Certification Ready,True,False,HR eligibility missing,medium,Block certification release until missing evidence is resolved,2026-06-06
L07996,E07996,cert-enterprise-ai-safety,Certification Ready,True,False,HR eligibility missing; Required module missing; Required lab missing,high,Block certification release until missing evidence is resolved,2026-06-06
L07998,E07998,cert-enterprise-ai-safety,Certification Ready,True,False,Required lab missing,medium,Block certification release until missing evidence is resolved,2026-06-06
L08003,E08003,cert-enterprise-ai-safety,Certification Ready,True,False,Required module missing; Required lab missing,high,Block certification release until missing evidence is resolved,2026-06-06
L08004,E08004,cert-enterprise-ai-safety,Certification Ready,True,False,Required module missing; Required lab missing; Manager approval missing,high,Block certification release until missing evidence is resolved,2026-06-06
L08005,E08005,cert-enterprise-ai-safety,Certification Ready,True,False,Required lab missing; Manager approval missing,high,Block certification release until missing evidence is resolved,2026-06-06
L08006,E08006,cert-enterprise-ai-safety,Certification Ready,True,False,Assessment below 80,medium,Block certification release until missing evidence is resolved,2026-06-06
L08009,E08009,cert-enterprise-ai-safety,Certification Ready,True,False,Required module missing; Required lab missing,high,Block certification release until missing evidence is resolved,2026-06-06
L08012,E08012,cert-enterprise-ai-safety,Certification Ready,True,False,HR eligibility missing; Required module missing; Required lab missing,high,Block certification release until missing evidence is resolved,2026-06-06
L08016,E08016,cert-enterprise-ai-safety,Certification Ready,True,False,Required module missing,medium,Block certification release until missing evidence is resolved,2026-06-06
L08017,E08017,cert-enterprise-ai-safety,Certification Ready,True,False,Required module missing,medium,Block certification release until missing evidence is resolved,2026-06-06
L08020,E08020,cert-enterprise-ai-safety,Certification Ready,True,False,Required module missing,medium,Block certification release until missing evidence is resolved,2026-06-06
L08021,E08021,cert-enterprise-ai-safety,Certification Ready,True,False,Required module missing; Required lab missing; Manager approval missing,high,Block certification release until missing evidence is resolved,2026-06-06
L08023,E08023,cert-enterprise-ai-safety,Certification Ready,True,False,Required module missing; Manager approval missing,high,Block certification release until missing evidence is resolved,2026-06-06
L08026,E08026,cert-enterprise-ai-safety,Certification Ready,True,False,Required module missing; Required lab missing,high,Block certification release until missing evidence is resolved,2026-06-06
L08030,E08030,cert-enterprise-ai-safety,Certification Ready,True,False,HR eligibility missing; Required module missing; Assessment below 80,high,Block certification release until missing evidence is resolved,2026-06-06
L08031,E08031,cert-enterprise-ai-safety,Certification Ready,True,False,Required lab missing,medium,Block certification release until missing evidence is resolved,2026-06-06
L08032,E08032,cert-enterprise-ai-safety,Certification Ready,True,False,Required module missing; Required lab missing; Assessment below 80,high,Block certification release until missing evidence is resolved,2026-06-06
L08034,E08034,cert-enterprise-ai-safety,Certification Ready,True,False,Required module missing; Assessment below 80,high,Block certification release until missing evidence is resolved,2026-06-06
L08036,E08036,cert-enterprise-ai-safety,Certification Ready,True,False,Required module missing; Required lab missing,high,Block certification release until missing evidence is resolved,2026-06-06
L08037,E08037,cert-enterprise-ai-safety,Certification Ready,True,False,Required module missing,medium,Block certification release until missing evidence is resolved,2026-06-06
L08040,E08040,cert-enterprise-ai-safety,Certification Ready,True,False,Required lab missing; Assessment below 80,high,Block certification release until missing evidence is resolved,2026-06-06
L08044,E08044,cert-enterprise-ai-safety,Certification Ready,True,False,Required lab missing; Manager approval missing,high,Block certification release until missing evidence is resolved,2026-06-06
L08045,E08045,cert-enterprise-ai-safety,Certification Ready,True,False,Required module missing; Required lab missing; Manager approval missing,high,Block certification release until missing evidence is resolved,2026-06-06
L08046,E08046,cert-enterprise-ai-safety,Certification Ready,True,False,Required module missing; Required lab missing,high,Block certification release until missing evidence is resolved,2026-06-06
L08051,E08051,cert-enterprise-ai-safety,Certification Ready,True,False,Required lab missing; Assessment below 80,high,Block certification release until missing evidence is resolved,2026-06-06
L08052,E08052,cert-enterprise-ai-safety,Certification Ready,True,False,Required module missing; Required lab missing,high,Block certification release until missing evidence is resolved,2026-06-06
L08055,E08055,cert-enterprise-ai-safety,Certification Ready,True,False,Required module missing; Required lab missing,high,Block certification release until missing evidence is resolved,2026-06-06
L08057,E08057,cert-enterprise-ai-safety,Certification Ready,True,False,Required module missing; Required lab missing; Assessment below 80,high,Block certification release until missing evidence is resolved,2026-06-06
L08058,E08058,cert-enterprise-ai-safety,Certification Ready,True,False,Required lab missing; Manager approval missing,high,Block certification release until missing evidence is resolved,2026-06-06
L08060,E08060,cert-enterprise-ai-safety,Certification Ready,True,False,Required lab missing; Assessment below 80,high,Block certification release until missing evidence is resolved,2026-06-06
L08063,E08063,cert-enterprise-ai-safety,Certification Ready,True,False,Required lab missing; Manager approval missing,high,Block certification release until missing evidence is resolved,2026-06-06
L08068,E08068,cert-enterprise-ai-safety,Certification Ready,True,False,Required lab missing; Assessment below 80,high,Block certification release until missing evidence is resolved,2026-06-06
L08070,E08070,cert-enterprise-ai-safety,Certification Ready,True,False,Required module missing; Required lab missing; Assessment below 80,high,Block certification release until missing evidence is resolved,2026-06-06
L08071,E08071,cert-enterprise-ai-safety,Certification Ready,True,False,Required lab missing,medium,Block certification release until missing evidence is resolved,2026-06-06
L08072,E08072,cert-enterprise-ai-safety,Certification Ready,True,False,HR eligibility missing,medium,Block certification release until missing evidence is resolved,2026-06-06
L08073,E08073,cert-enterprise-ai-safety,Certification Ready,True,False,Required module missing; Required lab missing,high,Block certification release until missing evidence is resolved,2026-06-06
L08075,E08075,cert-enterprise-ai-safety,Certification Ready,True,False,Required module missing; Assessment below 80,high,Block certification release until missing evidence is resolved,2026-06-06
L08077,E08077,cert-enterprise-ai-safety,Certification Ready,True,False,Required lab missing; Assessment below 80,high,Block certification release until missing evidence is resolved,2026-06-06
L08082,E08082,cert-enterprise-ai-safety,Certification Ready,True,False,Required lab missing,medium,Block certification release until missing evidence is resolved,2026-06-06
L08083,E08083,cert-enterprise-ai-safety,Certification Ready,True,False,Required lab missing; Assessment below 80,high,Block certification release until missing evidence is resolved,2026-06-06
L08084,E08084,cert-enterprise-ai-safety,Certification Ready,True,False,Manager approval missing,medium,Block certification release until missing evidence is resolved,2026-06-06
L08096,E08096,cert-enterprise-ai-safety,Certification Ready,True,False,Required module missing; Required lab missing; Manager approval missing,high,Block certification release until missing evidence is resolved,2026-06-06
L08097,E08097,cert-enterprise-ai-safety,Certification Ready,True,False,HR eligibility missing; Required module missing; Required lab missing,high,Block certification release until missing evidence is resolved,2026-06-06
L08099,E08099,cert-enterprise-ai-safety,Certification Ready,True,False,Manager approval missing,medium,Block certification release until missing evidence is resolved,2026-06-06
L08100,E08100,cert-enterprise-ai-safety,Certification Ready,True,False,HR eligibility missing; Required lab missing,high,Block certification release until missing evidence is resolved,2026-06-06
L08102,E08102,cert-enterprise-ai-safety,Certification Ready,True,False,Required module missing; Required lab missing; Assessment below 80; Manager approval missing,high,Block certification release until missing evidence is resolved,2026-06-06
L08108,E08108,cert-enterprise-ai-safety,Certification Ready,True,False,Required lab missing; Manager approval missing,high,Block certification release until missing evidence is resolved,2026-06-06
L08113,E08113,cert-enterprise-ai-safety,Certification Ready,True,False,Required module missing; Manager approval missing,high,Block certification release until missing evidence is resolved,2026-06-06
L08114,E08114,cert-enterprise-ai-safety,Certification Ready,True,False,Required lab missing,medium,Block certification release until missing evidence is resolved,2026-06-06
L08115,E08115,cert-enterprise-ai-safety,Certification Ready,True,False,Manager approval missing,medium,Block certification release until missing evidence is resolved,2026-06-06
L08116,E08116,cert-enterprise-ai-safety,Certification Ready,True,False,Required lab missing,medium,Block certification release until missing evidence is resolved,2026-06-06
L08118,E08118,cert-enterprise-ai-safety,Certification Ready,True,False,Required lab missing; Manager approval missing,high,Block certification release until missing evidence is resolved,2026-06-06
L08120,E08120,cert-enterprise-ai-safety,Certification Ready,True,False,HR eligibility missing; Required module missing,high,Block certification release until missing evidence is resolved,2026-06-06
L08122,E08122,cert-enterprise-ai-safety,Certification Ready,True,False,Required lab missing; Assessment below 80,high,Block certification release until missing evidence is resolved,2026-06-06
L08123,E08123,cert-enterprise-ai-safety,Certification Ready,True,False,HR eligibility missing; Required lab missing,high,Block certification release until missing evidence is resolved,2026-06-06
L08128,E08128,cert-enterprise-ai-safety,Certification Ready,True,False,Required module missing; Manager approval missing,high,Block certification release until missing evidence is resolved,2026-06-06
L08129,E08129,cert-enterprise-ai-safety,Certification Ready,True,False,Required module missing; Required lab missing,high,Block certification release until missing evidence is resolved,2026-06-06
L08131,E08131,cert-enterprise-ai-safety,Certification Ready,True,False,Required module missing; Required lab missing,high,Block certification release until missing evidence is resolved,2026-06-06
L08134,E08134,cert-enterprise-ai-safety,Certification Ready,True,False,Required module missing; Assessment below 80,high,Block certification release until missing evidence is resolved,2026-06-06
L08135,E08135,cert-enterprise-ai-safety,Certification Ready,True,False,Required module missing; Required lab missing,high,Block certification release until missing evidence is resolved,2026-06-06
L08138,E08138,cert-enterprise-ai-safety,Certification Ready,True,False,Required lab missing,medium,Block certification release until missing evidence is resolved,2026-06-06
L08139,E08139,cert-enterprise-ai-safety,Certification Ready,True,False,Required module missing; Required lab missing,high,Block certification release until missing evidence is resolved,2026-06-06
L08140,E08140,cert-enterprise-ai-safety,Certification Ready,True,False,Required lab missing,medium,Block certification release until missing evidence is resolved,2026-06-06
L08143,E08143,cert-enterprise-ai-safety,Certification Ready,True,False,Manager approval missing,medium,Block certification release until missing evidence is resolved,2026-06-06
L08144,E08144,cert-enterprise-ai-safety,Certification Ready,True,False,Required module missing,medium,Block certification release until missing evidence is resolved,2026-06-06
L08146,E08146,cert-enterprise-ai-safety,Certification Ready,True,False,Required lab missing,medium,Block certification release until missing evidence is resolved,2026-06-06
L08149,E08149,cert-enterprise-ai-safety,Certification Ready,True,False,Required lab missing; Assessment below 80; Manager approval missing,high,Block certification release until missing evidence is resolved,2026-06-06
L08151,E08151,cert-enterprise-ai-safety,Certification Ready,True,False,Required module missing,medium,Block certification release until missing evidence is resolved,2026-06-06
L08153,E08153,cert-enterprise-ai-safety,Certification Ready,True,False,HR eligibility missing; Required lab missing,high,Block certification release until missing evidence is resolved,2026-06-06
L08154,E08154,cert-enterprise-ai-safety,Certification Ready,True,False,Assessment below 80,medium,Block certification release until missing evidence is resolved,2026-06-06
L08160,E08160,cert-enterprise-ai-safety,Certification Ready,True,False,Required module missing; Required lab missing,high,Block certification release until missing evidence is resolved,2026-06-06
L08162,E08162,cert-enterprise-ai-safety,Certification Ready,True,False,Required module missing; Required lab missing,high,Block certification release until missing evidence is resolved,2026-06-06
L08167,E08167,cert-enterprise-ai-safety,Certification Ready,True,False,Required lab missing; Manager approval missing,high,Block certification release until missing evidence is resolved,2026-06-06
L08169,E08169,cert-enterprise-ai-safety,Certification Ready,True,False,HR eligibility missing; Required module missing; Required lab missing; Assessment below 80,high,Block certification release until missing evidence is resolved,2026-06-06
L08171,E08171,cert-enterprise-ai-safety,Certification Ready,True,False,Required module missing; Required lab missing,high,Block certification release until missing evidence is resolved,2026-06-06
L08172,E08172,cert-enterprise-ai-safety,Certification Ready,True,False,Required lab missing; Manager approval missing,high,Block certification release until missing evidence is resolved,2026-06-06
L08173,E08173,cert-enterprise-ai-safety,Certification Ready,True,False,Required lab missing; Manager approval missing,high,Block certification release until missing evidence is resolved,2026-06-06
L08175,E08175,cert-enterprise-ai-safety,Certification Ready,True,False,Required lab missing; Assessment below 80; Manager approval missing,high,Block certification release until missing evidence is resolved,2026-06-06
L08177,E08177,cert-enterprise-ai-safety,Certification Ready,True,False,HR eligibility missing,medium,Block certification release until missing evidence is resolved,2026-06-06
L08178,E08178,cert-enterprise-ai-safety,Certification Ready,True,False,Required module missing; Required lab missing; Assessment below 80,high,Block certification release until missing evidence is resolved,2026-06-06
L08182,E08182,cert-enterprise-ai-safety,Certification Ready,True,False,Assessment below 80,medium,Block certification release until missing evidence is resolved,2026-06-06
L08184,E08184,cert-enterprise-ai-safety,Certification Ready,True,False,HR eligibility missing; Required module missing; Required lab missing,high,Block certification release until missing evidence is resolved,2026-06-06
L08191,E08191,cert-enterprise-ai-safety,Certification Ready,True,False,Manager approval missing,medium,Block certification release until missing evidence is resolved,2026-06-06
L08192,E08192,cert-enterprise-ai-safety,Certification Ready,True,False,Required lab missing,medium,Block certification release until missing evidence is resolved,2026-06-06
L08195,E08195,cert-enterprise-ai-safety,Certification Ready,True,False,Required lab missing,medium,Block certification release until missing evidence is resolved,2026-06-06
L08198,E08198,cert-enterprise-ai-safety,Certification Ready,True,False,Required lab missing,medium,Block certification release until missing evidence is resolved,2026-06-06
L08199,E08199,cert-enterprise-ai-safety,Certification Ready,True,False,Required lab missing; Manager approval missing,high,Block certification release until missing evidence is resolved,2026-06-06
L08201,E08201,cert-enterprise-ai-safety,Certification Ready,True,False,Required lab missing; Assessment below 80,high,Block certification release until missing evidence is resolved,2026-06-06
L08203,E08203,cert-enterprise-ai-safety,Certification Ready,True,False,HR eligibility missing; Assessment below 80; Manager approval missing,high,Block certification release until missing evidence is resolved,2026-06-06
L08204,E08204,cert-enterprise-ai-safety,Certification Ready,True,False,Required module missing; Required lab missing; Manager approval missing,high,Block certification release until missing evidence is resolved,2026-06-06
L08205,E08205,cert-enterprise-ai-safety,Certification Ready,True,False,Required lab missing; Assessment below 80,high,Block certification release until missing evidence is resolved,2026-06-06
L08206,E08206,cert-enterprise-ai-safety,Certification Ready,True,False,HR eligibility missing; Required module missing; Required lab missing; Manager approval missing,high,Block certification release until missing evidence is resolved,2026-06-06
L08207,E08207,cert-enterprise-ai-safety,Certification Ready,True,False,Required module missing; Required lab missing,high,Block certification release until missing evidence is resolved,2026-06-06
L08211,E08211,cert-enterprise-ai-safety,Certification Ready,True,False,Manager approval missing,medium,Block certification release until missing evidence is resolved,2026-06-06
L08213,E08213,cert-enterprise-ai-safety,Certification Ready,True,False,Required module missing; Required lab missing,high,Block certification release until missing evidence is resolved,2026-06-06
L08214,E08214,cert-enterprise-ai-safety,Certification Ready,True,False,Manager approval missing,medium,Block certification release until missing evidence is resolved,2026-06-06
L08215,E08215,cert-enterprise-ai-safety,Certification Ready,True,False,Required module missing; Assessment below 80,high,Block certification release until missing evidence is resolved,2026-06-06
L08216,E08216,cert-enterprise-ai-safety,Certification Ready,True,False,Required module missing; Manager approval missing,high,Block certification release until missing evidence is resolved,2026-06-06
L08217,E08217,cert-enterprise-ai-safety,Certification Ready,True,False,Required module missing; Required lab missing,high,Block certification release until missing evidence is resolved,2026-06-06
L08223,E08223,cert-enterprise-ai-safety,Certification Ready,True,False,Required module missing; Required lab missing,high,Block certification release until missing evidence is resolved,2026-06-06
L08224,E08224,cert-enterprise-ai-safety,Certification Ready,True,False,Assessment below 80,medium,Block certification release until missing evidence is resolved,2026-06-06
L08227,E08227,cert-enterprise-ai-safety,Certification Ready,True,False,HR eligibility missing; Required module missing; Required lab missing,high,Block certification release until missing evidence is resolved,2026-06-06
L08230,E08230,cert-enterprise-ai-safety,Certification Ready,True,False,HR eligibility missing; Required module missing,high,Block certification release until missing evidence is resolved,2026-06-06
L08231,E08231,cert-enterprise-ai-safety,Certification Ready,True,False,Required module missing; Required lab missing; Manager approval missing,high,Block certification release until missing evidence is resolved,2026-06-06
L08232,E08232,cert-enterprise-ai-safety,Certification Ready,True,False,Required module missing; Required lab missing; Manager approval missing,high,Block certification release until missing evidence is resolved,2026-06-06
L08233,E08233,cert-enterprise-ai-safety,Certification Ready,True,False,Required module missing; Required lab missing,high,Block certification release until missing evidence is resolved,2026-06-06
L08234,E08234,cert-enterprise-ai-safety,Certification Ready,True,False,HR eligibility missing; Required lab missing,high,Block certification release until missing evidence is resolved,2026-06-06
L08235,E08235,cert-enterprise-ai-safety,Certification Ready,True,False,HR eligibility missing,medium,Block certification release until missing evidence is resolved,2026-06-06
L08238,E08238,cert-enterprise-ai-safety,Certification Ready,True,False,Required module missing; Required lab missing,high,Block certification release until missing evidence is resolved,2026-06-06
L08240,E08240,cert-enterprise-ai-safety,Certification Ready,True,False,Required lab missing; Assessment below 80,high,Block certification release until missing evidence is resolved,2026-06-06
L08243,E08243,cert-enterprise-ai-safety,Certification Ready,True,False,HR eligibility missing; Required module missing; Required lab missing,high,Block certification release until missing evidence is resolved,2026-06-06
L08246,E08246,cert-enterprise-ai-safety,Certification Ready,True,False,Required lab missing,medium,Block certification release until missing evidence is resolved,2026-06-06
L08247,E08247,cert-enterprise-ai-safety,Certification Ready,True,False,Required lab missing,medium,Block certification release until missing evidence is resolved,2026-06-06
L08248,E08248,cert-enterprise-ai-safety,Certification Ready,True,False,Required lab missing,medium,Block certification release until missing evidence is resolved,2026-06-06
L08249,E08249,cert-enterprise-ai-safety,Certification Ready,True,False,Required lab missing,medium,Block certification release until missing evidence is resolved,2026-06-06
L08253,E08253,cert-enterprise-ai-safety,Certification Ready,True,False,Required lab missing,medium,Block certification release until missing evidence is resolved,2026-06-06
L08257,E08257,cert-enterprise-ai-safety,Certification Ready,True,False,HR eligibility missing; Required lab missing; Assessment below 80,high,Block certification release until missing evidence is resolved,2026-06-06
L08261,E08261,cert-enterprise-ai-safety,Certification Ready,True,False,HR eligibility missing; Required module missing; Required lab missing; Assessment below 80,high,Block certification release until missing evidence is resolved,2026-06-06
L08263,E08263,cert-enterprise-ai-safety,Certification Ready,True,False,Required module missing; Required lab missing; Assessment below 80; Manager approval missing,high,Block certification release until missing evidence is resolved,2026-06-06
L08266,E08266,cert-enterprise-ai-safety,Certification Ready,True,False,HR eligibility missing; Required module missing,high,Block certification release until missing evidence is resolved,2026-06-06
L08267,E08267,cert-enterprise-ai-safety,Certification Ready,True,False,Required lab missing,medium,Block certification release until missing evidence is resolved,2026-06-06
L08270,E08270,cert-enterprise-ai-safety,Certification Ready,True,False,Required module missing; Required lab missing,high,Block certification release until missing evidence is resolved,2026-06-06
L08271,E08271,cert-enterprise-ai-safety,Certification Ready,True,False,Required lab missing,medium,Block certification release until missing evidence is resolved,2026-06-06
L08275,E08275,cert-enterprise-ai-safety,Certification Ready,True,False,Required module missing; Required lab missing; Manager approval missing,high,Block certification release until missing evidence is resolved,2026-06-06
L08277,E08277,cert-enterprise-ai-safety,Certification Ready,True,False,Required module missing; Required lab missing; Assessment below 80; Manager approval missing,high,Block certification release until missing evidence is resolved,2026-06-06
L08278,E08278,cert-enterprise-ai-safety,Certification Ready,True,False,HR eligibility missing; Required lab missing,high,Block certification release until missing evidence is resolved,2026-06-06
L08279,E08279,cert-enterprise-ai-safety,Certification Ready,True,False,Required module missing,medium,Block certification release until missing evidence is resolved,2026-06-06
L08281,E08281,cert-enterprise-ai-safety,Certification Ready,True,False,HR eligibility missing; Required module missing,high,Block certification release until missing evidence is resolved,2026-06-06
L08282,E08282,cert-enterprise-ai-safety,Certification Ready,True,False,Required module missing,medium,Block certification release until missing evidence is resolved,2026-06-06
L08288,E08288,cert-enterprise-ai-safety,Certification Ready,True,False,HR eligibility missing; Required lab missing; Assessment below 80; Manager approval missing,high,Block certification release until missing evidence is resolved,2026-06-06
L08290,E08290,cert-enterprise-ai-safety,Certification Ready,True,False,Assessment below 80,medium,Block certification release until missing evidence is resolved,2026-06-06
L08291,E08291,cert-enterprise-ai-safety,Certification Ready,True,False,Manager approval missing,medium,Block certification release until missing evidence is resolved,2026-06-06
L08292,E08292,cert-enterprise-ai-safety,Certification Ready,True,False,Required module missing,medium,Block certification release until missing evidence is resolved,2026-06-06
L08293,E08293,cert-enterprise-ai-safety,Certification Ready,True,False,Required module missing,medium,Block certification release until missing evidence is resolved,2026-06-06
L08294,E08294,cert-enterprise-ai-safety,Certification Ready,True,False,Assessment below 80,medium,Block certification release until missing evidence is resolved,2026-06-06
L08296,E08296,cert-enterprise-ai-safety,Certification Ready,True,False,Required lab missing,medium,Block certification release until missing evidence is resolved,2026-06-06
L08301,E08301,cert-enterprise-ai-safety,Certification Ready,True,False,Required module missing; Manager approval missing,high,Block certification release until missing evidence is resolved,2026-06-06
L08302,E08302,cert-enterprise-ai-safety,Certification Ready,True,False,HR eligibility missing; Required module missing; Required lab missing; Manager approval missing,high,Block certification release until missing evidence is resolved,2026-06-06
L08303,E08303,cert-enterprise-ai-safety,Certification Ready,True,False,Required lab missing,medium,Block certification release until missing evidence is resolved,2026-06-06
L08304,E08304,cert-enterprise-ai-safety,Certification Ready,True,False,Required lab missing; Assessment below 80; Manager approval missing,high,Block certification release until missing evidence is resolved,2026-06-06
L08307,E08307,cert-enterprise-ai-safety,Certification Ready,True,False,Required lab missing,medium,Block certification release until missing evidence is resolved,2026-06-06
L08308,E08308,cert-enterprise-ai-safety,Certification Ready,True,False,Required lab missing,medium,Block certification release until missing evidence is resolved,2026-06-06
L08309,E08309,cert-enterprise-ai-safety,Certification Ready,True,False,Required module missing; Required lab missing; Assessment below 80,high,Block certification release until missing evidence is resolved,2026-06-06
L08311,E08311,cert-enterprise-ai-safety,Certification Ready,True,False,Required module missing; Required lab missing,high,Block certification release until missing evidence is resolved,2026-06-06
L08312,E08312,cert-enterprise-ai-safety,Certification Ready,True,False,Required module missing; Required lab missing; Manager approval missing,high,Block certification release until missing evidence is resolved,2026-06-06
L08313,E08313,cert-enterprise-ai-safety,Certification Ready,True,False,Required lab missing; Assessment below 80,high,Block certification release until missing evidence is resolved,2026-06-06
L08315,E08315,cert-enterprise-ai-safety,Certification Ready,True,False,Required module missing; Assessment below 80,high,Block certification release until missing evidence is resolved,2026-06-06
L08316,E08316,cert-enterprise-ai-safety,Certification Ready,True,False,Required module missing; Required lab missing,high,Block certification release until missing evidence is resolved,2026-06-06
L08318,E08318,cert-enterprise-ai-safety,Certification Ready,True,False,Required module missing; Required lab missing,high,Block certification release until missing evidence is resolved,2026-06-06
L08320,E08320,cert-enterprise-ai-safety,Certification Ready,True,False,Required lab missing,medium,Block certification release until missing evidence is resolved,2026-06-06
L08327,E08327,cert-enterprise-ai-safety,Certification Ready,True,False,Required lab missing,medium,Block certification release until missing evidence is resolved,2026-06-06
L08330,E08330,cert-enterprise-ai-safety,Certification Ready,True,False,Required module missing; Required lab missing; Assessment below 80,high,Block certification release until missing evidence is resolved,2026-06-06
L08335,E08335,cert-enterprise-ai-safety,Certification Ready,True,False,Required lab missing; Assessment below 80,high,Block certification release until missing evidence is resolved,2026-06-06
L08341,E08341,cert-enterprise-ai-safety,Certification Ready,True,False,Assessment below 80,medium,Block certification release until missing evidence is resolved,2026-06-06
L08343,E08343,cert-enterprise-ai-safety,Certification Ready,True,False,Required lab missing,medium,Block certification release until missing evidence is resolved,2026-06-06
L08345,E08345,cert-enterprise-ai-safety,Certification Ready,True,False,HR eligibility missing; Required module missing; Required lab missing,high,Block certification release until missing evidence is resolved,2026-06-06
L08347,E08347,cert-enterprise-ai-safety,Certification Ready,True,False,HR eligibility missing; Assessment below 80,high,Block certification release until missing evidence is resolved,2026-06-06
L08350,E08350,cert-enterprise-ai-safety,Certification Ready,True,False,Required lab missing; Manager approval missing,high,Block certification release until missing evidence is resolved,2026-06-06
L08352,E08352,cert-enterprise-ai-safety,Certification Ready,True,False,Required module missing; Assessment below 80,high,Block certification release until missing evidence is resolved,2026-06-06
L08353,E08353,cert-enterprise-ai-safety,Certification Ready,True,False,Required module missing,medium,Block certification release until missing evidence is resolved,2026-06-06
L08356,E08356,cert-enterprise-ai-safety,Certification Ready,True,False,Required module missing; Required lab missing,high,Block certification release until missing evidence is resolved,2026-06-06
L08358,E08358,cert-enterprise-ai-safety,Certification Ready,True,False,Required lab missing,medium,Block certification release until missing evidence is resolved,2026-06-06
L08360,E08360,cert-enterprise-ai-safety,Certification Ready,True,False,Required module missing; Required lab missing,high,Block certification release until missing evidence is resolved,2026-06-06
L08361,E08361,cert-enterprise-ai-safety,Certification Ready,True,False,Required module missing; Assessment below 80,high,Block certification release until missing evidence is resolved,2026-06-06
L08365,E08365,cert-enterprise-ai-safety,Certification Ready,True,False,Required module missing; Manager approval missing,high,Block certification release until missing evidence is resolved,2026-06-06
L08368,E08368,cert-enterprise-ai-safety,Certification Ready,True,False,HR eligibility missing; Required module missing,high,Block certification release until missing evidence is resolved,2026-06-06
L08372,E08372,cert-enterprise-ai-safety,Certification Ready,True,False,Required module missing; Required lab missing; Manager approval missing,high,Block certification release until missing evidence is resolved,2026-06-06
L08375,E08375,cert-enterprise-ai-safety,Certification Ready,True,False,HR eligibility missing; Required lab missing,high,Block certification release until missing evidence is resolved,2026-06-06
L08378,E08378,cert-enterprise-ai-safety,Certification Ready,True,False,Required lab missing,medium,Block certification release until missing evidence is resolved,2026-06-06
L08379,E08379,cert-enterprise-ai-safety,Certification Ready,True,False,HR eligibility missing; Required lab missing,high,Block certification release until missing evidence is resolved,2026-06-06
L08380,E08380,cert-enterprise-ai-safety,Certification Ready,True,False,Required lab missing,medium,Block certification release until missing evidence is resolved,2026-06-06
L08382,E08382,cert-enterprise-ai-safety,Certification Ready,True,False,HR eligibility missing; Required module missing; Required lab missing,high,Block certification release until missing evidence is resolved,2026-06-06
L08383,E08383,cert-enterprise-ai-safety,Certification Ready,True,False,Required module missing; Required lab missing; Manager approval missing,high,Block certification release until missing evidence is resolved,2026-06-06
L08385,E08385,cert-enterprise-ai-safety,Certification Ready,True,False,Required module missing; Manager approval missing,high,Block certification release until missing evidence is resolved,2026-06-06
L08389,E08389,cert-enterprise-ai-safety,Certification Ready,True,False,Required lab missing; Manager approval missing,high,Block certification release until missing evidence is resolved,2026-06-06
L08393,E08393,cert-enterprise-ai-safety,Certification Ready,True,False,HR eligibility missing; Required module missing,high,Block certification release until missing evidence is resolved,2026-06-06
L08394,E08394,cert-enterprise-ai-safety,Certification Ready,True,False,Required lab missing; Manager approval missing,high,Block certification release until missing evidence is resolved,2026-06-06
L08397,E08397,cert-enterprise-ai-safety,Certification Ready,True,False,Required module missing,medium,Block certification release until missing evidence is resolved,2026-06-06
L08400,E08400,cert-enterprise-ai-safety,Certification Ready,True,False,Manager approval missing,medium,Block certification release until missing evidence is resolved,2026-06-06
L08405,E08405,cert-enterprise-ai-safety,Certification Ready,True,False,Manager approval missing,medium,Block certification release until missing evidence is resolved,2026-06-06
L08408,E08408,cert-enterprise-ai-safety,Certification Ready,True,False,Required module missing; Required lab missing; Manager approval missing,high,Block certification release until missing evidence is resolved,2026-06-06
L08416,E08416,cert-enterprise-ai-safety,Certification Ready,True,False,HR eligibility missing,medium,Block certification release until missing evidence is resolved,2026-06-06
L08418,E08418,cert-enterprise-ai-safety,Certification Ready,True,False,Required lab missing,medium,Block certification release until missing evidence is resolved,2026-06-06
L08419,E08419,cert-enterprise-ai-safety,Certification Ready,True,False,Required module missing,medium,Block certification release until missing evidence is resolved,2026-06-06
L08420,E08420,cert-enterprise-ai-safety,Certification Ready,True,False,HR eligibility missing; Required module missing,high,Block certification release until missing evidence is resolved,2026-06-06
L08423,E08423,cert-enterprise-ai-safety,Certification Ready,True,False,Required lab missing,medium,Block certification release until missing evidence is resolved,2026-06-06
L08425,E08425,cert-enterprise-ai-safety,Certification Ready,True,False,HR eligibility missing,medium,Block certification release until missing evidence is resolved,2026-06-06
L08427,E08427,cert-enterprise-ai-safety,Certification Ready,True,False,HR eligibility missing; Required lab missing; Assessment below 80,high,Block certification release until missing evidence is resolved,2026-06-06
L08429,E08429,cert-enterprise-ai-safety,Certification Ready,True,False,Required module missing; Required lab missing; Assessment below 80,high,Block certification release until missing evidence is resolved,2026-06-06
L08430,E08430,cert-enterprise-ai-safety,Certification Ready,True,False,Required module missing,medium,Block certification release until missing evidence is resolved,2026-06-06
L08431,E08431,cert-enterprise-ai-safety,Certification Ready,True,False,Required lab missing; Manager approval missing,high,Block certification release until missing evidence is resolved,2026-06-06
L08434,E08434,cert-enterprise-ai-safety,Certification Ready,True,False,Required module missing; Required lab missing,high,Block certification release until missing evidence is resolved,2026-06-06
L08435,E08435,cert-enterprise-ai-safety,Certification Ready,True,False,Required lab missing; Assessment below 80,high,Block certification release until missing evidence is resolved,2026-06-06
L08436,E08436,cert-enterprise-ai-safety,Certification Ready,True,False,Required lab missing; Assessment below 80,high,Block certification release until missing evidence is resolved,2026-06-06
L08438,E08438,cert-enterprise-ai-safety,Certification Ready,True,False,Required module missing; Required lab missing,high,Block certification release until missing evidence is resolved,2026-06-06
L08443,E08443,cert-enterprise-ai-safety,Certification Ready,True,False,Required lab missing,medium,Block certification release until missing evidence is resolved,2026-06-06
L08444,E08444,cert-enterprise-ai-safety,Certification Ready,True,False,Required lab missing; Manager approval missing,high,Block certification release until missing evidence is resolved,2026-06-06
L08445,E08445,cert-enterprise-ai-safety,Certification Ready,True,False,HR eligibility missing; Required module missing,high,Block certification release until missing evidence is resolved,2026-06-06
L08447,E08447,cert-enterprise-ai-safety,Certification Ready,True,False,Manager approval missing,medium,Block certification release until missing evidence is resolved,2026-06-06
L08448,E08448,cert-enterprise-ai-safety,Certification Ready,True,False,Required module missing; Required lab missing; Manager approval missing,high,Block certification release until missing evidence is resolved,2026-06-06
L08450,E08450,cert-enterprise-ai-safety,Certification Ready,True,False,HR eligibility missing,medium,Block certification release until missing evidence is resolved,2026-06-06
L08451,E08451,cert-enterprise-ai-safety,Certification Ready,True,False,Required module missing,medium,Block certification release until missing evidence is resolved,2026-06-06
L08457,E08457,cert-enterprise-ai-safety,Certification Ready,True,False,Required lab missing,medium,Block certification release until missing evidence is resolved,2026-06-06
L08458,E08458,cert-enterprise-ai-safety,Certification Ready,True,False,Required module missing; Manager approval missing,high,Block certification release until missing evidence is resolved,2026-06-06
L08460,E08460,cert-enterprise-ai-safety,Certification Ready,True,False,Required module missing; Required lab missing,high,Block certification release until missing evidence is resolved,2026-06-06
L08461,E08461,cert-enterprise-ai-safety,Certification Ready,True,False,Required lab missing,medium,Block certification release until missing evidence is resolved,2026-06-06
L08462,E08462,cert-enterprise-ai-safety,Certification Ready,True,False,Assessment below 80; Manager approval missing,high,Block certification release until missing evidence is resolved,2026-06-06
L08464,E08464,cert-enterprise-ai-safety,Certification Ready,True,False,Required module missing; Required lab missing,high,Block certification release until missing evidence is resolved,2026-06-06
L08465,E08465,cert-enterprise-ai-safety,Certification Ready,True,False,Required module missing,medium,Block certification release until missing evidence is resolved,2026-06-06
L08466,E08466,cert-enterprise-ai-safety,Certification Ready,True,False,Required lab missing,medium,Block certification release until missing evidence is resolved,2026-06-06
L08467,E08467,cert-enterprise-ai-safety,Certification Ready,True,False,Required module missing,medium,Block certification release until missing evidence is resolved,2026-06-06
L08468,E08468,cert-enterprise-ai-safety,Certification Ready,True,False,Manager approval missing,medium,Block certification release until missing evidence is resolved,2026-06-06
L08470,E08470,cert-enterprise-ai-safety,Certification Ready,True,False,Required lab missing,medium,Block certification release until missing evidence is resolved,2026-06-06
L08472,E08472,cert-enterprise-ai-safety,Certification Ready,True,False,Required lab missing; Assessment below 80,high,Block certification release until missing evidence is resolved,2026-06-06
L08474,E08474,cert-enterprise-ai-safety,Certification Ready,True,False,Required lab missing; Manager approval missing,high,Block certification release until missing evidence is resolved,2026-06-06
L08478,E08478,cert-enterprise-ai-safety,Certification Ready,True,False,HR eligibility missing,medium,Block certification release until missing evidence is resolved,2026-06-06
L08481,E08481,cert-enterprise-ai-safety,Certification Ready,True,False,Required module missing; Assessment below 80,high,Block certification release until missing evidence is resolved,2026-06-06
L08486,E08486,cert-enterprise-ai-safety,Certification Ready,True,False,Required module missing; Required lab missing,high,Block certification release until missing evidence is resolved,2026-06-06
L08488,E08488,cert-enterprise-ai-safety,Certification Ready,True,False,Manager approval missing,medium,Block certification release until missing evidence is resolved,2026-06-06
L08489,E08489,cert-enterprise-ai-safety,Certification Ready,True,False,Required module missing; Required lab missing; Assessment below 80,high,Block certification release until missing evidence is resolved,2026-06-06
L08494,E08494,cert-enterprise-ai-safety,Certification Ready,True,False,Required lab missing,medium,Block certification release until missing evidence is resolved,2026-06-06
L08497,E08497,cert-enterprise-ai-safety,Certification Ready,True,False,Required module missing; Required lab missing,high,Block certification release until missing evidence is resolved,2026-06-06
L08498,E08498,cert-enterprise-ai-safety,Certification Ready,True,False,Required lab missing,medium,Block certification release until missing evidence is resolved,2026-06-06
L08499,E08499,cert-enterprise-ai-safety,Certification Ready,True,False,HR eligibility missing; Required module missing; Manager approval missing,high,Block certification release until missing evidence is resolved,2026-06-06
L08501,E08501,cert-enterprise-ai-safety,Certification Ready,True,False,HR eligibility missing; Required module missing; Manager approval missing,high,Block certification release until missing evidence is resolved,2026-06-06
L08505,E08505,cert-enterprise-ai-safety,Certification Ready,True,False,Manager approval missing,medium,Block certification release until missing evidence is resolved,2026-06-06
L08506,E08506,cert-enterprise-ai-safety,Certification Ready,True,False,HR eligibility missing; Required lab missing,high,Block certification release until missing evidence is resolved,2026-06-06
L08507,E08507,cert-enterprise-ai-safety,Certification Ready,True,False,Required module missing; Manager approval missing,high,Block certification release until missing evidence is resolved,2026-06-06
L08510,E08510,cert-enterprise-ai-safety,Certification Ready,True,False,Required lab missing,medium,Block certification release until missing evidence is resolved,2026-06-06
L08511,E08511,cert-enterprise-ai-safety,Certification Ready,True,False,Required module missing; Required lab missing; Assessment below 80,high,Block certification release until missing evidence is resolved,2026-06-06
L08513,E08513,cert-enterprise-ai-safety,Certification Ready,True,False,HR eligibility missing; Required lab missing,high,Block certification release until missing evidence is resolved,2026-06-06
L08517,E08517,cert-enterprise-ai-safety,Certification Ready,True,False,HR eligibility missing; Required module missing; Required lab missing,high,Block certification release until missing evidence is resolved,2026-06-06
L08519,E08519,cert-enterprise-ai-safety,Certification Ready,True,False,Required lab missing,medium,Block certification release until missing evidence is resolved,2026-06-06
L08524,E08524,cert-enterprise-ai-safety,Certification Ready,True,False,Required module missing; Assessment below 80,high,Block certification release until missing evidence is resolved,2026-06-06
L08525,E08525,cert-enterprise-ai-safety,Certification Ready,True,False,Required lab missing,medium,Block certification release until missing evidence is resolved,2026-06-06
L08526,E08526,cert-enterprise-ai-safety,Certification Ready,True,False,Required module missing; Required lab missing,high,Block certification release until missing evidence is resolved,2026-06-06
L08530,E08530,cert-enterprise-ai-safety,Certification Ready,True,False,Required module missing; Required lab missing; Manager approval missing,high,Block certification release until missing evidence is resolved,2026-06-06
L08531,E08531,cert-enterprise-ai-safety,Certification Ready,True,False,Required module missing; Required lab missing,high,Block certification release until missing evidence is resolved,2026-06-06
L08532,E08532,cert-enterprise-ai-safety,Certification Ready,True,False,Required lab missing; Manager approval missing,high,Block certification release until missing evidence is resolved,2026-06-06
L08536,E08536,cert-enterprise-ai-safety,Certification Ready,True,False,Required module missing; Required lab missing,high,Block certification release until missing evidence is resolved,2026-06-06
L08543,E08543,cert-enterprise-ai-safety,Certification Ready,True,False,Required module missing; Required lab missing,high,Block certification release until missing evidence is resolved,2026-06-06
L08545,E08545,cert-enterprise-ai-safety,Certification Ready,True,False,Required lab missing; Manager approval missing,high,Block certification release until missing evidence is resolved,2026-06-06
L08546,E08546,cert-enterprise-ai-safety,Certification Ready,True,False,Required module missing,medium,Block certification release until missing evidence is resolved,2026-06-06
L08548,E08548,cert-enterprise-ai-safety,Certification Ready,True,False,Required module missing; Required lab missing; Assessment below 80,high,Block certification release until missing evidence is resolved,2026-06-06
L08550,E08550,cert-enterprise-ai-safety,Certification Ready,True,False,Required module missing; Assessment below 80,high,Block certification release until missing evidence is resolved,2026-06-06
L08551,E08551,cert-enterprise-ai-safety,Certification Ready,True,False,Required module missing; Required lab missing,high,Block certification release until missing evidence is resolved,2026-06-06
L08552,E08552,cert-enterprise-ai-safety,Certification Ready,True,False,HR eligibility missing; Required module missing; Required lab missing; Manager approval missing,high,Block certification release until missing evidence is resolved,2026-06-06
L08556,E08556,cert-enterprise-ai-safety,Certification Ready,True,False,HR eligibility missing; Required module missing,high,Block certification release until missing evidence is resolved,2026-06-06
L08557,E08557,cert-enterprise-ai-safety,Certification Ready,True,False,Required module missing; Required lab missing; Manager approval missing,high,Block certification release until missing evidence is resolved,2026-06-06
L08558,E08558,cert-enterprise-ai-safety,Certification Ready,True,False,Required module missing,medium,Block certification release until missing evidence is resolved,2026-06-06
L08559,E08559,cert-enterprise-ai-safety,Certification Ready,True,False,HR eligibility missing,medium,Block certification release until missing evidence is resolved,2026-06-06
L08560,E08560,cert-enterprise-ai-safety,Certification Ready,True,False,Required module missing; Manager approval missing,high,Block certification release until missing evidence is resolved,2026-06-06
L08561,E08561,cert-enterprise-ai-safety,Certification Ready,True,False,Required lab missing,medium,Block certification release until missing evidence is resolved,2026-06-06
L08562,E08562,cert-enterprise-ai-safety,Certification Ready,True,False,Required module missing; Required lab missing,high,Block certification release until missing evidence is resolved,2026-06-06
L08564,E08564,cert-enterprise-ai-safety,Certification Ready,True,False,Required lab missing; Manager approval missing,high,Block certification release until missing evidence is resolved,2026-06-06
L08567,E08567,cert-enterprise-ai-safety,Certification Ready,True,False,Required lab missing,medium,Block certification release until missing evidence is resolved,2026-06-06
L08568,E08568,cert-enterprise-ai-safety,Certification Ready,True,False,Required module missing; Required lab missing; Manager approval missing,high,Block certification release until missing evidence is resolved,2026-06-06
L08570,E08570,cert-enterprise-ai-safety,Certification Ready,True,False,HR eligibility missing; Required lab missing,high,Block certification release until missing evidence is resolved,2026-06-06
L08574,E08574,cert-enterprise-ai-safety,Certification Ready,True,False,Required module missing; Required lab missing; Assessment below 80,high,Block certification release until missing evidence is resolved,2026-06-06
L08578,E08578,cert-enterprise-ai-safety,Certification Ready,True,False,Required lab missing,medium,Block certification release until missing evidence is resolved,2026-06-06
L08579,E08579,cert-enterprise-ai-safety,Certification Ready,True,False,Required module missing,medium,Block certification release until missing evidence is resolved,2026-06-06
L08583,E08583,cert-enterprise-ai-safety,Certification Ready,True,False,Required module missing; Required lab missing,high,Block certification release until missing evidence is resolved,2026-06-06
L08585,E08585,cert-enterprise-ai-safety,Certification Ready,True,False,Required module missing,medium,Block certification release until missing evidence is resolved,2026-06-06
L08586,E08586,cert-enterprise-ai-safety,Certification Ready,True,False,Required lab missing; Manager approval missing,high,Block certification release until missing evidence is resolved,2026-06-06
L08587,E08587,cert-enterprise-ai-safety,Certification Ready,True,False,Required module missing; Manager approval missing,high,Block certification release until missing evidence is resolved,2026-06-06
L08588,E08588,cert-enterprise-ai-safety,Certification Ready,True,False,Required module missing; Required lab missing,high,Block certification release until missing evidence is resolved,2026-06-06
L08590,E08590,cert-enterprise-ai-safety,Certification Ready,True,False,Required module missing; Required lab missing,high,Block certification release until missing evidence is resolved,2026-06-06
L08593,E08593,cert-enterprise-ai-safety,Certification Ready,True,False,Required module missing,medium,Block certification release until missing evidence is resolved,2026-06-06
L08594,E08594,cert-enterprise-ai-safety,Certification Ready,True,False,Required module missing; Required lab missing,high,Block certification release until missing evidence is resolved,2026-06-06
L08595,E08595,cert-enterprise-ai-safety,Certification Ready,True,False,Required module missing,medium,Block certification release until missing evidence is resolved,2026-06-06
L08597,E08597,cert-enterprise-ai-safety,Certification Ready,True,False,Required module missing; Required lab missing; Assessment below 80,high,Block certification release until missing evidence is resolved,2026-06-06
L08598,E08598,cert-enterprise-ai-safety,Certification Ready,True,False,Required module missing; Required lab missing; Manager approval missing,high,Block certification release until missing evidence is resolved,2026-06-06
L08599,E08599,cert-enterprise-ai-safety,Certification Ready,True,False,Required module missing,medium,Block certification release until missing evidence is resolved,2026-06-06
L08600,E08600,cert-enterprise-ai-safety,Certification Ready,True,False,Required module missing,medium,Block certification release until missing evidence is resolved,2026-06-06
L08602,E08602,cert-enterprise-ai-safety,Certification Ready,True,False,Required lab missing; Manager approval missing,high,Block certification release until missing evidence is resolved,2026-06-06
L08603,E08603,cert-enterprise-ai-safety,Certification Ready,True,False,Required module missing; Manager approval missing,high,Block certification release until missing evidence is resolved,2026-06-06
L08606,E08606,cert-enterprise-ai-safety,Certification Ready,True,False,Required module missing; Required lab missing,high,Block certification release until missing evidence is resolved,2026-06-06
L08607,E08607,cert-enterprise-ai-safety,Certification Ready,True,False,Required module missing; Required lab missing; Assessment below 80,high,Block certification release until missing evidence is resolved,2026-06-06
L08609,E08609,cert-enterprise-ai-safety,Certification Ready,True,False,Required module missing; Required lab missing; Manager approval missing,high,Block certification release until missing evidence is resolved,2026-06-06
L08616,E08616,cert-enterprise-ai-safety,Certification Ready,True,False,HR eligibility missing,medium,Block certification release until missing evidence is resolved,2026-06-06
L08619,E08619,cert-enterprise-ai-safety,Certification Ready,True,False,Required lab missing,medium,Block certification release until missing evidence is resolved,2026-06-06
L08621,E08621,cert-enterprise-ai-safety,Certification Ready,True,False,Required module missing; Required lab missing,high,Block certification release until missing evidence is resolved,2026-06-06
L08622,E08622,cert-enterprise-ai-safety,Certification Ready,True,False,HR eligibility missing; Required module missing; Required lab missing; Manager approval missing,high,Block certification release until missing evidence is resolved,2026-06-06
L08624,E08624,cert-enterprise-ai-safety,Certification Ready,True,False,HR eligibility missing; Required module missing; Required lab missing,high,Block certification release until missing evidence is resolved,2026-06-06
L08625,E08625,cert-enterprise-ai-safety,Certification Ready,True,False,HR eligibility missing; Required module missing; Required lab missing; Manager approval missing,high,Block certification release until missing evidence is resolved,2026-06-06
L08626,E08626,cert-enterprise-ai-safety,Certification Ready,True,False,HR eligibility missing; Required module missing; Required lab missing,high,Block certification release until missing evidence is resolved,2026-06-06
L08632,E08632,cert-enterprise-ai-safety,Certification Ready,True,False,Required module missing,medium,Block certification release until missing evidence is resolved,2026-06-06
L08633,E08633,cert-enterprise-ai-safety,Certification Ready,True,False,HR eligibility missing; Required lab missing,high,Block certification release until missing evidence is resolved,2026-06-06
L08634,E08634,cert-enterprise-ai-safety,Certification Ready,True,False,HR eligibility missing; Manager approval missing,high,Block certification release until missing evidence is resolved,2026-06-06
L08636,E08636,cert-enterprise-ai-safety,Certification Ready,True,False,Required module missing; Required lab missing; Manager approval missing,high,Block certification release until missing evidence is resolved,2026-06-06
L08637,E08637,cert-enterprise-ai-safety,Certification Ready,True,False,Required module missing; Assessment below 80,high,Block certification release until missing evidence is resolved,2026-06-06
L08640,E08640,cert-enterprise-ai-safety,Certification Ready,True,False,Required module missing; Required lab missing,high,Block certification release until missing evidence is resolved,2026-06-06
L08644,E08644,cert-enterprise-ai-safety,Certification Ready,True,False,Required lab missing; Manager approval missing,high,Block certification release until missing evidence is resolved,2026-06-06
L08647,E08647,cert-enterprise-ai-safety,Certification Ready,True,False,HR eligibility missing; Required module missing; Required lab missing,high,Block certification release until missing evidence is resolved,2026-06-06
L08648,E08648,cert-enterprise-ai-safety,Certification Ready,True,False,HR eligibility missing; Required lab missing,high,Block certification release until missing evidence is resolved,2026-06-06
L08649,E08649,cert-enterprise-ai-safety,Certification Ready,True,False,HR eligibility missing; Required module missing; Assessment below 80,high,Block certification release until missing evidence is resolved,2026-06-06
L08656,E08656,cert-enterprise-ai-safety,Certification Ready,True,False,Required module missing; Required lab missing,high,Block certification release until missing evidence is resolved,2026-06-06
L08660,E08660,cert-enterprise-ai-safety,Certification Ready,True,False,Required module missing; Manager approval missing,high,Block certification release until missing evidence is resolved,2026-06-06
L08663,E08663,cert-enterprise-ai-safety,Certification Ready,True,False,Required module missing; Required lab missing,high,Block certification release until missing evidence is resolved,2026-06-06
L08666,E08666,cert-enterprise-ai-safety,Certification Ready,True,False,Required module missing,medium,Block certification release until missing evidence is resolved,2026-06-06
L08667,E08667,cert-enterprise-ai-safety,Certification Ready,True,False,Required module missing; Required lab missing,high,Block certification release until missing evidence is resolved,2026-06-06
L08670,E08670,cert-enterprise-ai-safety,Certification Ready,True,False,Required module missing,medium,Block certification release until missing evidence is resolved,2026-06-06
L08675,E08675,cert-enterprise-ai-safety,Certification Ready,True,False,HR eligibility missing; Required module missing,high,Block certification release until missing evidence is resolved,2026-06-06
L08678,E08678,cert-enterprise-ai-safety,Certification Ready,True,False,Required module missing; Required lab missing,high,Block certification release until missing evidence is resolved,2026-06-06
L08683,E08683,cert-enterprise-ai-safety,Certification Ready,True,False,Manager approval missing,medium,Block certification release until missing evidence is resolved,2026-06-06
L08684,E08684,cert-enterprise-ai-safety,Certification Ready,True,False,Required lab missing,medium,Block certification release until missing evidence is resolved,2026-06-06
L08685,E08685,cert-enterprise-ai-safety,Certification Ready,True,False,Required module missing; Required lab missing; Manager approval missing,high,Block certification release until missing evidence is resolved,2026-06-06
L08686,E08686,cert-enterprise-ai-safety,Certification Ready,True,False,HR eligibility missing; Required module missing; Manager approval missing,high,Block certification release until missing evidence is resolved,2026-06-06
L08687,E08687,cert-enterprise-ai-safety,Certification Ready,True,False,Required module missing,medium,Block certification release until missing evidence is resolved,2026-06-06
L08690,E08690,cert-enterprise-ai-safety,Certification Ready,True,False,HR eligibility missing; Required lab missing,high,Block certification release until missing evidence is resolved,2026-06-06
L08691,E08691,cert-enterprise-ai-safety,Certification Ready,True,False,HR eligibility missing; Required lab missing,high,Block certification release until missing evidence is resolved,2026-06-06
L08692,E08692,cert-enterprise-ai-safety,Certification Ready,True,False,Required module missing; Required lab missing,high,Block certification release until missing evidence is resolved,2026-06-06
L08694,E08694,cert-enterprise-ai-safety,Certification Ready,True,False,Required lab missing,medium,Block certification release until missing evidence is resolved,2026-06-06
L08695,E08695,cert-enterprise-ai-safety,Certification Ready,True,False,Required module missing; Assessment below 80,high,Block certification release until missing evidence is resolved,2026-06-06
L08697,E08697,cert-enterprise-ai-safety,Certification Ready,True,False,Required lab missing; Assessment below 80,high,Block certification release until missing evidence is resolved,2026-06-06
L08698,E08698,cert-enterprise-ai-safety,Certification Ready,True,False,Required module missing; Required lab missing; Manager approval missing,high,Block certification release until missing evidence is resolved,2026-06-06
L08699,E08699,cert-enterprise-ai-safety,Certification Ready,True,False,Required module missing; Required lab missing,high,Block certification release until missing evidence is resolved,2026-06-06
L08700,E08700,cert-enterprise-ai-safety,Certification Ready,True,False,HR eligibility missing; Required lab missing,high,Block certification release until missing evidence is resolved,2026-06-06
L08702,E08702,cert-enterprise-ai-safety,Certification Ready,True,False,Required module missing; Required lab missing,high,Block certification release until missing evidence is resolved,2026-06-06
L08706,E08706,cert-enterprise-ai-safety,Certification Ready,True,False,Required module missing; Assessment below 80; Manager approval missing,high,Block certification release until missing evidence is resolved,2026-06-06
L08707,E08707,cert-enterprise-ai-safety,Certification Ready,True,False,HR eligibility missing; Required module missing; Required lab missing,high,Block certification release until missing evidence is resolved,2026-06-06
L08711,E08711,cert-enterprise-ai-safety,Certification Ready,True,False,HR eligibility missing; Required lab missing,high,Block certification release until missing evidence is resolved,2026-06-06
L08715,E08715,cert-enterprise-ai-safety,Certification Ready,True,False,Required module missing,medium,Block certification release until missing evidence is resolved,2026-06-06
L08717,E08717,cert-enterprise-ai-safety,Certification Ready,True,False,Required module missing,medium,Block certification release until missing evidence is resolved,2026-06-06
L08719,E08719,cert-enterprise-ai-safety,Certification Ready,True,False,Required lab missing; Manager approval missing,high,Block certification release until missing evidence is resolved,2026-06-06
L08721,E08721,cert-enterprise-ai-safety,Certification Ready,True,False,Required lab missing,medium,Block certification release until missing evidence is resolved,2026-06-06
L08722,E08722,cert-enterprise-ai-safety,Certification Ready,True,False,Required module missing; Required lab missing; Assessment below 80,high,Block certification release until missing evidence is resolved,2026-06-06
L08724,E08724,cert-enterprise-ai-safety,Certification Ready,True,False,Required module missing; Required lab missing,high,Block certification release until missing evidence is resolved,2026-06-06
L08729,E08729,cert-enterprise-ai-safety,Certification Ready,True,False,Required module missing; Required lab missing,high,Block certification release until missing evidence is resolved,2026-06-06
L08731,E08731,cert-enterprise-ai-safety,Certification Ready,True,False,Required module missing; Required lab missing,high,Block certification release until missing evidence is resolved,2026-06-06
L08733,E08733,cert-enterprise-ai-safety,Certification Ready,True,False,Required lab missing,medium,Block certification release until missing evidence is resolved,2026-06-06
L08735,E08735,cert-enterprise-ai-safety,Certification Ready,True,False,Required module missing; Required lab missing; Manager approval missing,high,Block certification release until missing evidence is resolved,2026-06-06
L08736,E08736,cert-enterprise-ai-safety,Certification Ready,True,False,Required lab missing,medium,Block certification release until missing evidence is resolved,2026-06-06
L08737,E08737,cert-enterprise-ai-safety,Certification Ready,True,False,Required lab missing,medium,Block certification release until missing evidence is resolved,2026-06-06
L08739,E08739,cert-enterprise-ai-safety,Certification Ready,True,False,Required lab missing,medium,Block certification release until missing evidence is resolved,2026-06-06
L08743,E08743,cert-enterprise-ai-safety,Certification Ready,True,False,Required module missing; Manager approval missing,high,Block certification release until missing evidence is resolved,2026-06-06
L08744,E08744,cert-enterprise-ai-safety,Certification Ready,True,False,Required lab missing,medium,Block certification release until missing evidence is resolved,2026-06-06
L08749,E08749,cert-enterprise-ai-safety,Certification Ready,True,False,Required module missing; Required lab missing; Manager approval missing,high,Block certification release until missing evidence is resolved,2026-06-06
L08752,E08752,cert-enterprise-ai-safety,Certification Ready,True,False,HR eligibility missing; Required module missing; Required lab missing; Assessment below 80,high,Block certification release until missing evidence is resolved,2026-06-06
L08753,E08753,cert-enterprise-ai-safety,Certification Ready,True,False,Assessment below 80,medium,Block certification release until missing evidence is resolved,2026-06-06
L08756,E08756,cert-enterprise-ai-safety,Certification Ready,True,False,HR eligibility missing; Manager approval missing,high,Block certification release until missing evidence is resolved,2026-06-06
L08762,E08762,cert-enterprise-ai-safety,Certification Ready,True,False,Assessment below 80,medium,Block certification release until missing evidence is resolved,2026-06-06
L08764,E08764,cert-enterprise-ai-safety,Certification Ready,True,False,Required module missing; Required lab missing,high,Block certification release until missing evidence is resolved,2026-06-06
L08768,E08768,cert-enterprise-ai-safety,Certification Ready,True,False,HR eligibility missing; Required module missing; Required lab missing,high,Block certification release until missing evidence is resolved,2026-06-06
L08769,E08769,cert-enterprise-ai-safety,Certification Ready,True,False,Required module missing,medium,Block certification release until missing evidence is resolved,2026-06-06
L08772,E08772,cert-enterprise-ai-safety,Certification Ready,True,False,HR eligibility missing; Required module missing; Required lab missing; Assessment below 80,high,Block certification release until missing evidence is resolved,2026-06-06
L08774,E08774,cert-enterprise-ai-safety,Certification Ready,True,False,Required lab missing,medium,Block certification release until missing evidence is resolved,2026-06-06
L08775,E08775,cert-enterprise-ai-safety,Certification Ready,True,False,HR eligibility missing; Required module missing,high,Block certification release until missing evidence is resolved,2026-06-06
L08776,E08776,cert-enterprise-ai-safety,Certification Ready,True,False,Assessment below 80,medium,Block certification release until missing evidence is resolved,2026-06-06
L08777,E08777,cert-enterprise-ai-safety,Certification Ready,True,False,Required lab missing,medium,Block certification release until missing evidence is resolved,2026-06-06
L08779,E08779,cert-enterprise-ai-safety,Certification Ready,True,False,Required lab missing,medium,Block certification release until missing evidence is resolved,2026-06-06
L08783,E08783,cert-enterprise-ai-safety,Certification Ready,True,False,Required module missing; Required lab missing,high,Block certification release until missing evidence is resolved,2026-06-06
L08785,E08785,cert-enterprise-ai-safety,Certification Ready,True,False,Required module missing; Required lab missing; Assessment below 80; Manager approval missing,high,Block certification release until missing evidence is resolved,2026-06-06
L08786,E08786,cert-enterprise-ai-safety,Certification Ready,True,False,Required module missing,medium,Block certification release until missing evidence is resolved,2026-06-06
L08794,E08794,cert-enterprise-ai-safety,Certification Ready,True,False,Required lab missing,medium,Block certification release until missing evidence is resolved,2026-06-06
L08799,E08799,cert-enterprise-ai-safety,Certification Ready,True,False,Required module missing; Required lab missing,high,Block certification release until missing evidence is resolved,2026-06-06
L08802,E08802,cert-enterprise-ai-safety,Certification Ready,True,False,HR eligibility missing; Required module missing; Manager approval missing,high,Block certification release until missing evidence is resolved,2026-06-06
L08803,E08803,cert-enterprise-ai-safety,Certification Ready,True,False,HR eligibility missing; Assessment below 80,high,Block certification release until missing evidence is resolved,2026-06-06
L08806,E08806,cert-enterprise-ai-safety,Certification Ready,True,False,Required module missing,medium,Block certification release until missing evidence is resolved,2026-06-06
L08807,E08807,cert-enterprise-ai-safety,Certification Ready,True,False,Required lab missing; Manager approval missing,high,Block certification release until missing evidence is resolved,2026-06-06
L08811,E08811,cert-enterprise-ai-safety,Certification Ready,True,False,HR eligibility missing; Required lab missing,high,Block certification release until missing evidence is resolved,2026-06-06
L08812,E08812,cert-enterprise-ai-safety,Certification Ready,True,False,Required module missing; Required lab missing,high,Block certification release until missing evidence is resolved,2026-06-06
L08813,E08813,cert-enterprise-ai-safety,Certification Ready,True,False,Required module missing; Required lab missing,high,Block certification release until missing evidence is resolved,2026-06-06
L08814,E08814,cert-enterprise-ai-safety,Certification Ready,True,False,Required module missing; Manager approval missing,high,Block certification release until missing evidence is resolved,2026-06-06
L08815,E08815,cert-enterprise-ai-safety,Certification Ready,True,False,Required lab missing; Assessment below 80,high,Block certification release until missing evidence is resolved,2026-06-06
L08817,E08817,cert-enterprise-ai-safety,Certification Ready,True,False,Required module missing; Manager approval missing,high,Block certification release until missing evidence is resolved,2026-06-06
L08819,E08819,cert-enterprise-ai-safety,Certification Ready,True,False,Required lab missing,medium,Block certification release until missing evidence is resolved,2026-06-06
L08821,E08821,cert-enterprise-ai-safety,Certification Ready,True,False,Required lab missing; Manager approval missing,high,Block certification release until missing evidence is resolved,2026-06-06
L08830,E08830,cert-enterprise-ai-safety,Certification Ready,True,False,Required module missing,medium,Block certification release until missing evidence is resolved,2026-06-06
L08832,E08832,cert-enterprise-ai-safety,Certification Ready,True,False,Required module missing; Required lab missing,high,Block certification release until missing evidence is resolved,2026-06-06
L08833,E08833,cert-enterprise-ai-safety,Certification Ready,True,False,Required module missing; Required lab missing,high,Block certification release until missing evidence is resolved,2026-06-06
L08834,E08834,cert-enterprise-ai-safety,Certification Ready,True,False,HR eligibility missing; Required module missing; Required lab missing,high,Block certification release until missing evidence is resolved,2026-06-06
L08842,E08842,cert-enterprise-ai-safety,Certification Ready,True,False,Required lab missing,medium,Block certification release until missing evidence is resolved,2026-06-06
L08843,E08843,cert-enterprise-ai-safety,Certification Ready,True,False,Required lab missing,medium,Block certification release until missing evidence is resolved,2026-06-06
L08851,E08851,cert-enterprise-ai-safety,Certification Ready,True,False,Manager approval missing,medium,Block certification release until missing evidence is resolved,2026-06-06
L08853,E08853,cert-enterprise-ai-safety,Certification Ready,True,False,Required module missing; Assessment below 80,high,Block certification release until missing evidence is resolved,2026-06-06
L08854,E08854,cert-enterprise-ai-safety,Certification Ready,True,False,Required module missing; Required lab missing,high,Block certification release until missing evidence is resolved,2026-06-06
L08858,E08858,cert-enterprise-ai-safety,Certification Ready,True,False,Required lab missing,medium,Block certification release until missing evidence is resolved,2026-06-06
L08860,E08860,cert-enterprise-ai-safety,Certification Ready,True,False,Required module missing; Required lab missing; Assessment below 80; Manager approval missing,high,Block certification release until missing evidence is resolved,2026-06-06
L08862,E08862,cert-enterprise-ai-safety,Certification Ready,True,False,Required lab missing,medium,Block certification release until missing evidence is resolved,2026-06-06
L08863,E08863,cert-enterprise-ai-safety,Certification Ready,True,False,Required module missing; Required lab missing,high,Block certification release until missing evidence is resolved,2026-06-06
L08866,E08866,cert-enterprise-ai-safety,Certification Ready,True,False,Required module missing; Assessment below 80; Manager approval missing,high,Block certification release until missing evidence is resolved,2026-06-06
L08869,E08869,cert-enterprise-ai-safety,Certification Ready,True,False,Required module missing; Required lab missing,high,Block certification release until missing evidence is resolved,2026-06-06
L08870,E08870,cert-enterprise-ai-safety,Certification Ready,True,False,Required module missing; Assessment below 80,high,Block certification release until missing evidence is resolved,2026-06-06
L08874,E08874,cert-enterprise-ai-safety,Certification Ready,True,False,Required module missing; Manager approval missing,high,Block certification release until missing evidence is resolved,2026-06-06
L08876,E08876,cert-enterprise-ai-safety,Certification Ready,True,False,Required lab missing; Manager approval missing,high,Block certification release until missing evidence is resolved,2026-06-06
L08878,E08878,cert-enterprise-ai-safety,Certification Ready,True,False,Manager approval missing,medium,Block certification release until missing evidence is resolved,2026-06-06
L08884,E08884,cert-enterprise-ai-safety,Certification Ready,True,False,Required lab missing,medium,Block certification release until missing evidence is resolved,2026-06-06
L08887,E08887,cert-enterprise-ai-safety,Certification Ready,True,False,Required module missing; Required lab missing,high,Block certification release until missing evidence is resolved,2026-06-06
L08890,E08890,cert-enterprise-ai-safety,Certification Ready,True,False,Required module missing; Required lab missing,high,Block certification release until missing evidence is resolved,2026-06-06
L08893,E08893,cert-enterprise-ai-safety,Certification Ready,True,False,Required module missing; Required lab missing; Manager approval missing,high,Block certification release until missing evidence is resolved,2026-06-06
L08895,E08895,cert-enterprise-ai-safety,Certification Ready,True,False,Required module missing,medium,Block certification release until missing evidence is resolved,2026-06-06
L08896,E08896,cert-enterprise-ai-safety,Certification Ready,True,False,Required module missing; Required lab missing,high,Block certification release until missing evidence is resolved,2026-06-06
L08898,E08898,cert-enterprise-ai-safety,Certification Ready,True,False,HR eligibility missing; Required module missing; Required lab missing; Manager approval missing,high,Block certification release until missing evidence is resolved,2026-06-06
L08899,E08899,cert-enterprise-ai-safety,Certification Ready,True,False,Required lab missing,medium,Block certification release until missing evidence is resolved,2026-06-06
L08900,E08900,cert-enterprise-ai-safety,Certification Ready,True,False,Required lab missing; Manager approval missing,high,Block certification release until missing evidence is resolved,2026-06-06
L08901,E08901,cert-enterprise-ai-safety,Certification Ready,True,False,Required module missing,medium,Block certification release until missing evidence is resolved,2026-06-06
L08902,E08902,cert-enterprise-ai-safety,Certification Ready,True,False,Required lab missing; Manager approval missing,high,Block certification release until missing evidence is resolved,2026-06-06
L08903,E08903,cert-enterprise-ai-safety,Certification Ready,True,False,Required lab missing,medium,Block certification release until missing evidence is resolved,2026-06-06
L08904,E08904,cert-enterprise-ai-safety,Certification Ready,True,False,Manager approval missing,medium,Block certification release until missing evidence is resolved,2026-06-06
L08906,E08906,cert-enterprise-ai-safety,Certification Ready,True,False,Required module missing; Required lab missing; Manager approval missing,high,Block certification release until missing evidence is resolved,2026-06-06
L08908,E08908,cert-enterprise-ai-safety,Certification Ready,True,False,Required module missing; Required lab missing; Manager approval missing,high,Block certification release until missing evidence is resolved,2026-06-06
L08911,E08911,cert-enterprise-ai-safety,Certification Ready,True,False,Required module missing; Required lab missing; Manager approval missing,high,Block certification release until missing evidence is resolved,2026-06-06
L08918,E08918,cert-enterprise-ai-safety,Certification Ready,True,False,Required lab missing; Assessment below 80,high,Block certification release until missing evidence is resolved,2026-06-06
L08920,E08920,cert-enterprise-ai-safety,Certification Ready,True,False,Required module missing; Manager approval missing,high,Block certification release until missing evidence is resolved,2026-06-06
L08921,E08921,cert-enterprise-ai-safety,Certification Ready,True,False,Required lab missing,medium,Block certification release until missing evidence is resolved,2026-06-06
L08923,E08923,cert-enterprise-ai-safety,Certification Ready,True,False,Required module missing; Required lab missing,high,Block certification release until missing evidence is resolved,2026-06-06
L08925,E08925,cert-enterprise-ai-safety,Certification Ready,True,False,Assessment below 80,medium,Block certification release until missing evidence is resolved,2026-06-06
L08928,E08928,cert-enterprise-ai-safety,Certification Ready,True,False,Required lab missing,medium,Block certification release until missing evidence is resolved,2026-06-06
L08937,E08937,cert-enterprise-ai-safety,Certification Ready,True,False,HR eligibility missing; Required module missing; Required lab missing,high,Block certification release until missing evidence is resolved,2026-06-06
L08940,E08940,cert-enterprise-ai-safety,Certification Ready,True,False,HR eligibility missing; Required module missing; Required lab missing,high,Block certification release until missing evidence is resolved,2026-06-06
L08941,E08941,cert-enterprise-ai-safety,Certification Ready,True,False,Required lab missing,medium,Block certification release until missing evidence is resolved,2026-06-06
L08944,E08944,cert-enterprise-ai-safety,Certification Ready,True,False,Required lab missing,medium,Block certification release until missing evidence is resolved,2026-06-06
L08946,E08946,cert-enterprise-ai-safety,Certification Ready,True,False,Required module missing; Required lab missing,high,Block certification release until missing evidence is resolved,2026-06-06
L08948,E08948,cert-enterprise-ai-safety,Certification Ready,True,False,Required module missing; Required lab missing; Assessment below 80,high,Block certification release until missing evidence is resolved,2026-06-06
L08955,E08955,cert-enterprise-ai-safety,Certification Ready,True,False,Required module missing; Required lab missing; Manager approval missing,high,Block certification release until missing evidence is resolved,2026-06-06
L08956,E08956,cert-enterprise-ai-safety,Certification Ready,True,False,HR eligibility missing; Required lab missing; Assessment below 80,high,Block certification release until missing evidence is resolved,2026-06-06
L08960,E08960,cert-enterprise-ai-safety,Certification Ready,True,False,Required module missing; Manager approval missing,high,Block certification release until missing evidence is resolved,2026-06-06
L08962,E08962,cert-enterprise-ai-safety,Certification Ready,True,False,Required lab missing; Manager approval missing,high,Block certification release until missing evidence is resolved,2026-06-06
L08968,E08968,cert-enterprise-ai-safety,Certification Ready,True,False,Required module missing,medium,Block certification release until missing evidence is resolved,2026-06-06
L08970,E08970,cert-enterprise-ai-safety,Certification Ready,True,False,HR eligibility missing; Required module missing; Required lab missing,high,Block certification release until missing evidence is resolved,2026-06-06
L08975,E08975,cert-enterprise-ai-safety,Certification Ready,True,False,Required lab missing,medium,Block certification release until missing evidence is resolved,2026-06-06
L08980,E08980,cert-enterprise-ai-safety,Certification Ready,True,False,HR eligibility missing; Manager approval missing,high,Block certification release until missing evidence is resolved,2026-06-06
L08982,E08982,cert-enterprise-ai-safety,Certification Ready,True,False,Required lab missing; Manager approval missing,high,Block certification release until missing evidence is resolved,2026-06-06
L08984,E08984,cert-enterprise-ai-safety,Certification Ready,True,False,Required module missing; Required lab missing; Assessment below 80; Manager approval missing,high,Block certification release until missing evidence is resolved,2026-06-06
L08986,E08986,cert-enterprise-ai-safety,Certification Ready,True,False,Required module missing,medium,Block certification release until missing evidence is resolved,2026-06-06
L08989,E08989,cert-enterprise-ai-safety,Certification Ready,True,False,HR eligibility missing,medium,Block certification release until missing evidence is resolved,2026-06-06
L08994,E08994,cert-enterprise-ai-safety,Certification Ready,True,False,HR eligibility missing; Required lab missing; Manager approval missing,high,Block certification release until missing evidence is resolved,2026-06-06
L08996,E08996,cert-enterprise-ai-safety,Certification Ready,True,False,Manager approval missing,medium,Block certification release until missing evidence is resolved,2026-06-06
L08997,E08997,cert-enterprise-ai-safety,Certification Ready,True,False,Required lab missing,medium,Block certification release until missing evidence is resolved,2026-06-06
L08999,E08999,cert-enterprise-ai-safety,Certification Ready,True,False,HR eligibility missing,medium,Block certification release until missing evidence is resolved,2026-06-06
L09000,E09000,cert-enterprise-ai-safety,Certification Ready,True,False,Required module missing; Required lab missing; Assessment below 80,high,Block certification release until missing evidence is resolved,2026-06-06
L09002,E09002,cert-enterprise-ai-safety,Certification Ready,True,False,Required module missing; Required lab missing; Assessment below 80,high,Block certification release until missing evidence is resolved,2026-06-06
L09003,E09003,cert-enterprise-ai-safety,Certification Ready,True,False,Required module missing; Required lab missing,high,Block certification release until missing evidence is resolved,2026-06-06
L09004,E09004,cert-enterprise-ai-safety,Certification Ready,True,False,HR eligibility missing; Required lab missing,high,Block certification release until missing evidence is resolved,2026-06-06
L09006,E09006,cert-enterprise-ai-safety,Certification Ready,True,False,Required module missing; Required lab missing,high,Block certification release until missing evidence is resolved,2026-06-06
L09010,E09010,cert-enterprise-ai-safety,Certification Ready,True,False,HR eligibility missing,medium,Block certification release until missing evidence is resolved,2026-06-06
L09011,E09011,cert-enterprise-ai-safety,Certification Ready,True,False,Required lab missing; Assessment below 80,high,Block certification release until missing evidence is resolved,2026-06-06
L09015,E09015,cert-enterprise-ai-safety,Certification Ready,True,False,Required module missing; Required lab missing; Manager approval missing,high,Block certification release until missing evidence is resolved,2026-06-06
L09019,E09019,cert-enterprise-ai-safety,Certification Ready,True,False,Required module missing,medium,Block certification release until missing evidence is resolved,2026-06-06
L09020,E09020,cert-enterprise-ai-safety,Certification Ready,True,False,Required lab missing; Assessment below 80,high,Block certification release until missing evidence is resolved,2026-06-06
L09021,E09021,cert-enterprise-ai-safety,Certification Ready,True,False,Required lab missing,medium,Block certification release until missing evidence is resolved,2026-06-06
L09022,E09022,cert-enterprise-ai-safety,Certification Ready,True,False,HR eligibility missing; Required module missing; Required lab missing,high,Block certification release until missing evidence is resolved,2026-06-06
L09025,E09025,cert-enterprise-ai-safety,Certification Ready,True,False,Required module missing,medium,Block certification release until missing evidence is resolved,2026-06-06
L09026,E09026,cert-enterprise-ai-safety,Certification Ready,True,False,Required lab missing; Assessment below 80; Manager approval missing,high,Block certification release until missing evidence is resolved,2026-06-06
L09027,E09027,cert-enterprise-ai-safety,Certification Ready,True,False,Required lab missing; Manager approval missing,high,Block certification release until missing evidence is resolved,2026-06-06
L09037,E09037,cert-enterprise-ai-safety,Certification Ready,True,False,Required module missing; Manager approval missing,high,Block certification release until missing evidence is resolved,2026-06-06
L09040,E09040,cert-enterprise-ai-safety,Certification Ready,True,False,Required module missing; Required lab missing,high,Block certification release until missing evidence is resolved,2026-06-06
L09041,E09041,cert-enterprise-ai-safety,Certification Ready,True,False,Required lab missing,medium,Block certification release until missing evidence is resolved,2026-06-06
L09046,E09046,cert-enterprise-ai-safety,Certification Ready,True,False,HR eligibility missing; Required module missing; Required lab missing,high,Block certification release until missing evidence is resolved,2026-06-06
L09050,E09050,cert-enterprise-ai-safety,Certification Ready,True,False,Required lab missing,medium,Block certification release until missing evidence is resolved,2026-06-06
L09051,E09051,cert-enterprise-ai-safety,Certification Ready,True,False,Required module missing; Required lab missing,high,Block certification release until missing evidence is resolved,2026-06-06
L09052,E09052,cert-enterprise-ai-safety,Certification Ready,True,False,Required module missing; Required lab missing; Manager approval missing,high,Block certification release until missing evidence is resolved,2026-06-06
L09057,E09057,cert-enterprise-ai-safety,Certification Ready,True,False,HR eligibility missing; Required module missing; Required lab missing,high,Block certification release until missing evidence is resolved,2026-06-06
L09059,E09059,cert-enterprise-ai-safety,Certification Ready,True,False,Required module missing; Required lab missing; Assessment below 80,high,Block certification release until missing evidence is resolved,2026-06-06
L09060,E09060,cert-enterprise-ai-safety,Certification Ready,True,False,Required lab missing; Assessment below 80; Manager approval missing,high,Block certification release until missing evidence is resolved,2026-06-06
L09061,E09061,cert-enterprise-ai-safety,Certification Ready,True,False,HR eligibility missing; Required module missing; Required lab missing; Assessment below 80; Manager approval missing,high,Block certification release until missing evidence is resolved,2026-06-06
L09065,E09065,cert-enterprise-ai-safety,Certification Ready,True,False,Required lab missing; Assessment below 80,high,Block certification release until missing evidence is resolved,2026-06-06
L09067,E09067,cert-enterprise-ai-safety,Certification Ready,True,False,Required module missing,medium,Block certification release until missing evidence is resolved,2026-06-06
L09070,E09070,cert-enterprise-ai-safety,Certification Ready,True,False,HR eligibility missing; Required module missing; Manager approval missing,high,Block certification release until missing evidence is resolved,2026-06-06
L09074,E09074,cert-enterprise-ai-safety,Certification Ready,True,False,HR eligibility missing; Required module missing,high,Block certification release until missing evidence is resolved,2026-06-06
L09077,E09077,cert-enterprise-ai-safety,Certification Ready,True,False,Required module missing; Required lab missing,high,Block certification release until missing evidence is resolved,2026-06-06
L09078,E09078,cert-enterprise-ai-safety,Certification Ready,True,False,HR eligibility missing; Required lab missing; Manager approval missing,high,Block certification release until missing evidence is resolved,2026-06-06
L09079,E09079,cert-enterprise-ai-safety,Certification Ready,True,False,Required module missing; Required lab missing,high,Block certification release until missing evidence is resolved,2026-06-06
L09080,E09080,cert-enterprise-ai-safety,Certification Ready,True,False,Required module missing,medium,Block certification release until missing evidence is resolved,2026-06-06
L09085,E09085,cert-enterprise-ai-safety,Certification Ready,True,False,Required lab missing; Assessment below 80,high,Block certification release until missing evidence is resolved,2026-06-06
L09094,E09094,cert-enterprise-ai-safety,Certification Ready,True,False,HR eligibility missing; Required lab missing,high,Block certification release until missing evidence is resolved,2026-06-06
L09095,E09095,cert-enterprise-ai-safety,Certification Ready,True,False,Required module missing,medium,Block certification release until missing evidence is resolved,2026-06-06
L09098,E09098,cert-enterprise-ai-safety,Certification Ready,True,False,Required lab missing; Manager approval missing,high,Block certification release until missing evidence is resolved,2026-06-06
L09099,E09099,cert-enterprise-ai-safety,Certification Ready,True,False,Required lab missing,medium,Block certification release until missing evidence is resolved,2026-06-06
L09103,E09103,cert-enterprise-ai-safety,Certification Ready,True,False,Required module missing; Required lab missing; Manager approval missing,high,Block certification release until missing evidence is resolved,2026-06-06
L09106,E09106,cert-enterprise-ai-safety,Certification Ready,True,False,Required lab missing,medium,Block certification release until missing evidence is resolved,2026-06-06
L09110,E09110,cert-enterprise-ai-safety,Certification Ready,True,False,Required lab missing; Manager approval missing,high,Block certification release until missing evidence is resolved,2026-06-06
L09114,E09114,cert-enterprise-ai-safety,Certification Ready,True,False,Required module missing; Required lab missing; Manager approval missing,high,Block certification release until missing evidence is resolved,2026-06-06
L09115,E09115,cert-enterprise-ai-safety,Certification Ready,True,False,Required module missing; Assessment below 80,high,Block certification release until missing evidence is resolved,2026-06-06
L09116,E09116,cert-enterprise-ai-safety,Certification Ready,True,False,Required module missing,medium,Block certification release until missing evidence is resolved,2026-06-06
L09117,E09117,cert-enterprise-ai-safety,Certification Ready,True,False,Required lab missing,medium,Block certification release until missing evidence is resolved,2026-06-06
L09119,E09119,cert-enterprise-ai-safety,Certification Ready,True,False,Required module missing; Required lab missing,high,Block certification release until missing evidence is resolved,2026-06-06
L09120,E09120,cert-enterprise-ai-safety,Certification Ready,True,False,Required lab missing,medium,Block certification release until missing evidence is resolved,2026-06-06
L09121,E09121,cert-enterprise-ai-safety,Certification Ready,True,False,Required module missing; Assessment below 80,high,Block certification release until missing evidence is resolved,2026-06-06
L09122,E09122,cert-enterprise-ai-safety,Certification Ready,True,False,Required lab missing,medium,Block certification release until missing evidence is resolved,2026-06-06
L09123,E09123,cert-enterprise-ai-safety,Certification Ready,True,False,Required lab missing,medium,Block certification release until missing evidence is resolved,2026-06-06
L09127,E09127,cert-enterprise-ai-safety,Certification Ready,True,False,Required module missing; Required lab missing; Manager approval missing,high,Block certification release until missing evidence is resolved,2026-06-06
L09128,E09128,cert-enterprise-ai-safety,Certification Ready,True,False,Required lab missing,medium,Block certification release until missing evidence is resolved,2026-06-06
L09129,E09129,cert-enterprise-ai-safety,Certification Ready,True,False,Required lab missing,medium,Block certification release until missing evidence is resolved,2026-06-06
L09133,E09133,cert-enterprise-ai-safety,Certification Ready,True,False,Required module missing; Required lab missing,high,Block certification release until missing evidence is resolved,2026-06-06
L09137,E09137,cert-enterprise-ai-safety,Certification Ready,True,False,Required module missing; Required lab missing,high,Block certification release until missing evidence is resolved,2026-06-06
L09138,E09138,cert-enterprise-ai-safety,Certification Ready,True,False,Required lab missing; Manager approval missing,high,Block certification release until missing evidence is resolved,2026-06-06
L09140,E09140,cert-enterprise-ai-safety,Certification Ready,True,False,HR eligibility missing; Required module missing; Manager approval missing,high,Block certification release until missing evidence is resolved,2026-06-06
L09141,E09141,cert-enterprise-ai-safety,Certification Ready,True,False,HR eligibility missing,medium,Block certification release until missing evidence is resolved,2026-06-06
L09142,E09142,cert-enterprise-ai-safety,Certification Ready,True,False,Required module missing; Assessment below 80,high,Block certification release until missing evidence is resolved,2026-06-06
L09143,E09143,cert-enterprise-ai-safety,Certification Ready,True,False,Required module missing; Required lab missing; Manager approval missing,high,Block certification release until missing evidence is resolved,2026-06-06
L09150,E09150,cert-enterprise-ai-safety,Certification Ready,True,False,Required lab missing,medium,Block certification release until missing evidence is resolved,2026-06-06
L09151,E09151,cert-enterprise-ai-safety,Certification Ready,True,False,Required lab missing,medium,Block certification release until missing evidence is resolved,2026-06-06
L09153,E09153,cert-enterprise-ai-safety,Certification Ready,True,False,Required lab missing; Manager approval missing,high,Block certification release until missing evidence is resolved,2026-06-06
L09155,E09155,cert-enterprise-ai-safety,Certification Ready,True,False,Manager approval missing,medium,Block certification release until missing evidence is resolved,2026-06-06
L09157,E09157,cert-enterprise-ai-safety,Certification Ready,True,False,Required module missing; Required lab missing,high,Block certification release until missing evidence is resolved,2026-06-06
L09161,E09161,cert-enterprise-ai-safety,Certification Ready,True,False,HR eligibility missing; Required module missing; Required lab missing; Assessment below 80,high,Block certification release until missing evidence is resolved,2026-06-06
L09163,E09163,cert-enterprise-ai-safety,Certification Ready,True,False,Required lab missing,medium,Block certification release until missing evidence is resolved,2026-06-06
L09164,E09164,cert-enterprise-ai-safety,Certification Ready,True,False,Required module missing; Required lab missing; Assessment below 80; Manager approval missing,high,Block certification release until missing evidence is resolved,2026-06-06
L09165,E09165,cert-enterprise-ai-safety,Certification Ready,True,False,Required lab missing,medium,Block certification release until missing evidence is resolved,2026-06-06
L09166,E09166,cert-enterprise-ai-safety,Certification Ready,True,False,Required lab missing; Assessment below 80,high,Block certification release until missing evidence is resolved,2026-06-06
L09169,E09169,cert-enterprise-ai-safety,Certification Ready,True,False,Required module missing; Required lab missing,high,Block certification release until missing evidence is resolved,2026-06-06
L09172,E09172,cert-enterprise-ai-safety,Certification Ready,True,False,Required module missing,medium,Block certification release until missing evidence is resolved,2026-06-06
L09180,E09180,cert-enterprise-ai-safety,Certification Ready,True,False,Required module missing; Assessment below 80,high,Block certification release until missing evidence is resolved,2026-06-06
L09184,E09184,cert-enterprise-ai-safety,Certification Ready,True,False,Required module missing; Required lab missing,high,Block certification release until missing evidence is resolved,2026-06-06
L09187,E09187,cert-enterprise-ai-safety,Certification Ready,True,False,Required module missing; Assessment below 80,high,Block certification release until missing evidence is resolved,2026-06-06
L09188,E09188,cert-enterprise-ai-safety,Certification Ready,True,False,Required lab missing,medium,Block certification release until missing evidence is resolved,2026-06-06
L09189,E09189,cert-enterprise-ai-safety,Certification Ready,True,False,HR eligibility missing; Required lab missing,high,Block certification release until missing evidence is resolved,2026-06-06
L09191,E09191,cert-enterprise-ai-safety,Certification Ready,True,False,Required module missing; Manager approval missing,high,Block certification release until missing evidence is resolved,2026-06-06
L09192,E09192,cert-enterprise-ai-safety,Certification Ready,True,False,Manager approval missing,medium,Block certification release until missing evidence is resolved,2026-06-06
L09193,E09193,cert-enterprise-ai-safety,Certification Ready,True,False,Required module missing; Assessment below 80,high,Block certification release until missing evidence is resolved,2026-06-06
L09194,E09194,cert-enterprise-ai-safety,Certification Ready,True,False,Required lab missing,medium,Block certification release until missing evidence is resolved,2026-06-06
L09195,E09195,cert-enterprise-ai-safety,Certification Ready,True,False,Required lab missing; Manager approval missing,high,Block certification release until missing evidence is resolved,2026-06-06
L09197,E09197,cert-enterprise-ai-safety,Certification Ready,True,False,Required module missing; Assessment below 80,high,Block certification release until missing evidence is resolved,2026-06-06
L09199,E09199,cert-enterprise-ai-safety,Certification Ready,True,False,Required lab missing; Assessment below 80,high,Block certification release until missing evidence is resolved,2026-06-06
L09200,E09200,cert-enterprise-ai-safety,Certification Ready,True,False,HR eligibility missing; Required lab missing,high,Block certification release until missing evidence is resolved,2026-06-06
L09201,E09201,cert-enterprise-ai-safety,Certification Ready,True,False,Required lab missing; Manager approval missing,high,Block certification release until missing evidence is resolved,2026-06-06
L09202,E09202,cert-enterprise-ai-safety,Certification Ready,True,False,Required module missing; Required lab missing,high,Block certification release until missing evidence is resolved,2026-06-06
L09215,E09215,cert-enterprise-ai-safety,Certification Ready,True,False,Required module missing; Required lab missing; Manager approval missing,high,Block certification release until missing evidence is resolved,2026-06-06
L09218,E09218,cert-enterprise-ai-safety,Certification Ready,True,False,Required module missing; Required lab missing,high,Block certification release until missing evidence is resolved,2026-06-06
L09219,E09219,cert-enterprise-ai-safety,Certification Ready,True,False,Required module missing; Required lab missing; Assessment below 80; Manager approval missing,high,Block certification release until missing evidence is resolved,2026-06-06
L09223,E09223,cert-enterprise-ai-safety,Certification Ready,True,False,Manager approval missing,medium,Block certification release until missing evidence is resolved,2026-06-06
L09224,E09224,cert-enterprise-ai-safety,Certification Ready,True,False,HR eligibility missing; Required module missing; Required lab missing,high,Block certification release until missing evidence is resolved,2026-06-06
L09225,E09225,cert-enterprise-ai-safety,Certification Ready,True,False,HR eligibility missing; Required lab missing; Manager approval missing,high,Block certification release until missing evidence is resolved,2026-06-06
L09226,E09226,cert-enterprise-ai-safety,Certification Ready,True,False,Required lab missing,medium,Block certification release until missing evidence is resolved,2026-06-06
L09227,E09227,cert-enterprise-ai-safety,Certification Ready,True,False,Assessment below 80; Manager approval missing,high,Block certification release until missing evidence is resolved,2026-06-06
L09228,E09228,cert-enterprise-ai-safety,Certification Ready,True,False,Required module missing,medium,Block certification release until missing evidence is resolved,2026-06-06
L09230,E09230,cert-enterprise-ai-safety,Certification Ready,True,False,Required lab missing; Manager approval missing,high,Block certification release until missing evidence is resolved,2026-06-06
L09231,E09231,cert-enterprise-ai-safety,Certification Ready,True,False,Required lab missing; Manager approval missing,high,Block certification release until missing evidence is resolved,2026-06-06
L09232,E09232,cert-enterprise-ai-safety,Certification Ready,True,False,Required module missing,medium,Block certification release until missing evidence is resolved,2026-06-06
L09234,E09234,cert-enterprise-ai-safety,Certification Ready,True,False,Required lab missing; Assessment below 80; Manager approval missing,high,Block certification release until missing evidence is resolved,2026-06-06
L09235,E09235,cert-enterprise-ai-safety,Certification Ready,True,False,HR eligibility missing; Required module missing; Required lab missing; Manager approval missing,high,Block certification release until missing evidence is resolved,2026-06-06
L09239,E09239,cert-enterprise-ai-safety,Certification Ready,True,False,Required module missing; Manager approval missing,high,Block certification release until missing evidence is resolved,2026-06-06
L09244,E09244,cert-enterprise-ai-safety,Certification Ready,True,False,Required lab missing,medium,Block certification release until missing evidence is resolved,2026-06-06
L09246,E09246,cert-enterprise-ai-safety,Certification Ready,True,False,Required lab missing; Assessment below 80; Manager approval missing,high,Block certification release until missing evidence is resolved,2026-06-06
L09249,E09249,cert-enterprise-ai-safety,Certification Ready,True,False,Required module missing; Assessment below 80,high,Block certification release until missing evidence is resolved,2026-06-06
L09252,E09252,cert-enterprise-ai-safety,Certification Ready,True,False,HR eligibility missing,medium,Block certification release until missing evidence is resolved,2026-06-06
L09253,E09253,cert-enterprise-ai-safety,Certification Ready,True,False,Manager approval missing,medium,Block certification release until missing evidence is resolved,2026-06-06
L09258,E09258,cert-enterprise-ai-safety,Certification Ready,True,False,Required module missing; Required lab missing,high,Block certification release until missing evidence is resolved,2026-06-06
L09260,E09260,cert-enterprise-ai-safety,Certification Ready,True,False,Required module missing; Required lab missing,high,Block certification release until missing evidence is resolved,2026-06-06
L09261,E09261,cert-enterprise-ai-safety,Certification Ready,True,False,Required module missing; Required lab missing; Assessment below 80,high,Block certification release until missing evidence is resolved,2026-06-06
L09262,E09262,cert-enterprise-ai-safety,Certification Ready,True,False,Required module missing; Required lab missing,high,Block certification release until missing evidence is resolved,2026-06-06
L09264,E09264,cert-enterprise-ai-safety,Certification Ready,True,False,Required lab missing; Manager approval missing,high,Block certification release until missing evidence is resolved,2026-06-06
L09265,E09265,cert-enterprise-ai-safety,Certification Ready,True,False,Required module missing; Required lab missing,high,Block certification release until missing evidence is resolved,2026-06-06
L09266,E09266,cert-enterprise-ai-safety,Certification Ready,True,False,Required lab missing; Manager approval missing,high,Block certification release until missing evidence is resolved,2026-06-06
L09271,E09271,cert-enterprise-ai-safety,Certification Ready,True,False,HR eligibility missing; Required module missing; Required lab missing,high,Block certification release until missing evidence is resolved,2026-06-06
L09274,E09274,cert-enterprise-ai-safety,Certification Ready,True,False,HR eligibility missing; Manager approval missing,high,Block certification release until missing evidence is resolved,2026-06-06
L09275,E09275,cert-enterprise-ai-safety,Certification Ready,True,False,Assessment below 80,medium,Block certification release until missing evidence is resolved,2026-06-06
L09277,E09277,cert-enterprise-ai-safety,Certification Ready,True,False,HR eligibility missing,medium,Block certification release until missing evidence is resolved,2026-06-06
L09278,E09278,cert-enterprise-ai-safety,Certification Ready,True,False,Required module missing; Required lab missing,high,Block certification release until missing evidence is resolved,2026-06-06
L09286,E09286,cert-enterprise-ai-safety,Certification Ready,True,False,Required module missing; Required lab missing; Manager approval missing,high,Block certification release until missing evidence is resolved,2026-06-06
L09288,E09288,cert-enterprise-ai-safety,Certification Ready,True,False,Required module missing; Required lab missing,high,Block certification release until missing evidence is resolved,2026-06-06
L09289,E09289,cert-enterprise-ai-safety,Certification Ready,True,False,HR eligibility missing; Required lab missing; Assessment below 80; Manager approval missing,high,Block certification release until missing evidence is resolved,2026-06-06
L09290,E09290,cert-enterprise-ai-safety,Certification Ready,True,False,Manager approval missing,medium,Block certification release until missing evidence is resolved,2026-06-06
L09294,E09294,cert-enterprise-ai-safety,Certification Ready,True,False,HR eligibility missing; Required module missing; Required lab missing,high,Block certification release until missing evidence is resolved,2026-06-06
L09296,E09296,cert-enterprise-ai-safety,Certification Ready,True,False,HR eligibility missing; Manager approval missing,high,Block certification release until missing evidence is resolved,2026-06-06
L09297,E09297,cert-enterprise-ai-safety,Certification Ready,True,False,Required lab missing,medium,Block certification release until missing evidence is resolved,2026-06-06
L09301,E09301,cert-enterprise-ai-safety,Certification Ready,True,False,Required lab missing,medium,Block certification release until missing evidence is resolved,2026-06-06
L09303,E09303,cert-enterprise-ai-safety,Certification Ready,True,False,HR eligibility missing; Required module missing; Required lab missing,high,Block certification release until missing evidence is resolved,2026-06-06
L09304,E09304,cert-enterprise-ai-safety,Certification Ready,True,False,Assessment below 80; Manager approval missing,high,Block certification release until missing evidence is resolved,2026-06-06
L09305,E09305,cert-enterprise-ai-safety,Certification Ready,True,False,Required module missing; Assessment below 80,high,Block certification release until missing evidence is resolved,2026-06-06
L09306,E09306,cert-enterprise-ai-safety,Certification Ready,True,False,Required module missing,medium,Block certification release until missing evidence is resolved,2026-06-06
L09308,E09308,cert-enterprise-ai-safety,Certification Ready,True,False,Required module missing; Required lab missing,high,Block certification release until missing evidence is resolved,2026-06-06
L09309,E09309,cert-enterprise-ai-safety,Certification Ready,True,False,HR eligibility missing; Required lab missing,high,Block certification release until missing evidence is resolved,2026-06-06
L09310,E09310,cert-enterprise-ai-safety,Certification Ready,True,False,Required lab missing; Manager approval missing,high,Block certification release until missing evidence is resolved,2026-06-06
L09312,E09312,cert-enterprise-ai-safety,Certification Ready,True,False,Required lab missing,medium,Block certification release until missing evidence is resolved,2026-06-06
L09313,E09313,cert-enterprise-ai-safety,Certification Ready,True,False,HR eligibility missing; Required module missing; Assessment below 80,high,Block certification release until missing evidence is resolved,2026-06-06
L09315,E09315,cert-enterprise-ai-safety,Certification Ready,True,False,Required lab missing,medium,Block certification release until missing evidence is resolved,2026-06-06
L09317,E09317,cert-enterprise-ai-safety,Certification Ready,True,False,Required module missing; Manager approval missing,high,Block certification release until missing evidence is resolved,2026-06-06
L09322,E09322,cert-enterprise-ai-safety,Certification Ready,True,False,Required lab missing; Manager approval missing,high,Block certification release until missing evidence is resolved,2026-06-06
L09323,E09323,cert-enterprise-ai-safety,Certification Ready,True,False,HR eligibility missing; Required lab missing,high,Block certification release until missing evidence is resolved,2026-06-06
L09325,E09325,cert-enterprise-ai-safety,Certification Ready,True,False,Required module missing,medium,Block certification release until missing evidence is resolved,2026-06-06
L09326,E09326,cert-enterprise-ai-safety,Certification Ready,True,False,Required module missing; Required lab missing,high,Block certification release until missing evidence is resolved,2026-06-06
L09335,E09335,cert-enterprise-ai-safety,Certification Ready,True,False,Required module missing; Manager approval missing,high,Block certification release until missing evidence is resolved,2026-06-06
L09336,E09336,cert-enterprise-ai-safety,Certification Ready,True,False,Required lab missing,medium,Block certification release until missing evidence is resolved,2026-06-06
L09339,E09339,cert-enterprise-ai-safety,Certification Ready,True,False,Manager approval missing,medium,Block certification release until missing evidence is resolved,2026-06-06
L09341,E09341,cert-enterprise-ai-safety,Certification Ready,True,False,Required lab missing; Manager approval missing,high,Block certification release until missing evidence is resolved,2026-06-06
L09342,E09342,cert-enterprise-ai-safety,Certification Ready,True,False,Required module missing; Required lab missing,high,Block certification release until missing evidence is resolved,2026-06-06
L09347,E09347,cert-enterprise-ai-safety,Certification Ready,True,False,Required lab missing,medium,Block certification release until missing evidence is resolved,2026-06-06
L09349,E09349,cert-enterprise-ai-safety,Certification Ready,True,False,HR eligibility missing; Required module missing; Manager approval missing,high,Block certification release until missing evidence is resolved,2026-06-06
L09353,E09353,cert-enterprise-ai-safety,Certification Ready,True,False,HR eligibility missing; Required module missing; Required lab missing; Manager approval missing,high,Block certification release until missing evidence is resolved,2026-06-06
L09354,E09354,cert-enterprise-ai-safety,Certification Ready,True,False,HR eligibility missing; Required module missing; Required lab missing; Assessment below 80,high,Block certification release until missing evidence is resolved,2026-06-06
L09358,E09358,cert-enterprise-ai-safety,Certification Ready,True,False,Required lab missing,medium,Block certification release until missing evidence is resolved,2026-06-06
L09366,E09366,cert-enterprise-ai-safety,Certification Ready,True,False,HR eligibility missing; Required lab missing,high,Block certification release until missing evidence is resolved,2026-06-06
L09368,E09368,cert-enterprise-ai-safety,Certification Ready,True,False,Required module missing; Required lab missing; Manager approval missing,high,Block certification release until missing evidence is resolved,2026-06-06
L09369,E09369,cert-enterprise-ai-safety,Certification Ready,True,False,Required module missing; Required lab missing,high,Block certification release until missing evidence is resolved,2026-06-06
L09372,E09372,cert-enterprise-ai-safety,Certification Ready,True,False,Required lab missing,medium,Block certification release until missing evidence is resolved,2026-06-06
L09373,E09373,cert-enterprise-ai-safety,Certification Ready,True,False,Required module missing,medium,Block certification release until missing evidence is resolved,2026-06-06
L09377,E09377,cert-enterprise-ai-safety,Certification Ready,True,False,Required module missing; Assessment below 80,high,Block certification release until missing evidence is resolved,2026-06-06
L09386,E09386,cert-enterprise-ai-safety,Certification Ready,True,False,HR eligibility missing,medium,Block certification release until missing evidence is resolved,2026-06-06
L09391,E09391,cert-enterprise-ai-safety,Certification Ready,True,False,Required lab missing,medium,Block certification release until missing evidence is resolved,2026-06-06
L09392,E09392,cert-enterprise-ai-safety,Certification Ready,True,False,Required lab missing,medium,Block certification release until missing evidence is resolved,2026-06-06
L09393,E09393,cert-enterprise-ai-safety,Certification Ready,True,False,Required lab missing,medium,Block certification release until missing evidence is resolved,2026-06-06
L09394,E09394,cert-enterprise-ai-safety,Certification Ready,True,False,Required module missing; Required lab missing,high,Block certification release until missing evidence is resolved,2026-06-06
L09396,E09396,cert-enterprise-ai-safety,Certification Ready,True,False,Required module missing; Manager approval missing,high,Block certification release until missing evidence is resolved,2026-06-06
L09402,E09402,cert-enterprise-ai-safety,Certification Ready,True,False,Required module missing,medium,Block certification release until missing evidence is resolved,2026-06-06
L09403,E09403,cert-enterprise-ai-safety,Certification Ready,True,False,Required lab missing; Manager approval missing,high,Block certification release until missing evidence is resolved,2026-06-06
L09404,E09404,cert-enterprise-ai-safety,Certification Ready,True,False,Required module missing,medium,Block certification release until missing evidence is resolved,2026-06-06
L09405,E09405,cert-enterprise-ai-safety,Certification Ready,True,False,Required module missing,medium,Block certification release until missing evidence is resolved,2026-06-06
L09406,E09406,cert-enterprise-ai-safety,Certification Ready,True,False,Required lab missing; Assessment below 80,high,Block certification release until missing evidence is resolved,2026-06-06
L09409,E09409,cert-enterprise-ai-safety,Certification Ready,True,False,Required lab missing; Manager approval missing,high,Block certification release until missing evidence is resolved,2026-06-06
L09410,E09410,cert-enterprise-ai-safety,Certification Ready,True,False,Required module missing; Required lab missing; Assessment below 80; Manager approval missing,high,Block certification release until missing evidence is resolved,2026-06-06
L09411,E09411,cert-enterprise-ai-safety,Certification Ready,True,False,HR eligibility missing,medium,Block certification release until missing evidence is resolved,2026-06-06
L09412,E09412,cert-enterprise-ai-safety,Certification Ready,True,False,Required module missing; Manager approval missing,high,Block certification release until missing evidence is resolved,2026-06-06
L09413,E09413,cert-enterprise-ai-safety,Certification Ready,True,False,Required module missing; Required lab missing,high,Block certification release until missing evidence is resolved,2026-06-06
L09414,E09414,cert-enterprise-ai-safety,Certification Ready,True,False,Required module missing; Required lab missing; Assessment below 80; Manager approval missing,high,Block certification release until missing evidence is resolved,2026-06-06
L09416,E09416,cert-enterprise-ai-safety,Certification Ready,True,False,Required lab missing; Manager approval missing,high,Block certification release until missing evidence is resolved,2026-06-06
L09417,E09417,cert-enterprise-ai-safety,Certification Ready,True,False,HR eligibility missing; Manager approval missing,high,Block certification release until missing evidence is resolved,2026-06-06
L09420,E09420,cert-enterprise-ai-safety,Certification Ready,True,False,HR eligibility missing,medium,Block certification release until missing evidence is resolved,2026-06-06
L09421,E09421,cert-enterprise-ai-safety,Certification Ready,True,False,HR eligibility missing,medium,Block certification release until missing evidence is resolved,2026-06-06
L09422,E09422,cert-enterprise-ai-safety,Certification Ready,True,False,Required lab missing; Manager approval missing,high,Block certification release until missing evidence is resolved,2026-06-06
L09425,E09425,cert-enterprise-ai-safety,Certification Ready,True,False,HR eligibility missing; Required module missing,high,Block certification release until missing evidence is resolved,2026-06-06
L09426,E09426,cert-enterprise-ai-safety,Certification Ready,True,False,Required module missing,medium,Block certification release until missing evidence is resolved,2026-06-06
L09432,E09432,cert-enterprise-ai-safety,Certification Ready,True,False,HR eligibility missing,medium,Block certification release until missing evidence is resolved,2026-06-06
L09433,E09433,cert-enterprise-ai-safety,Certification Ready,True,False,HR eligibility missing; Required module missing; Required lab missing,high,Block certification release until missing evidence is resolved,2026-06-06
L09435,E09435,cert-enterprise-ai-safety,Certification Ready,True,False,HR eligibility missing; Required module missing,high,Block certification release until missing evidence is resolved,2026-06-06
L09443,E09443,cert-enterprise-ai-safety,Certification Ready,True,False,Required lab missing,medium,Block certification release until missing evidence is resolved,2026-06-06
L09444,E09444,cert-enterprise-ai-safety,Certification Ready,True,False,Required lab missing,medium,Block certification release until missing evidence is resolved,2026-06-06
L09449,E09449,cert-enterprise-ai-safety,Certification Ready,True,False,Required lab missing,medium,Block certification release until missing evidence is resolved,2026-06-06
L09453,E09453,cert-enterprise-ai-safety,Certification Ready,True,False,HR eligibility missing; Required module missing,high,Block certification release until missing evidence is resolved,2026-06-06
L09454,E09454,cert-enterprise-ai-safety,Certification Ready,True,False,Required module missing; Required lab missing,high,Block certification release until missing evidence is resolved,2026-06-06
L09455,E09455,cert-enterprise-ai-safety,Certification Ready,True,False,Assessment below 80,medium,Block certification release until missing evidence is resolved,2026-06-06
L09456,E09456,cert-enterprise-ai-safety,Certification Ready,True,False,Required module missing; Assessment below 80,high,Block certification release until missing evidence is resolved,2026-06-06
L09458,E09458,cert-enterprise-ai-safety,Certification Ready,True,False,Required module missing; Required lab missing; Assessment below 80; Manager approval missing,high,Block certification release until missing evidence is resolved,2026-06-06
L09459,E09459,cert-enterprise-ai-safety,Certification Ready,True,False,Required module missing; Required lab missing,high,Block certification release until missing evidence is resolved,2026-06-06
L09466,E09466,cert-enterprise-ai-safety,Certification Ready,True,False,HR eligibility missing; Required lab missing,high,Block certification release until missing evidence is resolved,2026-06-06
L09468,E09468,cert-enterprise-ai-safety,Certification Ready,True,False,Required module missing; Required lab missing; Assessment below 80,high,Block certification release until missing evidence is resolved,2026-06-06
L09470,E09470,cert-enterprise-ai-safety,Certification Ready,True,False,Required module missing; Required lab missing; Assessment below 80; Manager approval missing,high,Block certification release until missing evidence is resolved,2026-06-06
L09474,E09474,cert-enterprise-ai-safety,Certification Ready,True,False,Required lab missing; Manager approval missing,high,Block certification release until missing evidence is resolved,2026-06-06
L09475,E09475,cert-enterprise-ai-safety,Certification Ready,True,False,Required lab missing,medium,Block certification release until missing evidence is resolved,2026-06-06
L09476,E09476,cert-enterprise-ai-safety,Certification Ready,True,False,Required lab missing,medium,Block certification release until missing evidence is resolved,2026-06-06
L09477,E09477,cert-enterprise-ai-safety,Certification Ready,True,False,Required module missing; Required lab missing; Manager approval missing,high,Block certification release until missing evidence is resolved,2026-06-06
L09482,E09482,cert-enterprise-ai-safety,Certification Ready,True,False,Required module missing,medium,Block certification release until missing evidence is resolved,2026-06-06
L09484,E09484,cert-enterprise-ai-safety,Certification Ready,True,False,Required lab missing,medium,Block certification release until missing evidence is resolved,2026-06-06
L09485,E09485,cert-enterprise-ai-safety,Certification Ready,True,False,Required lab missing; Assessment below 80,high,Block certification release until missing evidence is resolved,2026-06-06
L09492,E09492,cert-enterprise-ai-safety,Certification Ready,True,False,HR eligibility missing; Required module missing; Required lab missing; Assessment below 80,high,Block certification release until missing evidence is resolved,2026-06-06
L09500,E09500,cert-enterprise-ai-safety,Certification Ready,True,False,Required lab missing,medium,Block certification release until missing evidence is resolved,2026-06-06
L09503,E09503,cert-enterprise-ai-safety,Certification Ready,True,False,Required module missing; Required lab missing,high,Block certification release until missing evidence is resolved,2026-06-06
L09504,E09504,cert-enterprise-ai-safety,Certification Ready,True,False,Required module missing; Required lab missing; Manager approval missing,high,Block certification release until missing evidence is resolved,2026-06-06
L09505,E09505,cert-enterprise-ai-safety,Certification Ready,True,False,Required lab missing,medium,Block certification release until missing evidence is resolved,2026-06-06
L09506,E09506,cert-enterprise-ai-safety,Certification Ready,True,False,Required module missing; Required lab missing,high,Block certification release until missing evidence is resolved,2026-06-06
L09511,E09511,cert-enterprise-ai-safety,Certification Ready,True,False,Required lab missing; Manager approval missing,high,Block certification release until missing evidence is resolved,2026-06-06
L09516,E09516,cert-enterprise-ai-safety,Certification Ready,True,False,Required lab missing; Manager approval missing,high,Block certification release until missing evidence is resolved,2026-06-06
L09517,E09517,cert-enterprise-ai-safety,Certification Ready,True,False,Required module missing; Required lab missing,high,Block certification release until missing evidence is resolved,2026-06-06
L09520,E09520,cert-enterprise-ai-safety,Certification Ready,True,False,Required lab missing,medium,Block certification release until missing evidence is resolved,2026-06-06
L09521,E09521,cert-enterprise-ai-safety,Certification Ready,True,False,Required lab missing,medium,Block certification release until missing evidence is resolved,2026-06-06
L09526,E09526,cert-enterprise-ai-safety,Certification Ready,True,False,Required module missing; Required lab missing,high,Block certification release until missing evidence is resolved,2026-06-06
L09527,E09527,cert-enterprise-ai-safety,Certification Ready,True,False,Required lab missing,medium,Block certification release until missing evidence is resolved,2026-06-06
L09528,E09528,cert-enterprise-ai-safety,Certification Ready,True,False,Assessment below 80,medium,Block certification release until missing evidence is resolved,2026-06-06
L09530,E09530,cert-enterprise-ai-safety,Certification Ready,True,False,Manager approval missing,medium,Block certification release until missing evidence is resolved,2026-06-06
L09533,E09533,cert-enterprise-ai-safety,Certification Ready,True,False,Required lab missing,medium,Block certification release until missing evidence is resolved,2026-06-06
L09535,E09535,cert-enterprise-ai-safety,Certification Ready,True,False,Required module missing; Required lab missing,high,Block certification release until missing evidence is resolved,2026-06-06
L09538,E09538,cert-enterprise-ai-safety,Certification Ready,True,False,Required module missing; Required lab missing; Assessment below 80; Manager approval missing,high,Block certification release until missing evidence is resolved,2026-06-06
L09540,E09540,cert-enterprise-ai-safety,Certification Ready,True,False,Required module missing,medium,Block certification release until missing evidence is resolved,2026-06-06
L09541,E09541,cert-enterprise-ai-safety,Certification Ready,True,False,Required lab missing; Manager approval missing,high,Block certification release until missing evidence is resolved,2026-06-06
L09545,E09545,cert-enterprise-ai-safety,Certification Ready,True,False,Required module missing,medium,Block certification release until missing evidence is resolved,2026-06-06
L09546,E09546,cert-enterprise-ai-safety,Certification Ready,True,False,HR eligibility missing; Required module missing; Manager approval missing,high,Block certification release until missing evidence is resolved,2026-06-06
L09550,E09550,cert-enterprise-ai-safety,Certification Ready,True,False,Required lab missing,medium,Block certification release until missing evidence is resolved,2026-06-06
L09551,E09551,cert-enterprise-ai-safety,Certification Ready,True,False,HR eligibility missing; Assessment below 80,high,Block certification release until missing evidence is resolved,2026-06-06
L09553,E09553,cert-enterprise-ai-safety,Certification Ready,True,False,Required module missing; Required lab missing; Assessment below 80,high,Block certification release until missing evidence is resolved,2026-06-06
L09554,E09554,cert-enterprise-ai-safety,Certification Ready,True,False,Required lab missing; Manager approval missing,high,Block certification release until missing evidence is resolved,2026-06-06
L09559,E09559,cert-enterprise-ai-safety,Certification Ready,True,False,Required module missing; Required lab missing,high,Block certification release until missing evidence is resolved,2026-06-06
L09563,E09563,cert-enterprise-ai-safety,Certification Ready,True,False,Required module missing,medium,Block certification release until missing evidence is resolved,2026-06-06
L09570,E09570,cert-enterprise-ai-safety,Certification Ready,True,False,Required lab missing,medium,Block certification release until missing evidence is resolved,2026-06-06
L09573,E09573,cert-enterprise-ai-safety,Certification Ready,True,False,Required lab missing,medium,Block certification release until missing evidence is resolved,2026-06-06
L09579,E09579,cert-enterprise-ai-safety,Certification Ready,True,False,Required lab missing; Assessment below 80; Manager approval missing,high,Block certification release until missing evidence is resolved,2026-06-06
L09585,E09585,cert-enterprise-ai-safety,Certification Ready,True,False,HR eligibility missing,medium,Block certification release until missing evidence is resolved,2026-06-06
L09587,E09587,cert-enterprise-ai-safety,Certification Ready,True,False,Required module missing; Manager approval missing,high,Block certification release until missing evidence is resolved,2026-06-06
L09589,E09589,cert-enterprise-ai-safety,Certification Ready,True,False,Required module missing; Required lab missing,high,Block certification release until missing evidence is resolved,2026-06-06
L09592,E09592,cert-enterprise-ai-safety,Certification Ready,True,False,Required module missing; Required lab missing; Assessment below 80,high,Block certification release until missing evidence is resolved,2026-06-06
L09595,E09595,cert-enterprise-ai-safety,Certification Ready,True,False,Required lab missing,medium,Block certification release until missing evidence is resolved,2026-06-06
L09598,E09598,cert-enterprise-ai-safety,Certification Ready,True,False,Required module missing; Manager approval missing,high,Block certification release until missing evidence is resolved,2026-06-06
L09607,E09607,cert-enterprise-ai-safety,Certification Ready,True,False,Required module missing,medium,Block certification release until missing evidence is resolved,2026-06-06
L09613,E09613,cert-enterprise-ai-safety,Certification Ready,True,False,HR eligibility missing; Required lab missing,high,Block certification release until missing evidence is resolved,2026-06-06
L09615,E09615,cert-enterprise-ai-safety,Certification Ready,True,False,HR eligibility missing; Manager approval missing,high,Block certification release until missing evidence is resolved,2026-06-06
L09616,E09616,cert-enterprise-ai-safety,Certification Ready,True,False,Required module missing,medium,Block certification release until missing evidence is resolved,2026-06-06
L09617,E09617,cert-enterprise-ai-safety,Certification Ready,True,False,Required module missing; Required lab missing,high,Block certification release until missing evidence is resolved,2026-06-06
L09619,E09619,cert-enterprise-ai-safety,Certification Ready,True,False,HR eligibility missing; Required module missing; Required lab missing,high,Block certification release until missing evidence is resolved,2026-06-06
L09621,E09621,cert-enterprise-ai-safety,Certification Ready,True,False,Required module missing; Manager approval missing,high,Block certification release until missing evidence is resolved,2026-06-06
L09626,E09626,cert-enterprise-ai-safety,Certification Ready,True,False,HR eligibility missing; Required lab missing; Manager approval missing,high,Block certification release until missing evidence is resolved,2026-06-06
L09629,E09629,cert-enterprise-ai-safety,Certification Ready,True,False,Required module missing; Required lab missing,high,Block certification release until missing evidence is resolved,2026-06-06
L09631,E09631,cert-enterprise-ai-safety,Certification Ready,True,False,Required lab missing,medium,Block certification release until missing evidence is resolved,2026-06-06
L09633,E09633,cert-enterprise-ai-safety,Certification Ready,True,False,Required lab missing; Manager approval missing,high,Block certification release until missing evidence is resolved,2026-06-06
L09634,E09634,cert-enterprise-ai-safety,Certification Ready,True,False,Required module missing; Required lab missing,high,Block certification release until missing evidence is resolved,2026-06-06
L09635,E09635,cert-enterprise-ai-safety,Certification Ready,True,False,Required module missing; Required lab missing,high,Block certification release until missing evidence is resolved,2026-06-06
L09636,E09636,cert-enterprise-ai-safety,Certification Ready,True,False,Required module missing; Required lab missing,high,Block certification release until missing evidence is resolved,2026-06-06
L09637,E09637,cert-enterprise-ai-safety,Certification Ready,True,False,Required module missing; Required lab missing,high,Block certification release until missing evidence is resolved,2026-06-06
L09638,E09638,cert-enterprise-ai-safety,Certification Ready,True,False,HR eligibility missing; Required module missing; Required lab missing,high,Block certification release until missing evidence is resolved,2026-06-06
L09639,E09639,cert-enterprise-ai-safety,Certification Ready,True,False,Required module missing; Required lab missing; Assessment below 80,high,Block certification release until missing evidence is resolved,2026-06-06
L09640,E09640,cert-enterprise-ai-safety,Certification Ready,True,False,Required module missing; Required lab missing,high,Block certification release until missing evidence is resolved,2026-06-06
L09641,E09641,cert-enterprise-ai-safety,Certification Ready,True,False,Required module missing; Required lab missing; Assessment below 80; Manager approval missing,high,Block certification release until missing evidence is resolved,2026-06-06
L09643,E09643,cert-enterprise-ai-safety,Certification Ready,True,False,Required lab missing,medium,Block certification release until missing evidence is resolved,2026-06-06
L09645,E09645,cert-enterprise-ai-safety,Certification Ready,True,False,Assessment below 80,medium,Block certification release until missing evidence is resolved,2026-06-06
L09646,E09646,cert-enterprise-ai-safety,Certification Ready,True,False,Required lab missing; Manager approval missing,high,Block certification release until missing evidence is resolved,2026-06-06
L09647,E09647,cert-enterprise-ai-safety,Certification Ready,True,False,Required module missing; Manager approval missing,high,Block certification release until missing evidence is resolved,2026-06-06
L09648,E09648,cert-enterprise-ai-safety,Certification Ready,True,False,Required lab missing,medium,Block certification release until missing evidence is resolved,2026-06-06
L09649,E09649,cert-enterprise-ai-safety,Certification Ready,True,False,Required lab missing,medium,Block certification release until missing evidence is resolved,2026-06-06
L09650,E09650,cert-enterprise-ai-safety,Certification Ready,True,False,Required module missing; Required lab missing,high,Block certification release until missing evidence is resolved,2026-06-06
L09653,E09653,cert-enterprise-ai-safety,Certification Ready,True,False,Required module missing,medium,Block certification release until missing evidence is resolved,2026-06-06
L09654,E09654,cert-enterprise-ai-safety,Certification Ready,True,False,HR eligibility missing; Required module missing; Required lab missing,high,Block certification release until missing evidence is resolved,2026-06-06
L09655,E09655,cert-enterprise-ai-safety,Certification Ready,True,False,HR eligibility missing; Required module missing; Required lab missing; Assessment below 80; Manager approval missing,high,Block certification release until missing evidence is resolved,2026-06-06
L09656,E09656,cert-enterprise-ai-safety,Certification Ready,True,False,Assessment below 80; Manager approval missing,high,Block certification release until missing evidence is resolved,2026-06-06
L09657,E09657,cert-enterprise-ai-safety,Certification Ready,True,False,Assessment below 80,medium,Block certification release until missing evidence is resolved,2026-06-06
L09659,E09659,cert-enterprise-ai-safety,Certification Ready,True,False,Manager approval missing,medium,Block certification release until missing evidence is resolved,2026-06-06
L09660,E09660,cert-enterprise-ai-safety,Certification Ready,True,False,Required module missing; Required lab missing,high,Block certification release until missing evidence is resolved,2026-06-06
L09662,E09662,cert-enterprise-ai-safety,Certification Ready,True,False,Required lab missing,medium,Block certification release until missing evidence is resolved,2026-06-06
L09666,E09666,cert-enterprise-ai-safety,Certification Ready,True,False,Required lab missing,medium,Block certification release until missing evidence is resolved,2026-06-06
L09668,E09668,cert-enterprise-ai-safety,Certification Ready,True,False,Required module missing,medium,Block certification release until missing evidence is resolved,2026-06-06
L09670,E09670,cert-enterprise-ai-safety,Certification Ready,True,False,Manager approval missing,medium,Block certification release until missing evidence is resolved,2026-06-06
L09672,E09672,cert-enterprise-ai-safety,Certification Ready,True,False,Required module missing; Required lab missing; Manager approval missing,high,Block certification release until missing evidence is resolved,2026-06-06
L09677,E09677,cert-enterprise-ai-safety,Certification Ready,True,False,Required lab missing; Manager approval missing,high,Block certification release until missing evidence is resolved,2026-06-06
L09678,E09678,cert-enterprise-ai-safety,Certification Ready,True,False,Required module missing; Required lab missing,high,Block certification release until missing evidence is resolved,2026-06-06
L09681,E09681,cert-enterprise-ai-safety,Certification Ready,True,False,Assessment below 80,medium,Block certification release until missing evidence is resolved,2026-06-06
L09686,E09686,cert-enterprise-ai-safety,Certification Ready,True,False,Required lab missing; Assessment below 80,high,Block certification release until missing evidence is resolved,2026-06-06
L09688,E09688,cert-enterprise-ai-safety,Certification Ready,True,False,Required lab missing,medium,Block certification release until missing evidence is resolved,2026-06-06
L09689,E09689,cert-enterprise-ai-safety,Certification Ready,True,False,Required lab missing,medium,Block certification release until missing evidence is resolved,2026-06-06
L09690,E09690,cert-enterprise-ai-safety,Certification Ready,True,False,Required lab missing; Assessment below 80,high,Block certification release until missing evidence is resolved,2026-06-06
L09692,E09692,cert-enterprise-ai-safety,Certification Ready,True,False,Required module missing; Required lab missing; Manager approval missing,high,Block certification release until missing evidence is resolved,2026-06-06
L09693,E09693,cert-enterprise-ai-safety,Certification Ready,True,False,HR eligibility missing; Required module missing; Required lab missing,high,Block certification release until missing evidence is resolved,2026-06-06
L09699,E09699,cert-enterprise-ai-safety,Certification Ready,True,False,Required lab missing,medium,Block certification release until missing evidence is resolved,2026-06-06
L09700,E09700,cert-enterprise-ai-safety,Certification Ready,True,False,Required module missing; Required lab missing,high,Block certification release until missing evidence is resolved,2026-06-06
L09701,E09701,cert-enterprise-ai-safety,Certification Ready,True,False,Required module missing; Required lab missing; Assessment below 80,high,Block certification release until missing evidence is resolved,2026-06-06
L09704,E09704,cert-enterprise-ai-safety,Certification Ready,True,False,Required module missing; Required lab missing; Assessment below 80,high,Block certification release until missing evidence is resolved,2026-06-06
L09705,E09705,cert-enterprise-ai-safety,Certification Ready,True,False,Required module missing; Required lab missing,high,Block certification release until missing evidence is resolved,2026-06-06
L09707,E09707,cert-enterprise-ai-safety,Certification Ready,True,False,Required module missing,medium,Block certification release until missing evidence is resolved,2026-06-06
L09710,E09710,cert-enterprise-ai-safety,Certification Ready,True,False,Assessment below 80,medium,Block certification release until missing evidence is resolved,2026-06-06
L09711,E09711,cert-enterprise-ai-safety,Certification Ready,True,False,Required module missing; Required lab missing; Assessment below 80,high,Block certification release until missing evidence is resolved,2026-06-06
L09712,E09712,cert-enterprise-ai-safety,Certification Ready,True,False,Required module missing,medium,Block certification release until missing evidence is resolved,2026-06-06
L09713,E09713,cert-enterprise-ai-safety,Certification Ready,True,False,Required module missing,medium,Block certification release until missing evidence is resolved,2026-06-06
L09715,E09715,cert-enterprise-ai-safety,Certification Ready,True,False,Required module missing; Required lab missing; Manager approval missing,high,Block certification release until missing evidence is resolved,2026-06-06
L09716,E09716,cert-enterprise-ai-safety,Certification Ready,True,False,Assessment below 80,medium,Block certification release until missing evidence is resolved,2026-06-06
L09722,E09722,cert-enterprise-ai-safety,Certification Ready,True,False,Assessment below 80,medium,Block certification release until missing evidence is resolved,2026-06-06
L09723,E09723,cert-enterprise-ai-safety,Certification Ready,True,False,Required module missing; Manager approval missing,high,Block certification release until missing evidence is resolved,2026-06-06
L09727,E09727,cert-enterprise-ai-safety,Certification Ready,True,False,Required module missing; Assessment below 80,high,Block certification release until missing evidence is resolved,2026-06-06
L09730,E09730,cert-enterprise-ai-safety,Certification Ready,True,False,Required module missing; Required lab missing,high,Block certification release until missing evidence is resolved,2026-06-06
L09731,E09731,cert-enterprise-ai-safety,Certification Ready,True,False,Required lab missing,medium,Block certification release until missing evidence is resolved,2026-06-06
L09732,E09732,cert-enterprise-ai-safety,Certification Ready,True,False,Required lab missing; Manager approval missing,high,Block certification release until missing evidence is resolved,2026-06-06
L09734,E09734,cert-enterprise-ai-safety,Certification Ready,True,False,Required lab missing; Manager approval missing,high,Block certification release until missing evidence is resolved,2026-06-06
L09735,E09735,cert-enterprise-ai-safety,Certification Ready,True,False,Required module missing; Required lab missing,high,Block certification release until missing evidence is resolved,2026-06-06
L09737,E09737,cert-enterprise-ai-safety,Certification Ready,True,False,Required lab missing,medium,Block certification release until missing evidence is resolved,2026-06-06
L09738,E09738,cert-enterprise-ai-safety,Certification Ready,True,False,Assessment below 80,medium,Block certification release until missing evidence is resolved,2026-06-06
L09744,E09744,cert-enterprise-ai-safety,Certification Ready,True,False,Required module missing; Required lab missing,high,Block certification release until missing evidence is resolved,2026-06-06
L09745,E09745,cert-enterprise-ai-safety,Certification Ready,True,False,Required module missing; Assessment below 80,high,Block certification release until missing evidence is resolved,2026-06-06
L09747,E09747,cert-enterprise-ai-safety,Certification Ready,True,False,Required module missing; Required lab missing,high,Block certification release until missing evidence is resolved,2026-06-06
L09748,E09748,cert-enterprise-ai-safety,Certification Ready,True,False,HR eligibility missing; Manager approval missing,high,Block certification release until missing evidence is resolved,2026-06-06
L09750,E09750,cert-enterprise-ai-safety,Certification Ready,True,False,Required module missing; Required lab missing; Manager approval missing,high,Block certification release until missing evidence is resolved,2026-06-06
L09752,E09752,cert-enterprise-ai-safety,Certification Ready,True,False,Required module missing; Manager approval missing,high,Block certification release until missing evidence is resolved,2026-06-06
L09755,E09755,cert-enterprise-ai-safety,Certification Ready,True,False,HR eligibility missing,medium,Block certification release until missing evidence is resolved,2026-06-06
L09756,E09756,cert-enterprise-ai-safety,Certification Ready,True,False,Assessment below 80,medium,Block certification release until missing evidence is resolved,2026-06-06
L09757,E09757,cert-enterprise-ai-safety,Certification Ready,True,False,Required module missing; Required lab missing; Manager approval missing,high,Block certification release until missing evidence is resolved,2026-06-06
L09758,E09758,cert-enterprise-ai-safety,Certification Ready,True,False,HR eligibility missing; Required module missing,high,Block certification release until missing evidence is resolved,2026-06-06
L09760,E09760,cert-enterprise-ai-safety,Certification Ready,True,False,Required module missing; Required lab missing,high,Block certification release until missing evidence is resolved,2026-06-06
L09761,E09761,cert-enterprise-ai-safety,Certification Ready,True,False,Required module missing,medium,Block certification release until missing evidence is resolved,2026-06-06
L09771,E09771,cert-enterprise-ai-safety,Certification Ready,True,False,Required lab missing; Manager approval missing,high,Block certification release until missing evidence is resolved,2026-06-06
L09774,E09774,cert-enterprise-ai-safety,Certification Ready,True,False,Required module missing; Required lab missing,high,Block certification release until missing evidence is resolved,2026-06-06
L09776,E09776,cert-enterprise-ai-safety,Certification Ready,True,False,Required lab missing; Manager approval missing,high,Block certification release until missing evidence is resolved,2026-06-06
L09777,E09777,cert-enterprise-ai-safety,Certification Ready,True,False,HR eligibility missing; Required module missing; Required lab missing,high,Block certification release until missing evidence is resolved,2026-06-06
L09781,E09781,cert-enterprise-ai-safety,Certification Ready,True,False,Required module missing; Required lab missing,high,Block certification release until missing evidence is resolved,2026-06-06
L09782,E09782,cert-enterprise-ai-safety,Certification Ready,True,False,Required lab missing,medium,Block certification release until missing evidence is resolved,2026-06-06
L09788,E09788,cert-enterprise-ai-safety,Certification Ready,True,False,Required lab missing; Assessment below 80,high,Block certification release until missing evidence is resolved,2026-06-06
L09790,E09790,cert-enterprise-ai-safety,Certification Ready,True,False,Required module missing; Required lab missing,high,Block certification release until missing evidence is resolved,2026-06-06
L09791,E09791,cert-enterprise-ai-safety,Certification Ready,True,False,Required lab missing,medium,Block certification release until missing evidence is resolved,2026-06-06
L09792,E09792,cert-enterprise-ai-safety,Certification Ready,True,False,Manager approval missing,medium,Block certification release until missing evidence is resolved,2026-06-06
L09796,E09796,cert-enterprise-ai-safety,Certification Ready,True,False,Required module missing; Required lab missing; Manager approval missing,high,Block certification release until missing evidence is resolved,2026-06-06
L09797,E09797,cert-enterprise-ai-safety,Certification Ready,True,False,HR eligibility missing; Required module missing; Required lab missing; Assessment below 80,high,Block certification release until missing evidence is resolved,2026-06-06
L09798,E09798,cert-enterprise-ai-safety,Certification Ready,True,False,Required module missing; Required lab missing; Manager approval missing,high,Block certification release until missing evidence is resolved,2026-06-06
L09800,E09800,cert-enterprise-ai-safety,Certification Ready,True,False,Required lab missing,medium,Block certification release until missing evidence is resolved,2026-06-06
L09804,E09804,cert-enterprise-ai-safety,Certification Ready,True,False,Required module missing; Required lab missing,high,Block certification release until missing evidence is resolved,2026-06-06
L09810,E09810,cert-enterprise-ai-safety,Certification Ready,True,False,Required module missing; Required lab missing,high,Block certification release until missing evidence is resolved,2026-06-06
L09812,E09812,cert-enterprise-ai-safety,Certification Ready,True,False,Required lab missing,medium,Block certification release until missing evidence is resolved,2026-06-06
L09813,E09813,cert-enterprise-ai-safety,Certification Ready,True,False,Required module missing; Required lab missing; Manager approval missing,high,Block certification release until missing evidence is resolved,2026-06-06
L09814,E09814,cert-enterprise-ai-safety,Certification Ready,True,False,Required lab missing; Manager approval missing,high,Block certification release until missing evidence is resolved,2026-06-06
L09818,E09818,cert-enterprise-ai-safety,Certification Ready,True,False,Required module missing; Manager approval missing,high,Block certification release until missing evidence is resolved,2026-06-06
L09821,E09821,cert-enterprise-ai-safety,Certification Ready,True,False,Required module missing; Required lab missing,high,Block certification release until missing evidence is resolved,2026-06-06
L09822,E09822,cert-enterprise-ai-safety,Certification Ready,True,False,Required lab missing,medium,Block certification release until missing evidence is resolved,2026-06-06
L09823,E09823,cert-enterprise-ai-safety,Certification Ready,True,False,HR eligibility missing,medium,Block certification release until missing evidence is resolved,2026-06-06
L09825,E09825,cert-enterprise-ai-safety,Certification Ready,True,False,Required module missing; Required lab missing,high,Block certification release until missing evidence is resolved,2026-06-06
L09831,E09831,cert-enterprise-ai-safety,Certification Ready,True,False,Required lab missing; Assessment below 80,high,Block certification release until missing evidence is resolved,2026-06-06
L09833,E09833,cert-enterprise-ai-safety,Certification Ready,True,False,Required module missing; Required lab missing; Assessment below 80; Manager approval missing,high,Block certification release until missing evidence is resolved,2026-06-06
L09835,E09835,cert-enterprise-ai-safety,Certification Ready,True,False,HR eligibility missing; Required module missing; Required lab missing; Assessment below 80,high,Block certification release until missing evidence is resolved,2026-06-06
L09838,E09838,cert-enterprise-ai-safety,Certification Ready,True,False,Required lab missing; Manager approval missing,high,Block certification release until missing evidence is resolved,2026-06-06
L09840,E09840,cert-enterprise-ai-safety,Certification Ready,True,False,Manager approval missing,medium,Block certification release until missing evidence is resolved,2026-06-06
L09841,E09841,cert-enterprise-ai-safety,Certification Ready,True,False,Required module missing; Required lab missing,high,Block certification release until missing evidence is resolved,2026-06-06
L09845,E09845,cert-enterprise-ai-safety,Certification Ready,True,False,Required lab missing,medium,Block certification release until missing evidence is resolved,2026-06-06
L09854,E09854,cert-enterprise-ai-safety,Certification Ready,True,False,HR eligibility missing; Required lab missing; Assessment below 80,high,Block certification release until missing evidence is resolved,2026-06-06
L09855,E09855,cert-enterprise-ai-safety,Certification Ready,True,False,HR eligibility missing; Required module missing; Required lab missing,high,Block certification release until missing evidence is resolved,2026-06-06
L09866,E09866,cert-enterprise-ai-safety,Certification Ready,True,False,Required module missing; Required lab missing,high,Block certification release until missing evidence is resolved,2026-06-06
L09868,E09868,cert-enterprise-ai-safety,Certification Ready,True,False,Required module missing; Required lab missing,high,Block certification release until missing evidence is resolved,2026-06-06
L09869,E09869,cert-enterprise-ai-safety,Certification Ready,True,False,Assessment below 80,medium,Block certification release until missing evidence is resolved,2026-06-06
L09876,E09876,cert-enterprise-ai-safety,Certification Ready,True,False,HR eligibility missing; Required module missing,high,Block certification release until missing evidence is resolved,2026-06-06
L09877,E09877,cert-enterprise-ai-safety,Certification Ready,True,False,Required lab missing; Manager approval missing,high,Block certification release until missing evidence is resolved,2026-06-06
L09879,E09879,cert-enterprise-ai-safety,Certification Ready,True,False,Required module missing,medium,Block certification release until missing evidence is resolved,2026-06-06
L09880,E09880,cert-enterprise-ai-safety,Certification Ready,True,False,Required module missing; Required lab missing; Manager approval missing,high,Block certification release until missing evidence is resolved,2026-06-06
L09882,E09882,cert-enterprise-ai-safety,Certification Ready,True,False,Assessment below 80,medium,Block certification release until missing evidence is resolved,2026-06-06
L09883,E09883,cert-enterprise-ai-safety,Certification Ready,True,False,Required lab missing; Assessment below 80,high,Block certification release until missing evidence is resolved,2026-06-06
L09885,E09885,cert-enterprise-ai-safety,Certification Ready,True,False,Required module missing,medium,Block certification release until missing evidence is resolved,2026-06-06
L09887,E09887,cert-enterprise-ai-safety,Certification Ready,True,False,Required module missing; Required lab missing,high,Block certification release until missing evidence is resolved,2026-06-06
L09888,E09888,cert-enterprise-ai-safety,Certification Ready,True,False,Required module missing; Required lab missing,high,Block certification release until missing evidence is resolved,2026-06-06
L09890,E09890,cert-enterprise-ai-safety,Certification Ready,True,False,Required lab missing,medium,Block certification release until missing evidence is resolved,2026-06-06
L09893,E09893,cert-enterprise-ai-safety,Certification Ready,True,False,Required module missing,medium,Block certification release until missing evidence is resolved,2026-06-06
L09894,E09894,cert-enterprise-ai-safety,Certification Ready,True,False,Required lab missing; Assessment below 80,high,Block certification release until missing evidence is resolved,2026-06-06
L09895,E09895,cert-enterprise-ai-safety,Certification Ready,True,False,Required module missing; Manager approval missing,high,Block certification release until missing evidence is resolved,2026-06-06
L09896,E09896,cert-enterprise-ai-safety,Certification Ready,True,False,Required module missing,medium,Block certification release until missing evidence is resolved,2026-06-06
L09899,E09899,cert-enterprise-ai-safety,Certification Ready,True,False,Required module missing; Required lab missing; Manager approval missing,high,Block certification release until missing evidence is resolved,2026-06-06
L09900,E09900,cert-enterprise-ai-safety,Certification Ready,True,False,Required lab missing,medium,Block certification release until missing evidence is resolved,2026-06-06
L09903,E09903,cert-enterprise-ai-safety,Certification Ready,True,False,Required lab missing,medium,Block certification release until missing evidence is resolved,2026-06-06
L09904,E09904,cert-enterprise-ai-safety,Certification Ready,True,False,Required module missing,medium,Block certification release until missing evidence is resolved,2026-06-06
L09906,E09906,cert-enterprise-ai-safety,Certification Ready,True,False,Required module missing; Required lab missing; Manager approval missing,high,Block certification release until missing evidence is resolved,2026-06-06
L09908,E09908,cert-enterprise-ai-safety,Certification Ready,True,False,Required module missing; Required lab missing,high,Block certification release until missing evidence is resolved,2026-06-06
L09912,E09912,cert-enterprise-ai-safety,Certification Ready,True,False,Required lab missing,medium,Block certification release until missing evidence is resolved,2026-06-06
L09913,E09913,cert-enterprise-ai-safety,Certification Ready,True,False,Required module missing; Assessment below 80; Manager approval missing,high,Block certification release until missing evidence is resolved,2026-06-06
L09915,E09915,cert-enterprise-ai-safety,Certification Ready,True,False,Assessment below 80,medium,Block certification release until missing evidence is resolved,2026-06-06
L09920,E09920,cert-enterprise-ai-safety,Certification Ready,True,False,Required module missing,medium,Block certification release until missing evidence is resolved,2026-06-06
L09924,E09924,cert-enterprise-ai-safety,Certification Ready,True,False,Required lab missing,medium,Block certification release until missing evidence is resolved,2026-06-06
L09926,E09926,cert-enterprise-ai-safety,Certification Ready,True,False,Required module missing; Required lab missing,high,Block certification release until missing evidence is resolved,2026-06-06
L09927,E09927,cert-enterprise-ai-safety,Certification Ready,True,False,Required module missing; Required lab missing; Assessment below 80,high,Block certification release until missing evidence is resolved,2026-06-06
L09928,E09928,cert-enterprise-ai-safety,Certification Ready,True,False,HR eligibility missing; Required lab missing,high,Block certification release until missing evidence is resolved,2026-06-06
L09934,E09934,cert-enterprise-ai-safety,Certification Ready,True,False,HR eligibility missing; Required module missing; Assessment below 80; Manager approval missing,high,Block certification release until missing evidence is resolved,2026-06-06
L09935,E09935,cert-enterprise-ai-safety,Certification Ready,True,False,Required lab missing,medium,Block certification release until missing evidence is resolved,2026-06-06
L09937,E09937,cert-enterprise-ai-safety,Certification Ready,True,False,Required module missing,medium,Block certification release until missing evidence is resolved,2026-06-06
L09938,E09938,cert-enterprise-ai-safety,Certification Ready,True,False,Required module missing; Required lab missing,high,Block certification release until missing evidence is resolved,2026-06-06
L09941,E09941,cert-enterprise-ai-safety,Certification Ready,True,False,Required module missing; Assessment below 80,high,Block certification release until missing evidence is resolved,2026-06-06
L09943,E09943,cert-enterprise-ai-safety,Certification Ready,True,False,Required module missing; Required lab missing,high,Block certification release until missing evidence is resolved,2026-06-06
L09945,E09945,cert-enterprise-ai-safety,Certification Ready,True,False,Required module missing; Required lab missing,high,Block certification release until missing evidence is resolved,2026-06-06
L09946,E09946,cert-enterprise-ai-safety,Certification Ready,True,False,Assessment below 80,medium,Block certification release until missing evidence is resolved,2026-06-06
L09948,E09948,cert-enterprise-ai-safety,Certification Ready,True,False,Required module missing; Required lab missing; Manager approval missing,high,Block certification release until missing evidence is resolved,2026-06-06
L09950,E09950,cert-enterprise-ai-safety,Certification Ready,True,False,Required module missing; Assessment below 80; Manager approval missing,high,Block certification release until missing evidence is resolved,2026-06-06
L09952,E09952,cert-enterprise-ai-safety,Certification Ready,True,False,Required lab missing; Manager approval missing,high,Block certification release until missing evidence is resolved,2026-06-06
L09954,E09954,cert-enterprise-ai-safety,Certification Ready,True,False,Required lab missing,medium,Block certification release until missing evidence is resolved,2026-06-06
L09956,E09956,cert-enterprise-ai-safety,Certification Ready,True,False,HR eligibility missing; Required lab missing; Manager approval missing,high,Block certification release until missing evidence is resolved,2026-06-06
L09957,E09957,cert-enterprise-ai-safety,Certification Ready,True,False,Required lab missing,medium,Block certification release until missing evidence is resolved,2026-06-06
L09958,E09958,cert-enterprise-ai-safety,Certification Ready,True,False,HR eligibility missing; Required lab missing,high,Block certification release until missing evidence is resolved,2026-06-06
L09960,E09960,cert-enterprise-ai-safety,Certification Ready,True,False,Required module missing; Required lab missing; Manager approval missing,high,Block certification release until missing evidence is resolved,2026-06-06
L09966,E09966,cert-enterprise-ai-safety,Certification Ready,True,False,Required module missing; Required lab missing,high,Block certification release until missing evidence is resolved,2026-06-06
L09967,E09967,cert-enterprise-ai-safety,Certification Ready,True,False,Required lab missing,medium,Block certification release until missing evidence is resolved,2026-06-06
L09968,E09968,cert-enterprise-ai-safety,Certification Ready,True,False,Required module missing,medium,Block certification release until missing evidence is resolved,2026-06-06
L09971,E09971,cert-enterprise-ai-safety,Certification Ready,True,False,Required lab missing,medium,Block certification release until missing evidence is resolved,2026-06-06
L09972,E09972,cert-enterprise-ai-safety,Certification Ready,True,False,Required lab missing; Manager approval missing,high,Block certification release until missing evidence is resolved,2026-06-06
L09973,E09973,cert-enterprise-ai-safety,Certification Ready,True,False,HR eligibility missing; Required lab missing; Assessment below 80,high,Block certification release until missing evidence is resolved,2026-06-06
L09975,E09975,cert-enterprise-ai-safety,Certification Ready,True,False,HR eligibility missing; Required module missing; Manager approval missing,high,Block certification release until missing evidence is resolved,2026-06-06
L09981,E09981,cert-enterprise-ai-safety,Certification Ready,True,False,HR eligibility missing; Manager approval missing,high,Block certification release until missing evidence is resolved,2026-06-06
L09982,E09982,cert-enterprise-ai-safety,Certification Ready,True,False,Required lab missing,medium,Block certification release until missing evidence is resolved,2026-06-06
L09984,E09984,cert-enterprise-ai-safety,Certification Ready,True,False,Required module missing,medium,Block certification release until missing evidence is resolved,2026-06-06
L09986,E09986,cert-enterprise-ai-safety,Certification Ready,True,False,Required lab missing; Manager approval missing,high,Block certification release until missing evidence is resolved,2026-06-06
L09987,E09987,cert-enterprise-ai-safety,Certification Ready,True,False,HR eligibility missing; Required module missing; Required lab missing,high,Block certification release until missing evidence is resolved,2026-06-06
L09988,E09988,cert-enterprise-ai-safety,Certification Ready,True,False,Required module missing; Required lab missing; Manager approval missing,high,Block certification release until missing evidence is resolved,2026-06-06
L09990,E09990,cert-enterprise-ai-safety,Certification Ready,True,False,Required module missing; Required lab missing,high,Block certification release until missing evidence is resolved,2026-06-06
L09992,E09992,cert-enterprise-ai-safety,Certification Ready,True,False,Required lab missing,medium,Block certification release until missing evidence is resolved,2026-06-06
L09993,E09993,cert-enterprise-ai-safety,Certification Ready,True,False,Required lab missing; Manager approval missing,high,Block certification release until missing evidence is resolved,2026-06-06
L09994,E09994,cert-enterprise-ai-safety,Certification Ready,True,False,Required module missing; Required lab missing,high,Block certification release until missing evidence is resolved,2026-06-06
L09995,E09995,cert-enterprise-ai-safety,Certification Ready,True,False,Required module missing; Manager approval missing,high,Block certification release until missing evidence is resolved,2026-06-06
