contract_id,customer_id,start_date,end_date,status,grace_days,monthly_recurring_revenue
CTR0001,C0001,2023-10-11,2026-09-30,active,15,15250.0
CTR0002,C0002,2025-02-17,2026-10-01,active,30,4666.67
CTR0003,C0003,2023-01-17,2026-10-02,active,0,7166.67
CTR0004,C0004,2024-05-02,2026-10-03,active,15,18250.0
CTR0005,C0005,2023-07-18,2026-10-04,active,30,8500.0
CTR0006,C0006,2024-06-12,2026-05-16,expired,0,13916.67
CTR0007,C0007,2023-12-30,2026-10-06,active,15,9916.67
CTR0008,C0008,2023-01-05,2026-10-07,active,30,11250.0
CTR0009,C0009,2024-05-09,2026-10-08,active,0,20000.0
CTR0010,C0010,2023-12-17,2026-10-09,active,15,15000.0
CTR0011,C0011,2024-05-24,2026-10-10,active,30,16083.33
CTR0012,C0012,2024-11-28,2026-05-10,expired,0,18833.33
CTR0013,C0013,2023-10-01,2026-10-12,active,15,5583.33
CTR0014,C0014,2024-04-16,2026-10-13,active,30,5000.0
CTR0015,C0015,2024-10-14,2026-10-14,active,0,6750.0
CTR0016,C0016,2024-04-17,2026-10-15,active,15,16083.33
CTR0017,C0017,2023-03-14,2026-10-16,active,30,11500.0
CTR0018,C0018,2023-09-30,2026-05-04,expired,0,5000.0
CTR0019,C0019,2023-03-01,2026-10-18,active,15,15166.67
CTR0020,C0020,2025-03-12,2026-10-19,active,30,14416.67
CTR0021,C0021,2024-09-26,2026-10-20,active,0,18083.33
CTR0022,C0022,2025-03-12,2026-10-21,active,15,16416.67
CTR0023,C0023,2024-09-26,2026-10-22,active,30,14166.67
CTR0024,C0024,2025-04-08,2026-04-28,expired,0,14666.67
CTR0025,C0025,2025-02-16,2026-10-24,active,15,6916.67
CTR0026,C0026,2024-01-06,2026-10-25,active,30,10333.33
CTR0027,C0027,2024-06-23,2026-10-26,active,0,2416.67
CTR0028,C0028,2023-08-27,2026-10-27,active,15,18583.33
CTR0029,C0029,2023-03-17,2026-10-28,active,30,19416.67
CTR0030,C0030,2024-03-25,2026-04-22,expired,0,12583.33
CTR0031,C0031,2024-12-03,2026-10-30,active,15,16916.67
CTR0032,C0032,2024-06-04,2026-10-31,active,30,11916.67
CTR0033,C0033,2023-10-24,2026-11-01,active,0,9916.67
CTR0034,C0034,2024-08-21,2026-11-02,active,15,13833.33
CTR0035,C0035,2025-02-26,2026-11-03,active,30,13333.33
CTR0036,C0036,2024-12-14,2026-04-16,expired,0,7666.67
CTR0037,C0037,2025-04-04,2026-11-05,active,15,13916.67
CTR0038,C0038,2024-01-29,2026-11-06,active,30,18916.67
CTR0039,C0039,2025-05-13,2026-11-07,active,0,15250.0
CTR0040,C0040,2023-11-07,2026-11-08,active,15,17583.33
CTR0041,C0041,2024-03-13,2026-11-09,active,30,13916.67
CTR0042,C0042,2023-06-06,2026-04-10,expired,0,5083.33
CTR0043,C0043,2024-08-26,2026-11-11,active,15,9416.67
CTR0044,C0044,2025-03-06,2026-11-12,active,30,10000.0
CTR0045,C0045,2023-10-04,2026-11-13,active,0,11666.67
CTR0046,C0046,2024-11-16,2026-11-14,active,15,11750.0
CTR0047,C0047,2024-05-27,2026-11-15,active,30,2583.33
CTR0048,C0048,2024-02-09,2026-04-04,expired,0,9083.33
CTR0049,C0049,2023-06-14,2026-11-17,active,15,17666.67
CTR0050,C0050,2023-09-10,2026-11-18,active,30,18166.67
CTR0051,C0051,2025-02-03,2026-11-19,active,0,18000.0
CTR0052,C0052,2024-06-13,2026-11-20,active,15,13166.67
CTR0053,C0053,2024-06-25,2026-11-21,active,30,18916.67
CTR0054,C0054,2023-07-25,2026-03-29,expired,0,11666.67
CTR0055,C0055,2025-05-25,2026-11-23,active,15,15333.33
CTR0056,C0056,2024-06-27,2026-11-24,active,30,11500.0
CTR0057,C0057,2024-03-24,2026-11-25,active,0,4416.67
CTR0058,C0058,2023-05-08,2026-11-26,active,15,11416.67
CTR0059,C0059,2024-12-02,2026-11-27,active,30,3333.33
CTR0060,C0060,2023-12-19,2026-03-23,expired,0,17166.67
CTR0061,C0061,2024-06-22,2026-11-29,active,15,4750.0
CTR0062,C0062,2023-12-04,2026-11-30,active,30,18250.0
CTR0063,C0063,2025-01-15,2026-12-01,active,0,19583.33
CTR0064,C0064,2023-12-27,2026-12-02,active,15,8583.33
CTR0065,C0065,2023-03-30,2026-12-03,active,30,16666.67
CTR0066,C0066,2024-01-20,2026-03-17,expired,0,13583.33
CTR0067,C0067,2023-06-11,2026-12-05,active,15,16166.67
CTR0068,C0068,2024-04-06,2026-12-06,active,30,17416.67
CTR0069,C0069,2024-10-26,2026-12-07,active,0,16666.67
CTR0070,C0070,2023-09-27,2026-12-08,active,15,4000.0
CTR0071,C0071,2024-03-04,2026-12-09,active,30,10416.67
CTR0072,C0072,2023-12-02,2026-03-11,expired,0,10250.0
CTR0073,C0073,2023-08-29,2026-12-11,active,15,5500.0
CTR0074,C0074,2025-02-21,2026-12-12,active,30,18833.33
CTR0075,C0075,2023-05-24,2026-12-13,active,0,4583.33
CTR0076,C0076,2024-09-03,2026-12-14,active,15,2166.67
CTR0077,C0077,2024-04-10,2026-12-15,active,30,5333.33
CTR0078,C0078,2023-06-23,2026-05-19,expired,0,3416.67
CTR0079,C0079,2023-10-29,2026-12-17,active,15,9666.67
CTR0080,C0080,2024-05-21,2026-12-18,active,30,12750.0
CTR0081,C0081,2024-08-18,2026-12-19,active,0,18666.67
CTR0082,C0082,2023-11-20,2026-12-20,active,15,3916.67
CTR0083,C0083,2025-03-05,2026-12-21,active,30,3750.0
CTR0084,C0084,2024-07-30,2026-05-13,expired,0,10666.67
CTR0085,C0085,2024-04-19,2026-12-23,active,15,19166.67
CTR0086,C0086,2024-05-28,2026-12-24,active,30,10500.0
CTR0087,C0087,2024-07-05,2026-12-25,active,0,8333.33
CTR0088,C0088,2023-07-30,2026-12-26,active,15,15250.0
CTR0089,C0089,2024-12-02,2026-12-27,active,30,14416.67
CTR0090,C0090,2025-04-29,2026-05-07,expired,0,5000.0
CTR0091,C0091,2023-07-24,2026-12-29,active,15,10166.67
CTR0092,C0092,2023-03-11,2026-12-30,active,30,3500.0
CTR0093,C0093,2023-11-16,2026-12-31,active,0,4333.33
CTR0094,C0094,2024-09-27,2027-01-01,active,15,10666.67
CTR0095,C0095,2024-01-13,2027-01-02,active,30,3583.33
CTR0096,C0096,2023-01-09,2026-05-01,expired,0,13083.33
CTR0097,C0097,2024-12-02,2027-01-04,active,15,5083.33
CTR0098,C0098,2023-09-11,2027-01-05,active,30,16833.33
CTR0099,C0099,2025-04-25,2027-01-06,active,0,17083.33
CTR0100,C0100,2023-03-19,2027-01-07,active,15,13083.33
CTR0101,C0101,2024-03-03,2027-01-08,active,30,10083.33
CTR0102,C0102,2024-09-08,2026-04-25,expired,0,11250.0
CTR0103,C0103,2024-04-02,2027-01-10,active,15,10583.33
CTR0104,C0104,2023-02-14,2027-01-11,active,30,5833.33
CTR0105,C0105,2024-06-27,2027-01-12,active,0,10583.33
CTR0106,C0106,2024-03-27,2027-01-13,active,15,9250.0
CTR0107,C0107,2024-05-09,2027-01-14,active,30,17583.33
CTR0108,C0108,2024-02-23,2026-04-19,expired,0,14000.0
CTR0109,C0109,2024-10-20,2027-01-16,active,15,16083.33
CTR0110,C0110,2024-01-30,2027-01-17,active,30,3833.33
CTR0111,C0111,2024-10-19,2027-01-18,active,0,15416.67
CTR0112,C0112,2024-10-04,2027-01-19,active,15,12916.67
CTR0113,C0113,2022-12-30,2027-01-20,active,30,5416.67
CTR0114,C0114,2024-01-02,2026-04-13,expired,0,2083.33
CTR0115,C0115,2023-05-12,2027-01-22,active,15,11583.33
CTR0116,C0116,2024-03-04,2027-01-23,active,30,3916.67
CTR0117,C0117,2024-06-29,2027-01-24,active,0,15416.67
CTR0118,C0118,2025-04-16,2027-01-25,active,15,9333.33
CTR0119,C0119,2024-12-22,2027-01-26,active,30,16500.0
CTR0120,C0120,2024-10-19,2026-04-07,expired,0,14250.0
CTR0121,C0121,2024-06-24,2027-01-28,active,15,5833.33
CTR0122,C0122,2023-02-21,2027-01-29,active,30,6583.33
CTR0123,C0123,2024-04-12,2027-01-30,active,0,4583.33
CTR0124,C0124,2024-01-26,2027-01-31,active,15,15916.67
CTR0125,C0125,2025-02-05,2027-02-01,active,30,3666.67
CTR0126,C0126,2023-07-30,2026-04-01,expired,0,15500.0
CTR0127,C0127,2022-12-25,2027-02-03,active,15,15583.33
CTR0128,C0128,2024-02-13,2027-02-04,active,30,13750.0
CTR0129,C0129,2024-07-31,2027-02-05,active,0,17250.0
CTR0130,C0130,2024-01-07,2027-02-06,active,15,10500.0
CTR0131,C0131,2023-06-20,2027-02-07,active,30,18666.67
CTR0132,C0132,2024-12-13,2026-03-26,expired,0,7750.0
CTR0133,C0133,2022-12-17,2027-02-09,active,15,12916.67
CTR0134,C0134,2024-12-26,2027-02-10,active,30,16916.67
CTR0135,C0135,2023-12-22,2027-02-11,active,0,18916.67
CTR0136,C0136,2024-03-04,2027-02-12,active,15,7250.0
CTR0137,C0137,2024-11-30,2027-02-13,active,30,3500.0
CTR0138,C0138,2023-05-05,2026-03-20,expired,0,2750.0
CTR0139,C0139,2024-05-09,2027-02-15,active,15,19666.67
CTR0140,C0140,2023-05-19,2027-02-16,active,30,15000.0
CTR0141,C0141,2023-05-23,2027-02-17,active,0,12583.33
CTR0142,C0142,2023-07-14,2027-02-18,active,15,8666.67
CTR0143,C0143,2023-09-09,2027-02-19,active,30,6000.0
CTR0144,C0144,2024-02-29,2026-03-14,expired,0,12583.33
CTR0145,C0145,2024-07-17,2027-02-21,active,15,2416.67
CTR0146,C0146,2024-01-13,2027-02-22,active,30,15916.67
CTR0147,C0147,2024-01-23,2027-02-23,active,0,19916.67
CTR0148,C0148,2024-10-15,2027-02-24,active,15,17166.67
CTR0149,C0149,2023-04-09,2027-02-25,active,30,14416.67
CTR0150,C0150,2024-10-26,2026-05-22,expired,0,7416.67
CTR0151,C0151,2023-11-05,2027-02-27,active,15,10000.0
CTR0152,C0152,2023-08-21,2027-02-28,active,30,16833.33
CTR0153,C0153,2022-12-31,2027-03-01,active,0,11250.0
CTR0154,C0154,2024-03-01,2027-03-02,active,15,13083.33
CTR0155,C0155,2024-11-15,2027-03-03,active,30,11000.0
CTR0156,C0156,2024-09-28,2026-05-16,expired,0,6250.0
CTR0157,C0157,2023-04-02,2027-03-05,active,15,19833.33
CTR0158,C0158,2023-06-13,2027-03-06,active,30,2750.0
CTR0159,C0159,2025-02-12,2027-03-07,active,0,13583.33
CTR0160,C0160,2023-02-08,2027-03-08,active,15,6666.67
CTR0161,C0161,2025-03-04,2027-03-09,active,30,9916.67
CTR0162,C0162,2025-05-21,2026-05-10,expired,0,11583.33
CTR0163,C0163,2025-04-13,2027-03-11,active,15,12666.67
CTR0164,C0164,2023-06-28,2027-03-12,active,30,5916.67
CTR0165,C0165,2023-09-04,2027-03-13,active,0,5000.0
CTR0166,C0166,2023-07-07,2027-03-14,active,15,11083.33
CTR0167,C0167,2024-02-15,2027-03-15,active,30,4000.0
CTR0168,C0168,2024-12-28,2026-05-04,expired,0,7166.67
CTR0169,C0169,2025-04-10,2027-03-17,active,15,19166.67
CTR0170,C0170,2024-11-24,2027-03-18,active,30,19000.0
CTR0171,C0171,2023-07-14,2027-03-19,active,0,4833.33
CTR0172,C0172,2023-08-30,2027-03-20,active,15,7166.67
CTR0173,C0173,2025-01-09,2027-03-21,active,30,19750.0
CTR0174,C0174,2023-07-16,2026-04-28,expired,0,7166.67
CTR0175,C0175,2025-05-03,2027-03-23,active,15,4083.33
CTR0176,C0176,2023-08-13,2027-03-24,active,30,9916.67
CTR0177,C0177,2023-10-19,2027-03-25,active,0,5500.0
CTR0178,C0178,2024-12-01,2027-03-26,active,15,9583.33
CTR0179,C0179,2023-12-26,2027-03-27,active,30,8333.33
CTR0180,C0180,2024-10-17,2026-04-22,expired,0,12083.33
CTR0181,C0181,2023-03-22,2027-03-29,active,15,6000.0
CTR0182,C0182,2024-08-05,2027-03-30,active,30,2500.0
CTR0183,C0183,2024-01-14,2027-03-31,active,0,3000.0
CTR0184,C0184,2024-04-23,2027-04-01,active,15,7583.33
CTR0185,C0185,2024-04-09,2027-04-02,active,30,6833.33
CTR0186,C0186,2023-02-21,2026-04-16,expired,0,11583.33
CTR0187,C0187,2025-04-07,2027-04-04,active,15,9750.0
CTR0188,C0188,2024-12-10,2027-04-05,active,30,14250.0
CTR0189,C0189,2024-12-07,2027-04-06,active,0,5000.0
CTR0190,C0190,2023-09-20,2027-04-07,active,15,15500.0
CTR0191,C0191,2023-12-25,2027-04-08,active,30,5833.33
CTR0192,C0192,2025-01-09,2026-04-10,expired,0,19166.67
CTR0193,C0193,2024-08-19,2027-04-10,active,15,11333.33
CTR0194,C0194,2025-04-08,2027-04-11,active,30,7833.33
CTR0195,C0195,2025-01-18,2027-04-12,active,0,7833.33
CTR0196,C0196,2023-01-12,2027-04-13,active,15,10750.0
CTR0197,C0197,2023-07-23,2027-04-14,active,30,8916.67
CTR0198,C0198,2024-02-03,2026-04-04,expired,0,11000.0
CTR0199,C0199,2023-04-10,2027-04-16,active,15,9833.33
CTR0200,C0200,2023-07-05,2027-04-17,active,30,14083.33
CTR0201,C0201,2023-04-09,2027-04-18,active,0,3666.67
CTR0202,C0202,2023-07-14,2027-04-19,active,15,5916.67
CTR0203,C0203,2025-01-29,2027-04-20,active,30,2250.0
CTR0204,C0204,2023-10-25,2026-03-29,expired,0,3833.33
CTR0205,C0205,2023-07-10,2027-04-22,active,15,13916.67
CTR0206,C0206,2024-09-17,2027-04-23,active,30,9000.0
CTR0207,C0207,2023-10-06,2027-04-24,active,0,18250.0
CTR0208,C0208,2024-07-28,2027-04-25,active,15,6416.67
CTR0209,C0209,2025-02-22,2027-04-26,active,30,3500.0
CTR0210,C0210,2024-02-02,2026-03-23,expired,0,17000.0
CTR0211,C0211,2024-08-21,2027-04-28,active,15,10000.0
CTR0212,C0212,2023-10-07,2027-04-29,active,30,16833.33
CTR0213,C0213,2022-12-30,2027-04-30,active,0,11083.33
CTR0214,C0214,2024-05-09,2027-05-01,active,15,15583.33
CTR0215,C0215,2024-02-16,2027-05-02,active,30,10083.33
CTR0216,C0216,2024-11-30,2026-03-17,expired,0,10166.67
CTR0217,C0217,2024-04-03,2027-05-04,active,15,16000.0
CTR0218,C0218,2024-01-13,2027-05-05,active,30,16333.33
CTR0219,C0219,2023-11-05,2027-05-06,active,0,8000.0
CTR0220,C0220,2024-06-29,2027-05-07,active,15,2333.33
CTR0221,C0221,2023-01-21,2027-05-08,active,30,18750.0
CTR0222,C0222,2025-04-21,2026-03-11,expired,0,13750.0
CTR0223,C0223,2023-07-20,2027-05-10,active,15,13500.0
CTR0224,C0224,2023-10-19,2027-05-11,active,30,3916.67
CTR0225,C0225,2025-01-03,2027-05-12,active,0,14250.0
CTR0226,C0226,2025-01-28,2027-05-13,active,15,17500.0
CTR0227,C0227,2025-05-27,2027-05-14,active,30,8000.0
CTR0228,C0228,2024-02-16,2026-05-19,expired,0,10583.33
CTR0229,C0229,2024-11-22,2027-05-16,active,15,5583.33
CTR0230,C0230,2023-07-21,2027-05-17,active,30,12916.67
CTR0231,C0231,2024-12-23,2027-05-18,active,0,12750.0
CTR0232,C0232,2023-08-25,2027-05-19,active,15,18750.0
CTR0233,C0233,2024-02-19,2027-05-20,active,30,9583.33
CTR0234,C0234,2024-05-17,2026-05-13,expired,0,15333.33
CTR0235,C0235,2023-06-26,2027-05-22,active,15,11833.33
CTR0236,C0236,2024-07-26,2027-05-23,active,30,3500.0
CTR0237,C0237,2022-12-31,2027-05-24,active,0,9333.33
CTR0238,C0238,2022-12-16,2027-05-25,active,15,17833.33
CTR0239,C0239,2025-02-15,2027-05-26,active,30,12916.67
CTR0240,C0240,2023-04-20,2026-05-07,expired,0,2000.0
CTR0241,C0241,2024-09-30,2027-05-28,active,15,10500.0
CTR0242,C0242,2023-05-21,2027-05-29,active,30,12833.33
CTR0243,C0243,2023-05-28,2027-05-30,active,0,8666.67
CTR0244,C0244,2025-01-15,2027-05-31,active,15,4416.67
CTR0245,C0245,2024-08-18,2027-06-01,active,30,13500.0
CTR0246,C0246,2023-02-15,2026-05-01,expired,0,12750.0
CTR0247,C0247,2023-10-21,2027-06-03,active,15,3916.67
CTR0248,C0248,2024-02-08,2027-06-04,active,30,7333.33
CTR0249,C0249,2025-01-03,2027-06-05,active,0,19666.67
CTR0250,C0250,2024-03-27,2027-06-06,active,15,15916.67
CTR0251,C0251,2025-04-14,2027-06-07,active,30,11500.0
CTR0252,C0252,2023-09-06,2026-04-25,expired,0,12500.0
CTR0253,C0253,2022-12-22,2027-06-09,active,15,17166.67
CTR0254,C0254,2023-07-16,2027-06-10,active,30,18833.33
CTR0255,C0255,2024-03-28,2027-06-11,active,0,12333.33
CTR0256,C0256,2023-12-24,2027-06-12,active,15,15083.33
CTR0257,C0257,2025-02-26,2027-06-13,active,30,6666.67
CTR0258,C0258,2024-06-05,2026-04-19,expired,0,12416.67
CTR0259,C0259,2025-01-15,2027-06-15,active,15,3500.0
CTR0260,C0260,2023-07-08,2027-06-16,active,30,19833.33
CTR0261,C0261,2023-11-29,2027-06-17,active,0,16416.67
CTR0262,C0262,2025-01-04,2027-06-18,active,15,19166.67
CTR0263,C0263,2022-12-23,2027-06-19,active,30,17000.0
CTR0264,C0264,2024-09-23,2026-04-13,expired,0,10083.33
CTR0265,C0265,2024-02-07,2027-06-21,active,15,4000.0
CTR0266,C0266,2025-01-03,2027-06-22,active,30,9250.0
CTR0267,C0267,2024-05-20,2027-06-23,active,0,4416.67
CTR0268,C0268,2024-10-30,2027-06-24,active,15,3416.67
CTR0269,C0269,2025-05-11,2027-06-25,active,30,14250.0
CTR0270,C0270,2023-08-06,2026-04-07,expired,0,3250.0
CTR0271,C0271,2023-10-19,2027-06-27,active,15,6916.67
CTR0272,C0272,2023-11-10,2027-06-28,active,30,12250.0
CTR0273,C0273,2023-12-04,2027-06-29,active,0,12333.33
CTR0274,C0274,2023-12-24,2027-06-30,active,15,5250.0
CTR0275,C0275,2023-11-15,2027-07-01,active,30,16833.33
CTR0276,C0276,2023-12-12,2026-04-01,expired,0,18500.0
CTR0277,C0277,2024-11-28,2027-07-03,active,15,11083.33
CTR0278,C0278,2023-02-26,2027-07-04,active,30,3916.67
CTR0279,C0279,2023-11-07,2027-07-05,active,0,7000.0
CTR0280,C0280,2024-12-30,2027-07-06,active,15,15083.33
CTR0281,C0281,2024-10-08,2027-07-07,active,30,2500.0
CTR0282,C0282,2024-11-01,2026-03-26,expired,0,10583.33
CTR0283,C0283,2023-12-11,2027-07-09,active,15,13166.67
CTR0284,C0284,2025-01-17,2027-07-10,active,30,8166.67
CTR0285,C0285,2024-05-13,2027-07-11,active,0,18000.0
CTR0286,C0286,2024-03-01,2027-07-12,active,15,17583.33
CTR0287,C0287,2023-01-11,2027-07-13,active,30,9000.0
CTR0288,C0288,2023-09-28,2026-03-20,expired,0,7916.67
CTR0289,C0289,2024-02-08,2027-07-15,active,15,18166.67
CTR0290,C0290,2024-04-08,2027-07-16,active,30,3750.0
CTR0291,C0291,2023-07-15,2027-07-17,active,0,10083.33
CTR0292,C0292,2024-10-16,2027-07-18,active,15,6833.33
CTR0293,C0293,2024-11-23,2027-07-19,active,30,5083.33
CTR0294,C0294,2023-08-19,2026-03-14,expired,0,14166.67
CTR0295,C0295,2024-09-18,2027-07-21,active,15,15333.33
CTR0296,C0296,2024-03-21,2027-07-22,active,30,16166.67
CTR0297,C0297,2023-05-07,2027-07-23,active,0,5250.0
CTR0298,C0298,2023-01-14,2027-07-24,active,15,18750.0
CTR0299,C0299,2024-02-24,2027-07-25,active,30,15750.0
CTR0300,C0300,2025-04-26,2026-05-22,expired,0,14166.67
CTR0301,C0301,2023-07-15,2027-07-27,active,15,9416.67
CTR0302,C0302,2024-10-31,2027-07-28,active,30,6500.0
CTR0303,C0303,2024-12-19,2027-07-29,active,0,18750.0
CTR0304,C0304,2023-03-08,2027-07-30,active,15,5916.67
CTR0305,C0305,2025-02-13,2027-07-31,active,30,16250.0
CTR0306,C0306,2024-02-20,2026-05-16,expired,0,6916.67
CTR0307,C0307,2025-01-17,2027-08-02,active,15,7166.67
CTR0308,C0308,2024-05-20,2027-08-03,active,30,11250.0
CTR0309,C0309,2025-04-24,2027-08-04,active,0,5166.67
CTR0310,C0310,2023-10-18,2027-08-05,active,15,10250.0
CTR0311,C0311,2023-02-23,2027-08-06,active,30,19833.33
CTR0312,C0312,2025-03-11,2026-05-10,expired,0,11500.0
CTR0313,C0313,2024-01-25,2027-08-08,active,15,17666.67
CTR0314,C0314,2023-01-17,2027-08-09,active,30,18583.33
CTR0315,C0315,2024-09-11,2027-08-10,active,0,13166.67
CTR0316,C0316,2024-08-19,2027-08-11,active,15,19750.0
CTR0317,C0317,2024-11-22,2027-08-12,active,30,12916.67
CTR0318,C0318,2024-08-18,2026-05-04,expired,0,9666.67
CTR0319,C0319,2025-04-11,2027-08-14,active,15,11333.33
CTR0320,C0320,2024-10-25,2027-08-15,active,30,12250.0
CTR0321,C0321,2024-07-29,2027-08-16,active,0,5166.67
CTR0322,C0322,2023-07-23,2027-08-17,active,15,7083.33
CTR0323,C0323,2023-04-01,2027-08-18,active,30,18000.0
CTR0324,C0324,2024-07-19,2026-04-28,expired,0,15166.67
CTR0325,C0325,2025-02-02,2027-08-20,active,15,12916.67
CTR0326,C0326,2025-03-15,2027-08-21,active,30,3250.0
CTR0327,C0327,2024-09-15,2027-08-22,active,0,6416.67
CTR0328,C0328,2024-04-08,2027-08-23,active,15,10416.67
CTR0329,C0329,2024-03-12,2027-08-24,active,30,2166.67
CTR0330,C0330,2023-03-17,2026-04-22,expired,0,18583.33
CTR0331,C0331,2025-01-26,2027-08-26,active,15,9083.33
CTR0332,C0332,2025-04-01,2027-08-27,active,30,7166.67
CTR0333,C0333,2024-12-11,2027-08-28,active,0,13166.67
CTR0334,C0334,2025-02-05,2027-08-29,active,15,6166.67
CTR0335,C0335,2024-08-06,2027-08-30,active,30,5500.0
CTR0336,C0336,2024-06-03,2026-04-16,expired,0,4000.0
CTR0337,C0337,2024-04-19,2027-09-01,active,15,5583.33
CTR0338,C0338,2025-01-14,2027-09-02,active,30,18750.0
CTR0339,C0339,2024-04-13,2027-09-03,active,0,17083.33
CTR0340,C0340,2024-04-26,2027-09-04,active,15,10083.33
CTR0341,C0341,2023-01-10,2027-09-05,active,30,12583.33
CTR0342,C0342,2024-11-18,2026-04-10,expired,0,9666.67
CTR0343,C0343,2023-03-29,2027-09-07,active,15,3666.67
CTR0344,C0344,2023-05-17,2027-09-08,active,30,2166.67
CTR0345,C0345,2024-02-13,2027-09-09,active,0,13083.33
CTR0346,C0346,2025-05-19,2027-09-10,active,15,4250.0
CTR0347,C0347,2025-03-28,2027-09-11,active,30,19250.0
CTR0348,C0348,2023-12-30,2026-04-04,expired,0,6666.67
CTR0349,C0349,2024-03-18,2027-09-13,active,15,13416.67
CTR0350,C0350,2023-05-25,2027-09-14,active,30,14000.0
CTR0351,C0351,2023-06-05,2027-09-15,active,0,7166.67
CTR0352,C0352,2024-11-08,2027-09-16,active,15,8416.67
CTR0353,C0353,2025-02-19,2027-09-17,active,30,18833.33
CTR0354,C0354,2023-03-03,2026-03-29,expired,0,17666.67
CTR0355,C0355,2024-04-25,2027-09-19,active,15,19250.0
CTR0356,C0356,2023-02-26,2027-09-20,active,30,17166.67
CTR0357,C0357,2024-05-03,2027-09-21,active,0,19583.33
CTR0358,C0358,2023-03-14,2027-09-22,active,15,9833.33
CTR0359,C0359,2024-06-16,2027-09-23,active,30,4583.33
CTR0360,C0360,2023-07-28,2026-03-23,expired,0,15250.0
CTR0361,C0361,2023-08-21,2027-09-25,active,15,6416.67
CTR0362,C0362,2023-03-09,2027-09-26,active,30,9833.33
CTR0363,C0363,2024-04-09,2027-09-27,active,0,17833.33
CTR0364,C0364,2024-11-25,2027-09-28,active,15,5916.67
CTR0365,C0365,2024-02-12,2027-09-29,active,30,5583.33
CTR0366,C0366,2023-03-26,2026-03-17,expired,0,3250.0
CTR0367,C0367,2024-12-09,2027-10-01,active,15,2000.0
CTR0368,C0368,2024-01-21,2027-10-02,active,30,4333.33
CTR0369,C0369,2025-03-14,2027-10-03,active,0,10416.67
CTR0370,C0370,2023-05-01,2027-10-04,active,15,3166.67
CTR0371,C0371,2024-09-05,2027-10-05,active,30,13416.67
CTR0372,C0372,2025-02-28,2026-03-11,expired,0,11750.0
CTR0373,C0373,2024-04-01,2027-10-07,active,15,17833.33
CTR0374,C0374,2023-09-25,2027-10-08,active,30,14750.0
CTR0375,C0375,2025-04-11,2027-10-09,active,0,13583.33
CTR0376,C0376,2024-08-09,2027-10-10,active,15,6166.67
CTR0377,C0377,2025-02-15,2027-10-11,active,30,11000.0
CTR0378,C0378,2023-02-06,2026-05-19,expired,0,16583.33
CTR0379,C0379,2025-01-10,2027-10-13,active,15,6250.0
CTR0380,C0380,2023-11-22,2027-10-14,active,30,8333.33
CTR0381,C0381,2023-08-20,2027-10-15,active,0,7666.67
CTR0382,C0382,2023-07-17,2027-10-16,active,15,17166.67
CTR0383,C0383,2024-06-29,2027-10-17,active,30,6250.0
CTR0384,C0384,2024-09-13,2026-05-13,expired,0,15000.0
CTR0385,C0385,2024-10-20,2027-10-19,active,15,11500.0
CTR0386,C0386,2024-02-19,2027-10-20,active,30,9500.0
CTR0387,C0387,2024-09-24,2027-10-21,active,0,10500.0
CTR0388,C0388,2023-10-29,2027-10-22,active,15,9250.0
CTR0389,C0389,2024-03-21,2027-10-23,active,30,11333.33
CTR0390,C0390,2024-02-21,2026-05-07,expired,0,4666.67
CTR0391,C0391,2023-06-08,2027-10-25,active,15,6083.33
CTR0392,C0392,2024-05-13,2027-10-26,active,30,12000.0
CTR0393,C0393,2024-01-03,2027-10-27,active,0,15666.67
CTR0394,C0394,2024-10-12,2027-10-28,active,15,12833.33
CTR0395,C0395,2023-06-08,2027-10-29,active,30,17916.67
CTR0396,C0396,2024-03-14,2026-05-01,expired,0,16583.33
CTR0397,C0397,2023-03-21,2027-10-31,active,15,12083.33
CTR0398,C0398,2024-11-20,2027-11-01,active,30,10500.0
CTR0399,C0399,2024-10-01,2027-11-02,active,0,13833.33
CTR0400,C0400,2024-02-07,2027-11-03,active,15,11250.0
CTR0401,C0401,2024-08-08,2027-11-04,active,30,14750.0
CTR0402,C0402,2024-09-13,2026-04-25,expired,0,3333.33
CTR0403,C0403,2023-02-26,2027-11-06,active,15,16583.33
CTR0404,C0404,2023-01-23,2027-11-07,active,30,15166.67
CTR0405,C0405,2024-02-06,2027-11-08,active,0,14500.0
CTR0406,C0406,2024-09-21,2027-11-09,active,15,16250.0
CTR0407,C0407,2025-04-15,2027-11-10,active,30,19750.0
CTR0408,C0408,2024-03-05,2026-04-19,expired,0,14083.33
CTR0409,C0409,2023-11-04,2027-11-12,active,15,12583.33
CTR0410,C0410,2024-01-06,2027-11-13,active,30,8166.67
CTR0411,C0411,2024-03-12,2027-11-14,active,0,2166.67
CTR0412,C0412,2024-04-03,2027-11-15,active,15,13083.33
CTR0413,C0413,2023-07-19,2027-11-16,active,30,11166.67
CTR0414,C0414,2024-12-21,2026-04-13,expired,0,12833.33
CTR0415,C0415,2023-06-05,2027-11-18,active,15,15833.33
CTR0416,C0416,2023-12-08,2027-11-19,active,30,2250.0
CTR0417,C0417,2023-12-31,2027-11-20,active,0,12166.67
CTR0418,C0418,2024-11-09,2027-11-21,active,15,10166.67
CTR0419,C0419,2024-04-12,2027-11-22,active,30,6166.67
CTR0420,C0420,2024-08-25,2026-04-07,expired,0,11166.67
CTR0421,C0421,2024-04-25,2027-11-24,active,15,7166.67
CTR0422,C0422,2023-12-05,2027-11-25,active,30,6250.0
CTR0423,C0423,2023-02-26,2027-11-26,active,0,2916.67
CTR0424,C0424,2023-08-30,2027-11-27,active,15,20000.0
CTR0425,C0425,2025-01-07,2027-11-28,active,30,6416.67
CTR0426,C0426,2025-05-21,2026-04-01,expired,0,6916.67
CTR0427,C0427,2023-07-24,2027-11-30,active,15,18666.67
CTR0428,C0428,2024-04-29,2027-12-01,active,30,10166.67
CTR0429,C0429,2022-12-16,2027-12-02,active,0,17416.67
CTR0430,C0430,2024-11-15,2027-12-03,active,15,10166.67
CTR0431,C0431,2025-03-23,2027-12-04,active,30,19333.33
CTR0432,C0432,2023-11-05,2026-03-26,expired,0,5666.67
CTR0433,C0433,2023-03-04,2027-12-06,active,15,15500.0
CTR0434,C0434,2023-05-29,2027-12-07,active,30,16583.33
CTR0435,C0435,2024-06-23,2027-12-08,active,0,12333.33
CTR0436,C0436,2025-02-12,2027-12-09,active,15,17500.0
CTR0437,C0437,2025-01-08,2027-12-10,active,30,17000.0
CTR0438,C0438,2023-11-29,2026-03-20,expired,0,8333.33
CTR0439,C0439,2024-09-09,2027-12-12,active,15,5500.0
CTR0440,C0440,2023-04-29,2027-12-13,active,30,3500.0
CTR0441,C0441,2025-02-12,2027-12-14,active,0,10916.67
CTR0442,C0442,2024-08-16,2027-12-15,active,15,17750.0
CTR0443,C0443,2025-03-03,2027-12-16,active,30,11416.67
CTR0444,C0444,2023-10-06,2026-03-14,expired,0,10333.33
CTR0445,C0445,2024-03-26,2027-12-18,active,15,12250.0
CTR0446,C0446,2023-10-06,2027-12-19,active,30,11333.33
CTR0447,C0447,2024-06-17,2027-12-20,active,0,18416.67
CTR0448,C0448,2023-09-30,2027-12-21,active,15,16333.33
CTR0449,C0449,2023-11-02,2027-12-22,active,30,11750.0
CTR0450,C0450,2024-07-25,2026-05-22,expired,0,14416.67
CTR0451,C0451,2024-10-26,2027-12-24,active,15,12916.67
CTR0452,C0452,2025-04-12,2027-12-25,active,30,13833.33
CTR0453,C0453,2023-02-19,2027-12-26,active,0,4250.0
CTR0454,C0454,2023-03-12,2027-12-27,active,15,11500.0
CTR0455,C0455,2024-10-08,2027-12-28,active,30,9583.33
CTR0456,C0456,2023-08-10,2026-05-16,expired,0,13583.33
CTR0457,C0457,2024-04-25,2027-12-30,active,15,19000.0
CTR0458,C0458,2024-11-17,2027-12-31,active,30,12250.0
CTR0459,C0459,2024-07-18,2028-01-01,active,0,10250.0
CTR0460,C0460,2023-08-14,2028-01-02,active,15,8833.33
CTR0461,C0461,2023-05-29,2028-01-03,active,30,8416.67
CTR0462,C0462,2023-02-26,2026-05-10,expired,0,3666.67
CTR0463,C0463,2023-07-01,2028-01-05,active,15,5583.33
CTR0464,C0464,2024-12-22,2028-01-06,active,30,14666.67
CTR0465,C0465,2024-02-10,2028-01-07,active,0,12666.67
CTR0466,C0466,2025-04-29,2028-01-08,active,15,17416.67
CTR0467,C0467,2023-05-06,2028-01-09,active,30,7333.33
CTR0468,C0468,2023-09-13,2026-05-04,expired,0,4083.33
CTR0469,C0469,2023-07-25,2028-01-11,active,15,14666.67
CTR0470,C0470,2024-03-25,2028-01-12,active,30,14750.0
CTR0471,C0471,2024-11-01,2028-01-13,active,0,13750.0
CTR0472,C0472,2025-04-05,2028-01-14,active,15,2916.67
CTR0473,C0473,2024-08-20,2028-01-15,active,30,10000.0
CTR0474,C0474,2023-12-31,2026-04-28,expired,0,17750.0
CTR0475,C0475,2024-06-05,2028-01-17,active,15,7000.0
CTR0476,C0476,2024-01-24,2028-01-18,active,30,19416.67
CTR0477,C0477,2023-11-21,2028-01-19,active,0,3583.33
CTR0478,C0478,2024-11-24,2028-01-20,active,15,8000.0
CTR0479,C0479,2023-04-14,2028-01-21,active,30,9833.33
CTR0480,C0480,2024-01-12,2026-04-22,expired,0,9416.67
CTR0481,C0481,2024-01-10,2028-01-23,active,15,9416.67
CTR0482,C0482,2024-02-19,2028-01-24,active,30,5000.0
CTR0483,C0483,2023-06-18,2028-01-25,active,0,11916.67
CTR0484,C0484,2024-03-09,2028-01-26,active,15,11583.33
CTR0485,C0485,2023-12-09,2028-01-27,active,30,11083.33
CTR0486,C0486,2024-05-25,2026-04-16,expired,0,13333.33
CTR0487,C0487,2023-07-07,2028-01-29,active,15,2000.0
CTR0488,C0488,2023-08-21,2028-01-30,active,30,8833.33
CTR0489,C0489,2023-05-01,2028-01-31,active,0,9166.67
CTR0490,C0490,2024-10-29,2028-02-01,active,15,9750.0
CTR0491,C0491,2024-06-15,2028-02-02,active,30,19166.67
CTR0492,C0492,2023-04-14,2026-04-10,expired,0,8250.0
CTR0493,C0493,2024-09-19,2028-02-04,active,15,5166.67
CTR0494,C0494,2024-12-18,2028-02-05,active,30,12250.0
CTR0495,C0495,2023-05-23,2028-02-06,active,0,7750.0
CTR0496,C0496,2024-02-10,2028-02-07,active,15,14250.0
CTR0497,C0497,2023-04-13,2028-02-08,active,30,13750.0
CTR0498,C0498,2024-06-28,2026-04-04,expired,0,2833.33
CTR0499,C0499,2024-10-03,2028-02-10,active,15,16500.0
CTR0500,C0500,2023-08-29,2028-02-11,active,30,4416.67
CTR0501,C0501,2024-10-21,2028-02-12,active,0,6166.67
CTR0502,C0502,2025-04-17,2028-02-13,active,15,11166.67
CTR0503,C0503,2024-12-19,2028-02-14,active,30,19916.67
CTR0504,C0504,2024-07-22,2026-03-29,expired,0,9833.33
CTR0505,C0505,2023-01-04,2028-02-16,active,15,16500.0
CTR0506,C0506,2024-04-23,2028-02-17,active,30,11333.33
CTR0507,C0507,2023-04-06,2028-02-18,active,0,14166.67
CTR0508,C0508,2023-11-16,2028-02-19,active,15,9666.67
CTR0509,C0509,2024-07-12,2028-02-20,active,30,15833.33
CTR0510,C0510,2023-03-10,2026-03-23,expired,0,12916.67
CTR0511,C0511,2024-09-04,2028-02-22,active,15,15083.33
CTR0512,C0512,2024-10-08,2028-02-23,active,30,9416.67
CTR0513,C0513,2024-07-14,2028-02-24,active,0,16500.0
CTR0514,C0514,2024-04-02,2028-02-25,active,15,15916.67
CTR0515,C0515,2023-06-23,2028-02-26,active,30,13666.67
CTR0516,C0516,2023-01-18,2026-03-17,expired,0,11000.0
CTR0517,C0517,2022-12-10,2028-02-28,active,15,5333.33
CTR0518,C0518,2023-01-30,2028-02-29,active,30,17083.33
CTR0519,C0519,2024-04-17,2028-03-01,active,0,7750.0
CTR0520,C0520,2025-04-19,2028-03-02,active,15,12000.0
CTR0521,C0521,2024-08-05,2028-03-03,active,30,17916.67
CTR0522,C0522,2024-08-16,2026-03-11,expired,0,3666.67
CTR0523,C0523,2024-12-02,2028-03-05,active,15,10583.33
CTR0524,C0524,2023-05-18,2028-03-06,active,30,17833.33
CTR0525,C0525,2024-04-02,2028-03-07,active,0,5333.33
CTR0526,C0526,2024-11-06,2028-03-08,active,15,9750.0
CTR0527,C0527,2024-03-24,2028-03-09,active,30,5666.67
CTR0528,C0528,2023-01-25,2026-05-19,expired,0,11500.0
CTR0529,C0529,2023-10-31,2028-03-11,active,15,8083.33
CTR0530,C0530,2025-03-16,2028-03-12,active,30,19166.67
CTR0531,C0531,2024-04-20,2028-03-13,active,0,17666.67
CTR0532,C0532,2023-08-21,2028-03-14,active,15,19666.67
CTR0533,C0533,2023-04-15,2028-03-15,active,30,17750.0
CTR0534,C0534,2023-02-28,2026-05-13,expired,0,9166.67
CTR0535,C0535,2023-01-28,2028-03-17,active,15,17000.0
CTR0536,C0536,2023-12-17,2028-03-18,active,30,11500.0
CTR0537,C0537,2024-10-13,2028-03-19,active,0,16416.67
CTR0538,C0538,2024-11-05,2028-03-20,active,15,15750.0
CTR0539,C0539,2024-03-22,2028-03-21,active,30,11416.67
CTR0540,C0540,2024-12-10,2026-05-07,expired,0,2583.33
CTR0541,C0541,2024-09-12,2028-03-23,active,15,2500.0
CTR0542,C0542,2023-12-18,2028-03-24,active,30,14500.0
CTR0543,C0543,2023-10-03,2028-03-25,active,0,19333.33
CTR0544,C0544,2024-03-02,2028-03-26,active,15,18416.67
CTR0545,C0545,2023-11-15,2028-03-27,active,30,11416.67
CTR0546,C0546,2024-04-25,2026-05-01,expired,0,4083.33
CTR0547,C0547,2024-02-24,2028-03-29,active,15,15583.33
CTR0548,C0548,2023-07-26,2028-03-30,active,30,14666.67
CTR0549,C0549,2023-01-30,2028-03-31,active,0,7333.33
CTR0550,C0550,2024-06-27,2028-04-01,active,15,4333.33
CTR0551,C0551,2024-06-04,2028-04-02,active,30,17250.0
CTR0552,C0552,2024-04-20,2026-04-25,expired,0,13083.33
CTR0553,C0553,2024-12-30,2028-04-04,active,15,14416.67
CTR0554,C0554,2024-09-18,2028-04-05,active,30,19166.67
CTR0555,C0555,2024-06-11,2028-04-06,active,0,8166.67
CTR0556,C0556,2023-08-25,2028-04-07,active,15,15333.33
CTR0557,C0557,2024-09-11,2028-04-08,active,30,15416.67
CTR0558,C0558,2023-01-01,2026-04-19,expired,0,12833.33
CTR0559,C0559,2023-08-08,2028-04-10,active,15,17000.0
CTR0560,C0560,2025-02-04,2028-04-11,active,30,4333.33
CTR0561,C0561,2024-02-25,2028-04-12,active,0,17500.0
CTR0562,C0562,2024-06-10,2028-04-13,active,15,5583.33
CTR0563,C0563,2024-09-23,2028-04-14,active,30,18000.0
CTR0564,C0564,2023-06-25,2026-04-13,expired,0,11750.0
CTR0565,C0565,2024-11-29,2028-04-16,active,15,18166.67
CTR0566,C0566,2023-05-15,2028-04-17,active,30,20000.0
CTR0567,C0567,2023-03-02,2028-04-18,active,0,7750.0
CTR0568,C0568,2025-05-07,2028-04-19,active,15,11250.0
CTR0569,C0569,2024-03-24,2028-04-20,active,30,14250.0
CTR0570,C0570,2023-12-28,2026-04-07,expired,0,9000.0
CTR0571,C0571,2023-03-15,2028-04-22,active,15,11083.33
CTR0572,C0572,2025-04-10,2028-04-23,active,30,14750.0
CTR0573,C0573,2024-03-04,2028-04-24,active,0,9250.0
CTR0574,C0574,2025-03-23,2028-04-25,active,15,13333.33
CTR0575,C0575,2023-10-10,2028-04-26,active,30,6916.67
CTR0576,C0576,2024-01-10,2026-04-01,expired,0,17250.0
CTR0577,C0577,2023-04-25,2028-04-28,active,15,11666.67
CTR0578,C0578,2023-08-17,2028-04-29,active,30,3333.33
CTR0579,C0579,2023-12-11,2028-04-30,active,0,8166.67
CTR0580,C0580,2024-01-26,2028-05-01,active,15,14333.33
CTR0581,C0581,2023-12-08,2028-05-02,active,30,13833.33
CTR0582,C0582,2024-01-22,2026-03-26,expired,0,15416.67
CTR0583,C0583,2023-04-10,2028-05-04,active,15,11750.0
CTR0584,C0584,2024-04-06,2028-05-05,active,30,17583.33
CTR0585,C0585,2023-11-10,2028-05-06,active,0,16833.33
CTR0586,C0586,2023-07-01,2028-05-07,active,15,12083.33
CTR0587,C0587,2023-03-29,2028-05-08,active,30,8833.33
CTR0588,C0588,2025-05-14,2026-03-20,expired,0,8666.67
CTR0589,C0589,2024-02-16,2028-05-10,active,15,19583.33
CTR0590,C0590,2024-08-11,2028-05-11,active,30,2750.0
CTR0591,C0591,2024-12-10,2028-05-12,active,0,7250.0
CTR0592,C0592,2023-04-11,2028-05-13,active,15,11333.33
CTR0593,C0593,2024-11-20,2028-05-14,active,30,2500.0
CTR0594,C0594,2024-03-17,2026-03-14,expired,0,11333.33
CTR0595,C0595,2025-02-06,2028-05-16,active,15,13666.67
CTR0596,C0596,2025-03-21,2028-05-17,active,30,16250.0
CTR0597,C0597,2024-04-23,2028-05-18,active,0,8083.33
CTR0598,C0598,2024-03-11,2028-05-19,active,15,19583.33
CTR0599,C0599,2025-02-16,2028-05-20,active,30,5333.33
CTR0600,C0600,2023-05-01,2026-05-22,expired,0,12083.33
CTR0601,C0601,2023-03-07,2028-05-22,active,15,7500.0
CTR0602,C0602,2023-02-14,2028-05-23,active,30,8416.67
CTR0603,C0603,2023-10-04,2028-05-24,active,0,15166.67
CTR0604,C0604,2024-05-18,2028-05-25,active,15,15666.67
CTR0605,C0605,2024-08-03,2028-05-26,active,30,11500.0
CTR0606,C0606,2024-04-16,2026-05-16,expired,0,13333.33
CTR0607,C0607,2024-03-18,2028-05-28,active,15,14000.0
CTR0608,C0608,2023-03-20,2028-05-29,active,30,12250.0
CTR0609,C0609,2023-12-21,2028-05-30,active,0,4916.67
CTR0610,C0610,2023-03-03,2028-05-31,active,15,7750.0
CTR0611,C0611,2023-12-03,2028-06-01,active,30,7416.67
CTR0612,C0612,2023-05-12,2026-05-10,expired,0,18083.33
CTR0613,C0613,2023-02-24,2028-06-03,active,15,13583.33
CTR0614,C0614,2023-05-28,2028-06-04,active,30,19500.0
CTR0615,C0615,2023-09-04,2028-06-05,active,0,12416.67
CTR0616,C0616,2023-10-17,2028-06-06,active,15,5250.0
CTR0617,C0617,2024-07-30,2028-06-07,active,30,10000.0
CTR0618,C0618,2025-01-03,2026-05-04,expired,0,4833.33
CTR0619,C0619,2023-09-07,2028-06-09,active,15,13583.33
CTR0620,C0620,2025-03-13,2028-06-10,active,30,13916.67
CTR0621,C0621,2023-03-11,2028-06-11,active,0,16416.67
CTR0622,C0622,2024-05-01,2028-06-12,active,15,5083.33
CTR0623,C0623,2025-04-05,2028-06-13,active,30,9416.67
CTR0624,C0624,2023-08-02,2026-04-28,expired,0,11416.67
CTR0625,C0625,2025-01-01,2028-06-15,active,15,12750.0
CTR0626,C0626,2023-04-09,2028-06-16,active,30,9083.33
CTR0627,C0627,2024-08-12,2028-06-17,active,0,14583.33
CTR0628,C0628,2023-01-20,2028-06-18,active,15,7083.33
CTR0629,C0629,2024-05-14,2028-06-19,active,30,15000.0
CTR0630,C0630,2024-06-13,2026-04-22,expired,0,9500.0
CTR0631,C0631,2025-03-23,2028-06-21,active,15,4333.33
CTR0632,C0632,2025-03-08,2028-06-22,active,30,7000.0
CTR0633,C0633,2025-04-21,2028-06-23,active,0,4583.33
CTR0634,C0634,2023-01-16,2028-06-24,active,15,8583.33
CTR0635,C0635,2023-08-20,2028-06-25,active,30,5583.33
CTR0636,C0636,2023-04-18,2026-04-16,expired,0,3250.0
CTR0637,C0637,2023-12-13,2028-06-27,active,15,6583.33
CTR0638,C0638,2024-02-10,2028-06-28,active,30,2500.0
CTR0639,C0639,2024-05-21,2028-06-29,active,0,7416.67
CTR0640,C0640,2024-01-04,2028-06-30,active,15,18416.67
CTR0641,C0641,2024-04-23,2028-07-01,active,30,17583.33
CTR0642,C0642,2024-10-14,2026-04-10,expired,0,6500.0
CTR0643,C0643,2025-04-25,2028-07-03,active,15,4500.0
CTR0644,C0644,2024-11-29,2028-07-04,active,30,11500.0
CTR0645,C0645,2023-11-08,2028-07-05,active,0,8916.67
CTR0646,C0646,2023-02-01,2028-07-06,active,15,11583.33
CTR0647,C0647,2025-01-14,2028-07-07,active,30,19250.0
CTR0648,C0648,2022-12-31,2026-04-04,expired,0,11833.33
CTR0649,C0649,2024-02-12,2028-07-09,active,15,3666.67
CTR0650,C0650,2024-05-07,2028-07-10,active,30,11416.67
CTR0651,C0651,2023-07-17,2028-07-11,active,0,9333.33
CTR0652,C0652,2024-06-18,2028-07-12,active,15,6083.33
CTR0653,C0653,2024-06-19,2028-07-13,active,30,10916.67
CTR0654,C0654,2024-03-23,2026-03-29,expired,0,3500.0
CTR0655,C0655,2023-04-14,2028-07-15,active,15,17583.33
CTR0656,C0656,2023-02-09,2028-07-16,active,30,7500.0
CTR0657,C0657,2024-01-08,2028-07-17,active,0,13750.0
CTR0658,C0658,2025-02-19,2028-07-18,active,15,15666.67
CTR0659,C0659,2024-06-28,2028-07-19,active,30,12583.33
CTR0660,C0660,2023-12-26,2026-03-23,expired,0,13416.67
CTR0661,C0661,2023-09-07,2028-07-21,active,15,13916.67
CTR0662,C0662,2023-01-16,2028-07-22,active,30,9833.33
CTR0663,C0663,2024-10-17,2028-07-23,active,0,5500.0
CTR0664,C0664,2023-09-03,2028-07-24,active,15,13166.67
CTR0665,C0665,2024-03-16,2028-07-25,active,30,2166.67
CTR0666,C0666,2023-09-20,2026-03-17,expired,0,3666.67
CTR0667,C0667,2023-09-10,2028-07-27,active,15,6666.67
CTR0668,C0668,2024-01-27,2028-07-28,active,30,18500.0
CTR0669,C0669,2024-07-08,2028-07-29,active,0,14000.0
CTR0670,C0670,2023-06-13,2028-07-30,active,15,2083.33
CTR0671,C0671,2023-08-31,2028-07-31,active,30,12500.0
CTR0672,C0672,2024-11-20,2026-03-11,expired,0,4583.33
CTR0673,C0673,2023-07-29,2028-08-02,active,15,11583.33
CTR0674,C0674,2022-12-22,2028-08-03,active,30,4833.33
CTR0675,C0675,2023-01-17,2028-08-04,active,0,4750.0
CTR0676,C0676,2024-12-29,2028-08-05,active,15,6083.33
CTR0677,C0677,2023-04-29,2028-08-06,active,30,15166.67
CTR0678,C0678,2023-06-27,2026-05-19,expired,0,19416.67
CTR0679,C0679,2023-04-09,2028-08-08,active,15,2916.67
CTR0680,C0680,2024-12-26,2028-08-09,active,30,18750.0
CTR0681,C0681,2023-09-26,2028-08-10,active,0,2833.33
CTR0682,C0682,2023-09-08,2028-08-11,active,15,11916.67
CTR0683,C0683,2023-09-04,2028-08-12,active,30,10500.0
CTR0684,C0684,2023-12-30,2026-05-13,expired,0,2416.67
CTR0685,C0685,2023-12-15,2028-08-14,active,15,3166.67
CTR0686,C0686,2024-07-20,2028-08-15,active,30,16000.0
CTR0687,C0687,2024-11-26,2028-08-16,active,0,10500.0
CTR0688,C0688,2024-06-27,2028-08-17,active,15,13750.0
CTR0689,C0689,2022-12-29,2028-08-18,active,30,17750.0
CTR0690,C0690,2023-10-16,2026-05-07,expired,0,14000.0
CTR0691,C0691,2023-08-11,2028-08-20,active,15,2750.0
CTR0692,C0692,2025-01-27,2028-08-21,active,30,6583.33
CTR0693,C0693,2024-06-19,2028-08-22,active,0,8666.67
CTR0694,C0694,2024-01-03,2028-08-23,active,15,9833.33
CTR0695,C0695,2025-02-27,2028-08-24,active,30,6750.0
CTR0696,C0696,2023-02-12,2026-05-01,expired,0,6416.67
CTR0697,C0697,2023-04-11,2028-08-26,active,15,3000.0
CTR0698,C0698,2024-02-19,2028-08-27,active,30,4916.67
CTR0699,C0699,2023-06-09,2028-08-28,active,0,6166.67
CTR0700,C0700,2023-06-25,2028-08-29,active,15,8083.33
CTR0701,C0701,2025-02-26,2028-08-30,active,30,16000.0
CTR0702,C0702,2023-03-01,2026-04-25,expired,0,2416.67
CTR0703,C0703,2023-11-11,2028-09-01,active,15,18250.0
CTR0704,C0704,2024-09-17,2028-09-02,active,30,18916.67
CTR0705,C0705,2024-03-10,2028-09-03,active,0,3250.0
CTR0706,C0706,2025-03-15,2028-09-04,active,15,13666.67
CTR0707,C0707,2024-11-04,2028-09-05,active,30,5083.33
CTR0708,C0708,2024-07-13,2026-04-19,expired,0,11083.33
CTR0709,C0709,2023-07-29,2028-09-07,active,15,14083.33
CTR0710,C0710,2023-01-04,2028-09-08,active,30,3000.0
CTR0711,C0711,2024-01-30,2028-09-09,active,0,6666.67
CTR0712,C0712,2024-08-08,2028-09-10,active,15,2416.67
CTR0713,C0713,2024-03-31,2028-09-11,active,30,6333.33
CTR0714,C0714,2023-02-25,2026-04-13,expired,0,4250.0
CTR0715,C0715,2024-10-10,2028-09-13,active,15,8916.67
CTR0716,C0716,2023-06-18,2028-09-14,active,30,10250.0
CTR0717,C0717,2023-11-30,2028-09-15,active,0,14750.0
CTR0718,C0718,2023-12-12,2028-09-16,active,15,18750.0
CTR0719,C0719,2023-05-26,2028-09-17,active,30,16583.33
CTR0720,C0720,2022-12-24,2026-04-07,expired,0,5666.67
CTR0721,C0721,2023-10-29,2028-09-19,active,15,11083.33
CTR0722,C0722,2024-06-16,2028-09-20,active,30,10416.67
CTR0723,C0723,2023-02-11,2028-09-21,active,0,18000.0
CTR0724,C0724,2023-06-25,2028-09-22,active,15,10083.33
CTR0725,C0725,2023-12-02,2028-09-23,active,30,2500.0
CTR0726,C0726,2024-03-24,2026-04-01,expired,0,2166.67
CTR0727,C0727,2023-08-24,2028-09-25,active,15,11500.0
CTR0728,C0728,2023-07-01,2028-09-26,active,30,13250.0
CTR0729,C0729,2023-10-14,2028-09-27,active,0,4250.0
CTR0730,C0730,2023-04-23,2028-09-28,active,15,9166.67
CTR0731,C0731,2023-01-07,2028-09-29,active,30,10833.33
CTR0732,C0732,2025-01-17,2026-03-26,expired,0,18916.67
CTR0733,C0733,2025-05-05,2028-10-01,active,15,18333.33
CTR0734,C0734,2023-01-17,2028-10-02,active,30,7000.0
CTR0735,C0735,2023-01-09,2028-10-03,active,0,16416.67
CTR0736,C0736,2024-10-25,2028-10-04,active,15,10000.0
CTR0737,C0737,2024-07-03,2028-10-05,active,30,19083.33
CTR0738,C0738,2024-06-21,2026-03-20,expired,0,3166.67
CTR0739,C0739,2022-12-19,2028-10-07,active,15,13833.33
CTR0740,C0740,2023-11-15,2028-10-08,active,30,17416.67
CTR0741,C0741,2023-11-08,2028-10-09,active,0,9833.33
CTR0742,C0742,2023-02-27,2028-10-10,active,15,4000.0
CTR0743,C0743,2024-10-17,2028-10-11,active,30,7166.67
CTR0744,C0744,2024-12-21,2026-03-14,expired,0,12583.33
CTR0745,C0745,2022-12-19,2028-10-13,active,15,17833.33
CTR0746,C0746,2023-07-27,2028-10-14,active,30,10083.33
CTR0747,C0747,2024-07-31,2028-10-15,active,0,3666.67
CTR0748,C0748,2024-07-29,2028-10-16,active,15,11666.67
CTR0749,C0749,2023-07-21,2028-10-17,active,30,17500.0
CTR0750,C0750,2024-02-09,2026-05-22,expired,0,11833.33
CTR0751,C0751,2024-03-11,2028-10-19,active,15,17416.67
CTR0752,C0752,2023-11-07,2028-10-20,active,30,13500.0
CTR0753,C0753,2023-10-02,2028-10-21,active,0,11583.33
CTR0754,C0754,2023-11-13,2028-10-22,active,15,15500.0
CTR0755,C0755,2024-04-22,2028-10-23,active,30,13500.0
CTR0756,C0756,2023-03-26,2026-05-16,expired,0,2750.0
CTR0757,C0757,2023-01-21,2028-10-25,active,15,6666.67
CTR0758,C0758,2025-03-19,2028-10-26,active,30,17416.67
CTR0759,C0759,2024-11-27,2028-10-27,active,0,5250.0
CTR0760,C0760,2023-01-25,2028-10-28,active,15,13250.0
CTR0761,C0761,2025-02-12,2028-10-29,active,30,16583.33
CTR0762,C0762,2023-03-30,2026-05-10,expired,0,5833.33
CTR0763,C0763,2023-11-28,2028-10-31,active,15,5166.67
CTR0764,C0764,2024-06-16,2028-11-01,active,30,8666.67
CTR0765,C0765,2024-09-16,2028-11-02,active,0,10916.67
CTR0766,C0766,2023-04-02,2028-11-03,active,15,3583.33
CTR0767,C0767,2023-05-05,2028-11-04,active,30,3250.0
CTR0768,C0768,2024-09-22,2026-05-04,expired,0,7416.67
CTR0769,C0769,2022-12-26,2028-11-06,active,15,3833.33
CTR0770,C0770,2023-02-12,2028-11-07,active,30,12416.67
CTR0771,C0771,2023-05-11,2028-11-08,active,0,3916.67
CTR0772,C0772,2023-05-09,2028-11-09,active,15,13833.33
CTR0773,C0773,2024-04-22,2028-11-10,active,30,3083.33
CTR0774,C0774,2023-07-10,2026-04-28,expired,0,9750.0
CTR0775,C0775,2023-11-22,2028-11-12,active,15,11083.33
CTR0776,C0776,2023-10-08,2028-11-13,active,30,3583.33
CTR0777,C0777,2023-06-09,2028-11-14,active,0,11000.0
CTR0778,C0778,2025-04-25,2028-11-15,active,15,11250.0
CTR0779,C0779,2023-11-23,2028-11-16,active,30,3416.67
CTR0780,C0780,2023-02-21,2026-04-22,expired,0,3333.33
CTR0781,C0781,2023-10-03,2028-11-18,active,15,14500.0
CTR0782,C0782,2023-09-04,2028-11-19,active,30,4750.0
CTR0783,C0783,2023-11-15,2028-11-20,active,0,10250.0
CTR0784,C0784,2023-02-24,2028-11-21,active,15,9333.33
CTR0785,C0785,2023-09-17,2028-11-22,active,30,8083.33
CTR0786,C0786,2024-01-03,2026-04-16,expired,0,18916.67
CTR0787,C0787,2024-03-21,2028-11-24,active,15,14250.0
CTR0788,C0788,2024-11-03,2028-11-25,active,30,13333.33
CTR0789,C0789,2024-09-06,2028-11-26,active,0,7083.33
CTR0790,C0790,2023-06-21,2028-11-27,active,15,15916.67
CTR0791,C0791,2023-07-23,2028-11-28,active,30,18000.0
CTR0792,C0792,2024-10-28,2026-04-10,expired,0,7250.0
CTR0793,C0793,2024-06-29,2028-11-30,active,15,3250.0
CTR0794,C0794,2024-06-14,2028-12-01,active,30,16750.0
CTR0795,C0795,2024-06-19,2028-12-02,active,0,11416.67
CTR0796,C0796,2023-06-01,2028-12-03,active,15,11333.33
CTR0797,C0797,2023-04-23,2028-12-04,active,30,12250.0
CTR0798,C0798,2025-02-12,2026-04-04,expired,0,3333.33
CTR0799,C0799,2024-08-14,2028-12-06,active,15,4500.0
CTR0800,C0800,2024-07-09,2028-12-07,active,30,7750.0
CTR0801,C0801,2024-12-24,2028-12-08,active,0,8916.67
CTR0802,C0802,2023-12-11,2028-12-09,active,15,9666.67
CTR0803,C0803,2023-11-28,2028-12-10,active,30,7750.0
CTR0804,C0804,2025-01-12,2026-03-29,expired,0,18916.67
CTR0805,C0805,2023-04-10,2028-12-12,active,15,11750.0
CTR0806,C0806,2024-11-25,2028-12-13,active,30,14500.0
CTR0807,C0807,2022-12-16,2028-12-14,active,0,6166.67
CTR0808,C0808,2023-01-04,2028-12-15,active,15,19333.33
CTR0809,C0809,2024-02-03,2028-12-16,active,30,8333.33
CTR0810,C0810,2023-03-31,2026-03-23,expired,0,7416.67
CTR0811,C0811,2024-08-17,2028-12-18,active,15,8500.0
CTR0812,C0812,2023-09-12,2028-12-19,active,30,18916.67
CTR0813,C0813,2024-07-27,2028-12-20,active,0,2250.0
CTR0814,C0814,2024-03-04,2028-12-21,active,15,15916.67
CTR0815,C0815,2023-10-18,2028-12-22,active,30,3916.67
CTR0816,C0816,2023-12-31,2026-03-17,expired,0,3833.33
CTR0817,C0817,2024-05-17,2028-12-24,active,15,12250.0
CTR0818,C0818,2023-10-22,2028-12-25,active,30,8500.0
CTR0819,C0819,2024-05-27,2028-12-26,active,0,6916.67
CTR0820,C0820,2024-01-04,2028-12-27,active,15,7500.0
CTR0821,C0821,2023-02-26,2028-12-28,active,30,4833.33
CTR0822,C0822,2023-10-15,2026-03-11,expired,0,17166.67
CTR0823,C0823,2022-12-27,2028-12-30,active,15,18083.33
CTR0824,C0824,2023-11-16,2028-12-31,active,30,16833.33
CTR0825,C0825,2023-07-18,2029-01-01,active,0,10250.0
CTR0826,C0826,2025-02-28,2029-01-02,active,15,11833.33
CTR0827,C0827,2023-03-02,2029-01-03,active,30,13333.33
CTR0828,C0828,2025-05-05,2026-05-19,expired,0,5250.0
CTR0829,C0829,2024-01-08,2029-01-05,active,15,5083.33
CTR0830,C0830,2024-07-27,2029-01-06,active,30,16666.67
CTR0831,C0831,2023-05-19,2029-01-07,active,0,16083.33
CTR0832,C0832,2023-11-17,2029-01-08,active,15,18416.67
CTR0833,C0833,2023-01-12,2029-01-09,active,30,16500.0
CTR0834,C0834,2023-05-14,2026-05-13,expired,0,18916.67
CTR0835,C0835,2023-06-25,2029-01-11,active,15,16666.67
CTR0836,C0836,2024-07-30,2029-01-12,active,30,8250.0
CTR0837,C0837,2024-09-04,2029-01-13,active,0,12000.0
CTR0838,C0838,2023-09-15,2029-01-14,active,15,2833.33
CTR0839,C0839,2023-02-21,2029-01-15,active,30,4500.0
CTR0840,C0840,2023-04-16,2026-05-07,expired,0,18416.67
CTR0841,C0841,2024-05-22,2029-01-17,active,15,10750.0
CTR0842,C0842,2025-02-11,2029-01-18,active,30,7500.0
CTR0843,C0843,2023-11-13,2029-01-19,active,0,6916.67
CTR0844,C0844,2024-06-24,2029-01-20,active,15,14333.33
CTR0845,C0845,2023-01-09,2029-01-21,active,30,5833.33
CTR0846,C0846,2024-09-05,2026-05-01,expired,0,12750.0
CTR0847,C0847,2023-01-17,2029-01-23,active,15,13750.0
CTR0848,C0848,2025-03-08,2029-01-24,active,30,11166.67
CTR0849,C0849,2024-10-10,2029-01-25,active,0,9416.67
CTR0850,C0850,2023-10-14,2029-01-26,active,15,16916.67
CTR0851,C0851,2024-10-27,2029-01-27,active,30,10250.0
CTR0852,C0852,2024-08-20,2026-04-25,expired,0,14416.67
CTR0853,C0853,2025-04-26,2029-01-29,active,15,9500.0
CTR0854,C0854,2024-10-07,2029-01-30,active,30,4916.67
CTR0855,C0855,2024-06-29,2029-01-31,active,0,10083.33
CTR0856,C0856,2024-10-26,2029-02-01,active,15,15666.67
CTR0857,C0857,2024-01-31,2029-02-02,active,30,7833.33
CTR0858,C0858,2024-12-11,2026-04-19,expired,0,16250.0
CTR0859,C0859,2024-08-09,2029-02-04,active,15,14500.0
CTR0860,C0860,2023-12-08,2029-02-05,active,30,2416.67
CTR0861,C0861,2023-04-14,2029-02-06,active,0,9666.67
CTR0862,C0862,2024-01-15,2029-02-07,active,15,17333.33
CTR0863,C0863,2025-03-28,2029-02-08,active,30,16833.33
CTR0864,C0864,2024-10-26,2026-04-13,expired,0,9416.67
CTR0865,C0865,2023-10-10,2029-02-10,active,15,2083.33
CTR0866,C0866,2023-08-30,2029-02-11,active,30,12833.33
CTR0867,C0867,2023-02-16,2029-02-12,active,0,19500.0
CTR0868,C0868,2024-07-07,2029-02-13,active,15,17500.0
CTR0869,C0869,2025-01-12,2029-02-14,active,30,12750.0
CTR0870,C0870,2024-10-26,2026-04-07,expired,0,8666.67
CTR0871,C0871,2024-02-22,2029-02-16,active,15,12000.0
CTR0872,C0872,2024-09-14,2029-02-17,active,30,7333.33
CTR0873,C0873,2024-01-18,2029-02-18,active,0,2833.33
CTR0874,C0874,2024-06-17,2029-02-19,active,15,8500.0
CTR0875,C0875,2023-10-07,2029-02-20,active,30,9000.0
CTR0876,C0876,2024-11-27,2026-04-01,expired,0,11833.33
CTR0877,C0877,2025-04-08,2029-02-22,active,15,8000.0
CTR0878,C0878,2025-01-27,2029-02-23,active,30,18750.0
CTR0879,C0879,2024-03-10,2029-02-24,active,0,14666.67
CTR0880,C0880,2023-02-03,2029-02-25,active,15,12583.33
CTR0881,C0881,2025-02-11,2029-02-26,active,30,11583.33
CTR0882,C0882,2025-04-13,2026-03-26,expired,0,9416.67
CTR0883,C0883,2023-11-27,2029-02-28,active,15,2916.67
CTR0884,C0884,2023-11-04,2029-03-01,active,30,8000.0
CTR0885,C0885,2024-05-13,2029-03-02,active,0,4500.0
CTR0886,C0886,2024-04-24,2029-03-03,active,15,16333.33
CTR0887,C0887,2025-05-07,2029-03-04,active,30,11500.0
CTR0888,C0888,2024-05-27,2026-03-20,expired,0,13083.33
CTR0889,C0889,2023-01-09,2029-03-06,active,15,12166.67
CTR0890,C0890,2023-03-21,2029-03-07,active,30,16916.67
CTR0891,C0891,2023-06-20,2029-03-08,active,0,9166.67
CTR0892,C0892,2023-05-26,2029-03-09,active,15,15250.0
CTR0893,C0893,2025-04-07,2029-03-10,active,30,14000.0
CTR0894,C0894,2023-10-08,2026-03-14,expired,0,6666.67
CTR0895,C0895,2024-08-14,2029-03-12,active,15,14666.67
CTR0896,C0896,2024-07-27,2029-03-13,active,30,10250.0
CTR0897,C0897,2023-12-29,2029-03-14,active,0,9916.67
CTR0898,C0898,2025-05-08,2029-03-15,active,15,14583.33
CTR0899,C0899,2023-06-26,2029-03-16,active,30,4500.0
CTR0900,C0900,2023-12-20,2026-05-22,expired,0,3750.0
CTR0901,C0901,2024-05-08,2029-03-18,active,15,9166.67
CTR0902,C0902,2023-06-13,2029-03-19,active,30,9333.33
CTR0903,C0903,2023-01-18,2029-03-20,active,0,2000.0
CTR0904,C0904,2023-07-09,2029-03-21,active,15,10833.33
CTR0905,C0905,2023-01-17,2029-03-22,active,30,12916.67
CTR0906,C0906,2023-03-13,2026-05-16,expired,0,2750.0
CTR0907,C0907,2023-07-23,2029-03-24,active,15,6416.67
CTR0908,C0908,2023-08-08,2029-03-25,active,30,15666.67
CTR0909,C0909,2025-05-01,2029-03-26,active,0,13916.67
CTR0910,C0910,2023-11-27,2029-03-27,active,15,3583.33
CTR0911,C0911,2025-03-03,2029-03-28,active,30,16250.0
CTR0912,C0912,2025-05-01,2026-05-10,expired,0,2000.0
CTR0913,C0913,2023-01-01,2029-03-30,active,15,15750.0
CTR0914,C0914,2023-10-23,2029-03-31,active,30,12750.0
CTR0915,C0915,2024-03-03,2029-04-01,active,0,5250.0
CTR0916,C0916,2024-09-22,2029-04-02,active,15,9833.33
CTR0917,C0917,2024-03-03,2029-04-03,active,30,13583.33
CTR0918,C0918,2024-08-21,2026-05-04,expired,0,7583.33
CTR0919,C0919,2023-12-15,2029-04-05,active,15,9333.33
CTR0920,C0920,2024-03-26,2029-04-06,active,30,11500.0
CTR0921,C0921,2022-12-18,2029-04-07,active,0,13833.33
CTR0922,C0922,2024-01-21,2029-04-08,active,15,13333.33
CTR0923,C0923,2024-02-27,2029-04-09,active,30,10000.0
CTR0924,C0924,2023-05-02,2026-04-28,expired,0,18583.33
CTR0925,C0925,2023-11-07,2029-04-11,active,15,3333.33
CTR0926,C0926,2023-06-15,2029-04-12,active,30,2583.33
CTR0927,C0927,2024-10-08,2029-04-13,active,0,11333.33
CTR0928,C0928,2024-09-30,2029-04-14,active,15,13750.0
CTR0929,C0929,2023-12-09,2029-04-15,active,30,5750.0
CTR0930,C0930,2024-01-20,2026-04-22,expired,0,9583.33
CTR0931,C0931,2023-08-22,2029-04-17,active,15,17583.33
CTR0932,C0932,2024-07-19,2029-04-18,active,30,2333.33
CTR0933,C0933,2025-03-02,2029-04-19,active,0,5750.0
CTR0934,C0934,2023-11-02,2029-04-20,active,15,14500.0
CTR0935,C0935,2025-03-21,2029-04-21,active,30,5166.67
CTR0936,C0936,2024-08-24,2026-04-16,expired,0,12833.33
CTR0937,C0937,2024-12-02,2029-04-23,active,15,10416.67
CTR0938,C0938,2024-06-02,2029-04-24,active,30,10833.33
CTR0939,C0939,2024-04-27,2029-04-25,active,0,7083.33
CTR0940,C0940,2024-07-18,2029-04-26,active,15,7166.67
CTR0941,C0941,2024-01-05,2029-04-27,active,30,5000.0
CTR0942,C0942,2023-05-18,2026-04-10,expired,0,17833.33
CTR0943,C0943,2024-09-21,2029-04-29,active,15,12083.33
CTR0944,C0944,2023-09-04,2029-04-30,active,30,10750.0
CTR0945,C0945,2024-11-01,2029-05-01,active,0,3083.33
CTR0946,C0946,2023-06-22,2029-05-02,active,15,10250.0
CTR0947,C0947,2024-04-09,2029-05-03,active,30,6083.33
CTR0948,C0948,2024-10-23,2026-04-04,expired,0,3000.0
CTR0949,C0949,2023-02-05,2029-05-05,active,15,16333.33
CTR0950,C0950,2023-03-25,2029-05-06,active,30,8666.67
CTR0951,C0951,2023-03-07,2029-05-07,active,0,18750.0
CTR0952,C0952,2025-01-01,2029-05-08,active,15,2416.67
CTR0953,C0953,2022-12-16,2029-05-09,active,30,19333.33
CTR0954,C0954,2025-02-23,2026-03-29,expired,0,12166.67
CTR0955,C0955,2022-12-14,2029-05-11,active,15,17666.67
CTR0956,C0956,2023-03-09,2029-05-12,active,30,17333.33
CTR0957,C0957,2024-10-22,2029-05-13,active,0,18916.67
CTR0958,C0958,2023-05-27,2029-05-14,active,15,5416.67
CTR0959,C0959,2025-01-09,2029-05-15,active,30,3166.67
CTR0960,C0960,2023-07-18,2026-03-23,expired,0,7000.0
CTR0961,C0961,2025-04-14,2029-05-17,active,15,18916.67
CTR0962,C0962,2023-02-13,2029-05-18,active,30,2250.0
CTR0963,C0963,2024-01-27,2029-05-19,active,0,9083.33
CTR0964,C0964,2024-09-12,2029-05-20,active,15,2083.33
CTR0965,C0965,2024-08-30,2029-05-21,active,30,5333.33
CTR0966,C0966,2024-11-29,2026-03-17,expired,0,16083.33
CTR0967,C0967,2023-05-20,2029-05-23,active,15,16333.33
CTR0968,C0968,2024-01-17,2029-05-24,active,30,15666.67
CTR0969,C0969,2024-01-21,2029-05-25,active,0,15083.33
CTR0970,C0970,2023-01-02,2029-05-26,active,15,18666.67
CTR0971,C0971,2023-05-06,2029-05-27,active,30,17166.67
CTR0972,C0972,2024-03-07,2026-03-11,expired,0,11666.67
CTR0973,C0973,2025-05-13,2029-05-29,active,15,17333.33
CTR0974,C0974,2023-02-14,2029-05-30,active,30,12750.0
CTR0975,C0975,2024-05-27,2029-05-31,active,0,5000.0
CTR0976,C0976,2023-03-28,2029-06-01,active,15,2916.67
CTR0977,C0977,2024-10-21,2029-06-02,active,30,13833.33
CTR0978,C0978,2025-01-27,2026-05-19,expired,0,19083.33
CTR0979,C0979,2023-10-27,2029-06-04,active,15,12666.67
CTR0980,C0980,2024-06-03,2029-06-05,active,30,8750.0
CTR0981,C0981,2024-02-21,2029-06-06,active,0,13000.0
CTR0982,C0982,2025-05-07,2029-06-07,active,15,13250.0
CTR0983,C0983,2022-12-11,2029-06-08,active,30,15250.0
CTR0984,C0984,2023-02-26,2026-05-13,expired,0,9666.67
CTR0985,C0985,2024-03-22,2029-06-10,active,15,17416.67
CTR0986,C0986,2024-10-02,2029-06-11,active,30,8416.67
CTR0987,C0987,2024-04-16,2029-06-12,active,0,5416.67
CTR0988,C0988,2023-04-10,2029-06-13,active,15,15750.0
CTR0989,C0989,2024-09-23,2029-06-14,active,30,10250.0
CTR0990,C0990,2024-03-11,2026-05-07,expired,0,4166.67
CTR0991,C0991,2025-03-02,2029-06-16,active,15,13250.0
CTR0992,C0992,2023-12-27,2029-06-17,active,30,8916.67
CTR0993,C0993,2024-08-28,2029-06-18,active,0,11416.67
CTR0994,C0994,2024-09-30,2029-06-19,active,15,5750.0
CTR0995,C0995,2023-12-08,2029-06-20,active,30,7833.33
CTR0996,C0996,2023-12-29,2026-05-01,expired,0,13416.67
CTR0997,C0997,2023-05-01,2029-06-22,active,15,17583.33
CTR0998,C0998,2025-03-16,2029-06-23,active,30,3500.0
CTR0999,C0999,2023-04-14,2029-06-24,active,0,11416.67
CTR1000,C1000,2023-09-11,2029-06-25,active,15,2916.67
CTR1001,C1001,2024-07-11,2029-06-26,active,30,13416.67
CTR1002,C1002,2025-04-17,2026-04-25,expired,0,7333.33
CTR1003,C1003,2024-08-10,2029-06-28,active,15,7250.0
CTR1004,C1004,2023-06-01,2029-06-29,active,30,3833.33
CTR1005,C1005,2025-01-02,2029-06-30,active,0,17333.33
CTR1006,C1006,2023-09-27,2029-07-01,active,15,3666.67
CTR1007,C1007,2025-04-12,2029-07-02,active,30,7500.0
CTR1008,C1008,2024-10-24,2026-04-19,expired,0,8250.0
CTR1009,C1009,2024-04-12,2029-07-04,active,15,17500.0
CTR1010,C1010,2023-03-23,2029-07-05,active,30,19500.0
CTR1011,C1011,2025-01-08,2029-07-06,active,0,2083.33
CTR1012,C1012,2024-03-11,2029-07-07,active,15,7166.67
CTR1013,C1013,2023-12-05,2029-07-08,active,30,10583.33
CTR1014,C1014,2024-08-10,2026-04-13,expired,0,5500.0
CTR1015,C1015,2025-02-20,2029-07-10,active,15,11666.67
CTR1016,C1016,2024-05-12,2029-07-11,active,30,9000.0
CTR1017,C1017,2024-03-20,2029-07-12,active,0,11166.67
CTR1018,C1018,2025-04-13,2029-07-13,active,15,18333.33
CTR1019,C1019,2024-09-05,2029-07-14,active,30,12416.67
CTR1020,C1020,2024-06-14,2026-04-07,expired,0,6500.0
CTR1021,C1021,2024-01-13,2029-07-16,active,15,18166.67
CTR1022,C1022,2023-05-25,2029-07-17,active,30,10083.33
CTR1023,C1023,2023-05-11,2029-07-18,active,0,15250.0
CTR1024,C1024,2023-12-06,2029-07-19,active,15,19333.33
CTR1025,C1025,2025-04-29,2029-07-20,active,30,17666.67
CTR1026,C1026,2023-10-31,2026-04-01,expired,0,19000.0
CTR1027,C1027,2024-06-30,2029-07-22,active,15,11833.33
CTR1028,C1028,2024-08-06,2029-07-23,active,30,2500.0
CTR1029,C1029,2024-04-16,2029-07-24,active,0,4750.0
CTR1030,C1030,2025-01-31,2029-07-25,active,15,14833.33
CTR1031,C1031,2022-12-21,2029-07-26,active,30,4333.33
CTR1032,C1032,2023-09-03,2026-03-26,expired,0,5250.0
CTR1033,C1033,2023-09-06,2029-07-28,active,15,3083.33
CTR1034,C1034,2024-08-19,2029-07-29,active,30,2583.33
CTR1035,C1035,2025-05-03,2029-07-30,active,0,11083.33
CTR1036,C1036,2023-06-01,2029-07-31,active,15,14083.33
CTR1037,C1037,2024-04-26,2029-08-01,active,30,13333.33
CTR1038,C1038,2023-02-18,2026-03-20,expired,0,4833.33
CTR1039,C1039,2023-01-12,2029-08-03,active,15,5500.0
CTR1040,C1040,2024-08-12,2029-08-04,active,30,16750.0
CTR1041,C1041,2023-01-28,2029-08-05,active,0,16916.67
CTR1042,C1042,2023-11-07,2029-08-06,active,15,5083.33
CTR1043,C1043,2023-01-25,2029-08-07,active,30,8833.33
CTR1044,C1044,2024-11-13,2026-03-14,expired,0,7416.67
CTR1045,C1045,2024-12-07,2029-08-09,active,15,14000.0
CTR1046,C1046,2023-05-02,2029-08-10,active,30,9916.67
CTR1047,C1047,2024-03-01,2029-08-11,active,0,11416.67
CTR1048,C1048,2023-09-11,2029-08-12,active,15,7166.67
CTR1049,C1049,2022-12-14,2029-08-13,active,30,18416.67
CTR1050,C1050,2024-02-06,2026-05-22,expired,0,17166.67
CTR1051,C1051,2024-07-12,2029-08-15,active,15,10750.0
CTR1052,C1052,2024-01-05,2029-08-16,active,30,6750.0
CTR1053,C1053,2025-01-31,2029-08-17,active,0,9083.33
CTR1054,C1054,2024-03-06,2029-08-18,active,15,8666.67
CTR1055,C1055,2023-01-31,2029-08-19,active,30,9000.0
CTR1056,C1056,2022-12-23,2026-05-16,expired,0,11666.67
CTR1057,C1057,2024-07-12,2029-08-21,active,15,12833.33
CTR1058,C1058,2024-04-29,2029-08-22,active,30,7583.33
CTR1059,C1059,2024-03-30,2029-08-23,active,0,7333.33
CTR1060,C1060,2023-07-10,2029-08-24,active,15,7333.33
CTR1061,C1061,2023-05-06,2029-08-25,active,30,11416.67
CTR1062,C1062,2024-09-18,2026-05-10,expired,0,9083.33
CTR1063,C1063,2023-05-20,2029-08-27,active,15,2916.67
CTR1064,C1064,2024-02-02,2029-08-28,active,30,8500.0
CTR1065,C1065,2024-05-04,2029-08-29,active,0,10916.67
CTR1066,C1066,2024-03-03,2029-08-30,active,15,17250.0
CTR1067,C1067,2024-08-04,2029-08-31,active,30,4500.0
CTR1068,C1068,2023-01-13,2026-05-04,expired,0,12833.33
CTR1069,C1069,2024-05-15,2029-09-02,active,15,16166.67
CTR1070,C1070,2023-06-23,2029-09-03,active,30,16833.33
CTR1071,C1071,2024-04-20,2029-09-04,active,0,19666.67
CTR1072,C1072,2024-11-15,2029-09-05,active,15,10833.33
CTR1073,C1073,2023-06-15,2029-09-06,active,30,5833.33
CTR1074,C1074,2024-07-11,2026-04-28,expired,0,6083.33
CTR1075,C1075,2025-03-25,2029-09-08,active,15,16250.0
CTR1076,C1076,2025-05-20,2029-09-09,active,30,15083.33
CTR1077,C1077,2025-05-05,2029-09-10,active,0,7916.67
CTR1078,C1078,2023-09-20,2029-09-11,active,15,11333.33
CTR1079,C1079,2023-03-13,2029-09-12,active,30,11583.33
CTR1080,C1080,2025-05-01,2026-04-22,expired,0,10500.0
CTR1081,C1081,2023-06-09,2029-09-14,active,15,19583.33
CTR1082,C1082,2024-04-05,2029-09-15,active,30,7666.67
CTR1083,C1083,2023-02-17,2029-09-16,active,0,3916.67
CTR1084,C1084,2023-04-22,2029-09-17,active,15,6000.0
CTR1085,C1085,2023-10-04,2029-09-18,active,30,15666.67
CTR1086,C1086,2024-06-18,2026-04-16,expired,0,19000.0
CTR1087,C1087,2024-12-17,2029-09-20,active,15,11333.33
CTR1088,C1088,2024-03-10,2029-09-21,active,30,15083.33
CTR1089,C1089,2025-03-05,2029-09-22,active,0,4833.33
CTR1090,C1090,2024-04-19,2029-09-23,active,15,19583.33
CTR1091,C1091,2023-01-23,2029-09-24,active,30,4416.67
CTR1092,C1092,2022-12-31,2026-04-10,expired,0,16666.67
CTR1093,C1093,2024-01-20,2029-09-26,active,15,12166.67
CTR1094,C1094,2023-03-19,2029-09-27,active,30,13500.0
CTR1095,C1095,2024-05-14,2029-09-28,active,0,19750.0
CTR1096,C1096,2024-11-26,2029-09-29,active,15,6666.67
CTR1097,C1097,2023-08-02,2029-09-30,active,30,15500.0
CTR1098,C1098,2023-11-01,2026-04-04,expired,0,9000.0
CTR1099,C1099,2024-04-15,2029-10-02,active,15,6916.67
CTR1100,C1100,2025-03-04,2029-10-03,active,30,6250.0
CTR1101,C1101,2023-12-11,2029-10-04,active,0,3333.33
CTR1102,C1102,2023-01-30,2029-10-05,active,15,3083.33
CTR1103,C1103,2024-01-09,2029-10-06,active,30,14416.67
CTR1104,C1104,2023-04-15,2026-03-29,expired,0,19750.0
CTR1105,C1105,2024-02-21,2029-10-08,active,15,7083.33
CTR1106,C1106,2024-06-04,2029-10-09,active,30,19250.0
CTR1107,C1107,2024-11-02,2029-10-10,active,0,15166.67
CTR1108,C1108,2024-09-05,2029-10-11,active,15,14083.33
CTR1109,C1109,2023-08-19,2029-10-12,active,30,5250.0
CTR1110,C1110,2023-03-12,2026-03-23,expired,0,19250.0
CTR1111,C1111,2025-01-03,2029-10-14,active,15,7416.67
CTR1112,C1112,2023-05-29,2029-10-15,active,30,15083.33
CTR1113,C1113,2025-05-14,2029-10-16,active,0,15250.0
CTR1114,C1114,2023-04-28,2029-10-17,active,15,16916.67
CTR1115,C1115,2023-08-03,2029-10-18,active,30,6583.33
CTR1116,C1116,2023-09-20,2026-03-17,expired,0,17416.67
CTR1117,C1117,2024-08-16,2029-10-20,active,15,2000.0
CTR1118,C1118,2023-05-31,2029-10-21,active,30,13083.33
CTR1119,C1119,2023-01-17,2029-10-22,active,0,3750.0
CTR1120,C1120,2025-05-17,2029-10-23,active,15,4166.67
CTR1121,C1121,2024-07-13,2029-10-24,active,30,3250.0
CTR1122,C1122,2023-05-29,2026-03-11,expired,0,18666.67
CTR1123,C1123,2025-05-18,2029-10-26,active,15,13083.33
CTR1124,C1124,2023-03-28,2029-10-27,active,30,18583.33
CTR1125,C1125,2023-09-22,2029-10-28,active,0,17166.67
CTR1126,C1126,2024-03-01,2029-10-29,active,15,19833.33
CTR1127,C1127,2025-03-13,2029-10-30,active,30,14583.33
CTR1128,C1128,2025-03-07,2026-05-19,expired,0,11083.33
CTR1129,C1129,2025-02-25,2029-11-01,active,15,9250.0
CTR1130,C1130,2024-04-12,2029-11-02,active,30,15750.0
CTR1131,C1131,2023-06-13,2029-11-03,active,0,16666.67
CTR1132,C1132,2023-07-24,2029-11-04,active,15,3250.0
CTR1133,C1133,2024-09-11,2029-11-05,active,30,9083.33
CTR1134,C1134,2024-10-29,2026-05-13,expired,0,5500.0
CTR1135,C1135,2024-01-05,2029-11-07,active,15,18500.0
CTR1136,C1136,2025-04-19,2029-11-08,active,30,16166.67
CTR1137,C1137,2025-02-05,2029-11-09,active,0,9250.0
CTR1138,C1138,2024-08-05,2029-11-10,active,15,3250.0
CTR1139,C1139,2024-03-03,2029-11-11,active,30,17750.0
CTR1140,C1140,2023-07-29,2026-05-07,expired,0,10083.33
CTR1141,C1141,2024-01-19,2029-11-13,active,15,10333.33
CTR1142,C1142,2023-11-13,2029-11-14,active,30,19666.67
CTR1143,C1143,2023-08-02,2029-11-15,active,0,18166.67
CTR1144,C1144,2025-01-12,2029-11-16,active,15,10750.0
CTR1145,C1145,2023-12-19,2029-11-17,active,30,19250.0
CTR1146,C1146,2023-05-26,2026-05-01,expired,0,13333.33
CTR1147,C1147,2024-01-16,2029-11-19,active,15,3583.33
CTR1148,C1148,2023-12-10,2029-11-20,active,30,6000.0
CTR1149,C1149,2023-09-17,2029-11-21,active,0,18250.0
CTR1150,C1150,2024-08-06,2029-11-22,active,15,16000.0
CTR1151,C1151,2024-11-26,2029-11-23,active,30,13000.0
CTR1152,C1152,2023-06-13,2026-04-25,expired,0,10500.0
CTR1153,C1153,2024-08-18,2029-11-25,active,15,11250.0
CTR1154,C1154,2025-01-22,2029-11-26,active,30,10416.67
CTR1155,C1155,2023-03-15,2029-11-27,active,0,7750.0
CTR1156,C1156,2023-02-06,2029-11-28,active,15,8083.33
CTR1157,C1157,2024-07-31,2029-11-29,active,30,9000.0
CTR1158,C1158,2024-10-01,2026-04-19,expired,0,12833.33
CTR1159,C1159,2025-05-19,2029-12-01,active,15,7083.33
CTR1160,C1160,2023-01-17,2029-12-02,active,30,12750.0
CTR1161,C1161,2023-12-27,2029-12-03,active,0,2166.67
CTR1162,C1162,2023-12-24,2029-12-04,active,15,2416.67
CTR1163,C1163,2024-06-17,2029-12-05,active,30,5416.67
CTR1164,C1164,2023-12-05,2026-04-13,expired,0,5916.67
CTR1165,C1165,2025-03-09,2029-12-07,active,15,15083.33
CTR1166,C1166,2025-02-20,2029-12-08,active,30,19666.67
CTR1167,C1167,2024-02-13,2029-12-09,active,0,16166.67
CTR1168,C1168,2024-02-03,2029-12-10,active,15,10583.33
CTR1169,C1169,2023-11-07,2029-12-11,active,30,18000.0
CTR1170,C1170,2024-09-29,2026-04-07,expired,0,14833.33
CTR1171,C1171,2024-05-31,2029-12-13,active,15,4416.67
CTR1172,C1172,2025-03-23,2029-12-14,active,30,6750.0
CTR1173,C1173,2024-02-08,2029-12-15,active,0,17666.67
CTR1174,C1174,2024-08-18,2029-12-16,active,15,6250.0
CTR1175,C1175,2023-10-29,2029-12-17,active,30,17666.67
CTR1176,C1176,2023-04-27,2026-04-01,expired,0,18083.33
CTR1177,C1177,2024-09-14,2029-12-19,active,15,3250.0
CTR1178,C1178,2024-03-18,2029-12-20,active,30,2250.0
CTR1179,C1179,2024-01-29,2029-12-21,active,0,12333.33
CTR1180,C1180,2023-10-05,2029-12-22,active,15,14250.0
CTR1181,C1181,2023-05-03,2029-12-23,active,30,4333.33
CTR1182,C1182,2023-05-27,2026-03-26,expired,0,18000.0
CTR1183,C1183,2022-12-23,2029-12-25,active,15,5833.33
CTR1184,C1184,2023-05-25,2029-12-26,active,30,12250.0
CTR1185,C1185,2024-06-20,2029-12-27,active,0,7250.0
CTR1186,C1186,2024-02-18,2029-12-28,active,15,10833.33
CTR1187,C1187,2025-04-13,2029-12-29,active,30,19000.0
CTR1188,C1188,2024-07-08,2026-03-20,expired,0,18666.67
CTR1189,C1189,2023-07-12,2029-12-31,active,15,14166.67
CTR1190,C1190,2024-02-14,2030-01-01,active,30,19833.33
CTR1191,C1191,2024-02-15,2030-01-02,active,0,17833.33
CTR1192,C1192,2024-12-12,2030-01-03,active,15,12833.33
CTR1193,C1193,2023-10-14,2030-01-04,active,30,2166.67
CTR1194,C1194,2023-08-23,2026-03-14,expired,0,17083.33
CTR1195,C1195,2024-05-04,2030-01-06,active,15,10166.67
CTR1196,C1196,2025-01-12,2030-01-07,active,30,16000.0
CTR1197,C1197,2025-01-23,2030-01-08,active,0,7500.0
CTR1198,C1198,2023-11-15,2030-01-09,active,15,8583.33
CTR1199,C1199,2024-11-16,2030-01-10,active,30,15916.67
CTR1200,C1200,2023-12-30,2026-05-22,expired,0,4583.33
CTR1201,C1201,2023-07-11,2030-01-12,active,15,2166.67
CTR1202,C1202,2023-10-12,2030-01-13,active,30,12416.67
CTR1203,C1203,2023-08-28,2030-01-14,active,0,16166.67
CTR1204,C1204,2024-05-21,2030-01-15,active,15,16750.0
CTR1205,C1205,2023-12-03,2030-01-16,active,30,4166.67
CTR1206,C1206,2023-07-22,2026-05-16,expired,0,15500.0
CTR1207,C1207,2022-12-11,2030-01-18,active,15,12833.33
CTR1208,C1208,2024-12-28,2030-01-19,active,30,9083.33
CTR1209,C1209,2024-08-10,2030-01-20,active,0,14666.67
CTR1210,C1210,2023-12-21,2030-01-21,active,15,9416.67
CTR1211,C1211,2023-12-19,2030-01-22,active,30,18333.33
CTR1212,C1212,2024-11-23,2026-05-10,expired,0,2500.0
CTR1213,C1213,2024-01-13,2030-01-24,active,15,2416.67
CTR1214,C1214,2024-04-15,2030-01-25,active,30,9000.0
CTR1215,C1215,2023-04-30,2030-01-26,active,0,16250.0
CTR1216,C1216,2024-04-10,2030-01-27,active,15,14000.0
CTR1217,C1217,2024-05-13,2030-01-28,active,30,2916.67
CTR1218,C1218,2023-01-05,2026-05-04,expired,0,8000.0
CTR1219,C1219,2023-05-26,2030-01-30,active,15,15583.33
CTR1220,C1220,2025-05-10,2030-01-31,active,30,12333.33
CTR1221,C1221,2023-04-14,2030-02-01,active,0,17416.67
CTR1222,C1222,2023-08-20,2030-02-02,active,15,18500.0
CTR1223,C1223,2024-07-28,2030-02-03,active,30,2833.33
CTR1224,C1224,2023-02-07,2026-04-28,expired,0,18333.33
CTR1225,C1225,2023-12-25,2030-02-05,active,15,19166.67
CTR1226,C1226,2024-10-08,2030-02-06,active,30,12916.67
CTR1227,C1227,2023-04-15,2030-02-07,active,0,6583.33
CTR1228,C1228,2025-04-22,2030-02-08,active,15,11500.0
CTR1229,C1229,2024-12-03,2030-02-09,active,30,8750.0
CTR1230,C1230,2024-11-27,2026-04-22,expired,0,3583.33
CTR1231,C1231,2024-10-24,2030-02-11,active,15,13250.0
CTR1232,C1232,2025-03-14,2030-02-12,active,30,16833.33
CTR1233,C1233,2025-05-22,2030-02-13,active,0,10000.0
CTR1234,C1234,2024-08-18,2030-02-14,active,15,3750.0
CTR1235,C1235,2024-12-09,2030-02-15,active,30,12833.33
CTR1236,C1236,2023-05-07,2026-04-16,expired,0,5750.0
CTR1237,C1237,2024-01-03,2030-02-17,active,15,18250.0
CTR1238,C1238,2024-04-01,2030-02-18,active,30,18166.67
CTR1239,C1239,2024-11-19,2030-02-19,active,0,7833.33
CTR1240,C1240,2025-02-11,2030-02-20,active,15,11500.0
CTR1241,C1241,2024-02-20,2030-02-21,active,30,7000.0
CTR1242,C1242,2025-03-03,2026-04-10,expired,0,7000.0
CTR1243,C1243,2023-11-29,2030-02-23,active,15,14166.67
CTR1244,C1244,2023-05-18,2030-02-24,active,30,13666.67
CTR1245,C1245,2025-04-14,2030-02-25,active,0,19666.67
CTR1246,C1246,2023-05-16,2030-02-26,active,15,9666.67
CTR1247,C1247,2024-06-07,2030-02-27,active,30,5250.0
CTR1248,C1248,2024-06-15,2026-04-04,expired,0,8666.67
CTR1249,C1249,2023-07-29,2030-03-01,active,15,14583.33
CTR1250,C1250,2023-09-20,2030-03-02,active,30,18250.0
CTR1251,C1251,2024-05-15,2030-03-03,active,0,14750.0
CTR1252,C1252,2024-02-11,2030-03-04,active,15,12333.33
CTR1253,C1253,2023-10-25,2030-03-05,active,30,12833.33
CTR1254,C1254,2025-05-20,2026-03-29,expired,0,9833.33
CTR1255,C1255,2025-03-10,2030-03-07,active,15,8583.33
CTR1256,C1256,2023-07-31,2030-03-08,active,30,14583.33
CTR1257,C1257,2024-10-13,2030-03-09,active,0,2166.67
CTR1258,C1258,2023-03-22,2030-03-10,active,15,7166.67
CTR1259,C1259,2024-03-19,2030-03-11,active,30,6666.67
CTR1260,C1260,2024-05-20,2026-03-23,expired,0,14833.33
CTR1261,C1261,2023-08-10,2030-03-13,active,15,15166.67
CTR1262,C1262,2024-10-07,2030-03-14,active,30,4916.67
CTR1263,C1263,2023-08-05,2030-03-15,active,0,14583.33
CTR1264,C1264,2023-02-12,2030-03-16,active,15,6416.67
CTR1265,C1265,2025-04-06,2030-03-17,active,30,5166.67
CTR1266,C1266,2023-01-23,2026-03-17,expired,0,5916.67
CTR1267,C1267,2024-12-17,2030-03-19,active,15,19333.33
CTR1268,C1268,2023-07-05,2030-03-20,active,30,19416.67
CTR1269,C1269,2024-03-14,2030-03-21,active,0,9666.67
CTR1270,C1270,2024-07-23,2030-03-22,active,15,17666.67
CTR1271,C1271,2024-07-27,2030-03-23,active,30,10250.0
CTR1272,C1272,2024-06-18,2026-03-11,expired,0,6666.67
CTR1273,C1273,2024-04-23,2030-03-25,active,15,18083.33
CTR1274,C1274,2023-05-24,2030-03-26,active,30,3333.33
CTR1275,C1275,2024-11-26,2030-03-27,active,0,9583.33
CTR1276,C1276,2024-07-02,2030-03-28,active,15,10416.67
CTR1277,C1277,2024-12-31,2030-03-29,active,30,11583.33
CTR1278,C1278,2024-04-13,2026-05-19,expired,0,12916.67
CTR1279,C1279,2025-04-08,2030-03-31,active,15,19416.67
CTR1280,C1280,2023-12-16,2030-04-01,active,30,2583.33
CTR1281,C1281,2024-12-03,2030-04-02,active,0,15500.0
CTR1282,C1282,2023-09-03,2030-04-03,active,15,17416.67
CTR1283,C1283,2024-06-26,2030-04-04,active,30,6750.0
CTR1284,C1284,2023-08-26,2026-05-13,expired,0,5750.0
CTR1285,C1285,2024-11-14,2030-04-06,active,15,6666.67
CTR1286,C1286,2023-08-15,2030-04-07,active,30,19750.0
CTR1287,C1287,2024-04-07,2030-04-08,active,0,10583.33
CTR1288,C1288,2024-05-19,2030-04-09,active,15,17250.0
CTR1289,C1289,2025-02-19,2030-04-10,active,30,7500.0
CTR1290,C1290,2024-02-18,2026-05-07,expired,0,13083.33
CTR1291,C1291,2024-07-19,2030-04-12,active,15,15500.0
CTR1292,C1292,2023-08-04,2030-04-13,active,30,3083.33
CTR1293,C1293,2024-04-26,2030-04-14,active,0,14250.0
CTR1294,C1294,2024-07-19,2030-04-15,active,15,15583.33
CTR1295,C1295,2024-12-22,2030-04-16,active,30,6333.33
CTR1296,C1296,2023-12-10,2026-05-01,expired,0,12833.33
CTR1297,C1297,2023-01-12,2030-04-18,active,15,7750.0
CTR1298,C1298,2025-04-27,2030-04-19,active,30,5083.33
CTR1299,C1299,2024-05-11,2030-04-20,active,0,3416.67
CTR1300,C1300,2024-07-22,2030-04-21,active,15,4750.0
CTR1301,C1301,2024-08-17,2030-04-22,active,30,19416.67
CTR1302,C1302,2022-12-20,2026-04-25,expired,0,10416.67
CTR1303,C1303,2024-05-31,2030-04-24,active,15,18416.67
CTR1304,C1304,2024-10-13,2030-04-25,active,30,10750.0
CTR1305,C1305,2023-12-31,2030-04-26,active,0,9500.0
CTR1306,C1306,2023-05-10,2030-04-27,active,15,4916.67
CTR1307,C1307,2023-03-03,2030-04-28,active,30,11666.67
CTR1308,C1308,2024-04-11,2026-04-19,expired,0,8166.67
CTR1309,C1309,2024-01-25,2030-04-30,active,15,8166.67
CTR1310,C1310,2025-03-27,2030-05-01,active,30,3083.33
CTR1311,C1311,2023-01-13,2030-05-02,active,0,2166.67
CTR1312,C1312,2023-05-29,2030-05-03,active,15,10250.0
CTR1313,C1313,2023-11-18,2030-05-04,active,30,4083.33
CTR1314,C1314,2023-08-27,2026-04-13,expired,0,8833.33
CTR1315,C1315,2022-12-31,2030-05-06,active,15,20000.0
CTR1316,C1316,2023-04-22,2030-05-07,active,30,3833.33
CTR1317,C1317,2024-10-21,2030-05-08,active,0,12000.0
CTR1318,C1318,2023-01-25,2030-05-09,active,15,15916.67
CTR1319,C1319,2024-12-29,2030-05-10,active,30,3083.33
CTR1320,C1320,2023-07-19,2026-04-07,expired,0,10750.0
CTR1321,C1321,2025-05-15,2030-05-12,active,15,17083.33
CTR1322,C1322,2025-04-25,2030-05-13,active,30,8666.67
CTR1323,C1323,2024-10-06,2030-05-14,active,0,14083.33
CTR1324,C1324,2024-06-05,2030-05-15,active,15,4416.67
CTR1325,C1325,2025-04-19,2030-05-16,active,30,10583.33
CTR1326,C1326,2022-12-11,2026-04-01,expired,0,2750.0
CTR1327,C1327,2023-11-15,2030-05-18,active,15,14916.67
CTR1328,C1328,2023-12-30,2030-05-19,active,30,2250.0
CTR1329,C1329,2024-06-06,2030-05-20,active,0,12666.67
CTR1330,C1330,2024-09-18,2030-05-21,active,15,7500.0
CTR1331,C1331,2024-07-27,2030-05-22,active,30,11500.0
CTR1332,C1332,2023-08-30,2026-03-26,expired,0,14916.67
CTR1333,C1333,2023-09-03,2030-05-24,active,15,7916.67
CTR1334,C1334,2023-08-30,2030-05-25,active,30,2666.67
CTR1335,C1335,2023-11-19,2030-05-26,active,0,2500.0
CTR1336,C1336,2024-12-30,2030-05-27,active,15,19333.33
CTR1337,C1337,2024-10-31,2030-05-28,active,30,3666.67
CTR1338,C1338,2024-12-07,2026-03-20,expired,0,14250.0
CTR1339,C1339,2023-10-06,2030-05-30,active,15,6666.67
CTR1340,C1340,2025-01-29,2030-05-31,active,30,5000.0
CTR1341,C1341,2025-04-17,2030-06-01,active,0,16000.0
CTR1342,C1342,2024-11-16,2030-06-02,active,15,7583.33
CTR1343,C1343,2025-01-14,2030-06-03,active,30,9666.67
CTR1344,C1344,2023-09-01,2026-03-14,expired,0,17833.33
CTR1345,C1345,2023-04-23,2030-06-05,active,15,19833.33
CTR1346,C1346,2023-06-04,2030-06-06,active,30,11083.33
CTR1347,C1347,2024-01-24,2030-06-07,active,0,3083.33
CTR1348,C1348,2023-07-24,2030-06-08,active,15,7916.67
CTR1349,C1349,2025-02-27,2030-06-09,active,30,19750.0
CTR1350,C1350,2023-12-07,2026-05-22,expired,0,6000.0
CTR1351,C1351,2023-09-02,2030-06-11,active,15,5166.67
CTR1352,C1352,2024-01-01,2030-06-12,active,30,2166.67
CTR1353,C1353,2023-06-11,2030-06-13,active,0,6000.0
CTR1354,C1354,2024-03-12,2030-06-14,active,15,15166.67
CTR1355,C1355,2023-04-11,2030-06-15,active,30,16000.0
CTR1356,C1356,2024-08-09,2026-05-16,expired,0,15416.67
CTR1357,C1357,2025-03-24,2030-06-17,active,15,16916.67
CTR1358,C1358,2023-12-06,2030-06-18,active,30,12000.0
CTR1359,C1359,2023-10-15,2030-06-19,active,0,6833.33
CTR1360,C1360,2023-10-05,2030-06-20,active,15,8916.67
CTR1361,C1361,2022-12-13,2030-06-21,active,30,18166.67
CTR1362,C1362,2023-12-02,2026-05-10,expired,0,16833.33
CTR1363,C1363,2024-10-24,2030-06-23,active,15,15750.0
CTR1364,C1364,2023-01-04,2030-06-24,active,30,16500.0
CTR1365,C1365,2024-02-12,2030-06-25,active,0,10750.0
CTR1366,C1366,2023-06-30,2030-06-26,active,15,7750.0
CTR1367,C1367,2023-06-02,2030-06-27,active,30,10500.0
CTR1368,C1368,2024-09-28,2026-05-04,expired,0,11333.33
CTR1369,C1369,2024-05-03,2030-06-29,active,15,7250.0
CTR1370,C1370,2024-05-29,2030-06-30,active,30,8250.0
CTR1371,C1371,2023-02-15,2030-07-01,active,0,9666.67
CTR1372,C1372,2023-09-08,2030-07-02,active,15,7916.67
CTR1373,C1373,2023-02-08,2030-07-03,active,30,10500.0
CTR1374,C1374,2023-08-13,2026-04-28,expired,0,16583.33
CTR1375,C1375,2024-04-07,2030-07-05,active,15,16333.33
CTR1376,C1376,2023-12-05,2030-07-06,active,30,4500.0
CTR1377,C1377,2025-05-09,2030-07-07,active,0,18000.0
CTR1378,C1378,2023-05-16,2030-07-08,active,15,15666.67
CTR1379,C1379,2025-03-21,2030-07-09,active,30,4583.33
CTR1380,C1380,2023-04-17,2026-04-22,expired,0,5416.67
CTR1381,C1381,2023-10-05,2030-07-11,active,15,2916.67
CTR1382,C1382,2025-01-31,2030-07-12,active,30,5083.33
CTR1383,C1383,2025-05-19,2030-07-13,active,0,19333.33
CTR1384,C1384,2023-10-22,2030-07-14,active,15,5000.0
CTR1385,C1385,2024-09-21,2030-07-15,active,30,16166.67
CTR1386,C1386,2023-12-16,2026-04-16,expired,0,11666.67
CTR1387,C1387,2024-09-15,2030-07-17,active,15,19416.67
CTR1388,C1388,2024-07-23,2030-07-18,active,30,3166.67
CTR1389,C1389,2024-09-22,2030-07-19,active,0,3083.33
CTR1390,C1390,2023-08-23,2030-07-20,active,15,7833.33
CTR1391,C1391,2024-12-12,2030-07-21,active,30,19750.0
CTR1392,C1392,2023-02-17,2026-04-10,expired,0,14166.67
CTR1393,C1393,2024-06-17,2030-07-23,active,15,5750.0
CTR1394,C1394,2025-01-05,2030-07-24,active,30,7333.33
CTR1395,C1395,2025-01-31,2030-07-25,active,0,12416.67
CTR1396,C1396,2023-12-06,2030-07-26,active,15,13000.0
CTR1397,C1397,2024-03-02,2030-07-27,active,30,13833.33
CTR1398,C1398,2024-01-31,2026-04-04,expired,0,17500.0
CTR1399,C1399,2024-08-21,2030-07-29,active,15,7500.0
CTR1400,C1400,2025-01-14,2030-07-30,active,30,14333.33
CTR1401,C1401,2023-10-14,2030-07-31,active,0,5500.0
CTR1402,C1402,2024-10-28,2030-08-01,active,15,4250.0
CTR1403,C1403,2023-03-16,2030-08-02,active,30,15083.33
CTR1404,C1404,2023-05-20,2026-03-29,expired,0,19000.0
CTR1405,C1405,2023-11-16,2030-08-04,active,15,6083.33
CTR1406,C1406,2023-08-24,2030-08-05,active,30,8333.33
CTR1407,C1407,2025-04-16,2030-08-06,active,0,2500.0
CTR1408,C1408,2024-10-31,2030-08-07,active,15,4250.0
CTR1409,C1409,2023-02-17,2030-08-08,active,30,14583.33
CTR1410,C1410,2023-04-23,2026-03-23,expired,0,13250.0
CTR1411,C1411,2023-06-26,2030-08-10,active,15,16666.67
CTR1412,C1412,2024-04-04,2030-08-11,active,30,2750.0
CTR1413,C1413,2025-05-17,2030-08-12,active,0,9333.33
CTR1414,C1414,2025-03-21,2030-08-13,active,15,17333.33
CTR1415,C1415,2024-06-27,2030-08-14,active,30,15916.67
CTR1416,C1416,2024-02-15,2026-03-17,expired,0,14333.33
CTR1417,C1417,2023-07-23,2030-08-16,active,15,16916.67
CTR1418,C1418,2025-04-24,2030-08-17,active,30,16500.0
CTR1419,C1419,2025-05-17,2030-08-18,active,0,8833.33
CTR1420,C1420,2024-05-16,2030-08-19,active,15,3416.67
CTR1421,C1421,2022-12-23,2030-08-20,active,30,10333.33
CTR1422,C1422,2025-05-18,2026-03-11,expired,0,15166.67
CTR1423,C1423,2023-02-13,2030-08-22,active,15,17083.33
CTR1424,C1424,2023-07-23,2030-08-23,active,30,14916.67
CTR1425,C1425,2023-08-02,2030-08-24,active,0,7166.67
CTR1426,C1426,2023-09-24,2030-08-25,active,15,9000.0
CTR1427,C1427,2024-04-25,2030-08-26,active,30,11750.0
CTR1428,C1428,2023-07-02,2026-05-19,expired,0,11500.0
CTR1429,C1429,2025-02-26,2030-08-28,active,15,6166.67
CTR1430,C1430,2024-03-16,2030-08-29,active,30,4583.33
CTR1431,C1431,2025-02-15,2030-08-30,active,0,4833.33
CTR1432,C1432,2024-08-31,2030-08-31,active,15,17333.33
CTR1433,C1433,2023-11-16,2030-09-01,active,30,9000.0
CTR1434,C1434,2024-06-10,2026-05-13,expired,0,5333.33
CTR1435,C1435,2023-08-20,2030-09-03,active,15,8583.33
CTR1436,C1436,2025-01-29,2030-09-04,active,30,9416.67
CTR1437,C1437,2023-11-05,2030-09-05,active,0,18666.67
CTR1438,C1438,2023-09-21,2030-09-06,active,15,16250.0
CTR1439,C1439,2024-09-01,2030-09-07,active,30,16000.0
CTR1440,C1440,2023-01-19,2026-05-07,expired,0,16083.33
CTR1441,C1441,2023-03-03,2030-09-09,active,15,6833.33
CTR1442,C1442,2024-08-30,2030-09-10,active,30,15166.67
CTR1443,C1443,2024-08-21,2030-09-11,active,0,15833.33
CTR1444,C1444,2024-04-30,2030-09-12,active,15,2500.0
CTR1445,C1445,2023-05-01,2030-09-13,active,30,14833.33
CTR1446,C1446,2024-07-07,2026-05-01,expired,0,6583.33
CTR1447,C1447,2024-05-31,2030-09-15,active,15,7500.0
CTR1448,C1448,2024-04-20,2030-09-16,active,30,9250.0
CTR1449,C1449,2024-10-28,2030-09-17,active,0,7666.67
CTR1450,C1450,2023-11-08,2030-09-18,active,15,15416.67
CTR1451,C1451,2024-05-27,2030-09-19,active,30,4500.0
CTR1452,C1452,2024-01-04,2026-04-25,expired,0,3666.67
CTR1453,C1453,2023-01-01,2030-09-21,active,15,9250.0
CTR1454,C1454,2024-10-22,2030-09-22,active,30,14916.67
CTR1455,C1455,2023-01-23,2030-09-23,active,0,7416.67
CTR1456,C1456,2025-03-28,2030-09-24,active,15,14250.0
CTR1457,C1457,2023-05-05,2030-09-25,active,30,2666.67
CTR1458,C1458,2024-12-17,2026-04-19,expired,0,19500.0
CTR1459,C1459,2024-01-29,2030-09-27,active,15,6083.33
CTR1460,C1460,2024-05-02,2030-09-28,active,30,3750.0
CTR1461,C1461,2025-01-20,2030-09-29,active,0,15916.67
CTR1462,C1462,2023-05-06,2030-09-30,active,15,11500.0
CTR1463,C1463,2024-11-06,2030-10-01,active,30,11416.67
CTR1464,C1464,2023-02-17,2026-04-13,expired,0,8583.33
CTR1465,C1465,2025-04-19,2030-10-03,active,15,18166.67
CTR1466,C1466,2024-04-06,2030-10-04,active,30,15333.33
CTR1467,C1467,2025-04-19,2030-10-05,active,0,19916.67
CTR1468,C1468,2023-03-29,2030-10-06,active,15,2333.33
CTR1469,C1469,2023-01-31,2030-10-07,active,30,3750.0
CTR1470,C1470,2025-01-31,2026-04-07,expired,0,2500.0
CTR1471,C1471,2023-01-24,2030-10-09,active,15,6500.0
CTR1472,C1472,2024-11-10,2030-10-10,active,30,2833.33
CTR1473,C1473,2023-07-03,2030-10-11,active,0,11500.0
CTR1474,C1474,2023-05-23,2030-10-12,active,15,13500.0
CTR1475,C1475,2023-01-05,2030-10-13,active,30,15583.33
CTR1476,C1476,2023-05-01,2026-04-01,expired,0,9666.67
CTR1477,C1477,2024-01-01,2030-10-15,active,15,14666.67
CTR1478,C1478,2024-07-01,2030-10-16,active,30,11250.0
CTR1479,C1479,2024-01-08,2030-10-17,active,0,3000.0
CTR1480,C1480,2025-02-06,2030-10-18,active,15,15000.0
CTR1481,C1481,2024-01-24,2030-10-19,active,30,3833.33
CTR1482,C1482,2024-07-13,2026-03-26,expired,0,13416.67
CTR1483,C1483,2023-10-28,2030-10-21,active,15,18750.0
CTR1484,C1484,2024-02-24,2030-10-22,active,30,16666.67
CTR1485,C1485,2024-07-10,2030-10-23,active,0,7583.33
CTR1486,C1486,2025-03-22,2030-10-24,active,15,18416.67
CTR1487,C1487,2024-08-20,2030-10-25,active,30,9000.0
CTR1488,C1488,2024-06-16,2026-03-20,expired,0,19416.67
CTR1489,C1489,2023-11-09,2030-10-27,active,15,2416.67
CTR1490,C1490,2024-08-17,2030-10-28,active,30,10583.33
CTR1491,C1491,2024-12-17,2030-10-29,active,0,18666.67
CTR1492,C1492,2024-07-27,2030-10-30,active,15,18916.67
CTR1493,C1493,2022-12-12,2030-10-31,active,30,17583.33
CTR1494,C1494,2025-03-24,2026-03-14,expired,0,19833.33
CTR1495,C1495,2024-09-09,2030-11-02,active,15,13500.0
CTR1496,C1496,2024-05-09,2030-11-03,active,30,17166.67
CTR1497,C1497,2023-11-03,2030-11-04,active,0,4166.67
CTR1498,C1498,2025-03-19,2030-11-05,active,15,13083.33
CTR1499,C1499,2023-12-19,2030-11-06,active,30,10166.67
CTR1500,C1500,2023-02-15,2026-05-22,expired,0,9083.33
CTR1501,C1501,2024-08-15,2030-11-08,active,15,18083.33
CTR1502,C1502,2023-01-04,2030-11-09,active,30,3500.0
CTR1503,C1503,2024-12-05,2030-11-10,active,0,14083.33
CTR1504,C1504,2024-10-16,2030-11-11,active,15,11250.0
CTR1505,C1505,2024-11-17,2030-11-12,active,30,18416.67
CTR1506,C1506,2024-04-28,2026-05-16,expired,0,15500.0
CTR1507,C1507,2025-02-20,2030-11-14,active,15,13000.0
CTR1508,C1508,2024-03-11,2030-11-15,active,30,16500.0
CTR1509,C1509,2023-03-20,2030-11-16,active,0,17333.33
CTR1510,C1510,2023-01-02,2030-11-17,active,15,12916.67
CTR1511,C1511,2024-04-05,2030-11-18,active,30,2000.0
CTR1512,C1512,2023-01-26,2026-05-10,expired,0,14583.33
CTR1513,C1513,2023-04-22,2030-11-20,active,15,10750.0
CTR1514,C1514,2025-02-09,2030-11-21,active,30,3083.33
CTR1515,C1515,2024-08-28,2030-11-22,active,0,7333.33
CTR1516,C1516,2024-11-22,2030-11-23,active,15,10083.33
CTR1517,C1517,2024-04-13,2030-11-24,active,30,3000.0
CTR1518,C1518,2024-04-22,2026-05-04,expired,0,3916.67
CTR1519,C1519,2023-08-21,2030-11-26,active,15,3500.0
CTR1520,C1520,2025-05-10,2030-11-27,active,30,7416.67
CTR1521,C1521,2023-03-19,2030-11-28,active,0,5250.0
CTR1522,C1522,2024-06-03,2030-11-29,active,15,2416.67
CTR1523,C1523,2024-08-29,2030-11-30,active,30,16833.33
CTR1524,C1524,2023-09-06,2026-04-28,expired,0,15583.33
CTR1525,C1525,2024-10-11,2030-12-02,active,15,15333.33
CTR1526,C1526,2025-01-05,2030-12-03,active,30,17583.33
CTR1527,C1527,2023-02-11,2030-12-04,active,0,14500.0
CTR1528,C1528,2024-01-07,2030-12-05,active,15,15916.67
CTR1529,C1529,2023-10-20,2030-12-06,active,30,3583.33
CTR1530,C1530,2024-07-01,2026-04-22,expired,0,14833.33
CTR1531,C1531,2025-03-30,2030-12-08,active,15,13833.33
CTR1532,C1532,2023-09-25,2030-12-09,active,30,14833.33
CTR1533,C1533,2025-02-05,2030-12-10,active,0,18833.33
CTR1534,C1534,2024-04-02,2030-12-11,active,15,13083.33
CTR1535,C1535,2025-04-11,2030-12-12,active,30,17750.0
CTR1536,C1536,2025-04-27,2026-04-16,expired,0,6083.33
CTR1537,C1537,2025-05-26,2030-12-14,active,15,20000.0
CTR1538,C1538,2024-06-18,2030-12-15,active,30,9750.0
CTR1539,C1539,2023-09-10,2030-12-16,active,0,15333.33
CTR1540,C1540,2024-08-15,2030-12-17,active,15,10583.33
CTR1541,C1541,2024-10-24,2030-12-18,active,30,9833.33
CTR1542,C1542,2024-12-04,2026-04-10,expired,0,8000.0
CTR1543,C1543,2024-11-27,2030-12-20,active,15,19666.67
CTR1544,C1544,2023-12-12,2030-12-21,active,30,14916.67
CTR1545,C1545,2024-10-23,2030-12-22,active,0,6750.0
CTR1546,C1546,2023-03-07,2030-12-23,active,15,4083.33
CTR1547,C1547,2023-12-10,2030-12-24,active,30,7083.33
CTR1548,C1548,2023-08-03,2026-04-04,expired,0,2416.67
CTR1549,C1549,2023-06-01,2030-12-26,active,15,7166.67
CTR1550,C1550,2025-01-28,2030-12-27,active,30,4333.33
CTR1551,C1551,2024-07-09,2030-12-28,active,0,19750.0
CTR1552,C1552,2024-11-09,2030-12-29,active,15,12500.0
CTR1553,C1553,2024-08-21,2030-12-30,active,30,17000.0
CTR1554,C1554,2023-01-08,2026-03-29,expired,0,5916.67
CTR1555,C1555,2023-10-02,2031-01-01,active,15,16166.67
CTR1556,C1556,2025-02-24,2031-01-02,active,30,12750.0
CTR1557,C1557,2024-05-07,2031-01-03,active,0,7083.33
CTR1558,C1558,2024-04-05,2031-01-04,active,15,6916.67
CTR1559,C1559,2023-07-30,2031-01-05,active,30,19250.0
CTR1560,C1560,2023-03-06,2026-03-23,expired,0,17250.0
CTR1561,C1561,2024-10-05,2031-01-07,active,15,12416.67
CTR1562,C1562,2023-12-17,2031-01-08,active,30,11500.0
CTR1563,C1563,2024-11-06,2031-01-09,active,0,19666.67
CTR1564,C1564,2023-06-12,2031-01-10,active,15,12416.67
CTR1565,C1565,2023-10-28,2031-01-11,active,30,6916.67
CTR1566,C1566,2023-01-25,2026-03-17,expired,0,12833.33
CTR1567,C1567,2024-04-08,2031-01-13,active,15,8500.0
CTR1568,C1568,2024-04-01,2031-01-14,active,30,12916.67
CTR1569,C1569,2023-05-12,2031-01-15,active,0,16916.67
CTR1570,C1570,2023-09-21,2031-01-16,active,15,2500.0
CTR1571,C1571,2024-04-24,2031-01-17,active,30,13250.0
CTR1572,C1572,2024-09-20,2026-03-11,expired,0,8500.0
CTR1573,C1573,2024-07-24,2031-01-19,active,15,17250.0
CTR1574,C1574,2023-11-06,2031-01-20,active,30,7833.33
CTR1575,C1575,2025-03-06,2031-01-21,active,0,8750.0
CTR1576,C1576,2024-03-31,2031-01-22,active,15,16000.0
CTR1577,C1577,2024-07-17,2031-01-23,active,30,8250.0
CTR1578,C1578,2023-07-20,2026-05-19,expired,0,11333.33
CTR1579,C1579,2025-03-20,2031-01-25,active,15,9416.67
CTR1580,C1580,2025-03-02,2031-01-26,active,30,9833.33
CTR1581,C1581,2024-07-01,2031-01-27,active,0,3666.67
CTR1582,C1582,2025-01-29,2031-01-28,active,15,2750.0
CTR1583,C1583,2025-05-24,2031-01-29,active,30,4916.67
CTR1584,C1584,2023-08-08,2026-05-13,expired,0,18583.33
CTR1585,C1585,2023-03-06,2031-01-31,active,15,12416.67
CTR1586,C1586,2024-01-19,2031-02-01,active,30,19666.67
CTR1587,C1587,2023-07-21,2031-02-02,active,0,7833.33
CTR1588,C1588,2024-05-24,2031-02-03,active,15,10083.33
CTR1589,C1589,2023-07-29,2031-02-04,active,30,5166.67
CTR1590,C1590,2025-05-02,2026-05-07,expired,0,11083.33
CTR1591,C1591,2024-06-26,2031-02-06,active,15,18000.0
CTR1592,C1592,2023-08-30,2031-02-07,active,30,7333.33
CTR1593,C1593,2024-05-01,2031-02-08,active,0,8500.0
CTR1594,C1594,2025-01-16,2031-02-09,active,15,8000.0
CTR1595,C1595,2023-09-17,2031-02-10,active,30,10666.67
CTR1596,C1596,2023-12-29,2026-05-01,expired,0,8333.33
CTR1597,C1597,2025-04-23,2031-02-12,active,15,18583.33
CTR1598,C1598,2023-11-22,2031-02-13,active,30,4750.0
CTR1599,C1599,2023-08-18,2031-02-14,active,0,4083.33
CTR1600,C1600,2025-03-20,2031-02-15,active,15,5833.33
CTR1601,C1601,2024-02-17,2031-02-16,active,30,6833.33
CTR1602,C1602,2025-01-03,2026-04-25,expired,0,14333.33
CTR1603,C1603,2023-08-10,2031-02-18,active,15,8750.0
CTR1604,C1604,2024-10-09,2031-02-19,active,30,11333.33
CTR1605,C1605,2023-12-25,2031-02-20,active,0,9000.0
CTR1606,C1606,2023-10-26,2031-02-21,active,15,10916.67
CTR1607,C1607,2024-11-28,2031-02-22,active,30,19416.67
CTR1608,C1608,2022-12-19,2026-04-19,expired,0,10750.0
CTR1609,C1609,2024-10-15,2031-02-24,active,15,5583.33
CTR1610,C1610,2025-04-21,2031-02-25,active,30,16750.0
CTR1611,C1611,2024-09-10,2031-02-26,active,0,10750.0
CTR1612,C1612,2024-07-19,2031-02-27,active,15,4583.33
CTR1613,C1613,2023-02-08,2031-02-28,active,30,7750.0
CTR1614,C1614,2024-06-30,2026-04-13,expired,0,9250.0
CTR1615,C1615,2023-06-07,2031-03-02,active,15,15583.33
CTR1616,C1616,2024-07-03,2031-03-03,active,30,10833.33
CTR1617,C1617,2023-08-11,2031-03-04,active,0,6000.0
CTR1618,C1618,2024-07-29,2031-03-05,active,15,6583.33
CTR1619,C1619,2024-04-11,2031-03-06,active,30,7166.67
CTR1620,C1620,2023-12-27,2026-04-07,expired,0,14083.33
CTR1621,C1621,2023-05-13,2031-03-08,active,15,13833.33
CTR1622,C1622,2024-01-10,2031-03-09,active,30,3166.67
CTR1623,C1623,2024-01-16,2031-03-10,active,0,18916.67
CTR1624,C1624,2023-07-27,2031-03-11,active,15,18166.67
CTR1625,C1625,2024-12-02,2031-03-12,active,30,15500.0
CTR1626,C1626,2023-09-01,2026-04-01,expired,0,19666.67
CTR1627,C1627,2025-01-01,2031-03-14,active,15,17333.33
CTR1628,C1628,2025-01-05,2031-03-15,active,30,5833.33
CTR1629,C1629,2024-02-17,2031-03-16,active,0,18750.0
CTR1630,C1630,2023-03-26,2031-03-17,active,15,14500.0
CTR1631,C1631,2025-05-27,2031-03-18,active,30,7250.0
CTR1632,C1632,2023-07-12,2026-03-26,expired,0,17083.33
CTR1633,C1633,2023-02-10,2031-03-20,active,15,18166.67
CTR1634,C1634,2023-03-05,2031-03-21,active,30,18166.67
CTR1635,C1635,2025-01-19,2031-03-22,active,0,9750.0
CTR1636,C1636,2024-04-09,2031-03-23,active,15,14750.0
CTR1637,C1637,2023-04-15,2031-03-24,active,30,19000.0
CTR1638,C1638,2024-03-27,2026-03-20,expired,0,15583.33
CTR1639,C1639,2024-11-09,2031-03-26,active,15,10500.0
CTR1640,C1640,2025-05-06,2031-03-27,active,30,4000.0
CTR1641,C1641,2024-07-23,2031-03-28,active,0,7583.33
CTR1642,C1642,2023-01-29,2031-03-29,active,15,2833.33
CTR1643,C1643,2024-09-30,2031-03-30,active,30,19333.33
CTR1644,C1644,2023-09-09,2026-03-14,expired,0,14166.67
CTR1645,C1645,2025-05-24,2031-04-01,active,15,8833.33
CTR1646,C1646,2024-08-20,2031-04-02,active,30,16583.33
CTR1647,C1647,2023-06-09,2031-04-03,active,0,12583.33
CTR1648,C1648,2025-05-11,2031-04-04,active,15,6333.33
CTR1649,C1649,2024-07-25,2031-04-05,active,30,2416.67
CTR1650,C1650,2024-10-27,2026-05-22,expired,0,16250.0
CTR1651,C1651,2023-04-04,2031-04-07,active,15,14500.0
CTR1652,C1652,2023-04-05,2031-04-08,active,30,8833.33
CTR1653,C1653,2025-02-01,2031-04-09,active,0,9583.33
CTR1654,C1654,2024-08-10,2031-04-10,active,15,5916.67
CTR1655,C1655,2024-10-14,2031-04-11,active,30,7083.33
CTR1656,C1656,2023-11-03,2026-05-16,expired,0,7916.67
CTR1657,C1657,2023-04-23,2031-04-13,active,15,6166.67
CTR1658,C1658,2023-11-13,2031-04-14,active,30,9500.0
CTR1659,C1659,2023-03-03,2031-04-15,active,0,13833.33
CTR1660,C1660,2024-05-22,2031-04-16,active,15,8833.33
CTR1661,C1661,2025-05-15,2031-04-17,active,30,18916.67
CTR1662,C1662,2023-10-31,2026-05-10,expired,0,15000.0
CTR1663,C1663,2023-04-13,2031-04-19,active,15,10250.0
CTR1664,C1664,2025-03-08,2031-04-20,active,30,7333.33
CTR1665,C1665,2023-10-22,2031-04-21,active,0,9500.0
CTR1666,C1666,2023-05-05,2031-04-22,active,15,17250.0
CTR1667,C1667,2023-06-02,2031-04-23,active,30,5750.0
CTR1668,C1668,2024-09-24,2026-05-04,expired,0,8166.67
CTR1669,C1669,2023-11-04,2031-04-25,active,15,13916.67
CTR1670,C1670,2024-10-16,2031-04-26,active,30,16083.33
CTR1671,C1671,2023-09-03,2031-04-27,active,0,13916.67
CTR1672,C1672,2025-03-09,2031-04-28,active,15,7916.67
CTR1673,C1673,2024-09-22,2031-04-29,active,30,19333.33
CTR1674,C1674,2025-04-23,2026-04-28,expired,0,10000.0
CTR1675,C1675,2023-12-15,2031-05-01,active,15,10166.67
CTR1676,C1676,2023-01-14,2031-05-02,active,30,15000.0
CTR1677,C1677,2024-08-22,2031-05-03,active,0,6333.33
CTR1678,C1678,2025-05-02,2031-05-04,active,15,10916.67
CTR1679,C1679,2024-10-28,2031-05-05,active,30,6916.67
CTR1680,C1680,2024-02-29,2026-04-22,expired,0,17750.0
CTR1681,C1681,2023-08-17,2031-05-07,active,15,7833.33
CTR1682,C1682,2023-11-09,2031-05-08,active,30,4666.67
CTR1683,C1683,2023-12-24,2031-05-09,active,0,10416.67
CTR1684,C1684,2025-03-13,2031-05-10,active,15,2333.33
CTR1685,C1685,2023-11-01,2031-05-11,active,30,13833.33
CTR1686,C1686,2025-02-07,2026-04-16,expired,0,8833.33
CTR1687,C1687,2023-01-13,2031-05-13,active,15,15083.33
CTR1688,C1688,2023-08-22,2031-05-14,active,30,7916.67
CTR1689,C1689,2025-05-13,2031-05-15,active,0,9333.33
CTR1690,C1690,2023-07-24,2031-05-16,active,15,9333.33
CTR1691,C1691,2025-01-08,2031-05-17,active,30,15916.67
CTR1692,C1692,2023-01-28,2026-04-10,expired,0,7833.33
CTR1693,C1693,2024-10-03,2031-05-19,active,15,17166.67
CTR1694,C1694,2023-05-10,2031-05-20,active,30,16000.0
CTR1695,C1695,2024-06-05,2031-05-21,active,0,5833.33
CTR1696,C1696,2022-12-18,2031-05-22,active,15,14583.33
CTR1697,C1697,2024-02-28,2031-05-23,active,30,11916.67
CTR1698,C1698,2024-10-19,2026-04-04,expired,0,16666.67
CTR1699,C1699,2023-09-07,2031-05-25,active,15,9333.33
CTR1700,C1700,2023-05-30,2031-05-26,active,30,8333.33
CTR1701,C1701,2023-09-15,2031-05-27,active,0,2583.33
CTR1702,C1702,2024-03-27,2031-05-28,active,15,14416.67
CTR1703,C1703,2024-08-20,2031-05-29,active,30,4083.33
CTR1704,C1704,2023-05-04,2026-03-29,expired,0,12416.67
CTR1705,C1705,2023-09-22,2031-05-31,active,15,4166.67
CTR1706,C1706,2024-04-02,2031-06-01,active,30,11333.33
CTR1707,C1707,2023-07-27,2031-06-02,active,0,3500.0
CTR1708,C1708,2023-06-13,2031-06-03,active,15,19250.0
CTR1709,C1709,2023-02-13,2031-06-04,active,30,18666.67
CTR1710,C1710,2023-12-28,2026-03-23,expired,0,11583.33
CTR1711,C1711,2024-10-25,2031-06-06,active,15,6166.67
CTR1712,C1712,2025-05-17,2031-06-07,active,30,15916.67
CTR1713,C1713,2023-08-21,2031-06-08,active,0,14333.33
CTR1714,C1714,2025-02-28,2031-06-09,active,15,14750.0
CTR1715,C1715,2024-11-15,2031-06-10,active,30,14500.0
CTR1716,C1716,2025-01-09,2026-03-17,expired,0,4083.33
CTR1717,C1717,2025-01-17,2031-06-12,active,15,13666.67
CTR1718,C1718,2024-04-19,2031-06-13,active,30,12083.33
CTR1719,C1719,2023-01-31,2031-06-14,active,0,8500.0
CTR1720,C1720,2023-04-03,2031-06-15,active,15,11500.0
CTR1721,C1721,2023-09-16,2031-06-16,active,30,8916.67
CTR1722,C1722,2024-03-27,2026-03-11,expired,0,7333.33
CTR1723,C1723,2023-05-09,2031-06-18,active,15,8916.67
CTR1724,C1724,2023-08-14,2031-06-19,active,30,13416.67
CTR1725,C1725,2023-06-20,2031-06-20,active,0,9166.67
CTR1726,C1726,2023-04-05,2031-06-21,active,15,11750.0
CTR1727,C1727,2023-01-26,2031-06-22,active,30,9250.0
CTR1728,C1728,2024-11-19,2026-05-19,expired,0,5333.33
CTR1729,C1729,2023-12-28,2031-06-24,active,15,4833.33
CTR1730,C1730,2023-06-20,2031-06-25,active,30,13333.33
CTR1731,C1731,2023-06-03,2031-06-26,active,0,16333.33
CTR1732,C1732,2023-07-09,2031-06-27,active,15,14250.0
CTR1733,C1733,2023-01-23,2031-06-28,active,30,4333.33
CTR1734,C1734,2023-01-01,2026-05-13,expired,0,8250.0
CTR1735,C1735,2023-08-29,2031-06-30,active,15,11333.33
CTR1736,C1736,2024-05-04,2031-07-01,active,30,10083.33
CTR1737,C1737,2025-02-08,2031-07-02,active,0,8500.0
CTR1738,C1738,2024-07-30,2031-07-03,active,15,18833.33
CTR1739,C1739,2024-11-09,2031-07-04,active,30,15083.33
CTR1740,C1740,2023-05-23,2026-05-07,expired,0,8500.0
CTR1741,C1741,2023-03-05,2031-07-06,active,15,13833.33
CTR1742,C1742,2025-01-25,2031-07-07,active,30,14833.33
CTR1743,C1743,2023-06-19,2031-07-08,active,0,4916.67
CTR1744,C1744,2024-01-08,2031-07-09,active,15,17000.0
CTR1745,C1745,2024-07-19,2031-07-10,active,30,19333.33
CTR1746,C1746,2024-01-11,2026-05-01,expired,0,7166.67
CTR1747,C1747,2023-11-13,2031-07-12,active,15,14500.0
CTR1748,C1748,2024-02-20,2031-07-13,active,30,19833.33
CTR1749,C1749,2024-04-24,2031-07-14,active,0,2750.0
CTR1750,C1750,2024-10-26,2031-07-15,active,15,2666.67
CTR1751,C1751,2024-07-30,2031-07-16,active,30,8583.33
CTR1752,C1752,2023-06-01,2026-04-25,expired,0,17000.0
CTR1753,C1753,2023-12-21,2031-07-18,active,15,19833.33
CTR1754,C1754,2023-04-02,2031-07-19,active,30,14916.67
CTR1755,C1755,2025-04-21,2031-07-20,active,0,6833.33
CTR1756,C1756,2025-03-19,2031-07-21,active,15,9083.33
CTR1757,C1757,2024-12-29,2031-07-22,active,30,13833.33
CTR1758,C1758,2024-02-18,2026-04-19,expired,0,9500.0
CTR1759,C1759,2023-07-25,2031-07-24,active,15,13500.0
CTR1760,C1760,2024-03-05,2031-07-25,active,30,8000.0
CTR1761,C1761,2024-08-14,2031-07-26,active,0,12833.33
CTR1762,C1762,2024-10-02,2031-07-27,active,15,12500.0
CTR1763,C1763,2023-12-24,2031-07-28,active,30,8833.33
CTR1764,C1764,2023-04-19,2026-04-13,expired,0,11666.67
CTR1765,C1765,2024-07-25,2031-07-30,active,15,11833.33
CTR1766,C1766,2024-07-17,2031-07-31,active,30,5416.67
CTR1767,C1767,2024-11-05,2031-08-01,active,0,3666.67
CTR1768,C1768,2024-11-20,2031-08-02,active,15,11916.67
CTR1769,C1769,2023-01-09,2031-08-03,active,30,10500.0
CTR1770,C1770,2024-02-25,2026-04-07,expired,0,18083.33
CTR1771,C1771,2025-04-10,2031-08-05,active,15,13416.67
CTR1772,C1772,2023-10-03,2031-08-06,active,30,15166.67
CTR1773,C1773,2025-05-14,2031-08-07,active,0,5833.33
CTR1774,C1774,2024-03-09,2031-08-08,active,15,12416.67
CTR1775,C1775,2025-04-30,2031-08-09,active,30,3500.0
CTR1776,C1776,2024-09-29,2026-04-01,expired,0,6333.33
CTR1777,C1777,2024-02-29,2031-08-11,active,15,19083.33
CTR1778,C1778,2022-12-18,2031-08-12,active,30,8500.0
CTR1779,C1779,2023-03-20,2031-08-13,active,0,19833.33
CTR1780,C1780,2025-03-09,2031-08-14,active,15,6833.33
CTR1781,C1781,2025-01-18,2031-08-15,active,30,8916.67
CTR1782,C1782,2023-06-29,2026-03-26,expired,0,4166.67
CTR1783,C1783,2023-02-11,2031-08-17,active,15,14416.67
CTR1784,C1784,2024-03-05,2031-08-18,active,30,6666.67
CTR1785,C1785,2024-12-14,2031-08-19,active,0,6166.67
CTR1786,C1786,2024-12-15,2031-08-20,active,15,13833.33
CTR1787,C1787,2023-03-07,2031-08-21,active,30,4583.33
CTR1788,C1788,2024-02-24,2026-03-20,expired,0,13250.0
CTR1789,C1789,2024-06-30,2031-08-23,active,15,12166.67
CTR1790,C1790,2025-03-28,2031-08-24,active,30,11166.67
CTR1791,C1791,2023-08-16,2031-08-25,active,0,12583.33
CTR1792,C1792,2024-04-17,2031-08-26,active,15,5083.33
CTR1793,C1793,2023-06-09,2031-08-27,active,30,16250.0
CTR1794,C1794,2023-09-10,2026-03-14,expired,0,16833.33
CTR1795,C1795,2024-03-22,2031-08-29,active,15,18750.0
CTR1796,C1796,2024-01-04,2031-08-30,active,30,17333.33
CTR1797,C1797,2023-04-22,2031-08-31,active,0,7416.67
CTR1798,C1798,2025-04-21,2031-09-01,active,15,10750.0
CTR1799,C1799,2023-06-11,2031-09-02,active,30,7250.0
CTR1800,C1800,2024-01-06,2026-05-22,expired,0,9166.67
CTR1801,C1801,2023-06-08,2031-09-04,active,15,11833.33
CTR1802,C1802,2023-07-21,2031-09-05,active,30,11416.67
CTR1803,C1803,2024-01-07,2031-09-06,active,0,8833.33
CTR1804,C1804,2024-10-03,2031-09-07,active,15,17333.33
CTR1805,C1805,2024-06-28,2031-09-08,active,30,11750.0
CTR1806,C1806,2025-01-03,2026-05-16,expired,0,7583.33
CTR1807,C1807,2024-05-04,2031-09-10,active,15,4333.33
CTR1808,C1808,2024-10-22,2031-09-11,active,30,17083.33
CTR1809,C1809,2024-02-27,2031-09-12,active,0,17583.33
CTR1810,C1810,2025-04-28,2031-09-13,active,15,5750.0
CTR1811,C1811,2024-06-07,2031-09-14,active,30,9416.67
CTR1812,C1812,2024-11-08,2026-05-10,expired,0,18000.0
CTR1813,C1813,2025-04-06,2031-09-16,active,15,6416.67
CTR1814,C1814,2024-04-18,2031-09-17,active,30,19083.33
CTR1815,C1815,2024-04-28,2031-09-18,active,0,11666.67
CTR1816,C1816,2023-07-05,2031-09-19,active,15,11666.67
CTR1817,C1817,2024-11-09,2031-09-20,active,30,7333.33
CTR1818,C1818,2024-01-26,2026-05-04,expired,0,15083.33
CTR1819,C1819,2024-05-02,2031-09-22,active,15,6666.67
CTR1820,C1820,2023-06-06,2031-09-23,active,30,7416.67
CTR1821,C1821,2023-02-24,2031-09-24,active,0,11833.33
CTR1822,C1822,2025-04-01,2031-09-25,active,15,5916.67
CTR1823,C1823,2023-03-31,2031-09-26,active,30,2166.67
CTR1824,C1824,2025-03-16,2026-04-28,expired,0,14666.67
CTR1825,C1825,2023-08-29,2031-09-28,active,15,10750.0
CTR1826,C1826,2023-02-27,2031-09-29,active,30,11333.33
CTR1827,C1827,2024-05-28,2031-09-30,active,0,14166.67
CTR1828,C1828,2024-01-06,2031-10-01,active,15,3750.0
CTR1829,C1829,2023-10-27,2031-10-02,active,30,15416.67
CTR1830,C1830,2024-11-29,2026-04-22,expired,0,10250.0
CTR1831,C1831,2025-03-12,2031-10-04,active,15,3083.33
CTR1832,C1832,2025-03-04,2031-10-05,active,30,9333.33
CTR1833,C1833,2024-05-23,2031-10-06,active,0,14083.33
CTR1834,C1834,2023-02-20,2031-10-07,active,15,14416.67
CTR1835,C1835,2025-01-29,2031-10-08,active,30,3666.67
CTR1836,C1836,2025-03-03,2026-04-16,expired,0,4583.33
CTR1837,C1837,2024-03-18,2031-10-10,active,15,14916.67
CTR1838,C1838,2025-04-27,2031-10-11,active,30,15666.67
CTR1839,C1839,2025-01-05,2031-10-12,active,0,15750.0
CTR1840,C1840,2024-08-25,2031-10-13,active,15,10750.0
CTR1841,C1841,2023-10-28,2031-10-14,active,30,13666.67
CTR1842,C1842,2023-08-12,2026-04-10,expired,0,4250.0
CTR1843,C1843,2023-02-04,2031-10-16,active,15,13583.33
CTR1844,C1844,2023-09-13,2031-10-17,active,30,2500.0
CTR1845,C1845,2023-10-17,2031-10-18,active,0,5166.67
CTR1846,C1846,2024-12-02,2031-10-19,active,15,3416.67
CTR1847,C1847,2023-09-07,2031-10-20,active,30,4000.0
CTR1848,C1848,2023-07-09,2026-04-04,expired,0,15750.0
CTR1849,C1849,2024-03-25,2031-10-22,active,15,11583.33
CTR1850,C1850,2024-04-28,2031-10-23,active,30,19750.0
CTR1851,C1851,2023-07-18,2031-10-24,active,0,10333.33
CTR1852,C1852,2025-02-02,2031-10-25,active,15,15250.0
CTR1853,C1853,2025-01-17,2031-10-26,active,30,6083.33
CTR1854,C1854,2024-09-22,2026-03-29,expired,0,4333.33
CTR1855,C1855,2023-02-15,2031-10-28,active,15,2333.33
CTR1856,C1856,2024-12-16,2031-10-29,active,30,9500.0
CTR1857,C1857,2023-07-22,2031-10-30,active,0,17333.33
CTR1858,C1858,2023-10-27,2031-10-31,active,15,16166.67
CTR1859,C1859,2024-11-10,2031-11-01,active,30,2583.33
CTR1860,C1860,2025-01-29,2026-03-23,expired,0,20000.0
CTR1861,C1861,2023-01-29,2031-11-03,active,15,7916.67
CTR1862,C1862,2023-05-04,2031-11-04,active,30,3000.0
CTR1863,C1863,2024-01-03,2031-11-05,active,0,17500.0
CTR1864,C1864,2023-06-12,2031-11-06,active,15,19250.0
CTR1865,C1865,2025-03-10,2031-11-07,active,30,17666.67
CTR1866,C1866,2023-02-12,2026-03-17,expired,0,5500.0
CTR1867,C1867,2023-01-05,2031-11-09,active,15,11000.0
CTR1868,C1868,2024-10-21,2031-11-10,active,30,19083.33
CTR1869,C1869,2025-02-22,2031-11-11,active,0,4166.67
CTR1870,C1870,2023-08-27,2031-11-12,active,15,8166.67
CTR1871,C1871,2023-11-22,2031-11-13,active,30,3000.0
CTR1872,C1872,2025-02-01,2026-03-11,expired,0,3000.0
CTR1873,C1873,2024-09-02,2031-11-15,active,15,3750.0
CTR1874,C1874,2024-02-18,2031-11-16,active,30,7833.33
CTR1875,C1875,2024-11-11,2031-11-17,active,0,5500.0
CTR1876,C1876,2023-04-01,2031-11-18,active,15,17000.0
CTR1877,C1877,2025-05-11,2031-11-19,active,30,17583.33
CTR1878,C1878,2025-02-02,2026-05-19,expired,0,15500.0
CTR1879,C1879,2023-03-25,2031-11-21,active,15,8083.33
CTR1880,C1880,2023-11-25,2031-11-22,active,30,6500.0
CTR1881,C1881,2024-11-24,2031-11-23,active,0,3750.0
CTR1882,C1882,2023-07-29,2031-11-24,active,15,16916.67
CTR1883,C1883,2024-10-30,2031-11-25,active,30,7250.0
CTR1884,C1884,2023-05-14,2026-05-13,expired,0,3000.0
CTR1885,C1885,2024-03-19,2031-11-27,active,15,15000.0
CTR1886,C1886,2024-01-05,2031-11-28,active,30,12416.67
CTR1887,C1887,2023-08-11,2031-11-29,active,0,6583.33
CTR1888,C1888,2024-02-09,2031-11-30,active,15,18583.33
CTR1889,C1889,2024-01-21,2031-12-01,active,30,6000.0
CTR1890,C1890,2024-10-31,2026-05-07,expired,0,17583.33
CTR1891,C1891,2025-05-11,2031-12-03,active,15,7000.0
CTR1892,C1892,2023-09-04,2031-12-04,active,30,18250.0
CTR1893,C1893,2024-07-10,2031-12-05,active,0,17666.67
CTR1894,C1894,2025-05-19,2031-12-06,active,15,7750.0
CTR1895,C1895,2025-01-25,2031-12-07,active,30,3583.33
CTR1896,C1896,2025-05-11,2026-05-01,expired,0,17083.33
CTR1897,C1897,2023-02-23,2031-12-09,active,15,3166.67
CTR1898,C1898,2023-07-05,2031-12-10,active,30,12666.67
CTR1899,C1899,2023-05-10,2031-12-11,active,0,2833.33
CTR1900,C1900,2024-11-12,2031-12-12,active,15,14750.0
CTR1901,C1901,2023-05-05,2031-12-13,active,30,9666.67
CTR1902,C1902,2023-05-07,2026-04-25,expired,0,7416.67
CTR1903,C1903,2022-12-18,2031-12-15,active,15,19083.33
CTR1904,C1904,2023-10-07,2031-12-16,active,30,6500.0
CTR1905,C1905,2023-01-23,2031-12-17,active,0,12166.67
CTR1906,C1906,2024-01-20,2031-12-18,active,15,16916.67
CTR1907,C1907,2024-07-17,2031-12-19,active,30,9916.67
CTR1908,C1908,2025-02-10,2026-04-19,expired,0,5416.67
CTR1909,C1909,2023-12-17,2031-12-21,active,15,7333.33
CTR1910,C1910,2023-09-10,2031-12-22,active,30,16250.0
CTR1911,C1911,2024-03-14,2031-12-23,active,0,9000.0
CTR1912,C1912,2023-05-25,2031-12-24,active,15,11333.33
CTR1913,C1913,2024-12-28,2031-12-25,active,30,14666.67
CTR1914,C1914,2023-06-16,2026-04-13,expired,0,3916.67
CTR1915,C1915,2023-11-29,2031-12-27,active,15,19666.67
CTR1916,C1916,2023-07-02,2031-12-28,active,30,8083.33
CTR1917,C1917,2023-09-28,2031-12-29,active,0,10250.0
CTR1918,C1918,2024-01-22,2031-12-30,active,15,12166.67
CTR1919,C1919,2024-06-28,2031-12-31,active,30,10333.33
CTR1920,C1920,2023-04-11,2026-04-07,expired,0,16250.0
CTR1921,C1921,2025-04-02,2032-01-02,active,15,7583.33
CTR1922,C1922,2025-03-19,2032-01-03,active,30,13500.0
CTR1923,C1923,2025-02-21,2032-01-04,active,0,18750.0
CTR1924,C1924,2022-12-13,2032-01-05,active,15,12000.0
CTR1925,C1925,2023-01-03,2032-01-06,active,30,8416.67
CTR1926,C1926,2024-08-02,2026-04-01,expired,0,10166.67
CTR1927,C1927,2024-09-23,2032-01-08,active,15,3083.33
CTR1928,C1928,2025-04-28,2032-01-09,active,30,6250.0
CTR1929,C1929,2023-04-01,2032-01-10,active,0,2250.0
CTR1930,C1930,2024-02-08,2032-01-11,active,15,15333.33
CTR1931,C1931,2023-09-12,2032-01-12,active,30,17916.67
CTR1932,C1932,2024-08-09,2026-03-26,expired,0,13416.67
CTR1933,C1933,2024-12-06,2032-01-14,active,15,4333.33
CTR1934,C1934,2024-12-25,2032-01-15,active,30,18333.33
CTR1935,C1935,2023-05-11,2032-01-16,active,0,6750.0
CTR1936,C1936,2024-12-14,2032-01-17,active,15,11083.33
CTR1937,C1937,2023-07-13,2032-01-18,active,30,11583.33
CTR1938,C1938,2024-01-30,2026-03-20,expired,0,8916.67
CTR1939,C1939,2024-07-22,2032-01-20,active,15,7500.0
CTR1940,C1940,2023-10-21,2032-01-21,active,30,8500.0
CTR1941,C1941,2023-05-24,2032-01-22,active,0,18666.67
CTR1942,C1942,2023-12-16,2032-01-23,active,15,18083.33
CTR1943,C1943,2023-07-31,2032-01-24,active,30,3000.0
CTR1944,C1944,2024-09-24,2026-03-14,expired,0,18750.0
CTR1945,C1945,2024-07-21,2032-01-26,active,15,13333.33
CTR1946,C1946,2025-01-22,2032-01-27,active,30,15666.67
CTR1947,C1947,2023-09-16,2032-01-28,active,0,5166.67
CTR1948,C1948,2023-09-05,2032-01-29,active,15,15583.33
CTR1949,C1949,2023-05-02,2032-01-30,active,30,12333.33
CTR1950,C1950,2025-04-04,2026-05-22,expired,0,2000.0
CTR1951,C1951,2023-07-17,2032-02-01,active,15,15166.67
CTR1952,C1952,2024-09-19,2032-02-02,active,30,5500.0
CTR1953,C1953,2025-02-17,2032-02-03,active,0,5916.67
CTR1954,C1954,2024-05-06,2032-02-04,active,15,4750.0
CTR1955,C1955,2024-10-06,2032-02-05,active,30,17583.33
CTR1956,C1956,2022-12-30,2026-05-16,expired,0,18500.0
CTR1957,C1957,2024-12-17,2032-02-07,active,15,8416.67
CTR1958,C1958,2024-09-21,2032-02-08,active,30,5416.67
CTR1959,C1959,2023-12-24,2032-02-09,active,0,11833.33
CTR1960,C1960,2023-06-03,2032-02-10,active,15,19583.33
CTR1961,C1961,2025-02-25,2032-02-11,active,30,2916.67
CTR1962,C1962,2024-05-05,2026-05-10,expired,0,17333.33
CTR1963,C1963,2024-10-11,2032-02-13,active,15,7083.33
CTR1964,C1964,2024-12-24,2032-02-14,active,30,2416.67
CTR1965,C1965,2023-04-06,2032-02-15,active,0,17750.0
CTR1966,C1966,2025-02-26,2032-02-16,active,15,6916.67
CTR1967,C1967,2024-12-02,2032-02-17,active,30,19333.33
CTR1968,C1968,2024-05-04,2026-05-04,expired,0,14083.33
CTR1969,C1969,2025-05-17,2032-02-19,active,15,4416.67
CTR1970,C1970,2024-03-31,2032-02-20,active,30,10000.0
CTR1971,C1971,2025-03-16,2032-02-21,active,0,2666.67
CTR1972,C1972,2025-02-20,2032-02-22,active,15,6333.33
CTR1973,C1973,2024-10-14,2032-02-23,active,30,5833.33
CTR1974,C1974,2023-03-23,2026-04-28,expired,0,18333.33
CTR1975,C1975,2024-07-30,2032-02-25,active,15,3333.33
CTR1976,C1976,2023-12-07,2032-02-26,active,30,2833.33
CTR1977,C1977,2023-01-13,2032-02-27,active,0,10500.0
CTR1978,C1978,2024-03-15,2032-02-28,active,15,2916.67
CTR1979,C1979,2024-12-27,2032-02-29,active,30,8916.67
CTR1980,C1980,2024-09-30,2026-04-22,expired,0,17166.67
CTR1981,C1981,2024-09-22,2032-03-02,active,15,11083.33
CTR1982,C1982,2024-06-17,2032-03-03,active,30,7333.33
CTR1983,C1983,2023-08-18,2032-03-04,active,0,13583.33
CTR1984,C1984,2025-01-26,2032-03-05,active,15,13166.67
CTR1985,C1985,2024-03-06,2032-03-06,active,30,12000.0
CTR1986,C1986,2023-11-08,2026-04-16,expired,0,12750.0
CTR1987,C1987,2024-12-04,2032-03-08,active,15,12666.67
CTR1988,C1988,2024-06-16,2032-03-09,active,30,6083.33
CTR1989,C1989,2024-02-05,2032-03-10,active,0,19750.0
CTR1990,C1990,2024-03-26,2032-03-11,active,15,9666.67
CTR1991,C1991,2023-12-01,2032-03-12,active,30,4500.0
CTR1992,C1992,2024-04-13,2026-04-10,expired,0,6250.0
CTR1993,C1993,2023-05-16,2032-03-14,active,15,13500.0
CTR1994,C1994,2025-05-14,2032-03-15,active,30,12416.67
CTR1995,C1995,2023-11-07,2032-03-16,active,0,16833.33
CTR1996,C1996,2024-06-30,2032-03-17,active,15,18250.0
CTR1997,C1997,2023-03-04,2032-03-18,active,30,4500.0
CTR1998,C1998,2023-07-23,2026-04-04,expired,0,10333.33
CTR1999,C1999,2023-11-06,2032-03-20,active,15,6333.33
CTR2000,C2000,2024-09-23,2032-03-21,active,30,19583.33
